order_id,order_date,customer_id,customer_name,city,state,product_id,product_name,category,sub_category,price,quantity,discount,payment_method,delivery_status,rating
ORD14701,2023-09-22,CUST1394,Fitan Deshpande,Hyderabad,Telangana,PID260,Novel,BOOKS,Novel,18208.12,2.0,40.0,Cash on Delivery,Delivered,1.3
ORD13624,2024-03-18,CUST1131,Zansi Reddy,INDORE,Madhya Pradesh,PID168,Textbook,books,Textbook,78805.96,1.0,30.0,Net Banking,Returned,4.6
ORD13341,2023-09-20,CUST1239,Rayaan Ratti,Hyderabad,Telangana,PID562,Bluetooth Speaker,ELECTRONICS,Bluetooth Speaker,16064.58,5.0,5.0,Credit Card,Delivered,3.9
ORD12270,2024-02-07,CUST1105,Mitesh Thakkar, Jaipur ,Rajasthan,PID340,Kurta,Fashion,Kurta,39626.69,3.0,15.0,Net Banking,Delivered,2.6
ORD10617,2023-08-13,CUST1231,Rachit Ravi,Jaipur,Rajasthan,PID551,Comic,BOOKS,Comic,54729.21,1.0,5.0,Credit Card,Delivered,4.6
ORD13010,2024-04-26,CUST1379,Lajita Pandit,HYDERABAD,Telangana,PID422,Sneakers,Fashion,Sneakers,37328.13,4.0,40.0,UPI,Delivered,1.0
ORD11628,2024-11-11,CUST1947,Ati Badami, Mumbai ,Maharashtra,PID164,Novel,books,Novel,5439.78,5.0,10.0,Net Banking,Delivered,4.2
ORD14078,2024-02-06,CUST1561,Anjali Pal,BANGALORE,Karnataka,PID269,Mixer Grinder,home & kitchen,Mixer Grinder,77706.99,1.0,25.0,Net Banking,Delivered,4.0
ORD10962,2024-10-01,CUST1910,Ekaja Som, Indore ,Madhya Pradesh,PID367,T-Shirt,Fashion,T-Shirt,89583.41,2.0,30.0,Debit Card,,2.5
ORD12957,2023-05-15,CUST1559,Gavin Chaudhry,HYDERABAD,Telangana,PID260,Mixer Grinder,home & kitchen,Mixer Grinder,46107.82,1.0,5.0,Net Banking,Cancelled,4.8
ORD10146,2024-09-09,CUST1711,Ucchal Pai,chennai,Tamil Nadu,PID424,Air Fryer,home & kitchen,Air Fryer,38840.87,5.0,25.0,Cash on Delivery,Delivered,1.8
ORD13838,2024-10-09,CUST1466,Unni Varma,PUNE,Maharashtra,PID166,Football,sports,Football,85715.01,1.0,15.0,Debit Card,Delivered,3.0
ORD13067,2023-10-07,CUST1221,Nihal Ramachandran,Mumbai,Maharashtra,PID272,Perfume,Beauty,Perfume,57786.69,2.0,5.0,Cash on Delivery,Delivered,1.2
ORD12970,2023-07-16,CUST1312,Hredhaan Guha,AHMEDABAD,Gujarat,PID244,Biography,Books,Biography,22224.83,5.0,5.0,Net Banking,Delivered,1.7
ORD13374,2023-10-02,CUST1537,Girindra Uppal,INDORE,Madhya Pradesh,PID578,Jeans,fashion,Jeans,80675.9,2.0,10.0,UPI,Cancelled,4.1
ORD11287,2023-08-01,CUST1813,Ranveer Oommen, Jaipur ,Rajasthan,PID381,Sunscreen,beauty,Sunscreen,21057.1,4.0,0.0,Credit Card,Returned,4.2
ORD12285,2024-01-01,CUST1690,Lavanya Chaudry, Delhi ,Delhi,PID577,Smartwatch,ELECTRONICS,Smartwatch,43675.6,1.0,20.0,Debit Card,Cancelled,3.7
ORD13862,2024-03-16,CUST1592,Abhimanyu Vora,Chennai,Tamil Nadu,PID404,Comic,Books,Comic,65471.15,5.0,40.0,UPI,Delivered,3.9
ORD14491,2024-01-01,CUST1139,Abhiram Mishra, Chennai ,Tamil Nadu,PID453,Yoga Mat,sports,Yoga Mat,32183.92,4.0,20.0,Debit Card,Delayed,2.5
ORD11105,2024-12-26,CUST1560,Advay Khurana,INDORE,Madhya Pradesh,PID292,Water Bottle,Home & Kitchen,Water Bottle,41817.94,1.0,0.0,Credit Card,Delayed,5.0
ORD14648,2024-06-07,CUST1375,Yatin Date,JAIPUR,Rajasthan,PID246,Textbook,BOOKS,Textbook,79771.1,1.0,40.0,Cash on Delivery,Cancelled,1.5
ORD10162,2024-04-10,CUST1680,Max Mukherjee, Surat ,Gujarat,PID457,Face Wash,beauty,Face Wash,71544.69,3.0,25.0,,Delivered,
ORD10359,2023-11-26,CUST1123,Yasti Murty,delhi,Delhi,PID240,Textbook,Books,Textbook,72430.15,4.0,10.0,Net Banking,Delivered,4.2
ORD13488,2023-06-30,CUST1503,Vansha Khosla,Indore,Madhya Pradesh,PID404,Lipstick,Beauty,Lipstick,49737.07,5.0,10.0,Credit Card,Delivered,1.2
ORD13436,2024-12-04,CUST1218,Widisha Nayak,mumbai,Maharashtra,PID379,Cookware Set,HOME & KITCHEN,Cookware Set,27479.28,5.0,0.0,Credit Card,Delivered,2.6
ORD12917,2024-08-06,CUST1951,Kamya Pau,Lucknow,Uttar Pradesh,PID362,Sunscreen,Beauty,Sunscreen,86758.18,4.0,10.0,Debit Card,,3.4
ORD14151,2024-05-23,CUST1266,Zehaan Johal, Ahmedabad ,Gujarat,PID286,Smartwatch,ELECTRONICS,Smartwatch,80590.31,4.0,10.0,UPI,,4.8
ORD10471,2023-11-17,CUST1308,Yadavi Mander, Delhi ,Delhi,PID412,Biography,Books,Biography,56337.59,1.0,30.0,UPI,,3.8
ORD10454,2024-02-01,CUST1090,Prisha Deshpande,surat,Gujarat,PID543,Shampoo,beauty,Shampoo,40499.37,5.0,30.0,,Delayed,2.6
ORD10701,2023-08-01,CUST1525,Yagnesh Bhatnagar,bangalore,Karnataka,PID495,Biography,Books,Biography,48484.7,3.0,20.0,,,4.9
ORD14100,2023-06-08,CUST1009,Darsh Bedi,AHMEDABAD,Gujarat,PID340,Mixer Grinder,home & kitchen,Mixer Grinder,12549.93,3.0,10.0,Cash on Delivery,Delivered,3.3
ORD10079,2023-07-01,CUST1946,Tejas Hari, Ahmedabad ,Gujarat,PID551,Yoga Mat,sports,Yoga Mat,9386.99,2.0,5.0,Net Banking,,3.5
ORD13539,2024-01-29,CUST1336,Xalak Bajaj, Ahmedabad ,Gujarat,PID478,Air Fryer,Home & Kitchen,Air Fryer,56046.91,4.0,5.0,Net Banking,Delayed,3.6
ORD13732,2023-07-02,CUST1078,Krishna Vohra, Pune ,Maharashtra,PID529,Dumbbells,Sports,Dumbbells,62787.91,2.0,30.0,Debit Card,Delivered,1.9
ORD14438,2023-11-28,CUST1765,Hritik Bath,AHMEDABAD,Gujarat,PID511,Textbook,BOOKS,Textbook,6746.22,3.0,15.0,Debit Card,Cancelled,3.8
ORD13758,2023-09-24,CUST1116,Bakhshi Prabhu,HYDERABAD,Telangana,PID285,Cookware Set,Home & Kitchen,Cookware Set,87137.78,3.0,10.0,Net Banking,,4.2
ORD12905,27/09/2023,CUST1796,Yasti Zachariah,DELHI,Delhi,PID254,Dumbbells,SPORTS,Dumbbells,59881.69,1.0,0.0,Credit Card,Delayed,1.8
ORD11789,2024-08-08,CUST1648,Anay Sood, Mumbai ,Maharashtra,PID564,Yoga Mat,Sports,Yoga Mat,61864.29,1.0,15.0,Net Banking,Delivered,3.6
ORD10434,2023-06-01,CUST1482,Matthew Andra, Ahmedabad ,Gujarat,PID110,Jacket,FASHION,Jacket,39305.59,2.0,40.0,Credit Card,Returned,1.1
ORD12414,09/02/2023,CUST1192,Raghav Balasubramanian,Surat,Gujarat,PID159,Football,sports,Football,1683.57,2.0,25.0,UPI,Cancelled,4.0
ORD12988,2023-11-10,CUST1917,Dayita Sachdev, Surat ,Gujarat,PID169,Kurta,Fashion,Kurta,20583.19,4.0,10.0,,Delivered,3.0
ORD13111,2024-02-28,CUST1050,Warinder Kunda,Jaipur,Rajasthan,PID466,Yoga Mat,Sports,Yoga Mat,39951.29,4.0,30.0,Debit Card,Cancelled,1.1
ORD10388,2024-03-03,CUST1707,Balendra Sane,ahmedabad,Gujarat,PID285,Saree,FASHION,Saree,74866.88,5.0,5.0,UPI,Delayed,1.3
ORD10742,2023-11-30,CUST1109,Anvi Srinivas, Surat ,Gujarat,PID138,Jeans,FASHION,Jeans,64543.04,3.0,30.0,Net Banking,Cancelled,4.0
ORD12605,2024-09-25,CUST1136,Kamya Singhal,INDORE,Madhya Pradesh,PID136,Novel,Books,Novel,85836.88,2.0,25.0,UPI,Delivered,
ORD14828,2024-08-12,CUST1731,Chaaya Dara, Delhi ,Delhi,PID530,Saree,fashion,Saree,36515.06,4.0,20.0,Cash on Delivery,Delivered,1.3
ORD11013,2023-01-06,CUST1623,Hiral Gour, Kolkata ,West Bengal,PID595,Cookware Set,Home & Kitchen,Cookware Set,25055.0,1.0,15.0,,Cancelled,5.0
ORD13507,2024-11-11,CUST1236,Vedant Shanker,DELHI,Delhi,PID128,Water Bottle,Home & Kitchen,Water Bottle,64408.64,2.0,25.0,,Delivered,3.9
ORD10789,2023-11-16,CUST1509,Siddharth Bath,BANGALORE,Karnataka,PID198,Saree,Fashion,Saree,73320.38,5.0,5.0,Net Banking,Cancelled,1.4
ORD14036,2024-10-26,CUST1965,Jagvi Bansal,Jaipur,Rajasthan,PID197,Yoga Mat,SPORTS,Yoga Mat,37729.27,4.0,15.0,Net Banking,,4.2
ORD12859,2023-10-03,CUST1064,Tejas Savant, Ahmedabad ,Gujarat,PID566,Bedsheet,Home & Kitchen,Bedsheet,63019.69,3.0,20.0,,,1.6
ORD12870,2023-01-25,CUST1637,Jonathan Pall, Chennai ,Tamil Nadu,PID578,Cricket Bat,SPORTS,Cricket Bat,30323.16,2.0,40.0,Debit Card,Cancelled,
ORD11926,2023-10-07,CUST1604,Neha Palla, Jaipur ,Rajasthan,PID448,Face Wash,Beauty,Face Wash,63177.01,1.0,15.0,Debit Card,Delivered,2.3
ORD11123,2024-05-22,CUST1747,Jagat Master,Kolkata,West Bengal,PID381,Jacket,FASHION,Jacket,20456.59,1.0,5.0,Credit Card,Delivered,4.3
ORD10326,2024-02-28,CUST1114,Gagan Parsa,delhi,Delhi,PID291,Saree,Fashion,Saree,77833.74,3.0,20.0,Debit Card,Delivered,4.5
ORD14370,07/10/2024,CUST1131,Michael Parikh, Ahmedabad ,Gujarat,PID341,Saree,FASHION,Saree,-36878.01,3.0,40.0,Cash on Delivery,Cancelled,2.7
ORD10195,2024-12-14,CUST1098,Varenya Nadkarni,lucknow,Uttar Pradesh,PID125,Yoga Mat,Sports,Yoga Mat,80094.33,2.0,30.0,,Delivered,4.7
ORD13264,2024-11-07,CUST1961,William Raj, Indore ,Madhya Pradesh,PID175,Smartphone,ELECTRONICS,Smartphone,73913.07,5.0,25.0,Net Banking,Delivered,4.5
ORD13364,2024-12-11,CUST1086,Simon Munshi,Chennai,Tamil Nadu,PID145,Jeans,Fashion,Jeans,8039.17,2.0,15.0,UPI,Delivered,2.1
ORD12929,2023-05-05,CUST1319,Madhav Basak,MUMBAI,Maharashtra,PID559,Lipstick,Beauty,Lipstick,54665.59,5.0,20.0,Net Banking,Delivered,1.8
ORD10501,2024-09-06,CUST1650,Om Ahluwalia,indore,Madhya Pradesh,PID489,Face Wash,Beauty,Face Wash,48325.91,2.0,5.0,,Delivered,3.5
ORD14240,2023-12-24,CUST1165,Anita Dutt,Ahmedabad,Gujarat,PID443,Yoga Mat,SPORTS,Yoga Mat,8902.0,1.0,10.0,Net Banking,,1.0
ORD10428,2024-04-01,CUST1628,Henry Mukherjee, Surat ,Gujarat,PID195,Perfume,BEAUTY,Perfume,54375.7,3.0,40.0,Cash on Delivery,Delivered,2.9
ORD10214,2023-01-19,CUST1105,Daksh Borra,pune,Maharashtra,PID296,Shampoo,Beauty,Shampoo,569.52,1.0,15.0,,Delivered,3.5
ORD14489,2023-10-01,CUST1025,Saumya Chaudhry,Ahmedabad,Gujarat,PID276,Mixer Grinder,home & kitchen,Mixer Grinder,57471.19,3.0,5.0,UPI,Returned,
ORD14171,2023-04-30,CUST1633,Jasmit Gour,ahmedabad,Gujarat,PID505,Mixer Grinder,HOME & KITCHEN,Mixer Grinder,28365.76,3.0,5.0,,,4.5
ORD13933,2024-02-24,CUST1953,Divya Din,DELHI,Delhi,PID405,Headphones,ELECTRONICS,Headphones,23135.49,1.0,25.0,Debit Card,Cancelled,3.3
ORD13998,2024-02-18,CUST1309,Falguni Srinivasan,mumbai,Maharashtra,PID188,Jeans,Fashion,Jeans,32790.57,4.0,0.0,UPI,Delayed,3.6
ORD12125,04/02/2024,CUST1411,Deepa Basak,Chennai,Tamil Nadu,PID451,Face Wash,Beauty,Face Wash,74729.79,4.0,30.0,Credit Card,Cancelled,2.3
ORD11207,2024-01-26,CUST1954,Arin Tailor, Delhi ,Delhi,PID133,Novel,books,Novel,46142.78,4.0,20.0,Cash on Delivery,Delivered,3.9
ORD12595,2023-09-12,CUST1153,Deepa Tella,KOLKATA,West Bengal,PID435,Laptop,electronics,Laptop,88885.84,5.0,25.0,,Delivered,3.2
ORD10922,2024-01-13,CUST1206,Nilima Swamy, Mumbai ,Maharashtra,PID539,Bluetooth Speaker,electronics,Bluetooth Speaker,37290.02,2.0,5.0,,Delivered,2.6
ORD11538,2023-09-25,CUST1824,Krisha Manda,bangalore,Karnataka,PID393,Smartwatch,electronics,Smartwatch,-79796.23,2.0,10.0,Cash on Delivery,Delivered,4.6
ORD13999,2024-12-15,CUST1399,Ayushman Wable, Jaipur ,Rajasthan,PID321,Smartphone,ELECTRONICS,Smartphone,28108.91,5.0,15.0,Cash on Delivery,Cancelled,1.1
ORD10832,2023-11-18,CUST1166,Falak Zacharia, Chennai ,Tamil Nadu,PID400,Face Wash,BEAUTY,Face Wash,41924.81,4.0,40.0,,Cancelled,2.1
ORD12969,2024-10-06,CUST1496,Mugdha Iyer, Surat ,Gujarat,PID495,Comic,books,Comic,84270.41,2.0,5.0,UPI,Delivered,1.0
ORD14283,2023-03-01,CUST1495,Ranbir Nayar, Pune ,Maharashtra,PID144,Air Fryer,home & kitchen,Air Fryer,16763.48,1.0,40.0,Net Banking,Delayed,3.4
ORD13717,2023-04-12,CUST1679,Siya Varma,SURAT,Gujarat,PID294,Dumbbells,SPORTS,Dumbbells,42997.83,1.0,5.0,UPI,,2.9
ORD13028,2023-03-05,CUST1470,Bahadurjit Chad,Delhi,Delhi,PID349,Textbook,Books,Textbook,78477.04,5.0,5.0,Credit Card,Delivered,3.3
ORD14960,2024-06-18,CUST1118,Barkha Mani, Surat ,Gujarat,PID547,T-Shirt,FASHION,T-Shirt,88488.68,4.0,10.0,Debit Card,Returned,3.8
ORD14069,2024-01-01,CUST1653,Pushti Narula,Mumbai,Maharashtra,PID505,Kurta,FASHION,Kurta,33891.96,4.0,20.0,Credit Card,Delivered,
ORD12817,2023-07-07,CUST1490,Raksha Pingle,JAIPUR,Rajasthan,PID108,Water Bottle,Home & Kitchen,Water Bottle,35308.52,4.0,15.0,UPI,Delivered,3.8
ORD13708,2024-10-30,CUST1751,Triya Acharya,lucknow,Uttar Pradesh,PID234,Saree,fashion,Saree,19659.12,2.0,40.0,Credit Card,Returned,
ORD11592,2023-04-06,CUST1812,Finn Nazareth,Bangalore,Karnataka,PID218,Sunscreen,beauty,Sunscreen,69816.79,5.0,20.0,Credit Card,Cancelled,3.5
ORD11126,2023-06-06,CUST1025,Banjeet Vora,Kolkata,West Bengal,PID571,Jeans,Fashion,Jeans,455.97,1.0,25.0,Debit Card,Delivered,
ORD11465,2023-03-26,CUST1838,Oscar Bala,PUNE,Maharashtra,PID293,Football,Sports,Football,33121.21,4.0,0.0,UPI,,5.0
ORD12700,2024-11-02,CUST1890,Anvi Loyal, Mumbai ,Maharashtra,PID447,Saree,fashion,Saree,45414.88,5.0,5.0,Cash on Delivery,Delivered,1.2
ORD13883,2024-03-09,CUST1040,Laban Banik,AHMEDABAD,Gujarat,PID402,Saree,FASHION,Saree,59416.85,3.0,40.0,,Delivered,4.8
ORD14241,2024-05-22,CUST1037,Yagnesh Raghavan,indore,Madhya Pradesh,PID486,Sunscreen,beauty,Sunscreen,49330.26,3.0,30.0,,Cancelled,3.3
ORD13107,2024-05-02,CUST1231,Zarna Balakrishnan, Chennai ,Tamil Nadu,PID336,Tablet,ELECTRONICS,Tablet,58006.2,4.0,15.0,Net Banking,Delivered,4.9
ORD10196,2023-07-24,CUST1803,Siddharth Bhasin,Jaipur,Rajasthan,PID303,Sunscreen,BEAUTY,Sunscreen,75610.93,4.0,40.0,UPI,Delayed,1.8
ORD14762,2024-11-05,CUST1046,David Divan,MUMBAI,Maharashtra,PID382,Yoga Mat,sports,Yoga Mat,62857.54,4.0,5.0,UPI,,
ORD11679,2023-11-15,CUST1026,Bhavna Thakur,mumbai,Maharashtra,PID548,Novel,Books,Novel,36831.59,3.0,40.0,,Returned,2.0
ORD13660,2023-01-18,CUST1025,Imaran Khare,Kolkata,West Bengal,PID422,Sunscreen,BEAUTY,Sunscreen,86185.68,1.0,20.0,Credit Card,Delivered,1.3
ORD14035,2023-04-29,CUST1271,Baljiwan Lad,Kolkata,West Bengal,PID135,Lipstick,Beauty,Lipstick,49708.25,3.0,40.0,Credit Card,Cancelled,4.9
ORD11882,2024-11-05,CUST1906,Siddharth Gokhale,AHMEDABAD,Gujarat,PID266,Saree,FASHION,Saree,57645.62,4.0,30.0,Credit Card,Delivered,5.0
ORD13018,2023-07-02,CUST1943,Chakrika Dave,Kolkata,West Bengal,PID527,Biography,Books,Biography,38364.24,3.0,10.0,Credit Card,Cancelled,
ORD13213,2023-07-18,CUST1758,Dipta Bora, Jaipur ,Rajasthan,PID114,Perfume,beauty,Perfume,51206.63,5.0,25.0,Cash on Delivery,Returned,1.5
ORD14095,2023-10-13,CUST1196,Radha Rajagopal,lucknow,Uttar Pradesh,PID319,Lipstick,beauty,Lipstick,22407.29,2.0,10.0,UPI,Delivered,1.3
ORD11645,2023-05-10,CUST1390,Sara Bhat,INDORE,Madhya Pradesh,PID310,Smartphone,ELECTRONICS,Smartphone,29556.2,2.0,10.0,Credit Card,Delivered,4.0
ORD13536,2023-03-10,CUST1230,Daksh Char,bangalore,Karnataka,PID556,Jeans,FASHION,Jeans,10962.71,4.0,20.0,UPI,,2.9
ORD11210,2024-08-19,CUST1650,Kashish Raman, Hyderabad ,Telangana,PID463,Air Fryer,HOME & KITCHEN,Air Fryer,66290.61,5.0,40.0,Debit Card,,1.7
ORD13627,2023-09-29,CUST1228,Isaiah Saran,Ahmedabad,Gujarat,PID320,Face Wash,beauty,Face Wash,30711.34,4.0,10.0,Debit Card,Delayed,1.2
ORD13804,2024-07-21,CUST1194,Sai Char,KOLKATA,West Bengal,PID431,Novel,BOOKS,Novel,81664.53,2.0,20.0,Cash on Delivery,Cancelled,1.1
ORD13880,2023-08-26,CUST1289,Praneel Magar, Ahmedabad ,Gujarat,PID236,Face Wash,Beauty,Face Wash,81069.65,3.0,20.0,Credit Card,Delivered,2.4
ORD14485,2023-09-07,CUST1091,Christopher Bora, Indore ,Madhya Pradesh,PID439,Jeans,fashion,Jeans,-29568.75,5.0,20.0,Debit Card,Delivered,
ORD12249,2023-09-07,CUST1618,Adya Saini,Hyderabad,Telangana,PID241,Comic,books,Comic,35415.07,3.0,20.0,Net Banking,Returned,4.0
ORD13941,2023-05-01,CUST1841,Vedant Dutta,Kolkata,West Bengal,PID595,Textbook,Books,Textbook,41584.47,2.0,30.0,Credit Card,Delivered,
ORD13631,2023-04-03,CUST1841,Zansi Iyer,Lucknow,Uttar Pradesh,PID218,Cricket Bat,SPORTS,Cricket Bat,21514.14,1.0,15.0,Credit Card,Delivered,3.8
ORD11441,2023-05-10,CUST1812,Finn Gandhi, Ahmedabad ,Gujarat,PID102,Face Wash,BEAUTY,Face Wash,14375.4,4.0,25.0,Debit Card,Cancelled,1.7
ORD10562,2024-01-13,CUST1583,Hemang Bhasin,SURAT,Gujarat,PID351,Saree,Fashion,Saree,72724.81,2.0,30.0,Cash on Delivery,Delivered,2.9
ORD14478,2023-07-22,CUST1635,Eshana Chaudry,bangalore,Karnataka,PID381,Cricket Bat,Sports,Cricket Bat,11781.15,2.0,20.0,,Returned,2.9
ORD13376,2023-07-21,CUST1325,Ekanta Kibe, Lucknow ,Uttar Pradesh,PID466,Face Wash,beauty,Face Wash,52595.65,1.0,30.0,,Delivered,4.7
ORD11850,2024-04-09,CUST1665,Triya Luthra,Chennai,Tamil Nadu,PID260,Jacket,FASHION,Jacket,11918.68,2.0,0.0,Net Banking,Delivered,4.1
ORD13118,2024-04-01,CUST1077,Yachana Kurian, Mumbai ,Maharashtra,PID412,Smartwatch,ELECTRONICS,Smartwatch,14872.35,3.0,15.0,,Delivered,1.7
ORD12281,2024-05-13,CUST1983,Owen Edwin,LUCKNOW,Uttar Pradesh,PID244,Laptop,electronics,Laptop,26686.87,2.0,10.0,Credit Card,Cancelled,2.6
ORD13558,2023-07-27,CUST1976,Kavya Mallick,lucknow,Uttar Pradesh,PID516,Cookware Set,home & kitchen,Cookware Set,40719.61,4.0,40.0,Debit Card,Delivered,3.1
ORD10724,2024-09-07,CUST1377,Yash Talwar,CHENNAI,Tamil Nadu,PID470,Face Wash,BEAUTY,Face Wash,54941.65,1.0,0.0,Credit Card,,3.6
ORD12973,2024-08-10,CUST1943,David Kanda,KOLKATA,West Bengal,PID277,Sneakers,Fashion,Sneakers,60885.43,1.0,40.0,Cash on Delivery,Delivered,3.8
ORD12831,2024-07-06,CUST1169,Logan Shankar,MUMBAI,Maharashtra,PID257,Water Bottle,HOME & KITCHEN,Water Bottle,27243.66,5.0,0.0,Debit Card,Returned,2.6
ORD13216,2023-11-03,CUST1247,Gopal Kashyap, Pune ,Maharashtra,PID235,Perfume,beauty,Perfume,71416.33,4.0,30.0,Debit Card,Delivered,4.1
ORD14778,2024-11-18,CUST1436,Vasatika Viswanathan,Pune,Maharashtra,PID431,Bedsheet,HOME & KITCHEN,Bedsheet,60680.83,4.0,30.0,UPI,Delivered,2.3
ORD11585,2023-12-03,CUST1898,Gautam Chopra,Jaipur,Rajasthan,PID205,Cricket Bat,Sports,Cricket Bat,88676.64,1.0,15.0,Cash on Delivery,Cancelled,4.0
ORD14922,2024-08-30,CUST1799,Hemang Prasad, Indore ,Madhya Pradesh,PID546,Biography,books,Biography,78190.05,1.0,10.0,UPI,Delivered,4.9
ORD10563,2023-03-13,CUST1539,Suhani Wadhwa,Surat,Gujarat,PID170,Yoga Mat,sports,Yoga Mat,25491.68,4.0,15.0,,Delayed,2.7
ORD10761,2023-01-12,CUST1219,Hamsini Chanda, Ahmedabad ,Gujarat,PID332,Face Wash,BEAUTY,Face Wash,-88160.83,2.0,25.0,,,2.9
ORD10623,2024-06-23,CUST1316,Nakul Din, Pune ,Maharashtra,PID197,Laptop,ELECTRONICS,Laptop,57540.23,5.0,40.0,Debit Card,Delayed,4.6
ORD14016,2024-07-18,CUST1667,Shravya Walia, Hyderabad ,Telangana,PID484,Water Bottle,HOME & KITCHEN,Water Bottle,37510.6,2.0,30.0,Debit Card,Delayed,4.9
ORD11004,2023-06-29,CUST1671,Barkha Goda,INDORE,Madhya Pradesh,PID398,Textbook,books,Textbook,9337.16,4.0,40.0,,Returned,3.7
ORD10986,2023-01-31,CUST1467,Chaitaly Roy,surat,Gujarat,PID391,Football,sports,Football,47266.15,2.0,20.0,Cash on Delivery,Delayed,4.5
ORD14123,2023-09-05,CUST1443,William Murthy,hyderabad,Telangana,PID579,Shampoo,Beauty,Shampoo,20262.47,5.0,15.0,UPI,Delayed,3.9
ORD11622,2024-08-24,CUST1056,Saanvi Acharya,Pune,Maharashtra,PID200,Novel,books,Novel,41545.29,5.0,5.0,UPI,Cancelled,3.1
ORD13983,2024-07-10,CUST1977,Inaya Gala, Pune ,Maharashtra,PID319,Dumbbells,SPORTS,Dumbbells,20848.12,5.0,20.0,Net Banking,Returned,2.6
ORD11217,2024-05-29,CUST1472,Caleb Sura,DELHI,Delhi,PID205,Bedsheet,home & kitchen,Bedsheet,22014.94,5.0,5.0,Credit Card,Delivered,1.2
ORD10758,2023-11-15,CUST1684,Kashvi Jani,pune,Maharashtra,PID466,Shampoo,beauty,Shampoo,77074.22,5.0,0.0,Debit Card,Returned,4.6
ORD10173,2023-09-27,CUST1511,Kevin Choudhary,indore,Madhya Pradesh,PID539,Football,Sports,Football,79794.37,4.0,5.0,Cash on Delivery,Cancelled,
ORD11179,2023-04-03,CUST1707,Zansi Sheth,jaipur,Rajasthan,PID369,Comic,books,Comic,19643.69,4.0,5.0,Cash on Delivery,Cancelled,3.5
ORD13676,2023-07-29,CUST1672,Girik Edwin,SURAT,Gujarat,PID374,Cookware Set,HOME & KITCHEN,Cookware Set,84270.44,2.0,0.0,UPI,Returned,1.9
ORD13490,2023-01-25,CUST1730,Bhavini Bhargava, Lucknow ,Uttar Pradesh,PID103,Perfume,BEAUTY,Perfume,764.58,5.0,10.0,Debit Card,Delivered,
ORD13544,2024-05-09,CUST1938,Krishna Sahni, Jaipur ,Rajasthan,PID364,Cookware Set,Home & Kitchen,Cookware Set,-58163.49,4.0,40.0,,Returned,4.7
ORD12763,2023-10-24,CUST1107,Simon Dar,Lucknow,Uttar Pradesh,PID544,Biography,books,Biography,44790.81,2.0,10.0,Cash on Delivery,Delivered,
ORD11933,2023-03-06,CUST1640,Niharika Sengupta,MUMBAI,Maharashtra,PID284,Dumbbells,Sports,Dumbbells,211.79,5.0,30.0,UPI,Delivered,1.4
ORD13286,2024-12-26,CUST1905,Siddharth Murthy,JAIPUR,Rajasthan,PID113,Jeans,Fashion,Jeans,38650.36,1.0,10.0,Net Banking,,3.3
ORD10453,2024-08-02,CUST1516,Nidhi Dhaliwal,MUMBAI,Maharashtra,PID425,Dumbbells,Sports,Dumbbells,11141.16,4.0,20.0,,,2.4
ORD14086,2024-01-30,CUST1915,Finn Pau, Kolkata ,West Bengal,PID309,Dumbbells,SPORTS,Dumbbells,75986.58,3.0,25.0,Debit Card,Delayed,3.8
ORD10740,2023-10-03,CUST1341,Wahab Raj,BANGALORE,Karnataka,PID472,Lipstick,BEAUTY,Lipstick,54969.57,4.0,30.0,Debit Card,Delivered,2.1
ORD11775,2023-09-17,CUST1644,Chaitanya Bakshi, Mumbai ,Maharashtra,PID302,Lipstick,Beauty,Lipstick,5905.2,3.0,40.0,Credit Card,Delayed,1.3
ORD11164,2024-01-30,CUST1497,Charles Gade,BANGALORE,Karnataka,PID227,Novel,Books,Novel,14126.33,5.0,25.0,Net Banking,Returned,3.1
ORD14898,2023-07-05,CUST1451,Unni Chaudhry, Pune ,Maharashtra,PID148,Sneakers,fashion,Sneakers,68665.37,3.0,10.0,Debit Card,,2.7
ORD11058,2023-09-18,CUST1865,Yamini Patel,JAIPUR,Rajasthan,PID550,Yoga Mat,Sports,Yoga Mat,29288.25,3.0,30.0,Debit Card,Returned,2.5
ORD10910,2023-05-30,CUST1348,Neel Malhotra,indore,Madhya Pradesh,PID536,Comic,Books,Comic,1787.75,1.0,10.0,Credit Card,Delayed,3.1
ORD12672,2023-07-15,CUST1403,Mitesh Munshi,JAIPUR,Rajasthan,PID595,Comic,BOOKS,Comic,44608.47,4.0,5.0,Net Banking,Returned,3.7
ORD12420,2023-02-25,CUST1375,Tanveer Halder,INDORE,Madhya Pradesh,PID552,Laptop,Electronics,Laptop,16836.92,4.0,5.0,Credit Card,Delivered,2.3
ORD13697,2024-04-24,CUST1376,Ekaraj Sem,Pune,Maharashtra,PID581,Bluetooth Speaker,electronics,Bluetooth Speaker,49604.83,3.0,25.0,Debit Card,Delivered,
ORD12736,2023-10-20,CUST1150,Jagat Shah,jaipur,Rajasthan,PID436,Smartphone,electronics,Smartphone,57450.45,1.0,40.0,Debit Card,Delayed,4.9
ORD12764,2023-12-15,CUST1150,Hitesh Ram,lucknow,Uttar Pradesh,PID526,Smartwatch,electronics,Smartwatch,42319.5,2.0,15.0,UPI,,4.0
ORD12726,2024-10-17,CUST1899,Yatan Barad,BANGALORE,Karnataka,PID297,Mixer Grinder,home & kitchen,Mixer Grinder,62553.97,3.0,30.0,UPI,Delivered,2.8
ORD14383,2024-11-28,CUST1761,Thomas Kashyap,Chennai,Tamil Nadu,PID251,Novel,BOOKS,Novel,71404.82,5.0,25.0,Debit Card,Returned,1.5
ORD11837,2023-08-03,CUST1129,Yatan Iyer, Surat ,Gujarat,PID503,Yoga Mat,SPORTS,Yoga Mat,15205.43,4.0,10.0,Cash on Delivery,Delayed,4.7
ORD10403,2024-01-08,CUST1271,Ryan Karnik,INDORE,Madhya Pradesh,PID124,Face Wash,BEAUTY,Face Wash,60808.75,3.0,20.0,UPI,,1.8
ORD14156,2023-10-11,CUST1291,Pallavi Varty,JAIPUR,Rajasthan,PID128,Textbook,books,Textbook,19103.92,3.0,15.0,,Delivered,4.8
ORD14816,2023-03-15,CUST1618,Ucchal Shere,Ahmedabad,Gujarat,PID227,T-Shirt,FASHION,T-Shirt,36027.26,2.0,30.0,Cash on Delivery,Delivered,2.6
ORD12594,2024-05-03,CUST1753,Ethan Vaidya, Ahmedabad ,Gujarat,PID349,Face Wash,Beauty,Face Wash,75223.7,3.0,40.0,Net Banking,Cancelled,4.0
ORD10005,2023-08-23,CUST1671,Ekiya Dixit,pune,Maharashtra,PID355,Sneakers,Fashion,Sneakers,24404.81,2.0,0.0,UPI,Delivered,4.2
ORD12826,2024-08-06,CUST1779,Arya Kata, Surat ,Gujarat,PID228,Saree,FASHION,Saree,70397.93,4.0,10.0,Cash on Delivery,Delivered,3.7
ORD11171,2023-06-13,CUST1085,Harsh Sarna,pune,Maharashtra,PID172,Comic,books,Comic,21100.46,4.0,10.0,UPI,Delayed,
ORD13446,2024-12-30,CUST1792,Karan Tandon,chennai,Tamil Nadu,PID446,Novel,books,Novel,60876.07,2.0,15.0,Net Banking,Delivered,3.0
ORD13468,2024-01-16,CUST1700,Frederick Ramakrishnan, Surat ,Gujarat,PID427,Bedsheet,HOME & KITCHEN,Bedsheet,51712.14,3.0,30.0,UPI,Delivered,4.9
ORD11217,2024-05-29,CUST1472,Caleb Sura,DELHI,Delhi,PID205,Bedsheet,home & kitchen,Bedsheet,22014.94,5.0,5.0,Credit Card,Delivered,1.2
ORD13042,2023-10-26,CUST1327,Girish Rajagopal,Surat,Gujarat,PID295,Bluetooth Speaker,Electronics,Bluetooth Speaker,11689.6,4.0,20.0,Credit Card,Delivered,2.1
ORD14912,2024-06-09,CUST1390,Nathaniel Chakrabarti,hyderabad,Telangana,PID433,Sneakers,Fashion,Sneakers,80095.21,1.0,15.0,,Delivered,4.2
ORD13493,2024-09-12,CUST1110,Hritik Parsa,pune,Maharashtra,PID358,Jacket,fashion,Jacket,6453.72,4.0,5.0,UPI,Returned,2.5
ORD11403,2024-06-09,CUST1003,Kritika Nanda,PUNE,Maharashtra,PID356,Water Bottle,Home & Kitchen,Water Bottle,41505.79,1.0,5.0,,Cancelled,4.0
ORD13767,2023-04-28,CUST1691,Jagdish Sinha,Indore,Madhya Pradesh,PID576,Cricket Bat,sports,Cricket Bat,72537.95,4.0,40.0,Debit Card,Returned,4.1
ORD12044,2023-09-23,CUST1648,Peter Dutt,KOLKATA,West Bengal,PID154,Smartphone,ELECTRONICS,Smartphone,52091.37,2.0,5.0,UPI,Delivered,4.0
ORD10890,2023-04-27,CUST1978,Arya Bali,indore,Madhya Pradesh,PID589,Headphones,ELECTRONICS,Headphones,43517.41,2.0,40.0,Net Banking,Returned,2.8
ORD10084,2024-06-04,CUST1231,Bahadurjit Dixit, Jaipur ,Rajasthan,PID170,Headphones,Electronics,Headphones,33994.64,5.0,30.0,Credit Card,Delivered,2.5
ORD14732,2023-01-15,CUST1175,Dayamai Saini,Lucknow,Uttar Pradesh,PID309,Dumbbells,Sports,Dumbbells,23539.81,0.0,40.0,Credit Card,Returned,3.5
ORD11016,2024-06-17,CUST1808,Amaira Sani,pune,Maharashtra,PID385,Sneakers,Fashion,Sneakers,30457.59,4.0,20.0,UPI,Delivered,4.1
ORD10808,2024-08-11,CUST1323,Maanas Chahal,INDORE,Madhya Pradesh,PID412,Face Wash,BEAUTY,Face Wash,18699.83,5.0,30.0,Cash on Delivery,Delivered,1.8
ORD12784,2023-01-27,CUST1173,Vasatika Choudhury,Lucknow,Uttar Pradesh,PID457,Air Fryer,HOME & KITCHEN,Air Fryer,57669.25,5.0,0.0,,,3.3
ORD14446,2024-12-25,CUST1753,Yochana Narain, Surat ,Gujarat,PID270,Dumbbells,SPORTS,Dumbbells,83212.34,4.0,40.0,Credit Card,Delivered,1.9
ORD11548,2023-09-28,CUST1708,Dhruv Hayre,lucknow,Uttar Pradesh,PID126,Football,Sports,Football,2772.95,3.0,40.0,Credit Card,,2.7
ORD12994,2023-04-06,CUST1088,Abhiram Grover,BANGALORE,Karnataka,PID126,Tablet,electronics,Tablet,17401.24,2.0,5.0,,,3.7
ORD13899,2024-11-15,CUST1967,Gaurangi Jani,KOLKATA,West Bengal,PID321,Cookware Set,home & kitchen,Cookware Set,21142.18,2.0,40.0,Debit Card,Returned,4.3
ORD10673,2024-09-20,CUST1860,Hemal Baria,MUMBAI,Maharashtra,PID218,Textbook,BOOKS,Textbook,39173.54,2.0,20.0,Cash on Delivery,Cancelled,3.3
,,,,,,,,,,,,,,,
ORD10505,2024-10-11,CUST1519,Ojasvi Behl,BANGALORE,Karnataka,PID140,Comic,Books,Comic,-39896.13,1.0,0.0,Credit Card,Cancelled,4.8
ORD14453,2024-09-26,CUST1204,Faris Kala,LUCKNOW,Uttar Pradesh,PID471,Biography,books,Biography,72912.43,3.0,25.0,Cash on Delivery,Delivered,4.5
ORD12554,2024-07-06,CUST1483,Girindra Vala,Indore,Madhya Pradesh,PID207,T-Shirt,fashion,T-Shirt,21654.73,2.0,40.0,Debit Card,Cancelled,3.6
ORD14440,2024-03-23,CUST1311,Vritti Narula,Lucknow,Uttar Pradesh,PID431,Laptop,Electronics,Laptop,62954.73,2.0,0.0,Net Banking,Cancelled,2.1
ORD14196,2024-02-24,CUST1114,Manan Chaudhuri,Mumbai,Maharashtra,PID564,Water Bottle,HOME & KITCHEN,Water Bottle,53167.08,3.0,10.0,Net Banking,Delivered,4.7
ORD13981,2024-12-24,CUST1142,Hemani Magar,CHENNAI,Tamil Nadu,PID112,Football,sports,Football,1687.63,3.0,0.0,Credit Card,Delayed,3.9
ORD13162,2024-06-11,CUST1523,Anvi Vala,PUNE,Maharashtra,PID437,Perfume,BEAUTY,Perfume,79367.85,3.0,10.0,Debit Card,Returned,1.5
ORD10767,2023-03-14,CUST1454,Saumya Arya,PUNE,Maharashtra,PID172,Jeans,Fashion,Jeans,70800.21,2.0,25.0,Cash on Delivery,Delivered,4.8
ORD14105,2023-07-07,CUST1661,Lohit Sridhar, Ahmedabad ,Gujarat,PID251,Mixer Grinder,HOME & KITCHEN,Mixer Grinder,45404.02,4.0,25.0,Credit Card,Returned,1.8
ORD11237,2023-03-26,CUST1759,Vasudha Manne,chennai,Tamil Nadu,PID521,Jeans,FASHION,Jeans,13108.59,3.0,20.0,,Delivered,3.9
ORD13015,2024-12-24,CUST1853,Ishani Wable,HYDERABAD,Telangana,PID509,Kurta,FASHION,Kurta,76863.79,3.0,10.0,UPI,,4.0
ORD11261,2024-04-19,CUST1600,Tanay Nigam,delhi,Delhi,PID503,Smartphone,electronics,Smartphone,60401.67,5.0,10.0,Debit Card,Delivered,4.4
ORD12954,2024-09-24,CUST1859,Vrinda Date, Jaipur ,Rajasthan,PID103,Air Fryer,HOME & KITCHEN,Air Fryer,41154.67,3.0,40.0,Debit Card,Returned,4.4
ORD10738,2024-05-22,CUST1653,Wriddhish Guha, Surat ,Gujarat,PID451,Comic,BOOKS,Comic,39687.94,0.0,40.0,Debit Card,Delivered,1.3
ORD10665,2023-02-16,CUST1854,Harish Virk, Indore ,Madhya Pradesh,PID323,Yoga Mat,sports,Yoga Mat,26511.26,3.0,5.0,Cash on Delivery,Returned,4.7
ORD12844,2023-05-02,CUST1774,Janaki Pandya,JAIPUR,Rajasthan,PID520,Dumbbells,sports,Dumbbells,80984.74,2.0,10.0,Credit Card,Returned,4.7
ORD10532,2024-11-05,CUST1125,Sara Jaggi, Delhi ,Delhi,PID120,Biography,BOOKS,Biography,46773.27,1.0,15.0,Credit Card,Delivered,1.7
ORD13352,2024-10-11,CUST1527,Guneet Sibal,Pune,Maharashtra,PID189,Cookware Set,HOME & KITCHEN,Cookware Set,65638.08,4.0,40.0,Credit Card,Returned,2.7
ORD12083,2023-03-02,CUST1833,Lajita Chaudhari,HYDERABAD,Telangana,PID235,Textbook,Books,Textbook,42120.38,1.0,15.0,Credit Card,Delivered,2.7
ORD14656,2024-08-01,CUST1745,Simon Kara,Surat,Gujarat,PID263,Football,SPORTS,Football,10796.47,2.0,25.0,Debit Card,Returned,3.4
ORD14798,2024-03-12,CUST1177,Nathaniel Choudhry,chennai,Tamil Nadu,PID253,Kurta,FASHION,Kurta,46841.43,1.0,10.0,,Cancelled,2.8
ORD12600,2024-12-04,CUST1541,Akshay Patla,CHENNAI,Tamil Nadu,PID379,Sunscreen,beauty,Sunscreen,58673.02,2.0,0.0,Credit Card,Delivered,
ORD13175,2023-05-14,CUST1261,Sachi Ganesh,Jaipur,Rajasthan,PID451,Shampoo,BEAUTY,Shampoo,0.0,5.0,10.0,Cash on Delivery,Delivered,2.5
ORD12124,2024-11-08,CUST1464,Krishna Sura,delhi,Delhi,PID572,Textbook,BOOKS,Textbook,28366.79,1.0,10.0,Net Banking,Delivered,2.2
ORD12503,2024-05-08,CUST1566,Bachittar Modi,HYDERABAD,Telangana,PID488,Saree,Fashion,Saree,87656.59,5.0,40.0,,Delivered,2.7
ORD14429,2024-08-28,CUST1167,Lekha Agarwal,Kolkata,West Bengal,PID232,T-Shirt,Fashion,T-Shirt,31726.58,4.0,40.0,Credit Card,Delivered,4.9
ORD11230,2024-07-11,CUST1399,Gauri Bava,MUMBAI,Maharashtra,PID230,Novel,books,Novel,55981.37,2.0,20.0,Net Banking,Delayed,1.1
ORD12611,2023-04-13,CUST1885,Omisha Parmer,PUNE,Maharashtra,PID542,Comic,Books,Comic,84461.77,3.0,25.0,Cash on Delivery,Delayed,
ORD13796,2023-11-24,CUST1723,Megha Muni,indore,Madhya Pradesh,PID230,Comic,books,Comic,7303.25,5.0,20.0,Debit Card,Delivered,3.9
ORD14567,2023-06-05,CUST1845,Harinakshi Chacko,MUMBAI,Maharashtra,PID340,Cookware Set,home & kitchen,Cookware Set,42595.64,2.0,15.0,Net Banking,,4.7
ORD10675,2024-05-15,CUST1062,Qushi Parsa,KOLKATA,West Bengal,PID387,Laptop,ELECTRONICS,Laptop,86074.95,4.0,40.0,Debit Card,Cancelled,
ORD11894,2024-03-20,CUST1791,Umang Mahajan, Pune ,Maharashtra,PID584,Cookware Set,Home & Kitchen,Cookware Set,65141.17,2.0,40.0,Net Banking,Delivered,5.0
ORD12843,2023-04-02,CUST1441,Avni Kumer,bangalore,Karnataka,PID408,Headphones,Electronics,Headphones,78099.22,5.0,5.0,Credit Card,Returned,1.7
ORD11846,2023-05-28,CUST1793,Neel Sawhney,ahmedabad,Gujarat,PID138,Laptop,electronics,Laptop,51896.47,5.0,30.0,Net Banking,Delivered,2.0
ORD14409,2024-01-20,CUST1025,Darika Pai,PUNE,Maharashtra,PID315,Cookware Set,Home & Kitchen,Cookware Set,10362.69,1.0,5.0,Credit Card,Delivered,2.9
ORD14301,2024-09-15,CUST1814,Ishanvi Goel,ahmedabad,Gujarat,PID103,Cookware Set,Home & Kitchen,Cookware Set,11927.59,2.0,20.0,UPI,Delivered,4.1
ORD11773,2024-06-04,CUST1477,Sanaya Bala,AHMEDABAD,Gujarat,PID214,Jeans,fashion,Jeans,-2902.03,4.0,0.0,Debit Card,Returned,3.3
ORD11500,2023-07-29,CUST1969,Maya Chacko, Surat ,Gujarat,PID504,Bluetooth Speaker,Electronics,Bluetooth Speaker,46691.61,4.0,15.0,,Cancelled,1.9
ORD14641,2023-07-23,CUST1149,Faqid Kibe,BANGALORE,Karnataka,PID234,Bluetooth Speaker,Electronics,Bluetooth Speaker,34706.43,5.0,20.0,Debit Card,Cancelled,1.0
ORD12901,2023-09-02,CUST1206,Nicholas Handa,Surat,Gujarat,PID454,Shampoo,beauty,Shampoo,46662.32,5.0,25.0,Cash on Delivery,Delivered,1.2
ORD10319,2023-02-20,CUST1767,Kritika Vyas,CHENNAI,Tamil Nadu,PID396,Bluetooth Speaker,ELECTRONICS,Bluetooth Speaker,3449.39,5.0,5.0,Debit Card,Cancelled,5.0
ORD10420,2023-01-06,CUST1991,Omkaar Biswas,ahmedabad,Gujarat,PID556,Headphones,Electronics,Headphones,42463.28,5.0,0.0,Cash on Delivery,Returned,3.5
ORD13071,2023-06-29,CUST1905,Ranbir Doctor,mumbai,Maharashtra,PID224,T-Shirt,Fashion,T-Shirt,46854.35,3.0,0.0,Credit Card,Delayed,4.9
ORD13812,2023-08-21,CUST1295,Utkarsh Pant, Mumbai ,Maharashtra,PID418,Biography,books,Biography,28944.46,2.0,20.0,Credit Card,Returned,4.9
ORD14138,2024-05-23,CUST1160,Utkarsh Karan,Jaipur,Rajasthan,PID161,Tablet,electronics,Tablet,51209.67,2.0,5.0,Net Banking,Cancelled,1.8
ORD12747,2024-03-28,CUST1558,Nidhi Goswami,Kolkata,West Bengal,PID419,Dumbbells,SPORTS,Dumbbells,0.0,1.0,30.0,Credit Card,Delayed,2.8
ORD12374,2023-12-20,CUST1359,Nilima Virk,Indore,Madhya Pradesh,PID317,Textbook,books,Textbook,16499.67,2.0,10.0,Debit Card,Returned,2.0
ORD13606,2023-07-31,CUST1597,Jackson Dada, Lucknow ,Uttar Pradesh,PID564,Lipstick,BEAUTY,Lipstick,80572.85,5.0,40.0,Net Banking,Delayed,4.3
ORD14377,2024-07-31,CUST1801,Yashasvi Ramakrishnan,chennai,Tamil Nadu,PID503,T-Shirt,Fashion,T-Shirt,71521.36,3.0,0.0,Credit Card,Cancelled,3.3
ORD13420,2023-12-03,CUST1669,Zehaan Deol,SURAT,Gujarat,PID145,Smartwatch,Electronics,Smartwatch,36254.61,2.0,25.0,Credit Card,Returned,3.2
ORD11540,2023-08-02,CUST1067,Vihaan Shroff,surat,Gujarat,PID243,Air Fryer,home & kitchen,Air Fryer,69961.01,4.0,40.0,Credit Card,Delivered,2.2
ORD14087,2024-08-16,CUST1633,Samaksh Roy,indore,Madhya Pradesh,PID495,Cricket Bat,sports,Cricket Bat,25488.33,3.0,0.0,UPI,Cancelled,3.4
ORD11033,2023-04-08,CUST1718,Michael Loyal,bangalore,Karnataka,PID484,Sunscreen,beauty,Sunscreen,9646.35,1.0,20.0,UPI,Delivered,4.6
ORD11236,2024-04-10,CUST1300,Laban Thakkar,DELHI,Delhi,PID538,Smartwatch,ELECTRONICS,Smartwatch,51317.73,1.0,0.0,Credit Card,,
ORD12205,2024-09-28,CUST1805,Azaan Nagarajan,SURAT,Gujarat,PID419,Smartphone,Electronics,Smartphone,44335.88,2.0,10.0,Cash on Delivery,Delivered,3.7
ORD13092,2024-04-21,CUST1793,Charan Raj,jaipur,Rajasthan,PID547,Saree,fashion,Saree,31439.37,5.0,0.0,Credit Card,Cancelled,4.7
ORD14943,2024-04-24,CUST1054,Yachana Dhar,hyderabad,Telangana,PID280,Lipstick,Beauty,Lipstick,82554.45,1.0,15.0,Debit Card,Delivered,1.5
ORD10276,2023-05-09,CUST1170,Mohini Krish,Chennai,Tamil Nadu,PID303,Air Fryer,Home & Kitchen,Air Fryer,67348.41,2.0,0.0,,Returned,3.6
ORD12744,2023-05-20,CUST1293,Gayathri Saxena, Hyderabad ,Telangana,PID518,Bedsheet,Home & Kitchen,Bedsheet,36558.07,2.0,25.0,Debit Card,Delivered,3.5
ORD10460,2024-01-18,CUST1001,Urvashi Ghosh, Hyderabad ,Telangana,PID516,Yoga Mat,Sports,Yoga Mat,51206.87,5.0,10.0,Cash on Delivery,Cancelled,1.7
ORD11543,2023-11-04,CUST1032,Jai Lall,ahmedabad,Gujarat,PID282,Comic,books,Comic,14442.27,5.0,20.0,Net Banking,Returned,4.9
ORD14375,2024-07-14,CUST1569,Shaurya Edwin,ahmedabad,Gujarat,PID157,Textbook,Books,Textbook,57329.31,1.0,30.0,Net Banking,Delivered,1.6
ORD11740,2023-01-16,CUST1557,Raksha Nori,pune,Maharashtra,PID528,Sneakers,fashion,Sneakers,55093.18,3.0,10.0,Net Banking,Delivered,4.2
ORD11499,2024-06-16,CUST1841,Naksh Kunda,PUNE,Maharashtra,PID585,Shampoo,Beauty,Shampoo,68969.47,4.0,10.0,Credit Card,,
ORD11138,2024-08-13,CUST1824,Balveer Pandit, Delhi ,Delhi,PID194,Mixer Grinder,HOME & KITCHEN,Mixer Grinder,51025.45,4.0,5.0,Debit Card,Delayed,3.4
ORD11545,2023-10-04,CUST1947,Qadim Sodhi,LUCKNOW,Uttar Pradesh,PID114,Textbook,books,Textbook,4254.2,4.0,25.0,,Delivered,4.7
ORD14655,2024-03-09,CUST1266,Simon Halder, Bangalore ,Karnataka,PID219,Air Fryer,Home & Kitchen,Air Fryer,49763.8,1.0,5.0,,Delivered,3.2
ORD12659,2024-09-07,CUST1917,Aarini Krish,PUNE,Maharashtra,PID549,Smartwatch,electronics,Smartwatch,36617.87,3.0,30.0,Debit Card,Delivered,3.4
ORD12143,2024-10-13,CUST1185,Abha Buch,delhi,Delhi,PID556,Laptop,electronics,Laptop,31215.26,3.0,15.0,Net Banking,,1.2
ORD13917,2023-01-23,CUST1567,Nikita Virk, Bangalore ,Karnataka,PID394,Cricket Bat,SPORTS,Cricket Bat,54195.11,5.0,40.0,Credit Card,,
ORD13620,2023-03-26,CUST1470,Laban Amble,Lucknow,Uttar Pradesh,PID176,Jeans,fashion,Jeans,0.0,5.0,30.0,Cash on Delivery,Delivered,1.8
ORD11223,2024-05-13,CUST1648,Unnati Raj,Ahmedabad,Gujarat,PID232,Smartphone,ELECTRONICS,Smartphone,60284.7,0.0,10.0,Net Banking,,2.7
ORD14881,26/06/2023,CUST1199,Amara Bakshi, Kolkata ,West Bengal,PID347,Perfume,BEAUTY,Perfume,87232.87,5.0,5.0,Net Banking,Returned,1.8
ORD14351,2024-03-13,CUST1476,Ucchal Jaggi,LUCKNOW,Uttar Pradesh,PID537,Textbook,BOOKS,Textbook,-44754.99,4.0,25.0,Cash on Delivery,Delivered,3.2
ORD11399,2024-08-12,CUST1214,Odika Kamdar,mumbai,Maharashtra,PID285,Water Bottle,Home & Kitchen,Water Bottle,52611.78,5.0,40.0,Credit Card,Cancelled,1.5
ORD11992,2024-03-21,CUST1381,Aarnav Gara,JAIPUR,Rajasthan,PID506,Bedsheet,Home & Kitchen,Bedsheet,21773.27,3.0,25.0,Net Banking,Returned,4.8
ORD10373,2024-05-28,CUST1635,Maanas Bera,hyderabad,Telangana,PID288,Bedsheet,HOME & KITCHEN,Bedsheet,45395.4,3.0,40.0,,,1.5
ORD13232,2023-01-28,CUST1164,Ayaan Garg,kolkata,West Bengal,PID318,Shampoo,Beauty,Shampoo,33555.24,2.0,30.0,Net Banking,Returned,2.1
ORD11043,2023-07-11,CUST1340,Chaitaly Dugal,Ahmedabad,Gujarat,PID499,Yoga Mat,SPORTS,Yoga Mat,64368.92,4.0,25.0,Net Banking,Cancelled,1.2
ORD10139,2023-03-18,CUST1016,Ranbir Mishra,MUMBAI,Maharashtra,PID592,Tablet,ELECTRONICS,Tablet,20794.52,5.0,0.0,,Delivered,2.1
ORD11587,2024-02-26,CUST1096,Lipika Lad,indore,Madhya Pradesh,PID556,Mixer Grinder,Home & Kitchen,Mixer Grinder,55563.13,2.0,0.0,Cash on Delivery,Delivered,2.0
ORD14874,2023-12-11,CUST1295,Nidhi Chaudry, Ahmedabad ,Gujarat,PID406,Jeans,Fashion,Jeans,43014.14,3.0,20.0,,,4.6
ORD10952,2023-02-05,CUST1398,Arya Butala, Kolkata ,West Bengal,PID148,Yoga Mat,SPORTS,Yoga Mat,19627.89,2.0,30.0,Net Banking,,4.8
ORD13379,2023-01-03,CUST1778,Garima Pandit, Mumbai ,Maharashtra,PID286,Jacket,FASHION,Jacket,67695.65,4.0,15.0,Cash on Delivery,Returned,2.8
ORD12220,2024-03-09,CUST1714,Agastya Narula,DELHI,Delhi,PID114,Mixer Grinder,home & kitchen,Mixer Grinder,80412.13,1.0,15.0,UPI,Returned,4.0
ORD12557,2024-04-08,CUST1502,Ekavir Narayanan,pune,Maharashtra,PID120,Sneakers,fashion,Sneakers,16260.59,2.0,25.0,Net Banking,Delivered,4.8
ORD14876,2023-05-23,CUST1599,Yashasvi Bawa,jaipur,Rajasthan,PID198,Jacket,fashion,Jacket,12774.45,3.0,0.0,,Cancelled,2.8
ORD11024,2024-04-03,CUST1086,Abhimanyu Kanda,Kolkata,West Bengal,PID200,Mixer Grinder,HOME & KITCHEN,Mixer Grinder,14694.41,5.0,25.0,UPI,Delivered,3.4
ORD14839,2024-11-28,CUST1496,Zayan Patil,KOLKATA,West Bengal,PID157,Bluetooth Speaker,ELECTRONICS,Bluetooth Speaker,83270.96,4.0,25.0,UPI,,3.8
ORD12312,2024-11-02,CUST1321,Jackson Patla, Delhi ,Delhi,PID320,Bedsheet,Home & Kitchen,Bedsheet,11534.66,5.0,30.0,Net Banking,Delivered,4.7
ORD11459,2023-05-16,CUST1076,Vidhi Ravi, Bangalore ,Karnataka,PID495,Face Wash,beauty,Face Wash,87362.85,1.0,5.0,Debit Card,Delivered,2.8
ORD13849,2023-01-24,CUST1291,William Sankar, Indore ,Madhya Pradesh,PID134,Biography,books,Biography,19876.65,3.0,25.0,Cash on Delivery,Cancelled,4.2
ORD14252,2024-04-21,CUST1498,Benjamin Prabhu,mumbai,Maharashtra,PID299,Dumbbells,sports,Dumbbells,39083.49,5.0,20.0,Debit Card,Delivered,1.7
ORD10679,2024-01-22,CUST1075,Jason Sankar,Mumbai,Maharashtra,PID358,Shampoo,Beauty,Shampoo,14251.55,2.0,5.0,Debit Card,,1.5
ORD13407,2023-12-11,CUST1172,Yahvi Patla,BANGALORE,Karnataka,PID290,Biography,BOOKS,Biography,12656.34,3.0,10.0,,Delivered,4.6
ORD12389,2024-02-12,CUST1878,David Rajagopalan,Lucknow,Uttar Pradesh,PID420,Tablet,Electronics,Tablet,45251.27,1.0,5.0,UPI,Delivered,4.8
ORD10743,2024-12-05,CUST1103,Tristan Bhasin, Chennai ,Tamil Nadu,PID128,Jeans,Fashion,Jeans,65098.0,1.0,30.0,Net Banking,Cancelled,3.8
ORD14977,2024-02-19,CUST1743,Chasmum Hayer,Mumbai,Maharashtra,PID480,Comic,Books,Comic,7015.59,3.0,10.0,Debit Card,Delayed,2.0
ORD11638,2023-08-15,CUST1541,Lekha Kalla, Chennai ,Tamil Nadu,PID483,Saree,fashion,Saree,79461.04,2.0,25.0,Net Banking,Delivered,3.9
ORD11264,2024-12-16,CUST1091,Ojas Nath,Indore,Madhya Pradesh,PID513,Bluetooth Speaker,Electronics,Bluetooth Speaker,57821.12,1.0,0.0,Net Banking,Cancelled,3.4
ORD10208,2023-10-11,CUST1153,Manan Balasubramanian,jaipur,Rajasthan,PID364,Comic,Books,Comic,58313.69,1.0,25.0,,Returned,4.4
ORD12706,2023-03-03,CUST1102,Teerth Gandhi,INDORE,Madhya Pradesh,PID168,Biography,Books,Biography,7254.84,1.0,15.0,Cash on Delivery,Delayed,2.3
ORD13764,2024-10-27,CUST1948,Oeshi Sekhon,Pune,Maharashtra,PID309,Textbook,books,Textbook,33387.12,2.0,15.0,Debit Card,Delayed,2.6
ORD14551,2024-12-08,CUST1875,Oscar Dara, Bangalore ,Karnataka,PID326,Face Wash,Beauty,Face Wash,31913.96,5.0,5.0,,Cancelled,2.6
ORD14059,2024-07-21,CUST1512,Chakrika Dhawan,Bangalore,Karnataka,PID532,Biography,BOOKS,Biography,41364.07,2.0,10.0,Cash on Delivery,Returned,1.6
ORD12482,2024-10-23,CUST1691,Abhimanyu Murthy,INDORE,Madhya Pradesh,PID206,Saree,fashion,Saree,88326.52,4.0,30.0,Debit Card,,1.6
ORD13412,2024-08-30,CUST1649,Bhavna Batta,bangalore,Karnataka,PID307,Textbook,books,Textbook,48466.21,1.0,10.0,,Delayed,
ORD14340,2023-10-20,CUST1868,Indrajit Srinivasan,Ahmedabad,Gujarat,PID396,T-Shirt,FASHION,T-Shirt,22040.19,4.0,30.0,Credit Card,,2.9
ORD10930,2024-08-24,CUST1945,Aadhya Khatri,Indore,Madhya Pradesh,PID221,Biography,BOOKS,Biography,12344.55,1.0,0.0,Cash on Delivery,Delivered,5.0
ORD14140,2024-08-27,CUST1585,Widisha Banik,INDORE,Madhya Pradesh,PID498,Smartphone,electronics,Smartphone,89883.34,2.0,0.0,UPI,Delivered,3.6
ORD14347,2024-08-10,CUST1197,Zayyan Savant, Hyderabad ,Telangana,PID414,Smartphone,electronics,Smartphone,54322.64,4.0,0.0,Net Banking,Delivered,4.8
ORD13149,2023-01-19,CUST1791,Karan Chhabra,Ahmedabad,Gujarat,PID173,Air Fryer,home & kitchen,Air Fryer,70867.46,3.0,5.0,UPI,Delivered,
ORD10747,2024-07-05,CUST1799,Theodore Naidu,Mumbai,Maharashtra,PID157,Tablet,electronics,Tablet,82181.45,4.0,25.0,,Delivered,3.3
ORD12493,2023-09-13,CUST1728,Alka Bajaj,Indore,Madhya Pradesh,PID536,Bedsheet,home & kitchen,Bedsheet,53481.5,3.0,20.0,Cash on Delivery,Delivered,3.9
ORD13139,2023-02-09,CUST1596,Vinaya Buch,KOLKATA,West Bengal,PID273,Headphones,Electronics,Headphones,70189.62,5.0,5.0,UPI,Returned,4.3
ORD12509,2023-10-10,CUST1627,Balveer Om,jaipur,Rajasthan,PID324,Sneakers,Fashion,Sneakers,44012.67,5.0,25.0,UPI,Delayed,4.2
ORD12685,2024-12-30,CUST1098,Onveer Nazareth, Surat ,Gujarat,PID419,Textbook,Books,Textbook,23550.21,3.0,30.0,UPI,Returned,1.5
ORD11314,2023-05-21,CUST1937,Yutika Tiwari,surat,Gujarat,PID483,Smartphone,Electronics,Smartphone,84326.57,1.0,20.0,Debit Card,,3.9
ORD10189,2024-08-23,CUST1382,Ekani Pillai,lucknow,Uttar Pradesh,PID460,Headphones,Electronics,Headphones,18251.57,3.0,10.0,Net Banking,,1.6
ORD12202,2023-10-12,CUST1415,Nachiket Dass,PUNE,Maharashtra,PID291,Yoga Mat,SPORTS,Yoga Mat,28075.51,5.0,10.0,Net Banking,Returned,2.2
ORD11431,2023-12-09,CUST1261,Wazir Sami,hyderabad,Telangana,PID548,Mixer Grinder,home & kitchen,Mixer Grinder,54765.86,5.0,10.0,Debit Card,,3.9
ORD13707,2024-11-14,CUST1045,Raagini Yogi,MUMBAI,Maharashtra,PID572,Biography,Books,Biography,69071.37,1.0,25.0,Debit Card,Delivered,4.0
ORD11060,2023-03-16,CUST1802,Geetika Chana,Kolkata,West Bengal,PID298,Cookware Set,home & kitchen,Cookware Set,15399.44,5.0,10.0,Net Banking,Delivered,
ORD10799,2023-07-08,CUST1756,Raagini Modi,bangalore,Karnataka,PID173,Lipstick,BEAUTY,Lipstick,46712.57,1.0,30.0,Cash on Delivery,Cancelled,
ORD13629,2024-12-20,CUST1836,Timothy Behl, Delhi ,Delhi,PID354,Cricket Bat,Sports,Cricket Bat,65605.66,2.0,10.0,Cash on Delivery,Returned,1.3
ORD10916,2024-12-30,CUST1916,Jeet Mukhopadhyay,mumbai,Maharashtra,PID306,Laptop,Electronics,Laptop,24994.86,5.0,5.0,Debit Card,Cancelled,3.3
ORD14927,2024-08-06,CUST1051,Parth Gera,AHMEDABAD,Gujarat,PID204,Saree,fashion,Saree,33040.69,2.0,20.0,Credit Card,,1.2
ORD12572,2023-06-18,CUST1592,Vedhika Brar, Kolkata ,West Bengal,PID203,Cookware Set,Home & Kitchen,Cookware Set,19892.56,2.0,20.0,Net Banking,Delivered,1.0
ORD10893,2024-11-09,CUST1424,Eesha Bansal, Pune ,Maharashtra,PID342,Comic,Books,Comic,66865.74,1.0,40.0,Cash on Delivery,Delayed,2.3
ORD10681,2024-07-28,CUST1508,Anirudh Jaggi, Hyderabad ,Telangana,PID472,T-Shirt,Fashion,T-Shirt,87238.23,4.0,30.0,Net Banking,Delivered,2.1
ORD12579,2024-08-06,CUST1903,Aarnav Sandal,LUCKNOW,Uttar Pradesh,PID434,Mixer Grinder,Home & Kitchen,Mixer Grinder,25178.16,2.0,25.0,UPI,,1.9
ORD12298,2023-01-23,CUST1767,Gopal Gokhale,Kolkata,West Bengal,PID256,Cookware Set,HOME & KITCHEN,Cookware Set,80943.23,3.0,40.0,Debit Card,Delivered,1.5
ORD12760,2024-09-19,CUST1895,Damyanti Sunder,Ahmedabad,Gujarat,PID276,Air Fryer,Home & Kitchen,Air Fryer,45894.33,2.0,15.0,Cash on Delivery,Cancelled,2.8
ORD13251,2023-12-13,CUST1741,Krisha Ghosh,SURAT,Gujarat,PID382,Bedsheet,home & kitchen,Bedsheet,31685.79,5.0,40.0,UPI,Cancelled,1.4
ORD11128,2023-12-26,CUST1743,Logan Gade,KOLKATA,West Bengal,PID423,Novel,books,Novel,89411.9,2.0,25.0,,Delivered,3.1
ORD12533,2023-10-18,CUST1140,Dipta Purohit,chennai,Tamil Nadu,PID238,Headphones,ELECTRONICS,Headphones,43872.02,4.0,5.0,Cash on Delivery,Returned,4.9
ORD11437,2023-12-10,CUST1172,Dhriti Bhagat,indore,Madhya Pradesh,PID247,Jacket,Fashion,Jacket,17776.41,2.0,30.0,,Delivered,3.8
ORD13846,2023-03-22,CUST1257,Dominic Boase,hyderabad,Telangana,PID548,Laptop,Electronics,Laptop,23102.45,4.0,25.0,Credit Card,,2.9
ORD13699,2024-11-05,CUST1096,Yagnesh Jani,DELHI,Delhi,PID500,Comic,Books,Comic,62837.12,4.0,40.0,Debit Card,Delivered,4.8
ORD11702,2023-08-23,CUST1720,Vrinda Bajwa,indore,Madhya Pradesh,PID151,Sunscreen,beauty,Sunscreen,58037.13,3.0,10.0,,Cancelled,2.9
ORD11282,2023-09-27,CUST1058,Ekbal Issac,PUNE,Maharashtra,PID455,Saree,Fashion,Saree,65024.9,4.0,0.0,Net Banking,Returned,4.7
ORD12444,2023-05-10,CUST1770,Karan Raja,JAIPUR,Rajasthan,PID264,Comic,books,Comic,74930.85,1.0,10.0,Net Banking,Delayed,4.4
ORD14602,2024-11-02,CUST1943,Balveer Bhargava,CHENNAI,Tamil Nadu,PID150,Face Wash,beauty,Face Wash,55401.76,2.0,40.0,UPI,Delivered,2.8
ORD10055,2024-09-24,CUST1100,Guneet Grewal,Pune,Maharashtra,PID489,Water Bottle,HOME & KITCHEN,Water Bottle,85879.44,4.0,0.0,Credit Card,Returned,3.5
ORD14716,2024-08-12,CUST1317,Indali Doctor,Chennai,Tamil Nadu,PID373,Tablet,Electronics,Tablet,40394.12,2.0,15.0,,Delivered,3.9
ORD12748,2024-08-10,CUST1399,Umang Buch,jaipur,Rajasthan,PID456,Tablet,ELECTRONICS,Tablet,29965.89,3.0,30.0,Credit Card,Returned,2.9
ORD13424,2023-06-07,CUST1335,Varenya De,MUMBAI,Maharashtra,PID399,Perfume,BEAUTY,Perfume,13422.48,2.0,5.0,Credit Card,Delivered,4.5
ORD13261,2024-07-24,CUST1006,Chavvi Bahl,Kolkata,West Bengal,PID215,Mixer Grinder,Home & Kitchen,Mixer Grinder,52527.66,2.0,5.0,Cash on Delivery,Delayed,3.6
ORD14369,2024-05-20,CUST1950,Om Menon,Mumbai,Maharashtra,PID191,Cricket Bat,sports,Cricket Bat,77514.89,1.0,40.0,Net Banking,Returned,1.3
ORD13679,2023-09-30,CUST1772,Nilima Tripathi, Surat ,Gujarat,PID399,Kurta,FASHION,Kurta,53074.08,5.0,30.0,Credit Card,Delivered,1.6
ORD14460,2024-09-29,CUST1497,Ira Bava,DELHI,Delhi,PID234,Dumbbells,Sports,Dumbbells,24289.08,5.0,0.0,UPI,Cancelled,2.0
ORD14073,2024-03-06,CUST1806,Owen Khurana,Bangalore,Karnataka,PID378,Jacket,FASHION,Jacket,13787.88,4.0,10.0,,Returned,2.2
ORD11263,2023-05-02,CUST1508,Aarav Rai,Chennai,Tamil Nadu,PID172,Laptop,Electronics,Laptop,28093.54,2.0,0.0,Net Banking,Delayed,1.2
ORD11146,2023-08-17,CUST1376,Ria Narang,Delhi,Delhi,PID279,Shampoo,Beauty,Shampoo,10025.41,2.0,30.0,Cash on Delivery,Returned,1.2
ORD12367,2024-08-29,CUST1041,Ayush Madan,DELHI,Delhi,PID427,Tablet,electronics,Tablet,83510.4,4.0,40.0,Credit Card,Returned,3.2
ORD14169,2023-07-10,CUST1204,Tarak Bhattacharyya,KOLKATA,West Bengal,PID561,Novel,BOOKS,Novel,78426.79,2.0,25.0,,Delivered,2.8
ORD13497,2024-08-20,CUST1449,Aahana Mistry,Kolkata,West Bengal,PID567,Mixer Grinder,HOME & KITCHEN,Mixer Grinder,45180.06,4.0,15.0,UPI,Cancelled,3.7
ORD11539,2024-05-21,CUST1984,Pranav Anand, Ahmedabad ,Gujarat,PID405,Perfume,beauty,Perfume,42341.18,1.0,25.0,Debit Card,Delivered,3.8
ORD10329,2023-06-02,CUST1555,Tripti Garg,Chennai,Tamil Nadu,PID279,Cookware Set,Home & Kitchen,Cookware Set,18169.91,4.0,20.0,Net Banking,Cancelled,1.5
ORD11407,2023-05-28,CUST1905,Neel Kurian,Jaipur,Rajasthan,PID187,Sunscreen,Beauty,Sunscreen,53495.72,2.0,40.0,Net Banking,Cancelled,2.9
ORD10211,2024-01-16,CUST1910,Hardik Savant,Chennai,Tamil Nadu,PID199,Jacket,FASHION,Jacket,58950.95,3.0,25.0,Cash on Delivery,Delivered,2.2
ORD13922,2024-01-31,CUST1868,Ojasvi Saha, Indore ,Madhya Pradesh,PID153,Bedsheet,HOME & KITCHEN,Bedsheet,5907.93,5.0,15.0,UPI,Cancelled,4.3
ORD11859,2024-05-10,CUST1117,Shravya Sankaran,Pune,Maharashtra,PID554,Jeans,fashion,Jeans,79307.99,3.0,5.0,Net Banking,Cancelled,4.4
ORD11345,2024-12-28,CUST1252,Alka Kalita,ahmedabad,Gujarat,PID230,Textbook,Books,Textbook,28957.37,4.0,40.0,Cash on Delivery,Delivered,3.4
ORD13055,2024-09-02,CUST1176,Waida Sachdeva,CHENNAI,Tamil Nadu,PID373,Textbook,BOOKS,Textbook,39440.86,3.0,15.0,Debit Card,Delivered,1.7
ORD14374,2024-09-20,CUST1062,Aarini Mani,JAIPUR,Rajasthan,PID530,Comic,BOOKS,Comic,2288.42,3.0,40.0,UPI,Delayed,4.8
ORD13447,2024-02-24,CUST1952,Amara Bhandari,Surat,Gujarat,PID466,Football,Sports,Football,77794.54,2.0,40.0,Debit Card,Delayed,1.1
ORD10474,2024-08-21,CUST1480,Imaran Mani,KOLKATA,West Bengal,PID258,Air Fryer,Home & Kitchen,Air Fryer,65257.38,1.0,20.0,Debit Card,Cancelled,4.8
ORD14056,2023-08-23,CUST1919,Amaira Mani, Lucknow ,Uttar Pradesh,PID156,Dumbbells,SPORTS,Dumbbells,56126.46,1.0,40.0,Net Banking,Returned,2.6
ORD12722,2023-04-12,CUST1689,Fariq Gaba,Hyderabad,Telangana,PID497,Cookware Set,HOME & KITCHEN,Cookware Set,9843.36,3.0,20.0,UPI,Returned,4.1
ORD14061,2024-05-19,CUST1735,Timothy Barad,KOLKATA,West Bengal,PID388,Biography,Books,Biography,9246.39,5.0,10.0,,Delivered,1.4
ORD13673,2024-01-30,CUST1443,Rajeshri Sarraf,LUCKNOW,Uttar Pradesh,PID264,Novel,Books,Novel,62264.4,1.0,30.0,Credit Card,,3.0
ORD14332,2023-02-06,CUST1799,Ayaan Dave,bangalore,Karnataka,PID503,Saree,fashion,Saree,31176.33,4.0,10.0,UPI,Delivered,1.2
ORD14482,2024-02-18,CUST1628,Frederick Walla,JAIPUR,Rajasthan,PID331,Jacket,Fashion,Jacket,33513.2,5.0,30.0,UPI,Delivered,4.4
ORD11228,2023-03-11,CUST1668,Girish Morar,Bangalore,Karnataka,PID282,Face Wash,beauty,Face Wash,49113.86,2.0,20.0,UPI,Cancelled,1.7
ORD12946,2023-01-15,CUST1336,Vritti Basu, Hyderabad ,Telangana,PID415,Water Bottle,HOME & KITCHEN,Water Bottle,44292.17,1.0,40.0,,Returned,3.7
ORD12359,2023-01-27,CUST1001,Upasna Brar,Jaipur,Rajasthan,PID387,Mixer Grinder,Home & Kitchen,Mixer Grinder,49237.83,4.0,25.0,UPI,Delivered,2.4
ORD14679,2023-03-11,CUST1052,Karan Varghese,Jaipur,Rajasthan,PID532,Shampoo,beauty,Shampoo,6837.05,5.0,0.0,Net Banking,Delivered,1.6
ORD14071,2024-04-09,CUST1187,Unni Nadig,INDORE,Madhya Pradesh,PID149,Biography,books,Biography,24697.93,3.0,0.0,Net Banking,Delayed,4.9
ORD11782,2024-11-07,CUST1663,Vamakshi Dar,CHENNAI,Tamil Nadu,PID327,T-Shirt,FASHION,T-Shirt,75305.68,2.0,10.0,Net Banking,,
ORD12559,2024-06-03,CUST1827,George Jhaveri,HYDERABAD,Telangana,PID175,Tablet,ELECTRONICS,Tablet,32671.08,5.0,15.0,Net Banking,Delivered,2.8
ORD13472,2024-10-16,CUST1400,Abhiram Kalla,Lucknow,Uttar Pradesh,PID452,Cookware Set,home & kitchen,Cookware Set,9217.82,4.0,25.0,Credit Card,Delivered,
ORD12972,2023-05-17,CUST1804,Simon Minhas,LUCKNOW,Uttar Pradesh,PID148,Water Bottle,home & kitchen,Water Bottle,1682.6,2.0,10.0,UPI,Cancelled,
ORD13803,2023-01-29,CUST1901,Aarnav Aurora, Ahmedabad ,Gujarat,PID174,Cookware Set,Home & Kitchen,Cookware Set,59099.21,4.0,20.0,,,4.8
ORD12344,2023-09-14,CUST1049,Brijesh Sachar, Ahmedabad ,Gujarat,PID205,Kurta,FASHION,Kurta,85017.53,4.0,15.0,Debit Card,Cancelled,4.1
ORD10632,2024-06-16,CUST1948,Chatresh Oza, Kolkata ,West Bengal,PID162,Cricket Bat,Sports,Cricket Bat,56186.2,2.0,5.0,Net Banking,Delayed,1.8
ORD12475,2024-10-22,CUST1191,Saanvi Bhasin,Jaipur,Rajasthan,PID498,Water Bottle,home & kitchen,Water Bottle,44893.46,3.0,10.0,Cash on Delivery,Delayed,
ORD11874,2023-10-01,CUST1893,Thomas Ravi, Bangalore ,Karnataka,PID511,Lipstick,beauty,Lipstick,44764.39,5.0,40.0,,,3.8
ORD13467,2023-12-14,CUST1005,Vaishnavi Date, Ahmedabad ,Gujarat,PID487,Shampoo,BEAUTY,Shampoo,22060.81,1.0,5.0,Debit Card,Cancelled,1.4
ORD13402,2024-12-14,CUST1160,Victor Gopal,Jaipur,Rajasthan,PID356,Yoga Mat,sports,Yoga Mat,16646.23,1.0,25.0,UPI,Cancelled,1.2
ORD11258,2024-09-30,CUST1212,Lohit Tiwari,Lucknow,Uttar Pradesh,PID285,Mixer Grinder,home & kitchen,Mixer Grinder,79157.0,5.0,20.0,Credit Card,Cancelled,2.9
ORD13091,2023-08-05,CUST1478,Yahvi Chowdhury,JAIPUR,Rajasthan,PID306,Tablet,ELECTRONICS,Tablet,24745.87,4.0,5.0,Debit Card,Delayed,2.2
ORD13893,2024-08-10,CUST1121,Mitali Bala,chennai,Tamil Nadu,PID237,Dumbbells,Sports,Dumbbells,86411.42,1.0,25.0,Cash on Delivery,Delivered,4.0
ORD10408,2024-10-21,CUST1616,Aarnav Toor,Ahmedabad,Gujarat,PID252,Cricket Bat,SPORTS,Cricket Bat,14468.36,3.0,10.0,UPI,Delivered,4.9
ORD14754,2024-09-01,CUST1949,Rachit Bhalla, Mumbai ,Maharashtra,PID285,Comic,Books,Comic,55224.42,4.0,10.0,Cash on Delivery,Delayed,3.5
ORD11715,2024-05-30,CUST1943,Krish Oommen,Pune,Maharashtra,PID245,Cricket Bat,sports,Cricket Bat,27160.17,3.0,40.0,Debit Card,Delivered,4.4
ORD12742,2024-01-04,CUST1897,Nihal Andra,surat,Gujarat,PID376,Sunscreen,BEAUTY,Sunscreen,67618.97,4.0,40.0,Cash on Delivery,Cancelled,2.4
ORD10188,2024-07-09,CUST1539,Patrick Korpal,INDORE,Madhya Pradesh,PID344,Novel,Books,Novel,63095.39,5.0,40.0,Credit Card,Cancelled,3.0
ORD13826,2023-11-08,CUST1291,Panini Chatterjee,HYDERABAD,Telangana,PID198,Air Fryer,home & kitchen,Air Fryer,16411.12,5.0,15.0,UPI,Delivered,1.9
ORD12142,2024-08-17,CUST1473,Ucchal Arya,delhi,Delhi,PID462,Air Fryer,Home & Kitchen,Air Fryer,16298.24,3.0,15.0,Credit Card,Cancelled,4.1
ORD11129,2023-06-23,CUST1617,Baljiwan Babu,CHENNAI,Tamil Nadu,PID411,Lipstick,beauty,Lipstick,11634.67,2.0,10.0,Credit Card,Returned,3.8
ORD10222,2023-04-17,CUST1388,Jason Raja,SURAT,Gujarat,PID498,Shampoo,beauty,Shampoo,79768.23,1.0,10.0,,Delayed,3.4
ORD13144,2024-10-07,CUST1692,Jai Viswanathan,kolkata,West Bengal,PID398,Cookware Set,Home & Kitchen,Cookware Set,87036.91,4.0,10.0,Debit Card,Delayed,4.5
ORD13130,2023-02-23,CUST1787,Lipika Nazareth, Chennai ,Tamil Nadu,PID256,Cookware Set,Home & Kitchen,Cookware Set,75925.26,3.0,15.0,Credit Card,Cancelled,4.3
ORD10306,2024-07-28,CUST1402,Riya Badami,chennai,Tamil Nadu,PID481,Cricket Bat,SPORTS,Cricket Bat,43696.89,2.0,40.0,Net Banking,Delivered,1.1
ORD10371,2023-02-26,CUST1476,Eshana Ramaswamy, Indore ,Madhya Pradesh,PID416,Perfume,BEAUTY,Perfume,85156.68,1.0,25.0,UPI,Delivered,4.6
ORD13915,2023-07-25,CUST1939,Zilmil Raju,Ahmedabad,Gujarat,PID181,Perfume,Beauty,Perfume,42023.4,4.0,25.0,Cash on Delivery,Returned,2.0
ORD12780,2024-10-11,CUST1072,Amruta Sankar,MUMBAI,Maharashtra,PID276,Yoga Mat,SPORTS,Yoga Mat,38801.27,2.0,30.0,UPI,Returned,5.0
ORD11603,2024-01-21,CUST1529,Finn Patla, Surat ,Gujarat,PID431,Mixer Grinder,Home & Kitchen,Mixer Grinder,77354.97,4.0,10.0,UPI,Returned,2.2
ORD14459,2023-05-18,CUST1298,Qushi Dubey,pune,Maharashtra,PID345,Bedsheet,home & kitchen,Bedsheet,62627.28,3.0,0.0,Net Banking,,3.9
ORD11791,22/10/2024,CUST1320,Azad Naik,ahmedabad,Gujarat,PID336,Comic,BOOKS,Comic,87228.53,1.0,0.0,Net Banking,Cancelled,1.9
ORD10447,2023-03-03,CUST1305,Rudra Hora,Lucknow,Uttar Pradesh,PID393,Tablet,ELECTRONICS,Tablet,23393.31,4.0,5.0,UPI,Delivered,2.0
ORD12464,2023-10-12,CUST1699,Rohan Sehgal,MUMBAI,Maharashtra,PID257,Shampoo,BEAUTY,Shampoo,14720.2,4.0,20.0,,Cancelled,2.7
ORD11484,2024-12-17,CUST1460,Umang Mallick,Pune,Maharashtra,PID396,Football,sports,Football,9085.58,4.0,20.0,Net Banking,Delivered,3.1
ORD10450,2024-03-26,CUST1517,Zayan Dugal,PUNE,Maharashtra,PID165,Water Bottle,Home & Kitchen,Water Bottle,53003.32,3.0,30.0,Cash on Delivery,,4.8
ORD11142,2024-10-07,CUST1238,Vedhika Keer,surat,Gujarat,PID163,Cookware Set,Home & Kitchen,Cookware Set,84246.85,3.0,5.0,Net Banking,Returned,2.3
ORD11329,2023-07-28,CUST1625,Siddharth Issac, Lucknow ,Uttar Pradesh,PID234,Bluetooth Speaker,ELECTRONICS,Bluetooth Speaker,73503.64,5.0,25.0,,Delivered,1.9
ORD10774,2023-12-27,CUST1650,Panini Khurana, Hyderabad ,Telangana,PID234,Mixer Grinder,home & kitchen,Mixer Grinder,82872.17,3.0,25.0,UPI,Delivered,2.0
ORD14891,2023-04-07,CUST1557,Mohammed Bedi, Mumbai ,Maharashtra,PID467,Face Wash,beauty,Face Wash,45583.85,2.0,5.0,,Delivered,4.3
ORD12154,05/05/2023,CUST1156,Pooja Guha,KOLKATA,West Bengal,PID185,Saree,fashion,Saree,4304.53,2.0,10.0,Credit Card,Delivered,4.1
ORD11190,2024-02-20,CUST1420,Max Deep,surat,Gujarat,PID336,Perfume,Beauty,Perfume,61222.45,5.0,20.0,Net Banking,,4.8
ORD10841,2023-01-01,CUST1390,Nidra Sekhon,bangalore,Karnataka,PID473,Sunscreen,BEAUTY,Sunscreen,82885.58,2.0,5.0,Debit Card,Delivered,3.5
ORD13434,2023-12-22,CUST1888,Jagat Ratti,INDORE,Madhya Pradesh,PID513,Novel,books,Novel,57955.45,1.0,0.0,,Delivered,2.5
ORD13120,2023-04-17,CUST1127,Oni Rege,Kolkata,West Bengal,PID359,Perfume,BEAUTY,Perfume,24757.16,4.0,30.0,Cash on Delivery,Cancelled,2.4
ORD11344,2024-09-16,CUST1936,Chakradev Sood,KOLKATA,West Bengal,PID477,Face Wash,beauty,Face Wash,85384.2,2.0,30.0,,,4.6
ORD14037,2023-02-01,CUST1834,Oni Pant,INDORE,Madhya Pradesh,PID239,Water Bottle,home & kitchen,Water Bottle,19830.19,3.0,0.0,Net Banking,,4.9
ORD10184,2023-10-09,CUST1302,Divya Bala,INDORE,Madhya Pradesh,PID355,Biography,books,Biography,35640.63,2.0,10.0,Net Banking,Cancelled,
ORD12566,2023-06-30,CUST1457,Ranveer Mangal,LUCKNOW,Uttar Pradesh,PID581,Mixer Grinder,HOME & KITCHEN,Mixer Grinder,63627.29,5.0,30.0,UPI,Cancelled,3.7
ORD13076,2024-08-12,CUST1388,Janaki Naidu,Jaipur,Rajasthan,PID469,Sneakers,FASHION,Sneakers,33577.37,4.0,5.0,,,4.9
ORD10682,2024-04-02,CUST1574,Abdul Comar,Jaipur,Rajasthan,PID186,Perfume,Beauty,Perfume,64354.9,1.0,15.0,Debit Card,Delivered,3.3
ORD11728,2024-11-20,CUST1360,Wishi Setty, Mumbai ,Maharashtra,PID315,Novel,Books,Novel,43203.19,1.0,5.0,,Delivered,4.5
ORD14663,2023-12-01,CUST1410,Chanakya Biswas,DELHI,Delhi,PID451,Dumbbells,Sports,Dumbbells,58102.02,3.0,25.0,Net Banking,Delivered,1.2
ORD12937,2023-07-26,CUST1495,Wriddhish Shanker, Mumbai ,Maharashtra,PID478,Smartwatch,electronics,Smartwatch,36592.05,3.0,0.0,Debit Card,Delivered,4.0
ORD12583,2024-02-24,CUST1157,Hritik Bhakta,delhi,Delhi,PID243,Shampoo,beauty,Shampoo,9388.96,5.0,0.0,UPI,Delivered,2.9
ORD14590,2023-10-25,CUST1105,Ojasvi Menon, Kolkata ,West Bengal,PID218,Cricket Bat,SPORTS,Cricket Bat,0.0,4.0,30.0,Cash on Delivery,Delivered,3.7
ORD14687,2023-04-07,CUST1501,Onkar Khalsa,Mumbai,Maharashtra,PID454,Cricket Bat,sports,Cricket Bat,0.0,4.0,10.0,UPI,Delivered,4.9
ORD12225,2023-03-15,CUST1928,Rayaan Cheema,SURAT,Gujarat,PID290,Air Fryer,HOME & KITCHEN,Air Fryer,1421.47,1.0,5.0,Credit Card,Delivered,3.3
ORD11494,2024-12-26,CUST1981,Advika Saha,kolkata,West Bengal,PID311,Water Bottle,Home & Kitchen,Water Bottle,46091.14,3.0,20.0,,Delivered,1.5
ORD11144,2024-08-09,CUST1911,Warhi Kapadia,JAIPUR,Rajasthan,PID277,Sneakers,FASHION,Sneakers,41864.41,4.0,20.0,UPI,Delayed,2.8
ORD12155,2024-07-24,CUST1617,Tamanna Bora,mumbai,Maharashtra,PID127,Comic,Books,Comic,7962.39,3.0,10.0,,Returned,2.8
ORD10652,2024-09-15,CUST1349,Harsh Goswami,SURAT,Gujarat,PID471,Lipstick,Beauty,Lipstick,38882.98,5.0,0.0,Debit Card,,2.3
ORD10906,2024-09-06,CUST1875,Parth Chaudry,jaipur,Rajasthan,PID220,Headphones,Electronics,Headphones,73326.06,5.0,20.0,Net Banking,Returned,3.0
ORD11570,2024-11-14,CUST1434,Tanveer Chanda,INDORE,Madhya Pradesh,PID204,Biography,BOOKS,Biography,25891.62,2.0,20.0,Cash on Delivery,Delayed,1.3
ORD14580,2023-07-02,CUST1669,Vamakshi Rana,Jaipur,Rajasthan,PID119,Sunscreen,Beauty,Sunscreen,2822.01,3.0,25.0,,Delayed,4.3
ORD12743,2024-11-04,CUST1055,Azad Khanna,Indore,Madhya Pradesh,PID189,Mixer Grinder,Home & Kitchen,Mixer Grinder,86090.57,5.0,10.0,UPI,Delivered,4.5
ORD11709,2024-10-18,CUST1051,Chandani Brar,Bangalore,Karnataka,PID390,Cricket Bat,sports,Cricket Bat,55262.49,2.0,0.0,Cash on Delivery,Delivered,2.2
ORD10800,05/08/2024,CUST1205,Yatan Issac,mumbai,Maharashtra,PID561,Sunscreen,BEAUTY,Sunscreen,59709.48,2.0,0.0,Debit Card,Delivered,1.6
ORD14357,2024-01-06,CUST1363,Arya Nanda,indore,Madhya Pradesh,PID422,Cricket Bat,sports,Cricket Bat,67174.12,2.0,20.0,,Delivered,2.2
ORD13315,2024-08-16,CUST1537,Hitesh Tata,BANGALORE,Karnataka,PID286,Water Bottle,Home & Kitchen,Water Bottle,74694.34,2.0,20.0,Credit Card,Cancelled,3.8
ORD14727,2024-12-01,CUST1467,Dhruv Sane, Jaipur ,Rajasthan,PID496,Kurta,fashion,Kurta,66965.59,1.0,15.0,Credit Card,Cancelled,3.4
ORD13126,2024-06-13,CUST1318,Chatura Ghosh, Jaipur ,Rajasthan,PID371,Sneakers,fashion,Sneakers,3409.98,4.0,5.0,Net Banking,Delivered,2.0
ORD14010,2023-02-27,CUST1243,Lila Manne,SURAT,Gujarat,PID560,Yoga Mat,SPORTS,Yoga Mat,19392.77,1.0,30.0,UPI,Delayed,4.2
ORD13641,2023-03-05,CUST1704,Rishi Kota, Chennai ,Tamil Nadu,PID396,Cookware Set,Home & Kitchen,Cookware Set,14652.82,4.0,15.0,Debit Card,,4.7
ORD12029,2024-01-01,CUST1484,Kashvi Bakshi, Hyderabad ,Telangana,PID196,Dumbbells,sports,Dumbbells,65795.04,3.0,40.0,,Cancelled,2.9
ORD13154,2023-01-14,CUST1644,Vasatika Kata,indore,Madhya Pradesh,PID241,Bedsheet,home & kitchen,Bedsheet,19846.03,3.0,30.0,UPI,Delayed,
ORD12608,2023-03-18,CUST1319,Upma Borah,Delhi,Delhi,PID102,Kurta,fashion,Kurta,20411.4,2.0,0.0,UPI,,
ORD12091,2023-05-15,CUST1292,Aryan Jani, Lucknow ,Uttar Pradesh,PID498,Novel,BOOKS,Novel,61798.4,2.0,20.0,Cash on Delivery,Delayed,2.1
ORD10230,2024-05-31,CUST1407,Vrinda Bora,LUCKNOW,Uttar Pradesh,PID593,Jacket,FASHION,Jacket,15752.48,5.0,25.0,,,2.7
ORD13477,07/02/2023,CUST1854,Ridhi Sidhu, Mumbai ,Maharashtra,PID488,Novel,Books,Novel,66934.54,2.0,5.0,Credit Card,Delivered,3.6
ORD11722,2023-04-23,CUST1442,Nandini Behl,Indore,Madhya Pradesh,PID508,Yoga Mat,SPORTS,Yoga Mat,62019.23,1.0,40.0,Debit Card,Delayed,3.0
ORD11343,2023-09-20,CUST1393,Isaac Boase,LUCKNOW,Uttar Pradesh,PID313,Kurta,Fashion,Kurta,28040.51,2.0,0.0,Cash on Delivery,Cancelled,3.1
ORD14542,2024-05-18,CUST1142,Jalsa Dugar,mumbai,Maharashtra,PID251,Biography,Books,Biography,36310.69,4.0,20.0,,Returned,4.7
ORD14402,2023-05-08,CUST1114,Karan Bahri, Ahmedabad ,Gujarat,PID397,Smartwatch,ELECTRONICS,Smartwatch,50924.38,1.0,15.0,UPI,Delivered,3.3
ORD11079,2024-02-24,CUST1515,Aishani Devan, Lucknow ,Uttar Pradesh,PID183,Bluetooth Speaker,Electronics,Bluetooth Speaker,1772.85,4.0,25.0,Credit Card,Delivered,1.2
ORD14829,2023-12-13,CUST1872,Widisha Minhas,MUMBAI,Maharashtra,PID336,Textbook,books,Textbook,42608.42,2.0,40.0,Cash on Delivery,Delivered,2.1
ORD14088,2024-12-12,CUST1521,Qabil Bajwa,PUNE,Maharashtra,PID339,Headphones,Electronics,Headphones,1739.63,4.0,10.0,Debit Card,,1.4
ORD14850,2023-11-01,CUST1653,Qasim Wali,CHENNAI,Tamil Nadu,PID489,Kurta,FASHION,Kurta,34782.33,5.0,10.0,,Delayed,3.1
ORD14734,2024-10-11,CUST1441,Janani Salvi,hyderabad,Telangana,PID224,Smartphone,Electronics,Smartphone,65574.48,4.0,25.0,UPI,Delivered,3.6
ORD11458,2024-05-22,CUST1138,Gabriel Tella,ahmedabad,Gujarat,PID255,Novel,Books,Novel,82882.15,4.0,5.0,UPI,Cancelled,4.5
ORD11697,2023-11-14,CUST1307,Eesha Barad, Bangalore ,Karnataka,PID158,Biography,BOOKS,Biography,82783.75,1.0,10.0,UPI,Delayed,4.2
ORD12992,2023-01-20,CUST1599,Ekaraj Oommen,ahmedabad,Gujarat,PID498,Yoga Mat,Sports,Yoga Mat,8892.78,3.0,0.0,Debit Card,Delayed,4.4
ORD10597,2023-11-27,CUST1632,Owen Parsa,JAIPUR,Rajasthan,PID462,Yoga Mat,Sports,Yoga Mat,10785.79,3.0,10.0,,,1.4
ORD12316,2024-09-22,CUST1458,Anusha Sarma,mumbai,Maharashtra,PID493,Novel,Books,Novel,9782.92,5.0,5.0,Net Banking,Cancelled,2.1
ORD13774,2023-08-02,CUST1302,Udarsh Oommen,Chennai,Tamil Nadu,PID394,Laptop,electronics,Laptop,62177.99,3.0,15.0,Debit Card,Returned,3.2
ORD12223,2023-12-30,CUST1367,Yasti Comar,Bangalore,Karnataka,PID480,Yoga Mat,SPORTS,Yoga Mat,68461.22,5.0,5.0,Net Banking,Cancelled,2.7
ORD13605,2023-12-19,CUST1801,Sai Bora,SURAT,Gujarat,PID346,Headphones,Electronics,Headphones,38258.73,4.0,5.0,Credit Card,,1.3
ORD12497,2024-01-27,CUST1804,Chavvi Kurian, Jaipur ,Rajasthan,PID541,Bluetooth Speaker,electronics,Bluetooth Speaker,14468.51,1.0,5.0,UPI,Cancelled,
ORD13848,2023-07-08,CUST1159,Jacob Narayan, Indore ,Madhya Pradesh,PID324,Smartwatch,ELECTRONICS,Smartwatch,51393.79,3.0,10.0,Net Banking,Delivered,1.9
ORD14665,2024-03-20,CUST1598,Qasim Prabhu,Delhi,Delhi,PID239,Dumbbells,SPORTS,Dumbbells,4161.97,4.0,0.0,Net Banking,Cancelled,3.2
ORD13888,2023-01-31,CUST1223,Yoshita Taneja,hyderabad,Telangana,PID577,Face Wash,BEAUTY,Face Wash,9469.01,4.0,5.0,Cash on Delivery,Delivered,2.6
ORD12334,2023-08-21,CUST1852,Chasmum Karnik, Bangalore ,Karnataka,PID358,Comic,books,Comic,8527.12,3.0,0.0,Cash on Delivery,Returned,1.8
ORD12715,05/09/2023,CUST1400,Anay Oza,DELHI,Delhi,PID370,Bedsheet,Home & Kitchen,Bedsheet,63389.3,5.0,20.0,Credit Card,Cancelled,2.6
ORD12741,19/07/2023,CUST1795,Gayathri Ahuja,JAIPUR,Rajasthan,PID522,Cricket Bat,Sports,Cricket Bat,1440.16,1.0,10.0,Debit Card,Delayed,4.1
ORD10475,2024-03-08,CUST1193,Arya Pall,Hyderabad,Telangana,PID441,Comic,BOOKS,Comic,-33289.38,2.0,0.0,Credit Card,,4.9
ORD12209,2024-11-05,CUST1087,Samar Madan,Jaipur,Rajasthan,PID511,Biography,BOOKS,Biography,44717.96,4.0,15.0,,Cancelled,3.0
ORD10641,2024-08-07,CUST1449,Anya Ghose,BANGALORE,Karnataka,PID318,Headphones,Electronics,Headphones,61460.15,5.0,15.0,Net Banking,,3.0
ORD12883,2024-01-10,CUST1480,Zarna Anand,Bangalore,Karnataka,PID247,Bluetooth Speaker,ELECTRONICS,Bluetooth Speaker,51786.77,2.0,25.0,Debit Card,,3.6
ORD12846,2024-03-06,CUST1939,Sarthak Gala,hyderabad,Telangana,PID223,T-Shirt,Fashion,T-Shirt,0.0,3.0,20.0,Credit Card,Delivered,1.3
ORD13940,2023-07-13,CUST1923,Vedant Contractor,chennai,Tamil Nadu,PID192,Saree,FASHION,Saree,8755.31,2.0,15.0,Debit Card,Delivered,3.8
ORD13005,2024-04-20,CUST1815,Anthony Prakash,HYDERABAD,Telangana,PID418,Yoga Mat,sports,Yoga Mat,37233.63,5.0,10.0,UPI,Delivered,1.9
ORD13325,2023-04-11,CUST1084,Manthan Andra, Bangalore ,Karnataka,PID443,Shampoo,Beauty,Shampoo,77345.57,2.0,30.0,Credit Card,,3.6
ORD13832,2023-10-22,CUST1079,Chameli Agarwal,delhi,Delhi,PID113,Perfume,Beauty,Perfume,33810.21,5.0,10.0,,Returned,3.7
ORD12102,2024-03-27,CUST1844,Oscar Mani,AHMEDABAD,Gujarat,PID590,Football,Sports,Football,81972.23,4.0,10.0,,Cancelled,1.9
ORD11443,2024-01-28,CUST1499,Aadi Nazareth,Bangalore,Karnataka,PID491,Comic,BOOKS,Comic,56021.47,1.0,10.0,Net Banking,,2.6
ORD13617,02/12/2024,CUST1894,Darsh Contractor,bangalore,Karnataka,PID392,Lipstick,Beauty,Lipstick,68568.91,1.0,5.0,,Returned,1.4
ORD13671,2024-08-11,CUST1197,Nidra Pau,LUCKNOW,Uttar Pradesh,PID141,Kurta,Fashion,Kurta,11317.02,3.0,15.0,Credit Card,Delayed,2.4
ORD10719,2024-10-08,CUST1298,Orinder Misra,ahmedabad,Gujarat,PID484,Dumbbells,SPORTS,Dumbbells,47971.8,4.0,5.0,,Cancelled,4.9
ORD10666,2024-08-30,CUST1739,Baghyawati Varghese,INDORE,Madhya Pradesh,PID401,Air Fryer,home & kitchen,Air Fryer,12244.31,5.0,0.0,Debit Card,Delayed,3.7
ORD12855,2024-05-10,CUST1024,Idika Sankaran,SURAT,Gujarat,PID209,Tablet,ELECTRONICS,Tablet,59479.34,5.0,25.0,Net Banking,Delivered,1.8
ORD12588,2023-04-13,CUST1825,Dev Singhal,ahmedabad,Gujarat,PID599,T-Shirt,FASHION,T-Shirt,-47104.49,3.0,20.0,Credit Card,Cancelled,2.5
ORD11877,2024-12-27,CUST1766,Jasmit Gole,mumbai,Maharashtra,PID298,Face Wash,beauty,Face Wash,62238.81,5.0,25.0,Debit Card,Delivered,4.2
ORD13002,2023-09-24,CUST1787,Ronith Upadhyay,Hyderabad,Telangana,PID534,Sneakers,fashion,Sneakers,28963.69,5.0,40.0,,Cancelled,3.9
ORD14938,2024-03-25,CUST1751,Girish Khatri,surat,Gujarat,PID310,Comic,Books,Comic,37986.62,5.0,30.0,Debit Card,Delivered,5.0
ORD13180,2023-04-28,CUST1501,Abeer Sarraf,Ahmedabad,Gujarat,PID107,Sunscreen,Beauty,Sunscreen,88108.73,3.0,25.0,Credit Card,Delivered,3.6
ORD10787,22/06/2023,CUST1819,Chaman Chatterjee,hyderabad,Telangana,PID563,Tablet,Electronics,Tablet,1983.01,1.0,5.0,Debit Card,Delayed,
ORD11676,2024-07-26,CUST1977,Chatura Srinivas, Indore ,Madhya Pradesh,PID105,Mixer Grinder,HOME & KITCHEN,Mixer Grinder,86525.33,5.0,25.0,Credit Card,Cancelled,1.8
ORD13274,2024-12-21,CUST1386,Hritik Mukhopadhyay,surat,Gujarat,PID222,Face Wash,beauty,Face Wash,49203.88,4.0,5.0,Net Banking,Returned,4.1
ORD12531,2023-11-01,CUST1655,Bhavya Patel,delhi,Delhi,PID112,Laptop,Electronics,Laptop,60346.47,4.0,30.0,Net Banking,Delayed,4.7
ORD10172,03/05/2023,CUST1380,Bhavani Vig,ahmedabad,Gujarat,PID164,T-Shirt,Fashion,T-Shirt,7896.22,5.0,10.0,Cash on Delivery,Delivered,
ORD14736,2024-05-30,CUST1692,Yatin Gopal,Mumbai,Maharashtra,PID423,Bluetooth Speaker,Electronics,Bluetooth Speaker,85861.41,4.0,20.0,Cash on Delivery,Cancelled,3.5
ORD12259,2024-11-01,CUST1780,Yuvraj Randhawa,surat,Gujarat,PID573,Bedsheet,Home & Kitchen,Bedsheet,73007.14,3.0,30.0,,Delivered,3.4
ORD12422,2024-02-15,CUST1095,Hiral Chacko,pune,Maharashtra,PID134,Cookware Set,Home & Kitchen,Cookware Set,88654.86,5.0,5.0,Cash on Delivery,Delivered,3.2
ORD14917,2024-06-22,CUST1891,Omisha Agrawal,Indore,Madhya Pradesh,PID397,Sneakers,Fashion,Sneakers,6572.0,5.0,40.0,Cash on Delivery,Delivered,2.5
ORD13172,2023-03-22,CUST1640,Kritika Kala,INDORE,Madhya Pradesh,PID517,T-Shirt,fashion,T-Shirt,79078.87,4.0,5.0,,Delivered,1.5
ORD11581,2024-05-30,CUST1493,Meghana Naidu,Ahmedabad,Gujarat,PID535,Novel,Books,Novel,42938.51,3.0,25.0,Credit Card,Returned,3.8
ORD13351,2023-04-29,CUST1346,Jack Sibal,Lucknow,Uttar Pradesh,PID213,Football,Sports,Football,59325.45,5.0,0.0,Credit Card,Delivered,1.9
ORD14667,2023-03-09,CUST1690,Advaith Dani,Chennai,Tamil Nadu,PID279,Face Wash,BEAUTY,Face Wash,17865.99,4.0,15.0,Credit Card,Delivered,1.9
ORD11125,2023-06-01,CUST1331,Logan Sem, Bangalore ,Karnataka,PID308,Jacket,fashion,Jacket,78291.97,5.0,25.0,Net Banking,Delayed,2.8
ORD12027,2023-04-18,CUST1444,Meera Suri, Delhi ,Delhi,PID114,Face Wash,BEAUTY,Face Wash,25086.09,4.0,5.0,,Cancelled,2.7
ORD14771,2024-02-10,CUST1151,Aachal Sekhon,Delhi,Delhi,PID243,Jacket,fashion,Jacket,8695.23,3.0,15.0,UPI,Delayed,4.5
ORD13518,2023-01-06,CUST1809,Yasti Sur, Kolkata ,West Bengal,PID228,Yoga Mat,Sports,Yoga Mat,57886.31,2.0,10.0,Debit Card,Returned,4.3
ORD11838,2024-06-25,CUST1934,Yashvi Wadhwa,Jaipur,Rajasthan,PID347,Shampoo,beauty,Shampoo,35119.53,3.0,10.0,Credit Card,Delivered,
ORD13225,2024-01-04,CUST1184,Arin Agarwal,MUMBAI,Maharashtra,PID217,Novel,books,Novel,64825.49,3.0,25.0,,Delivered,2.9
ORD13285,2023-08-05,CUST1325,Peter Bose, Lucknow ,Uttar Pradesh,PID398,Cricket Bat,Sports,Cricket Bat,72105.4,5.0,30.0,,Delivered,3.7
ORD13557,2023-12-11,CUST1747,Ranveer Divan,lucknow,Uttar Pradesh,PID489,Laptop,Electronics,Laptop,9179.9,4.0,0.0,Debit Card,Delivered,3.7
ORD10709,2023-06-04,CUST1167,Nisha Nigam, Ahmedabad ,Gujarat,PID303,Sneakers,Fashion,Sneakers,4125.68,4.0,30.0,UPI,Delivered,2.5
ORD14579,2023-04-19,CUST1916,Ronith Bhattacharyya, Ahmedabad ,Gujarat,PID372,Sneakers,Fashion,Sneakers,58894.29,5.0,5.0,Debit Card,Cancelled,2.0
ORD13755,2023-07-06,CUST1473,Thomas Bassi, Ahmedabad ,Gujarat,PID239,Headphones,Electronics,Headphones,87059.49,4.0,25.0,,Delivered,3.1
ORD10432,2023-01-06,CUST1988,Vivaan Bhat, Ahmedabad ,Gujarat,PID481,Cookware Set,home & kitchen,Cookware Set,16780.1,1.0,0.0,Cash on Delivery,Returned,1.1
ORD14843,2024-11-06,CUST1802,Pavani Bali, Chennai ,Tamil Nadu,PID515,Dumbbells,sports,Dumbbells,79366.59,5.0,25.0,Net Banking,Returned,2.1
ORD13554,2023-10-21,CUST1512,Warjas Narain,CHENNAI,Tamil Nadu,PID584,Biography,books,Biography,60927.0,2.0,5.0,Debit Card,Delivered,4.4
ORD11869,2024-04-13,CUST1266,Mohini Ratti,Delhi,Delhi,PID283,Football,Sports,Football,35451.6,1.0,5.0,Cash on Delivery,Delayed,4.6
ORD10877,2023-08-13,CUST1373,Jalsa Mitra,Delhi,Delhi,PID124,Shampoo,BEAUTY,Shampoo,39447.01,3.0,10.0,Credit Card,,3.6
ORD11858,2024-06-09,CUST1452,Jyoti Borra,CHENNAI,Tamil Nadu,PID591,Perfume,Beauty,Perfume,14326.83,5.0,0.0,Cash on Delivery,Cancelled,3.7
ORD10918,2024-04-26,CUST1005,Warhi Kamdar,DELHI,Delhi,PID448,Textbook,BOOKS,Textbook,30165.55,1.0,0.0,,Cancelled,3.8
ORD14285,2024-05-12,CUST1743,Odika Sampath,LUCKNOW,Uttar Pradesh,PID572,Yoga Mat,sports,Yoga Mat,0.0,1.0,20.0,Cash on Delivery,Delayed,4.3
ORD14139,2023-05-07,CUST1788,Vrishti Tella,Chennai,Tamil Nadu,PID582,Bedsheet,HOME & KITCHEN,Bedsheet,89669.58,2.0,40.0,Net Banking,Cancelled,4.0
ORD13495,2023-01-08,CUST1758,Sai Gara, Surat ,Gujarat,PID325,Textbook,BOOKS,Textbook,58511.11,1.0,5.0,Credit Card,Returned,1.9
ORD10626,2023-07-21,CUST1831,Chaitaly Dora,jaipur,Rajasthan,PID447,Bedsheet,Home & Kitchen,Bedsheet,59929.54,1.0,10.0,UPI,Delayed,4.7
ORD12070,2024-12-02,CUST1672,Rushil Madan, Chennai ,Tamil Nadu,PID143,Bedsheet,Home & Kitchen,Bedsheet,86409.86,1.0,10.0,Debit Card,Delayed,3.7
ORD13952,2023-12-16,CUST1119,Siddharth Hora,PUNE,Maharashtra,PID511,Sneakers,fashion,Sneakers,87992.47,4.0,25.0,Debit Card,Cancelled,4.6
ORD13361,2023-05-22,CUST1344,Manbir Sen,Hyderabad,Telangana,PID223,Novel,BOOKS,Novel,9357.38,5.0,20.0,Cash on Delivery,Delivered,4.8
ORD13867,2023-09-26,CUST1725,Arunima Garg,jaipur,Rajasthan,PID229,Headphones,electronics,Headphones,70809.92,3.0,40.0,,Delayed,3.7
ORD12129,2023-02-05,CUST1598,Sarthak Narang, Lucknow ,Uttar Pradesh,PID119,Textbook,Books,Textbook,74444.21,5.0,20.0,Cash on Delivery,,4.2
ORD10133,2024-04-22,CUST1423,Yauvani Narayanan,hyderabad,Telangana,PID123,Comic,BOOKS,Comic,34352.46,3.0,40.0,Debit Card,Delivered,4.9
ORD12682,2023-03-19,CUST1695,Neha Arya,Hyderabad,Telangana,PID207,Saree,FASHION,Saree,66407.85,4.0,0.0,Net Banking,Delivered,4.8
ORD10568,2023-12-23,CUST1882,Nimrat Raja,Bangalore,Karnataka,PID577,Water Bottle,Home & Kitchen,Water Bottle,61197.08,3.0,20.0,Debit Card,Delivered,2.1
ORD13121,2023-12-08,CUST1944,Rohan Dugal,Hyderabad,Telangana,PID166,Jacket,FASHION,Jacket,23739.42,1.0,20.0,Credit Card,Delivered,3.3
ORD11145,2024-04-26,CUST1190,Alka Warrior, Hyderabad ,Telangana,PID592,Face Wash,beauty,Face Wash,77232.4,3.0,15.0,Debit Card,Cancelled,3.4
ORD12949,2023-07-05,CUST1927,Ojasvi Radhakrishnan,MUMBAI,Maharashtra,PID184,Bluetooth Speaker,Electronics,Bluetooth Speaker,44524.27,2.0,0.0,Cash on Delivery,,1.4
ORD12082,2024-04-20,CUST1413,Agastya Toor,AHMEDABAD,Gujarat,PID530,Cricket Bat,SPORTS,Cricket Bat,57571.99,2.0,5.0,Net Banking,Cancelled,3.4
ORD12800,2024-07-15,CUST1999,Ubika Chakrabarti,Surat,Gujarat,PID593,Tablet,ELECTRONICS,Tablet,2531.84,1.0,0.0,Debit Card,Delivered,2.7
ORD13669,2024-03-14,CUST1029,Avi Palla,Delhi,Delhi,PID237,Cricket Bat,Sports,Cricket Bat,82073.31,3.0,15.0,UPI,Delivered,2.5
ORD11956,2023-03-25,CUST1767,Wazir Datta,surat,Gujarat,PID201,Novel,Books,Novel,73055.3,1.0,5.0,UPI,Delivered,1.4
ORD13033,2023-07-11,CUST1125,Qasim Rao,bangalore,Karnataka,PID110,Biography,Books,Biography,58704.4,5.0,10.0,Debit Card,Delivered,2.2
ORD10700,2024-08-15,CUST1972,Zansi Barad,AHMEDABAD,Gujarat,PID527,Kurta,Fashion,Kurta,16063.52,3.0,25.0,,Returned,4.1
ORD10427,2023-06-16,CUST1502,Vedika Saraf,Pune,Maharashtra,PID510,Face Wash,BEAUTY,Face Wash,23076.48,4.0,15.0,,Delivered,2.6
ORD11562,2024-11-26,CUST1554,Rachita Lanka,SURAT,Gujarat,PID358,Laptop,ELECTRONICS,Laptop,70153.16,2.0,40.0,,Delivered,3.5
ORD12526,2023-05-22,CUST1413,Elijah Gill, Lucknow ,Uttar Pradesh,PID335,Tablet,Electronics,Tablet,48849.37,4.0,30.0,,,3.3
ORD13320,2023-03-07,CUST1709,Oni Mistry,hyderabad,Telangana,PID549,Water Bottle,Home & Kitchen,Water Bottle,71798.69,3.0,30.0,UPI,,4.4
ORD10445,2024-12-18,CUST1353,Dhruv Keer, Indore ,Madhya Pradesh,PID554,Football,sports,Football,0.0,3.0,10.0,Net Banking,,3.6
ORD14509,2024-12-24,CUST1017,Vihaan Rout,HYDERABAD,Telangana,PID568,Football,SPORTS,Football,69394.87,1.0,15.0,Cash on Delivery,Delayed,2.1
ORD13818,2023-05-07,CUST1253,Yatan Chakraborty,Indore,Madhya Pradesh,PID197,Headphones,Electronics,Headphones,88100.68,4.0,15.0,UPI,Delayed,3.6
ORD14267,2024-01-22,CUST1457,Patrick Wagle,SURAT,Gujarat,PID104,Dumbbells,Sports,Dumbbells,25410.69,2.0,25.0,Credit Card,Cancelled,3.1
ORD13206,2023-03-05,CUST1246,Janani Bumb,Mumbai,Maharashtra,PID241,Comic,Books,Comic,9262.8,5.0,40.0,Debit Card,Delivered,2.1
ORD14455,2024-06-07,CUST1875,Madhavi Pall,BANGALORE,Karnataka,PID599,Mixer Grinder,Home & Kitchen,Mixer Grinder,23611.58,5.0,20.0,UPI,,3.8
ORD11061,2023-11-29,CUST1902,Urishilla Nagarajan,hyderabad,Telangana,PID256,T-Shirt,Fashion,T-Shirt,29706.28,5.0,15.0,Net Banking,Delivered,3.0
ORD11766,2024-01-25,CUST1958,Anita Prabhakar,bangalore,Karnataka,PID195,Saree,Fashion,Saree,79713.18,4.0,10.0,Net Banking,,2.0
ORD10416,2024-07-25,CUST1872,Advika Tailor,bangalore,Karnataka,PID186,Perfume,beauty,Perfume,35505.45,5.0,0.0,Cash on Delivery,Delivered,3.5
ORD10132,2023-05-01,CUST1937,Manthan Trivedi,KOLKATA,West Bengal,PID222,Textbook,BOOKS,Textbook,18918.68,1.0,15.0,,Cancelled,4.0
ORD11214,2024-09-24,CUST1455,Ekalinga Mitra,JAIPUR,Rajasthan,PID339,Biography,Books,Biography,7318.81,1.0,0.0,Net Banking,Returned,4.5
ORD13363,2024-03-16,CUST1749,Abdul Parmar,LUCKNOW,Uttar Pradesh,PID478,Comic,BOOKS,Comic,73006.01,1.0,5.0,Debit Card,Delayed,2.2
ORD14176,2024-08-25,CUST1349,Chatura Baral, Pune ,Maharashtra,PID570,Jeans,fashion,Jeans,54595.64,2.0,10.0,Net Banking,Delayed,4.5
ORD10246,2024-12-11,CUST1320,Baljiwan Cheema,DELHI,Delhi,PID226,Yoga Mat,Sports,Yoga Mat,25769.57,4.0,20.0,Debit Card,Delayed,3.3
ORD11424,2023-10-08,CUST1208,Nihal Chahal,jaipur,Rajasthan,PID455,Sunscreen,beauty,Sunscreen,6601.71,1.0,20.0,,Cancelled,2.5
ORD11764,2023-01-30,CUST1244,Girish Mahal, Jaipur ,Rajasthan,PID316,T-Shirt,fashion,T-Shirt,65492.07,4.0,15.0,,Returned,2.7
ORD12148,2023-03-03,CUST1980,Joshua Murthy, Ahmedabad ,Gujarat,PID343,Tablet,electronics,Tablet,17073.7,1.0,0.0,Debit Card,Cancelled,1.8
ORD10096,2023-10-09,CUST1525,Girish Devan, Kolkata ,West Bengal,PID510,Jacket,FASHION,Jacket,31736.5,3.0,30.0,,Returned,
ORD14279,2024-01-24,CUST1056,Wazir Gade, Kolkata ,West Bengal,PID335,Yoga Mat,SPORTS,Yoga Mat,9426.78,3.0,10.0,UPI,Returned,
ORD11356,2023-10-02,CUST1813,Ekapad Rau,Delhi,Delhi,PID281,Football,sports,Football,43576.42,5.0,5.0,Net Banking,,1.8
ORD13671,2024-08-11,CUST1197,Nidra Pau,LUCKNOW,Uttar Pradesh,PID141,Kurta,Fashion,Kurta,11317.02,3.0,15.0,Credit Card,Delayed,2.4
ORD12999,2023-10-25,CUST1047,Vincent Kalita,Lucknow,Uttar Pradesh,PID162,Face Wash,BEAUTY,Face Wash,75800.34,1.0,15.0,Credit Card,Delivered,4.2
ORD11186,2024-02-24,CUST1873,Wishi Dyal, Surat ,Gujarat,PID373,Cricket Bat,sports,Cricket Bat,73217.7,2.0,40.0,Debit Card,Cancelled,4.7
ORD14607,2023-12-20,CUST1326,Jagdish Mani,Indore,Madhya Pradesh,PID188,Face Wash,Beauty,Face Wash,56701.84,4.0,40.0,Cash on Delivery,Delayed,1.8
ORD13254,2024-04-29,CUST1663,Nakul Yadav,PUNE,Maharashtra,PID346,Smartphone,electronics,Smartphone,32617.52,5.0,10.0,Credit Card,Delayed,
ORD10589,2023-06-01,CUST1739,Tamanna Bhandari,chennai,Tamil Nadu,PID101,Textbook,books,Textbook,59816.06,0.0,40.0,,Delayed,2.3
ORD12347,2023-08-12,CUST1333,Mitesh Vala,AHMEDABAD,Gujarat,PID372,Kurta,FASHION,Kurta,33237.47,2.0,0.0,Net Banking,Delivered,4.0
ORD10595,03/02/2023,CUST1174,Nicholas Shetty,hyderabad,Telangana,PID591,Bedsheet,HOME & KITCHEN,Bedsheet,75487.8,0.0,30.0,Net Banking,,1.6
ORD10677,2023-01-22,CUST1050,Yamini Ghosh,Ahmedabad,Gujarat,PID365,Saree,fashion,Saree,70192.75,5.0,0.0,Debit Card,,1.4
ORD12979,2023-11-22,CUST1388,Hamsini Gala, Hyderabad ,Telangana,PID262,Bedsheet,HOME & KITCHEN,Bedsheet,27568.76,3.0,20.0,Net Banking,Cancelled,1.5
ORD12088,2024-02-28,CUST1781,Hardik Narula,SURAT,Gujarat,PID496,Face Wash,BEAUTY,Face Wash,28243.41,5.0,10.0,Debit Card,Delivered,1.3
ORD14415,2024-01-21,CUST1442,Ria Mannan, Kolkata ,West Bengal,PID156,Textbook,Books,Textbook,87887.81,1.0,20.0,Net Banking,Delivered,1.2
,,,,,,,,,,,,,,,
ORD10090,2023-03-06,CUST1147,Ethan Banik,DELHI,Delhi,PID249,Dumbbells,sports,Dumbbells,69889.11,2.0,40.0,UPI,Returned,4.6
ORD14297,2024-03-11,CUST1432,Kala Parikh,MUMBAI,Maharashtra,PID399,Face Wash,Beauty,Face Wash,48449.64,2.0,0.0,Credit Card,Delayed,3.9
ORD10616,2023-10-07,CUST1412,Yashawini Pradhan,chennai,Tamil Nadu,PID190,Novel,Books,Novel,38917.91,5.0,40.0,Cash on Delivery,Delivered,1.2
ORD13881,2024-10-05,CUST1794,Peter Bhatia,Chennai,Tamil Nadu,PID244,Football,SPORTS,Football,22946.61,5.0,40.0,Credit Card,,1.4
ORD12802,2024-09-17,CUST1137,Anika Sha,Kolkata,West Bengal,PID528,Novel,Books,Novel,35993.71,5.0,20.0,Debit Card,Cancelled,1.8
ORD14698,2024-08-27,CUST1398,Leela Kamdar,Bangalore,Karnataka,PID130,Smartphone,ELECTRONICS,Smartphone,78120.51,4.0,20.0,Credit Card,Delivered,1.8
ORD11966,2024-08-17,CUST1999,Eta Bhat, Jaipur ,Rajasthan,PID479,Smartwatch,ELECTRONICS,Smartwatch,805.13,5.0,30.0,Cash on Delivery,Cancelled,3.9
ORD11091,2023-01-11,CUST1345,Upma Parekh,bangalore,Karnataka,PID209,Yoga Mat,Sports,Yoga Mat,39480.7,5.0,0.0,UPI,Delivered,2.7
ORD14666,2023-12-05,CUST1031,Chandani Konda,Pune,Maharashtra,PID152,Football,sports,Football,87259.21,3.0,5.0,,Delivered,4.5
ORD13373,2023-06-24,CUST1839,Damyanti Chand,HYDERABAD,Telangana,PID374,Jacket,FASHION,Jacket,38060.74,5.0,10.0,Net Banking,Delivered,3.1
ORD12415,2023-10-17,CUST1430,Qasim Rana, Delhi ,Delhi,PID235,Lipstick,beauty,Lipstick,56768.91,3.0,0.0,Debit Card,Returned,1.9
ORD12471,2024-04-01,CUST1824,Samaksh Saraf,Lucknow,Uttar Pradesh,PID330,Jacket,FASHION,Jacket,58742.85,1.0,20.0,UPI,Delivered,2.9
ORD10413,2023-02-04,CUST1734,Lipika Pall, Ahmedabad ,Gujarat,PID316,Kurta,FASHION,Kurta,77368.59,3.0,30.0,Cash on Delivery,Delayed,1.3
ORD13691,2024-03-06,CUST1148,Tara Sarkar,Jaipur,Rajasthan,PID500,Bedsheet,HOME & KITCHEN,Bedsheet,41081.86,3.0,5.0,Debit Card,Delivered,4.9
ORD10801,2023-12-10,CUST1541,Frado Behl,PUNE,Maharashtra,PID247,Cricket Bat,sports,Cricket Bat,34296.09,2.0,15.0,UPI,,2.8
ORD14862,2023-07-17,CUST1942,Samaksh Kuruvilla,JAIPUR,Rajasthan,PID430,Bluetooth Speaker,electronics,Bluetooth Speaker,5192.8,2.0,20.0,UPI,Cancelled,4.4
ORD13675,2023-09-12,CUST1838,Ekavir Dubey,Lucknow,Uttar Pradesh,PID567,Air Fryer,Home & Kitchen,Air Fryer,46572.21,2.0,20.0,Credit Card,Delivered,4.3
ORD14160,2024-05-14,CUST1038,Yasti Bhavsar,JAIPUR,Rajasthan,PID312,Headphones,Electronics,Headphones,48332.27,1.0,30.0,Credit Card,Delayed,2.2
ORD11896,2023-07-29,CUST1126,Netra Sani,MUMBAI,Maharashtra,PID423,Cricket Bat,sports,Cricket Bat,48958.16,2.0,0.0,Credit Card,,1.0
ORD12893,2023-04-23,CUST1646,Hiral Wagle,hyderabad,Telangana,PID259,Yoga Mat,SPORTS,Yoga Mat,25187.33,3.0,20.0,Cash on Delivery,Returned,3.9
ORD14382,2023-11-05,CUST1467,Saanvi Taneja,delhi,Delhi,PID370,Cookware Set,HOME & KITCHEN,Cookware Set,88569.91,2.0,20.0,Cash on Delivery,Delayed,2.4
ORD14394,2023-09-26,CUST1057,Megha Doctor,DELHI,Delhi,PID221,Laptop,electronics,Laptop,3879.71,2.0,0.0,Credit Card,Delivered,2.0
ORD11269,2023-01-08,CUST1476,Vasudha Doshi,ahmedabad,Gujarat,PID543,Tablet,ELECTRONICS,Tablet,43742.04,4.0,5.0,,Returned,
ORD12463,2024-10-02,CUST1597,Bhavani Banerjee,KOLKATA,West Bengal,PID334,Perfume,Beauty,Perfume,85454.09,4.0,5.0,Credit Card,Returned,4.8
ORD12216,2023-02-24,CUST1034,Jackson Wable,INDORE,Madhya Pradesh,PID180,Sneakers,fashion,Sneakers,79105.71,1.0,20.0,Credit Card,Delivered,2.3
ORD10736,2024-09-04,CUST1199,Wahab Patil, Surat ,Gujarat,PID401,Headphones,electronics,Headphones,6713.95,4.0,15.0,UPI,Returned,3.3
ORD14556,2024-03-17,CUST1608,Vasatika Mall,CHENNAI,Tamil Nadu,PID573,Textbook,Books,Textbook,43786.05,3.0,20.0,UPI,Delivered,3.4
ORD14906,2023-08-14,CUST1300,Geetika Kanda,BANGALORE,Karnataka,PID231,Mixer Grinder,Home & Kitchen,Mixer Grinder,10362.71,1.0,10.0,Credit Card,Cancelled,2.8
ORD10639,2023-04-21,CUST1258,Damyanti Boase,DELHI,Delhi,PID351,Bluetooth Speaker,Electronics,Bluetooth Speaker,39821.33,1.0,25.0,Net Banking,Cancelled,2.5
ORD10570,2024-01-28,CUST1085,Rachita Khosla,KOLKATA,West Bengal,PID397,Shampoo,BEAUTY,Shampoo,62453.86,3.0,15.0,Net Banking,Cancelled,3.0
ORD12168,2023-02-03,CUST1955,Kashvi Purohit,Indore,Madhya Pradesh,PID472,Face Wash,beauty,Face Wash,62142.04,2.0,10.0,,Returned,1.2
ORD11691,2024-12-01,CUST1286,Anita Uppal,JAIPUR,Rajasthan,PID294,Smartwatch,ELECTRONICS,Smartwatch,87020.19,2.0,15.0,Credit Card,Cancelled,2.0
ORD14527,2024-03-26,CUST1969,Omkaar Issac,delhi,Delhi,PID417,Bluetooth Speaker,Electronics,Bluetooth Speaker,68947.25,1.0,10.0,UPI,Delivered,3.7
ORD10357,2024-11-25,CUST1144,Gautami Subramaniam,Mumbai,Maharashtra,PID350,Face Wash,beauty,Face Wash,30634.77,4.0,40.0,Credit Card,Delivered,3.1
ORD10768,2023-08-26,CUST1072,Anirudh Munshi, Chennai ,Tamil Nadu,PID550,Football,Sports,Football,1117.6,1.0,40.0,,Cancelled,2.2
ORD12758,2024-01-04,CUST1627,Wazir Magar,Ahmedabad,Gujarat,PID108,Jacket,Fashion,Jacket,30142.07,2.0,25.0,Cash on Delivery,Delivered,
ORD12542,2023-11-02,CUST1841,Vasana Palan,mumbai,Maharashtra,PID465,T-Shirt,Fashion,T-Shirt,8783.33,4.0,40.0,UPI,Returned,3.6
ORD13633,2024-09-23,CUST1905,Neelima Varma,Mumbai,Maharashtra,PID336,Sunscreen,beauty,Sunscreen,-66781.31,4.0,40.0,Cash on Delivery,Returned,1.6
ORD12502,2023-12-23,CUST1566,Gaurav Sampath, Chennai ,Tamil Nadu,PID228,Face Wash,BEAUTY,Face Wash,3542.62,1.0,40.0,UPI,Delivered,1.4
ORD10869,2024-06-07,CUST1110,Ekta Bajaj, Delhi ,Delhi,PID343,Face Wash,beauty,Face Wash,17125.19,4.0,20.0,Cash on Delivery,Returned,
ORD14066,2023-06-07,CUST1744,Kamya Randhawa,Delhi,Delhi,PID281,Perfume,Beauty,Perfume,20767.05,4.0,0.0,Debit Card,Delivered,4.4
ORD13479,05/09/2024,CUST1153,Yadavi Sharaf, Mumbai ,Maharashtra,PID481,Shampoo,BEAUTY,Shampoo,24279.63,5.0,40.0,UPI,,1.9
ORD12100,2023-01-07,CUST1488,Akshay Rattan,BANGALORE,Karnataka,PID496,Smartphone,Electronics,Smartphone,49785.97,1.0,25.0,Net Banking,Returned,3.8
ORD11967,2023-10-09,CUST1321,George Patla,indore,Madhya Pradesh,PID152,Novel,Books,Novel,82704.48,2.0,0.0,Credit Card,Delivered,1.0
ORD13778,2023-04-29,CUST1918,Atharv Sundaram, Kolkata ,West Bengal,PID297,Lipstick,beauty,Lipstick,75546.86,4.0,10.0,Cash on Delivery,Delivered,4.4
ORD12392,2024-10-29,CUST1176,Yutika Mohanty,Surat,Gujarat,PID295,Novel,BOOKS,Novel,50831.6,1.0,15.0,UPI,Delayed,4.0
ORD13522,2023-01-22,CUST1082,Unnati Anand,Hyderabad,Telangana,PID219,Cookware Set,HOME & KITCHEN,Cookware Set,83402.18,4.0,25.0,Credit Card,Cancelled,1.6
ORD11713,2024-10-24,CUST1361,Avni Mohanty, Chennai ,Tamil Nadu,PID227,Jeans,Fashion,Jeans,55032.13,3.0,15.0,,Delayed,3.5
ORD12245,2023-07-18,CUST1615,Vasudha Kurian, Lucknow ,Uttar Pradesh,PID224,Face Wash,Beauty,Face Wash,-56659.05,3.0,20.0,Debit Card,Delayed,
ORD13866,2024-02-11,CUST1828,Vrishti Talwar,Delhi,Delhi,PID485,Smartwatch,electronics,Smartwatch,35731.9,1.0,0.0,Net Banking,Delayed,2.1
ORD14261,2024-04-11,CUST1618,Darsh Rout, Hyderabad ,Telangana,PID599,T-Shirt,fashion,T-Shirt,19549.99,4.0,5.0,Credit Card,Returned,2.2
ORD14522,2024-02-10,CUST1013,Balhaar Chacko,Hyderabad,Telangana,PID221,Textbook,BOOKS,Textbook,44266.14,4.0,5.0,Net Banking,Delayed,
ORD13689,2023-06-12,CUST1080,Jeevika Mukhopadhyay,Kolkata,West Bengal,PID242,T-Shirt,FASHION,T-Shirt,36281.24,1.0,15.0,UPI,Cancelled,1.2
ORD12465,2024-03-30,CUST1609,Leena Acharya, Jaipur ,Rajasthan,PID518,Bluetooth Speaker,electronics,Bluetooth Speaker,20629.54,1.0,15.0,,Delivered,2.1
ORD14624,2024-12-27,CUST1050,Lajita Majumdar,KOLKATA,West Bengal,PID364,T-Shirt,Fashion,T-Shirt,61185.92,5.0,20.0,Credit Card,Delayed,3.9
ORD13021,2024-04-21,CUST1149,Forum Warrior, Ahmedabad ,Gujarat,PID579,Face Wash,Beauty,Face Wash,61954.79,3.0,10.0,Credit Card,Cancelled,3.3
ORD12947,2024-08-10,CUST1740,Ishani Ghosh,bangalore,Karnataka,PID126,Novel,Books,Novel,31093.99,5.0,15.0,UPI,Returned,4.8
ORD14878,2024-06-21,CUST1995,Zarna Char,Ahmedabad,Gujarat,PID469,Bedsheet,Home & Kitchen,Bedsheet,53879.6,3.0,15.0,UPI,Delivered,1.7
ORD12451,2023-08-07,CUST1095,Andrew Manda, Mumbai ,Maharashtra,PID153,Smartwatch,electronics,Smartwatch,34412.11,1.0,30.0,UPI,Returned,1.9
ORD14005,2023-01-29,CUST1514,Vyanjana Sridhar,MUMBAI,Maharashtra,PID378,Laptop,Electronics,Laptop,24271.84,4.0,0.0,Debit Card,Delivered,1.5
ORD10007,2024-06-25,CUST1906,Amaira Sridhar,Bangalore,Karnataka,PID374,Jacket,fashion,Jacket,71318.33,4.0,40.0,,Returned,3.2
ORD12754,2023-07-25,CUST1924,Faras Prabhu,ahmedabad,Gujarat,PID589,Perfume,beauty,Perfume,30064.9,2.0,30.0,UPI,Delayed,3.8
ORD14018,2023-03-10,CUST1033,Sanaya Mannan, Bangalore ,Karnataka,PID500,Face Wash,BEAUTY,Face Wash,62692.4,2.0,40.0,Debit Card,Cancelled,1.2
ORD11550,2024-12-06,CUST1865,Kamya Dugal,KOLKATA,West Bengal,PID155,Smartphone,electronics,Smartphone,59950.76,3.0,15.0,Credit Card,Delayed,1.1
ORD14847,2024-12-03,CUST1004,Onkar Dasgupta, Lucknow ,Uttar Pradesh,PID197,Lipstick,beauty,Lipstick,11537.14,4.0,25.0,Net Banking,Delivered,
ORD11383,2024-04-05,CUST1411,Oliver Raj,Bangalore,Karnataka,PID575,Yoga Mat,SPORTS,Yoga Mat,69645.1,2.0,40.0,Cash on Delivery,Returned,1.9
ORD14870,2024-01-18,CUST1693,Krish Tailor, Mumbai ,Maharashtra,PID209,Biography,BOOKS,Biography,74959.08,5.0,20.0,Cash on Delivery,Returned,3.9
ORD13898,2023-02-23,CUST1024,Chaitanya Sharma,Indore,Madhya Pradesh,PID366,Laptop,Electronics,Laptop,79910.11,2.0,20.0,Debit Card,Cancelled,3.4
ORD11808,2023-03-05,CUST1171,Balveer Vora,Kolkata,West Bengal,PID315,Comic,Books,Comic,66220.13,2.0,10.0,Net Banking,,1.6
ORD12342,2024-05-10,CUST1357,Samuel Rau, Hyderabad ,Telangana,PID460,Bluetooth Speaker,ELECTRONICS,Bluetooth Speaker,56859.95,2.0,10.0,,Returned,4.6
ORD13241,2023-12-20,CUST1882,Hritik Bhasin,Lucknow,Uttar Pradesh,PID161,Cricket Bat,Sports,Cricket Bat,73976.99,2.0,15.0,UPI,Delivered,1.8
ORD14032,2024-11-26,CUST1416,Ethan Nayak,Chennai,Tamil Nadu,PID402,Shampoo,beauty,Shampoo,21177.63,3.0,15.0,UPI,,3.5
ORD12868,2023-04-20,CUST1062,Priya Pandit,bangalore,Karnataka,PID211,Football,Sports,Football,3092.71,5.0,15.0,Credit Card,Returned,4.8
ORD11746,2023-05-09,CUST1465,Vaishnavi Talwar,delhi,Delhi,PID471,Laptop,Electronics,Laptop,23751.45,4.0,40.0,Cash on Delivery,Cancelled,1.6
ORD14984,2024-11-02,CUST1790,Mohini Misra, Jaipur ,Rajasthan,PID231,Cricket Bat,SPORTS,Cricket Bat,63467.17,4.0,15.0,Debit Card,Delayed,2.4
ORD10961,2024-04-07,CUST1292,Faris Dash,Pune,Maharashtra,PID393,Yoga Mat,SPORTS,Yoga Mat,4293.93,1.0,25.0,Net Banking,Delivered,1.1
ORD10518,2024-11-25,CUST1438,Jack Sagar,Surat,Gujarat,PID580,T-Shirt,FASHION,T-Shirt,86185.61,3.0,25.0,Net Banking,,3.4
ORD12718,2023-05-13,CUST1606,Ekanta Narayan,Lucknow,Uttar Pradesh,PID191,Mixer Grinder,HOME & KITCHEN,Mixer Grinder,39892.81,4.0,10.0,Debit Card,,4.4
ORD13841,2024-08-11,CUST1718,Alexander Bhardwaj,JAIPUR,Rajasthan,PID276,Smartwatch,electronics,Smartwatch,38365.95,5.0,5.0,,Delivered,
ORD12548,2024-04-13,CUST1719,Krisha Uppal,HYDERABAD,Telangana,PID258,Smartwatch,electronics,Smartwatch,65608.81,2.0,40.0,Credit Card,Delivered,2.2
ORD12719,2023-12-02,CUST1824,Turvi Aurora,Chennai,Tamil Nadu,PID552,Smartwatch,ELECTRONICS,Smartwatch,6632.7,2.0,20.0,Debit Card,Delivered,2.8
ORD14057,2023-06-27,CUST1679,Yashodhara Brar,LUCKNOW,Uttar Pradesh,PID453,Biography,BOOKS,Biography,86050.94,4.0,30.0,UPI,Delayed,3.0
ORD12676,2024-12-18,CUST1009,Vincent Behl,BANGALORE,Karnataka,PID569,Mixer Grinder,home & kitchen,Mixer Grinder,9938.01,5.0,5.0,Debit Card,Cancelled,3.1
ORD10052,2023-06-02,CUST1890,Megha Varma, Jaipur ,Rajasthan,PID196,Perfume,BEAUTY,Perfume,-24155.46,5.0,40.0,Net Banking,Delayed,2.9
ORD12793,2024-09-29,CUST1152,Zansi Bail,jaipur,Rajasthan,PID307,Yoga Mat,Sports,Yoga Mat,46942.73,1.0,20.0,Debit Card,Returned,2.4
ORD13904,2024-06-01,CUST1241,Maanav Batra, Indore ,Madhya Pradesh,PID408,Bluetooth Speaker,Electronics,Bluetooth Speaker,42598.23,5.0,25.0,UPI,Cancelled,2.4
ORD14410,2024-09-20,CUST1198,Hemangini Balakrishnan,SURAT,Gujarat,PID218,Smartphone,electronics,Smartphone,60871.19,5.0,10.0,Net Banking,Delivered,4.2
ORD10512,2023-04-02,CUST1407,Chanakya Kurian,INDORE,Madhya Pradesh,PID457,Perfume,beauty,Perfume,27304.43,4.0,30.0,Credit Card,Delivered,3.3
ORD14376,2023-05-29,CUST1537,Andrew Oza,Lucknow,Uttar Pradesh,PID311,Kurta,Fashion,Kurta,42235.68,3.0,15.0,Net Banking,Delivered,
ORD12080,2023-05-01,CUST1795,Joshua Modi,kolkata,West Bengal,PID124,Bedsheet,HOME & KITCHEN,Bedsheet,5477.58,4.0,0.0,Credit Card,Delivered,
ORD14417,2024-10-28,CUST1192,Ishaan Bhatti, Hyderabad ,Telangana,PID226,Football,Sports,Football,56792.54,1.0,5.0,Net Banking,Delivered,4.8
ORD12662,2023-09-24,CUST1627,Noah Halder,DELHI,Delhi,PID128,Headphones,ELECTRONICS,Headphones,-26127.98,2.0,40.0,UPI,Cancelled,1.6
ORD10651,2023-03-03,CUST1229,Frederick Mallick, Delhi ,Delhi,PID205,Shampoo,Beauty,Shampoo,2062.88,5.0,5.0,Cash on Delivery,Delayed,3.4
ORD11683,2024-11-23,CUST1045,Jasmit Gill, Mumbai ,Maharashtra,PID216,Dumbbells,Sports,Dumbbells,993.69,5.0,40.0,,,4.4
ORD10213,2023-06-22,CUST1439,Ranbir Srinivas, Chennai ,Tamil Nadu,PID306,Smartwatch,electronics,Smartwatch,56848.29,1.0,15.0,UPI,Delivered,1.6
ORD12985,2024-05-23,CUST1261,Chameli Palan,Jaipur,Rajasthan,PID197,Novel,BOOKS,Novel,11153.59,5.0,5.0,Credit Card,,3.8
ORD11506,2024-02-19,CUST1105,Bhanumati Balan, Hyderabad ,Telangana,PID323,Sunscreen,beauty,Sunscreen,3392.84,2.0,5.0,,Delivered,3.1
ORD10116,2023-02-23,CUST1987,Janya Chawla,LUCKNOW,Uttar Pradesh,PID381,T-Shirt,Fashion,T-Shirt,66719.05,5.0,15.0,,,2.3
ORD12634,2024-03-14,CUST1046,Upma Kannan,LUCKNOW,Uttar Pradesh,PID134,Cricket Bat,sports,Cricket Bat,9429.2,3.0,15.0,Credit Card,Delayed,2.8
ORD14697,2024-12-23,CUST1419,Sathvik Bhatnagar, Jaipur ,Rajasthan,PID475,Bluetooth Speaker,ELECTRONICS,Bluetooth Speaker,55690.21,4.0,15.0,Net Banking,Returned,2.5
ORD13250,2023-11-05,CUST1088,Chasmum Bassi, Surat ,Gujarat,PID591,Lipstick,Beauty,Lipstick,65896.04,5.0,15.0,Credit Card,Delayed,3.3
ORD11916,2023-01-01,CUST1896,Anthony Dara,Indore,Madhya Pradesh,PID552,Biography,Books,Biography,64403.77,2.0,25.0,Cash on Delivery,Delivered,1.1
ORD13020,2023-09-21,CUST1352,Vivaan Cheema,surat,Gujarat,PID339,Novel,BOOKS,Novel,3884.47,4.0,25.0,Debit Card,Returned,4.9
ORD14889,2024-03-02,CUST1350,Radha Chander,DELHI,Delhi,PID117,Kurta,fashion,Kurta,37847.56,2.0,0.0,,Delivered,4.8
ORD13759,2023-04-24,CUST1823,Urvi Bail,Delhi,Delhi,PID165,Novel,BOOKS,Novel,20734.87,2.0,15.0,,Returned,2.7
ORD10492,2023-04-04,CUST1627,Anthony Khanna,ahmedabad,Gujarat,PID521,Sunscreen,BEAUTY,Sunscreen,47398.21,4.0,0.0,,,4.5
ORD11833,2023-10-19,CUST1133,Gauri Sachdev,Surat,Gujarat,PID420,Lipstick,Beauty,Lipstick,64435.27,4.0,10.0,Credit Card,,4.5
ORD10378,2023-05-05,CUST1004,Qushi Lalla,surat,Gujarat,PID596,Novel,Books,Novel,28627.4,5.0,20.0,Credit Card,Delayed,2.6
ORD14355,2024-09-02,CUST1743,Ekani Chowdhury,bangalore,Karnataka,PID308,Yoga Mat,sports,Yoga Mat,70145.42,1.0,30.0,Debit Card,Delivered,3.7
ORD10232,2024-07-29,CUST1827,Gayathri Narula,indore,Madhya Pradesh,PID106,Yoga Mat,SPORTS,Yoga Mat,58560.26,3.0,25.0,Cash on Delivery,Returned,3.3
ORD14729,2023-03-13,CUST1305,Triveni Mitter, Indore ,Madhya Pradesh,PID403,Jeans,fashion,Jeans,84016.41,2.0,5.0,Net Banking,Cancelled,2.6
ORD10733,2024-06-20,CUST1519,Unni Sachdeva,Lucknow,Uttar Pradesh,PID134,Kurta,FASHION,Kurta,70054.59,3.0,0.0,UPI,Delayed,4.0
ORD12135,2023-04-03,CUST1777,Qabil Sarin,Kolkata,West Bengal,PID129,Mixer Grinder,home & kitchen,Mixer Grinder,86954.23,5.0,0.0,Cash on Delivery,,1.0
ORD12776,2024-02-08,CUST1560,Omya Kata,Pune,Maharashtra,PID227,Tablet,ELECTRONICS,Tablet,78676.79,3.0,20.0,Debit Card,Delivered,2.1
ORD10423,2023-02-11,CUST1887,Vivaan Deo,Bangalore,Karnataka,PID175,Laptop,electronics,Laptop,3372.22,4.0,40.0,Cash on Delivery,Delayed,5.0
ORD14411,2024-07-25,CUST1597,Zayyan Madan, Bangalore ,Karnataka,PID597,Football,SPORTS,Football,21703.15,3.0,15.0,Cash on Delivery,Delivered,3.7
ORD11321,2024-10-29,CUST1695,Frado Ganesh, Hyderabad ,Telangana,PID548,Comic,Books,Comic,19223.24,1.0,40.0,Cash on Delivery,,2.4
ORD10662,2024-04-04,CUST1690,Suhani Magar,CHENNAI,Tamil Nadu,PID399,Dumbbells,SPORTS,Dumbbells,7310.15,3.0,15.0,Credit Card,Cancelled,1.9
ORD12698,2023-04-09,CUST1485,Nilima Prabhu,ahmedabad,Gujarat,PID159,Perfume,BEAUTY,Perfume,85453.68,3.0,15.0,Debit Card,Delayed,1.6
ORD13032,2024-06-29,CUST1136,Udarsh Bose, Indore ,Madhya Pradesh,PID507,Yoga Mat,SPORTS,Yoga Mat,48688.3,3.0,25.0,Net Banking,Delivered,2.9
ORD14064,2023-03-31,CUST1628,Dominic Morar, Hyderabad ,Telangana,PID445,Sneakers,fashion,Sneakers,89584.98,4.0,0.0,,Delivered,1.5
ORD12169,2024-11-13,CUST1714,Jai Chakrabarti,SURAT,Gujarat,PID138,Kurta,FASHION,Kurta,64248.67,2.0,30.0,,Delivered,1.1
ORD10771,2023-09-06,CUST1621,Ekantika Sha, Surat ,Gujarat,PID528,Air Fryer,home & kitchen,Air Fryer,75291.22,1.0,40.0,Debit Card,Delivered,1.9
ORD12146,2023-09-15,CUST1150,Oscar Lanka,Hyderabad,Telangana,PID180,Bluetooth Speaker,ELECTRONICS,Bluetooth Speaker,75099.3,2.0,20.0,Cash on Delivery,Cancelled,1.6
ORD10723,2024-02-25,CUST1584,Gaurav Rao,Kolkata,West Bengal,PID474,Comic,books,Comic,59108.73,5.0,30.0,Net Banking,Cancelled,1.1
ORD12944,2024-07-07,CUST1630,Pratyush Chad, Jaipur ,Rajasthan,PID394,Jeans,fashion,Jeans,16710.39,2.0,20.0,Net Banking,Delayed,4.4
ORD12538,2024-07-03,CUST1664,Waida Tak,pune,Maharashtra,PID356,Saree,FASHION,Saree,60432.13,5.0,15.0,Credit Card,Delivered,3.4
ORD13926,2024-09-02,CUST1354,Yatin Khalsa,LUCKNOW,Uttar Pradesh,PID154,Yoga Mat,Sports,Yoga Mat,36387.75,1.0,20.0,Net Banking,Delivered,3.9
ORD13593,2023-01-17,CUST1409,Xavier Oak, Kolkata ,West Bengal,PID290,Perfume,Beauty,Perfume,-68998.09,5.0,10.0,Cash on Delivery,Delivered,1.6
ORD14404,2023-12-29,CUST1176,Kalpit Dhar,hyderabad,Telangana,PID313,Cookware Set,Home & Kitchen,Cookware Set,30810.38,5.0,20.0,,Delivered,2.7
ORD10696,2024-08-23,CUST1685,Abeer Parikh, Ahmedabad ,Gujarat,PID131,Comic,books,Comic,59011.2,3.0,10.0,,Delayed,
ORD13156,2023-06-13,CUST1622,Harrison Badal,BANGALORE,Karnataka,PID490,Novel,Books,Novel,13844.31,4.0,20.0,Cash on Delivery,Delivered,3.1
ORD13235,2024-09-23,CUST1945,Anya Varghese,Surat,Gujarat,PID497,Jacket,Fashion,Jacket,79151.67,3.0,15.0,UPI,Delivered,1.8
ORD10187,2023-12-30,CUST1714,Rajeshri Panchal,jaipur,Rajasthan,PID283,Kurta,fashion,Kurta,73493.22,2.0,30.0,Credit Card,Cancelled,5.0
ORD11062,2024-06-10,CUST1938,Lavanya Tella,indore,Madhya Pradesh,PID443,Smartphone,ELECTRONICS,Smartphone,70937.36,4.0,20.0,Credit Card,Delivered,4.4
ORD11584,2024-09-28,CUST1644,Theodore Bandi, Ahmedabad ,Gujarat,PID242,Air Fryer,Home & Kitchen,Air Fryer,0.0,4.0,25.0,Debit Card,Delivered,3.3
ORD10957,2023-09-01,CUST1764,Caleb Atwal,Bangalore,Karnataka,PID165,Football,Sports,Football,46843.27,3.0,25.0,,Delivered,2.6
ORD14366,2024-07-10,CUST1511,Jagat Bhattacharyya,SURAT,Gujarat,PID135,Jacket,Fashion,Jacket,22860.27,1.0,40.0,Cash on Delivery,Delivered,3.7
ORD10636,2023-10-13,CUST1985,Anirudh Shankar, Jaipur ,Rajasthan,PID341,Biography,BOOKS,Biography,5789.5,5.0,10.0,UPI,,3.6
ORD14586,2023-01-18,CUST1645,Rehaan Vasa,Indore,Madhya Pradesh,PID207,Perfume,beauty,Perfume,22228.75,1.0,25.0,UPI,Delivered,1.2
ORD11194,2024-01-15,CUST1412,Yuvraj Randhawa, Indore ,Madhya Pradesh,PID152,Perfume,beauty,Perfume,89536.69,0.0,40.0,,Delivered,1.2
ORD12920,2023-05-11,CUST1823,Jhalak Mani,kolkata,West Bengal,PID139,Jeans,Fashion,Jeans,61423.44,2.0,5.0,Net Banking,,
ORD10688,2023-12-20,CUST1639,Harish Nagarajan,chennai,Tamil Nadu,PID492,Biography,BOOKS,Biography,8660.1,1.0,15.0,Cash on Delivery,Cancelled,4.7
ORD11197,2024-01-19,CUST1625,Siddharth Naik,pune,Maharashtra,PID405,Novel,BOOKS,Novel,43632.72,5.0,30.0,Credit Card,Delivered,4.8
ORD11901,2024-03-22,CUST1661,Janaki Mangat,Chennai,Tamil Nadu,PID334,Perfume,BEAUTY,Perfume,70177.06,2.0,30.0,Cash on Delivery,Returned,4.6
ORD12200,2024-06-27,CUST1015,Ojasvi Yogi, Lucknow ,Uttar Pradesh,PID537,Cookware Set,home & kitchen,Cookware Set,5152.38,4.0,10.0,,Delayed,3.2
ORD14488,2023-10-12,CUST1021,Banjeet Dani,chennai,Tamil Nadu,PID411,Football,SPORTS,Football,27806.99,3.0,5.0,Cash on Delivery,Delivered,1.9
ORD10256,2023-07-01,CUST1493,Yashvi Bhargava,Mumbai,Maharashtra,PID437,T-Shirt,Fashion,T-Shirt,18331.02,4.0,5.0,Net Banking,Cancelled,
ORD10316,2024-06-07,CUST1579,Wakeeta Desai,INDORE,Madhya Pradesh,PID546,Yoga Mat,SPORTS,Yoga Mat,66033.62,3.0,30.0,UPI,,1.6
ORD14512,09/11/2023,CUST1486,Hemang Majumdar, Lucknow ,Uttar Pradesh,PID527,Tablet,electronics,Tablet,2857.85,3.0,15.0,,Delivered,
ORD12014,2024-04-10,CUST1499,Ojasvi Bhardwaj, Bangalore ,Karnataka,PID121,Shampoo,beauty,Shampoo,80498.13,4.0,10.0,Debit Card,Returned,
ORD11703,2024-11-16,CUST1868,Bimala Deol,Mumbai,Maharashtra,PID387,Biography,Books,Biography,8744.49,4.0,40.0,Net Banking,Delivered,3.5
ORD14385,2023-08-13,CUST1441,Aarini Memon,bangalore,Karnataka,PID105,Headphones,ELECTRONICS,Headphones,57443.87,4.0,25.0,UPI,Returned,1.8
ORD13827,2024-07-02,CUST1788,Pratyush Dalal, Delhi ,Delhi,PID314,Cricket Bat,sports,Cricket Bat,22245.52,2.0,10.0,,,
ORD12560,2023-06-19,CUST1369,Mekhala Lalla, Delhi ,Delhi,PID429,Cricket Bat,Sports,Cricket Bat,37833.95,5.0,25.0,Net Banking,,2.1
ORD14926,2024-02-25,CUST1334,Advay Goda,ahmedabad,Gujarat,PID297,Laptop,Electronics,Laptop,72002.61,2.0,0.0,UPI,Delivered,4.2
ORD13450,2024-10-01,CUST1782,Vanya Ratti,MUMBAI,Maharashtra,PID177,Cookware Set,HOME & KITCHEN,Cookware Set,35222.68,1.0,30.0,Debit Card,Delivered,2.9
ORD13729,2024-04-26,CUST1123,Sara Dey,indore,Madhya Pradesh,PID547,Jeans,fashion,Jeans,32058.92,3.0,5.0,Debit Card,Delivered,4.3
ORD14626,2024-01-17,CUST1869,Manya Kibe,Pune,Maharashtra,PID392,Sunscreen,Beauty,Sunscreen,43332.19,5.0,5.0,Credit Card,Returned,2.4
ORD14494,2023-04-04,CUST1407,Lavanya Raghavan,DELHI,Delhi,PID185,Yoga Mat,sports,Yoga Mat,61250.92,4.0,5.0,Credit Card,Delivered,4.2
ORD10361,2023-05-27,CUST1184,Victor Seshadri,Surat,Gujarat,PID467,Bluetooth Speaker,electronics,Bluetooth Speaker,53496.69,4.0,15.0,Credit Card,Cancelled,3.1
ORD11339,2024-01-08,CUST1060,Aachal Agarwal, Pune ,Maharashtra,PID227,Cookware Set,home & kitchen,Cookware Set,53760.87,2.0,40.0,Net Banking,Delayed,1.7
ORD13158,2024-04-23,CUST1478,Yadavi Buch,ahmedabad,Gujarat,PID144,Cookware Set,Home & Kitchen,Cookware Set,44972.36,1.0,15.0,Credit Card,,4.7
ORD10585,2024-03-19,CUST1759,Qabil Sahota,SURAT,Gujarat,PID343,Shampoo,beauty,Shampoo,48230.15,2.0,30.0,Net Banking,Delayed,2.3
ORD13471,2024-01-27,CUST1601,Eshana Khare,HYDERABAD,Telangana,PID176,Laptop,electronics,Laptop,50876.03,3.0,20.0,,Returned,3.3
ORD13474,2024-05-31,CUST1585,Robert Dutta,DELHI,Delhi,PID384,Bedsheet,home & kitchen,Bedsheet,59735.32,5.0,5.0,UPI,Delivered,
ORD11699,2023-10-06,CUST1889,Urvashi Upadhyay,Bangalore,Karnataka,PID554,Jacket,Fashion,Jacket,0.0,4.0,25.0,Credit Card,Returned,2.1
ORD10180,2023-06-18,CUST1315,Bachittar Bora,KOLKATA,West Bengal,PID337,Bedsheet,HOME & KITCHEN,Bedsheet,24585.24,5.0,5.0,Debit Card,,2.3
ORD13912,2023-10-20,CUST1360,Nathan Bail, Chennai ,Tamil Nadu,PID198,Dumbbells,SPORTS,Dumbbells,27661.01,4.0,25.0,,Delivered,1.1
ORD10379,2023-12-13,CUST1025,Bhavya Balasubramanian,Surat,Gujarat,PID305,Football,SPORTS,Football,63534.8,5.0,40.0,Credit Card,Returned,3.9
ORD10668,2023-10-23,CUST1098,Reva Shroff,delhi,Delhi,PID205,Comic,Books,Comic,31359.0,4.0,10.0,UPI,Delivered,2.0
ORD12746,2023-06-17,CUST1078,Ishani Viswanathan,AHMEDABAD,Gujarat,PID415,Face Wash,BEAUTY,Face Wash,48203.31,5.0,20.0,Credit Card,Delivered,3.1
ORD11934,2023-01-18,CUST1153,Omisha Shroff,CHENNAI,Tamil Nadu,PID164,Yoga Mat,Sports,Yoga Mat,18049.75,5.0,30.0,Debit Card,Returned,4.8
ORD12856,2024-08-03,CUST1532,Aayush Kala, Ahmedabad ,Gujarat,PID334,Shampoo,BEAUTY,Shampoo,67674.37,5.0,30.0,,Delivered,2.2
ORD11147,2023-11-18,CUST1402,Kalpit Pandey,jaipur,Rajasthan,PID278,Laptop,electronics,Laptop,14625.04,3.0,5.0,Net Banking,,4.7
ORD12725,2023-06-20,CUST1569,Pratyush Shetty, Mumbai ,Maharashtra,PID483,Comic,BOOKS,Comic,-82106.24,5.0,10.0,UPI,Cancelled,1.2
ORD11284,2024-05-26,CUST1851,Rudra Nigam,Ahmedabad,Gujarat,PID500,Headphones,Electronics,Headphones,61410.76,1.0,40.0,UPI,Cancelled,2.4
ORD13197,2023-07-06,CUST1028,Advaith Bhavsar,Chennai,Tamil Nadu,PID464,Textbook,BOOKS,Textbook,51335.6,2.0,30.0,Cash on Delivery,Delayed,4.5
ORD14885,2023-09-20,CUST1723,Peter Vohra,surat,Gujarat,PID254,Smartwatch,electronics,Smartwatch,25711.74,5.0,10.0,UPI,Delayed,2.0
ORD12016,2023-03-25,CUST1148,Onkar Ahuja,ahmedabad,Gujarat,PID540,Jacket,Fashion,Jacket,1650.32,3.0,25.0,UPI,Delayed,2.7
ORD14131,2023-07-13,CUST1552,Mekhala Panchal,CHENNAI,Tamil Nadu,PID465,Jacket,Fashion,Jacket,58211.41,1.0,10.0,UPI,,4.3
ORD13222,2023-02-24,CUST1424,Omya Babu,SURAT,Gujarat,PID337,Dumbbells,sports,Dumbbells,45884.03,3.0,30.0,,Delivered,
ORD11952,2024-07-24,CUST1258,Owen Ramaswamy,DELHI,Delhi,PID420,Perfume,BEAUTY,Perfume,13988.72,4.0,40.0,Debit Card,Cancelled,2.9
ORD10424,2024-08-20,CUST1786,Mohammed Khurana,Delhi,Delhi,PID355,Headphones,Electronics,Headphones,18455.47,5.0,15.0,Credit Card,Delayed,1.0
ORD10140,2024-08-03,CUST1741,Mohammed Sachar,BANGALORE,Karnataka,PID140,Saree,fashion,Saree,67740.06,1.0,15.0,Debit Card,Delayed,2.6
ORD14916,2023-06-13,CUST1185,Rachit Arya,Indore,Madhya Pradesh,PID266,Perfume,BEAUTY,Perfume,24540.55,3.0,5.0,Net Banking,Delayed,3.8
ORD10415,2023-11-24,CUST1203,Gaurang Balakrishnan,chennai,Tamil Nadu,PID143,Football,SPORTS,Football,51886.47,2.0,30.0,Credit Card,Returned,4.5
ORD14831,2023-11-21,CUST1668,Mason Dubey,Kolkata,West Bengal,PID228,Textbook,BOOKS,Textbook,13809.33,2.0,40.0,Net Banking,Delivered,3.6
ORD13350,2023-10-24,CUST1226,Madhav Shetty, Jaipur ,Rajasthan,PID267,Dumbbells,SPORTS,Dumbbells,18238.8,4.0,40.0,Net Banking,Returned,4.7
ORD11689,2024-09-02,CUST1385,Mitesh Parsa, Jaipur ,Rajasthan,PID214,Sneakers,Fashion,Sneakers,42950.75,4.0,40.0,Net Banking,Cancelled,1.2
ORD13851,16/08/2023,CUST1327,Ekaraj Kata,PUNE,Maharashtra,PID397,Smartphone,Electronics,Smartphone,88061.43,3.0,30.0,,,4.7
ORD11298,2023-11-17,CUST1990,Chaitaly Dutta,DELHI,Delhi,PID354,Bedsheet,Home & Kitchen,Bedsheet,14678.05,3.0,30.0,UPI,Delivered,3.4
ORD11366,2024-07-01,CUST1928,Bahadurjit Bhardwaj,Pune,Maharashtra,PID298,Water Bottle,Home & Kitchen,Water Bottle,83067.99,2.0,5.0,Net Banking,Delayed,1.5
ORD12996,2024-09-01,CUST1853,Lila Pandey,kolkata,West Bengal,PID576,Football,Sports,Football,33938.93,1.0,25.0,Credit Card,Delivered,1.2
ORD14492,2023-05-04,CUST1598,Madhav Khosla,jaipur,Rajasthan,PID323,Football,sports,Football,77124.6,2.0,0.0,Credit Card,Delayed,
ORD11176,2024-07-23,CUST1813,Tara Ratti,Pune,Maharashtra,PID298,Biography,Books,Biography,-26921.19,1.0,20.0,Credit Card,,2.6
ORD12630,2023-11-13,CUST1119,Indrajit Dutta,chennai,Tamil Nadu,PID495,Bedsheet,Home & Kitchen,Bedsheet,84268.18,5.0,5.0,Credit Card,Cancelled,2.8
ORD13481,2024-12-23,CUST1986,Vedhika Basu,hyderabad,Telangana,PID504,Jeans,fashion,Jeans,51318.32,2.0,0.0,Credit Card,Delayed,2.9
ORD14983,2024-08-06,CUST1206,Teerth Dalal,DELHI,Delhi,PID480,Dumbbells,Sports,Dumbbells,80371.02,5.0,20.0,Credit Card,Delivered,3.2
ORD13068,2023-02-01,CUST1604,Ekta Batra,HYDERABAD,Telangana,PID344,Saree,fashion,Saree,54076.98,5.0,5.0,,Cancelled,4.1
ORD11180,2024-03-08,CUST1356,Odika Vaidya,Bangalore,Karnataka,PID579,Bluetooth Speaker,Electronics,Bluetooth Speaker,46304.8,1.0,30.0,,Delivered,4.0
ORD10049,2023-07-12,CUST1273,Nakul Bora,Pune,Maharashtra,PID381,Mixer Grinder,Home & Kitchen,Mixer Grinder,0.0,5.0,0.0,Cash on Delivery,,3.5
ORD14117,2023-07-10,CUST1757,Mugdha Merchant,lucknow,Uttar Pradesh,PID336,Bluetooth Speaker,electronics,Bluetooth Speaker,83273.52,3.0,5.0,Credit Card,Delivered,2.3
ORD10157,2023-08-19,CUST1523,Bhavani Natt, Kolkata ,West Bengal,PID157,Dumbbells,sports,Dumbbells,15177.73,2.0,20.0,,,1.7
ORD10861,2024-05-05,CUST1683,Ansh Contractor,Chennai,Tamil Nadu,PID165,Cookware Set,Home & Kitchen,Cookware Set,82877.74,2.0,40.0,,Cancelled,1.7
ORD12783,2023-02-10,CUST1789,Mohini Modi,surat,Gujarat,PID104,Biography,books,Biography,84291.67,1.0,5.0,Debit Card,,3.9
ORD13769,2023-10-11,CUST1415,Sarthak Narayan,JAIPUR,Rajasthan,PID340,Sneakers,FASHION,Sneakers,5093.98,1.0,20.0,Credit Card,,2.0
ORD14903,2024-03-31,CUST1977,Hemang Nayar, Mumbai ,Maharashtra,PID339,Perfume,Beauty,Perfume,13781.58,2.0,5.0,,Delivered,2.2
ORD11727,2023-12-25,CUST1490,Vincent Mitra,INDORE,Madhya Pradesh,PID190,Sunscreen,BEAUTY,Sunscreen,31805.44,4.0,0.0,Cash on Delivery,,3.6
ORD10493,2024-12-16,CUST1903,Shivani Merchant,AHMEDABAD,Gujarat,PID421,Sneakers,FASHION,Sneakers,16285.09,4.0,10.0,Credit Card,,2.6
ORD11290,2024-02-12,CUST1715,Aashi Sinha,pune,Maharashtra,PID409,Air Fryer,Home & Kitchen,Air Fryer,0.0,2.0,0.0,Debit Card,Cancelled,
ORD12609,2024-05-22,CUST1712,Nirja Kanda,pune,Maharashtra,PID465,Headphones,Electronics,Headphones,55509.34,4.0,40.0,,Delivered,
ORD10722,2023-08-19,CUST1295,Abhimanyu Yohannan,HYDERABAD,Telangana,PID101,Sunscreen,BEAUTY,Sunscreen,28848.4,3.0,30.0,Cash on Delivery,Delivered,3.0
ORD10969,2024-05-30,CUST1968,Gautam Sood,Lucknow,Uttar Pradesh,PID133,Biography,Books,Biography,35251.97,1.0,30.0,Net Banking,Delivered,1.3
ORD10101,2024-08-11,CUST1899,Dhruv Nayak,delhi,Delhi,PID524,Saree,Fashion,Saree,6057.47,4.0,30.0,Cash on Delivery,Delayed,4.9
ORD14294,2023-07-23,CUST1420,Lucky Ben, Surat ,Gujarat,PID597,Yoga Mat,sports,Yoga Mat,3180.15,2.0,10.0,Credit Card,Delivered,3.4
ORD12272,2023-03-04,CUST1183,Zehaan Dutt, Ahmedabad ,Gujarat,PID484,Smartwatch,ELECTRONICS,Smartwatch,22983.32,1.0,5.0,Credit Card,,3.8
ORD10980,2023-12-02,CUST1552,Ojas Rattan,Chennai,Tamil Nadu,PID329,T-Shirt,FASHION,T-Shirt,68843.56,2.0,25.0,,Delivered,1.3
ORD13453,2024-02-09,CUST1465,Dhriti Sachar, Delhi ,Delhi,PID546,Cookware Set,home & kitchen,Cookware Set,39940.85,1.0,20.0,Net Banking,Returned,4.3
ORD14323,2023-10-31,CUST1772,Upma Madan,surat,Gujarat,PID360,Dumbbells,sports,Dumbbells,5056.28,1.0,30.0,Credit Card,Delivered,4.6
ORD13355,2023-07-04,CUST1676,Nathan Chaudhari,pune,Maharashtra,PID208,Dumbbells,Sports,Dumbbells,45563.71,4.0,25.0,Credit Card,Delivered,2.1
ORD12437,2023-04-02,CUST1142,Lavanya Naidu,jaipur,Rajasthan,PID549,Novel,books,Novel,87940.16,1.0,15.0,UPI,Delayed,1.6
ORD10514,2024-03-27,CUST1386,Yatan Raja,ahmedabad,Gujarat,PID163,Sunscreen,Beauty,Sunscreen,16829.58,2.0,30.0,Credit Card,Delivered,3.5
ORD14618,2023-03-07,CUST1850,Omya Iyer,pune,Maharashtra,PID157,Bluetooth Speaker,electronics,Bluetooth Speaker,63291.37,3.0,5.0,UPI,,3.4
ORD14392,2024-09-06,CUST1986,Andrew Mann,Pune,Maharashtra,PID107,Headphones,electronics,Headphones,32491.96,4.0,25.0,Credit Card,Delivered,2.2
ORD11490,2024-08-06,CUST1146,Ishaan Manne,Mumbai,Maharashtra,PID232,T-Shirt,Fashion,T-Shirt,2748.28,3.0,15.0,Credit Card,Returned,3.3
ORD10645,2023-04-17,CUST1021,Harini Rana,indore,Madhya Pradesh,PID576,Sunscreen,Beauty,Sunscreen,55177.07,2.0,0.0,Cash on Delivery,Delayed,3.0
ORD13491,2023-08-20,CUST1319,Ekansh Tank, Mumbai ,Maharashtra,PID419,Football,sports,Football,83171.26,5.0,5.0,Cash on Delivery,Cancelled,3.2
ORD14966,2023-12-16,CUST1614,Januja Bali,Indore,Madhya Pradesh,PID552,Lipstick,BEAUTY,Lipstick,29189.75,4.0,25.0,Cash on Delivery,Delivered,
ORD10088,2023-01-28,CUST1028,Aarini Sule,kolkata,West Bengal,PID263,Kurta,Fashion,Kurta,81491.76,2.0,25.0,Cash on Delivery,Delivered,2.6
ORD13787,2024-06-01,CUST1790,Sara Barman,Bangalore,Karnataka,PID323,Comic,Books,Comic,36609.27,4.0,30.0,Cash on Delivery,Delivered,3.8
ORD11168,2024-12-02,CUST1552,Bhavani Baria,Chennai,Tamil Nadu,PID518,T-Shirt,fashion,T-Shirt,77165.38,2.0,25.0,Credit Card,Delivered,3.4
ORD12926,2024-09-24,CUST1370,Charita Chawla,JAIPUR,Rajasthan,PID362,Shampoo,beauty,Shampoo,19574.34,3.0,25.0,Cash on Delivery,Delayed,4.5
ORD11558,2024-06-05,CUST1515,Alka Merchant,Pune,Maharashtra,PID350,Textbook,books,Textbook,81307.01,4.0,10.0,UPI,Returned,2.7
ORD12387,2024-11-18,CUST1928,Om Bajwa,SURAT,Gujarat,PID585,Bedsheet,home & kitchen,Bedsheet,57299.23,4.0,15.0,Debit Card,Delivered,4.1
ORD12247,2024-03-08,CUST1033,Naveen Dey,Jaipur,Rajasthan,PID388,Biography,books,Biography,11337.4,1.0,10.0,Cash on Delivery,,2.7
ORD11876,2023-01-20,CUST1984,Hemang Dubey,SURAT,Gujarat,PID342,Smartwatch,electronics,Smartwatch,82697.14,1.0,20.0,Net Banking,Delivered,4.3
ORD14982,2024-01-31,CUST1595,Parth Saha,jaipur,Rajasthan,PID432,Perfume,BEAUTY,Perfume,58250.3,0.0,20.0,Cash on Delivery,Cancelled,4.6
ORD10076,2024-06-29,CUST1043,Girik Natt, Hyderabad ,Telangana,PID323,Jeans,fashion,Jeans,26156.82,4.0,30.0,Debit Card,Delivered,3.0
ORD14199,05/06/2023,CUST1774,Megha Roy, Bangalore ,Karnataka,PID333,Air Fryer,HOME & KITCHEN,Air Fryer,12146.92,3.0,0.0,Cash on Delivery,Cancelled,2.8
ORD12586,2024-02-18,CUST1714,Naveen Sahni, Ahmedabad ,Gujarat,PID489,Water Bottle,HOME & KITCHEN,Water Bottle,16426.3,1.0,10.0,Credit Card,Delivered,2.0
ORD11257,2024-06-05,CUST1876,Finn Chokshi, Delhi ,Delhi,PID166,Kurta,Fashion,Kurta,67488.37,2.0,0.0,Debit Card,Returned,2.7
ORD11641,2023-12-09,CUST1700,Anusha Chanda,jaipur,Rajasthan,PID503,Bedsheet,HOME & KITCHEN,Bedsheet,19810.16,5.0,40.0,UPI,Delayed,1.9
ORD12396,2023-12-16,CUST1212,Samar Tak,BANGALORE,Karnataka,PID373,Mixer Grinder,Home & Kitchen,Mixer Grinder,39264.45,3.0,25.0,Cash on Delivery,Returned,3.2
ORD11922,2023-03-17,CUST1851,Kavya Singhal, Indore ,Madhya Pradesh,PID429,Sneakers,Fashion,Sneakers,11948.04,1.0,25.0,UPI,Delivered,3.0
ORD11108,2024-11-20,CUST1283,Libni Wable,DELHI,Delhi,PID579,Cricket Bat,Sports,Cricket Bat,38018.2,5.0,0.0,UPI,Returned,
ORD11292,2024-04-09,CUST1638,Janani Khalsa, Mumbai ,Maharashtra,PID483,Biography,BOOKS,Biography,11420.66,4.0,10.0,Credit Card,Cancelled,3.2
ORD14728,2023-10-03,CUST1117,Aishani Bali,JAIPUR,Rajasthan,PID105,Textbook,BOOKS,Textbook,35781.22,5.0,0.0,Debit Card,,1.5
ORD14339,2023-03-20,CUST1788,Dakshesh Cherian,HYDERABAD,Telangana,PID247,Dumbbells,SPORTS,Dumbbells,54484.27,5.0,40.0,,Delayed,1.3
ORD10713,2023-10-28,CUST1749,Yahvi Sarin,Hyderabad,Telangana,PID118,Football,SPORTS,Football,38399.37,1.0,10.0,,Delivered,1.1
ORD14796,2024-12-17,CUST1710,Raagini Arya,Hyderabad,Telangana,PID441,Shampoo,BEAUTY,Shampoo,50842.74,4.0,30.0,UPI,Delayed,3.9
ORD11524,2023-02-28,CUST1566,Hemangini Taneja,PUNE,Maharashtra,PID327,Yoga Mat,Sports,Yoga Mat,53904.8,1.0,0.0,Net Banking,Cancelled,3.4
ORD10941,2024-07-12,CUST1932,Fiyaz Singhal, Surat ,Gujarat,PID493,Air Fryer,home & kitchen,Air Fryer,10496.91,3.0,5.0,Cash on Delivery,Delivered,3.4
ORD11507,2023-03-29,CUST1203,Yochana Tiwari,CHENNAI,Tamil Nadu,PID181,Smartphone,electronics,Smartphone,46508.73,5.0,5.0,Cash on Delivery,Delivered,2.9
ORD10244,2023-08-04,CUST1188,Ijaya Batta,DELHI,Delhi,PID213,Textbook,Books,Textbook,3903.32,5.0,20.0,Cash on Delivery,Returned,4.6
ORD12938,2023-04-24,CUST1820,Udant Sem,AHMEDABAD,Gujarat,PID296,Yoga Mat,Sports,Yoga Mat,25730.78,1.0,40.0,UPI,Returned,4.3
ORD12688,2024-02-02,CUST1391,Laban Subramanian,lucknow,Uttar Pradesh,PID519,Cookware Set,home & kitchen,Cookware Set,2573.42,2.0,10.0,,Delivered,4.6
ORD11253,2023-08-13,CUST1146,Bhavya Dugar,MUMBAI,Maharashtra,PID334,Water Bottle,home & kitchen,Water Bottle,25924.79,1.0,10.0,UPI,Delivered,
ORD14091,2024-11-10,CUST1041,Timothy Korpal, Mumbai ,Maharashtra,PID271,Dumbbells,sports,Dumbbells,84487.23,5.0,5.0,Debit Card,,1.9
ORD14224,2024-06-24,CUST1647,Frado Kumar, Bangalore ,Karnataka,PID496,Perfume,Beauty,Perfume,59627.04,5.0,10.0,Credit Card,Returned,1.1
ORD14202,2023-03-30,CUST1684,Oliver Sawhney,SURAT,Gujarat,PID384,Smartwatch,ELECTRONICS,Smartwatch,53905.11,5.0,5.0,Credit Card,Cancelled,2.5
ORD11243,2023-11-23,CUST1204,Jacob Narain,Pune,Maharashtra,PID480,Water Bottle,Home & Kitchen,Water Bottle,24447.15,2.0,30.0,UPI,Delivered,1.7
ORD12005,2024-02-10,CUST1991,Bishakha Mukhopadhyay,jaipur,Rajasthan,PID312,Air Fryer,Home & Kitchen,Air Fryer,34775.77,3.0,10.0,,Delivered,2.9
ORD11183,2024-02-22,CUST1407,Jonathan Gandhi, Lucknow ,Uttar Pradesh,PID332,Saree,Fashion,Saree,80382.17,2.0,40.0,UPI,Returned,1.3
ORD10163,2023-12-12,CUST1101,Ronith Seshadri,Jaipur,Rajasthan,PID420,Mixer Grinder,Home & Kitchen,Mixer Grinder,35884.77,4.0,20.0,Debit Card,Returned,1.5
ORD13069,2024-02-26,CUST1328,Eesha Krishnamurthy,chennai,Tamil Nadu,PID306,Headphones,electronics,Headphones,18659.81,4.0,40.0,Credit Card,Delivered,1.6
ORD11435,2023-01-16,CUST1537,Utkarsh Sura, Delhi ,Delhi,PID263,Headphones,electronics,Headphones,84457.94,5.0,5.0,UPI,Delivered,3.2
ORD11496,2023-05-22,CUST1150,Pushti Sachar,Indore,Madhya Pradesh,PID503,Football,Sports,Football,2107.37,3.0,20.0,,Delivered,3.3
ORD10965,2023-11-30,CUST1918,Odika Sekhon,KOLKATA,West Bengal,PID387,Bluetooth Speaker,electronics,Bluetooth Speaker,15776.23,2.0,15.0,Credit Card,Cancelled,3.4
ORD14148,2024-11-08,CUST1487,Ayushman Tiwari,mumbai,Maharashtra,PID333,Dumbbells,SPORTS,Dumbbells,8513.77,3.0,10.0,,,1.2
ORD14079,2023-06-08,CUST1154,Shravya Bail,delhi,Delhi,PID337,Mixer Grinder,home & kitchen,Mixer Grinder,75077.94,1.0,0.0,Debit Card,Delivered,4.5
ORD12054,2023-03-18,CUST1246,Reyansh Palla,Kolkata,West Bengal,PID526,Shampoo,Beauty,Shampoo,27319.2,4.0,10.0,Debit Card,,3.6
ORD11196,2024-03-13,CUST1134,Advik Ahluwalia,surat,Gujarat,PID407,Face Wash,BEAUTY,Face Wash,10780.62,1.0,15.0,Debit Card,Delivered,
ORD13475,2024-12-16,CUST1295,Lopa Varty,Hyderabad,Telangana,PID186,Dumbbells,SPORTS,Dumbbells,85719.41,1.0,20.0,UPI,,3.5
ORD13911,2023-06-02,CUST1187,Pushti Karan,LUCKNOW,Uttar Pradesh,PID460,Novel,books,Novel,46936.56,2.0,40.0,,,1.5
ORD12212,2023-11-02,CUST1256,Eesha Dey,ahmedabad,Gujarat,PID203,Shampoo,beauty,Shampoo,76820.05,4.0,25.0,Net Banking,Delivered,4.5
ORD14200,2024-01-25,CUST1253,Lucky Seshadri, Delhi ,Delhi,PID328,Water Bottle,home & kitchen,Water Bottle,62215.57,3.0,40.0,Net Banking,Delayed,1.9
ORD11547,2024-09-27,CUST1145,Hemal Babu,Kolkata,West Bengal,PID222,Laptop,Electronics,Laptop,53756.76,2.0,40.0,,Returned,4.0
ORD12585,2024-09-17,CUST1988,Priya Sethi,delhi,Delhi,PID531,Dumbbells,sports,Dumbbells,40342.0,2.0,20.0,,Delivered,4.7
ORD12737,27/05/2024,CUST1106,Vivaan Krishna,Chennai,Tamil Nadu,PID273,Textbook,Books,Textbook,31044.33,3.0,30.0,Net Banking,Returned,3.8
ORD13889,2023-12-12,CUST1436,Aashi Subramaniam, Chennai ,Tamil Nadu,PID529,Laptop,Electronics,Laptop,81682.83,4.0,30.0,Cash on Delivery,Delayed,2.3
ORD12407,2023-11-27,CUST1139,Vivaan Dhaliwal,Chennai,Tamil Nadu,PID463,Laptop,ELECTRONICS,Laptop,4023.62,5.0,5.0,Cash on Delivery,Returned,4.4
ORD10757,2024-09-04,CUST1067,Sarthak Chacko,Mumbai,Maharashtra,PID157,Headphones,ELECTRONICS,Headphones,80010.52,4.0,30.0,Debit Card,Delivered,1.7
ORD12660,2024-01-29,CUST1241,Diya Tandon,kolkata,West Bengal,PID545,Sunscreen,Beauty,Sunscreen,29633.44,3.0,0.0,Cash on Delivery,Delivered,2.1
ORD12186,2023-07-01,CUST1908,Ekantika Upadhyay, Indore ,Madhya Pradesh,PID211,Headphones,Electronics,Headphones,78995.83,2.0,25.0,Net Banking,Cancelled,2.7
ORD14774,2024-09-10,CUST1202,Qasim Vyas,ahmedabad,Gujarat,PID234,Bedsheet,Home & Kitchen,Bedsheet,27100.98,2.0,40.0,Cash on Delivery,Delivered,3.0
ORD13500,2023-05-09,CUST1559,Yashodhara Bhagat,delhi,Delhi,PID421,Biography,books,Biography,62126.99,4.0,30.0,Net Banking,Delayed,1.1
ORD11415,2023-12-15,CUST1130,Vinaya Rege,Ahmedabad,Gujarat,PID429,Shampoo,BEAUTY,Shampoo,66615.2,2.0,25.0,Cash on Delivery,Returned,3.7
ORD11445,2024-11-13,CUST1780,Devika Chokshi, Kolkata ,West Bengal,PID424,Kurta,Fashion,Kurta,70004.3,4.0,25.0,,Returned,1.8
ORD12384,2023-02-04,CUST1895,Luke Atwal,Kolkata,West Bengal,PID556,Football,SPORTS,Football,59771.32,3.0,20.0,,Delayed,3.2
ORD14391,2024-03-23,CUST1264,Varsha Gade,lucknow,Uttar Pradesh,PID259,Smartwatch,electronics,Smartwatch,30343.94,5.0,30.0,,Returned,1.3
ORD10003,2024-10-05,CUST1233,Dalaja Gaba,Mumbai,Maharashtra,PID495,Comic,books,Comic,65716.4,4.0,20.0,,Delivered,4.4
ORD10314,2024-04-17,CUST1849,Dalaja Sandhu,SURAT,Gujarat,PID430,Sunscreen,BEAUTY,Sunscreen,86638.92,3.0,20.0,,Cancelled,2.2
ORD13819,2023-08-13,CUST1694,Mohini Nair,Jaipur,Rajasthan,PID152,Shampoo,BEAUTY,Shampoo,9416.57,3.0,10.0,Cash on Delivery,Returned,3.4
ORD11078,2023-11-23,CUST1508,Ekavir Nagar,HYDERABAD,Telangana,PID525,Bedsheet,HOME & KITCHEN,Bedsheet,82474.87,3.0,0.0,Net Banking,Delivered,
ORD12144,2023-08-15,CUST1248,Nitara Dalal,kolkata,West Bengal,PID390,Air Fryer,home & kitchen,Air Fryer,17126.6,1.0,0.0,Credit Card,Delayed,1.4
ORD13784,2023-10-10,CUST1149,Varsha Bala, Surat ,Gujarat,PID177,Novel,BOOKS,Novel,44886.04,1.0,10.0,UPI,,1.2
ORD10654,2023-12-12,CUST1829,Ucchal Patla,mumbai,Maharashtra,PID495,Jeans,fashion,Jeans,25370.91,2.0,20.0,Debit Card,Returned,1.2
ORD10935,2024-04-08,CUST1176,Hamsini Bhatt, Pune ,Maharashtra,PID412,Face Wash,BEAUTY,Face Wash,20748.75,5.0,25.0,Net Banking,Delivered,5.0
ORD12243,2023-01-30,CUST1161,Owen Tata,Jaipur,Rajasthan,PID105,Bluetooth Speaker,Electronics,Bluetooth Speaker,44421.12,0.0,10.0,,Delivered,4.6
ORD12308,2023-08-20,CUST1449,Vihaan Sachar, Mumbai ,Maharashtra,PID322,Football,SPORTS,Football,59731.65,2.0,40.0,,Delivered,1.5
ORD12327,2024-04-14,CUST1481,Lucky Ramesh,Pune,Maharashtra,PID274,Perfume,Beauty,Perfume,55248.24,5.0,10.0,Net Banking,Delivered,1.7
ORD13873,2024-11-13,CUST1817,Hiral Garg, Surat ,Gujarat,PID452,Laptop,ELECTRONICS,Laptop,-48202.09,5.0,10.0,Debit Card,Delivered,2.8
ORD11980,2023-08-02,CUST1095,Osha Gaba,surat,Gujarat,PID385,Sunscreen,Beauty,Sunscreen,53446.2,1.0,40.0,,Cancelled,1.1
ORD14882,2024-12-23,CUST1210,Mugdha Dua,DELHI,Delhi,PID341,Laptop,Electronics,Laptop,37176.89,1.0,10.0,Cash on Delivery,Delivered,3.8
ORD11681,2023-02-03,CUST1259,Bakhshi Walia,Lucknow,Uttar Pradesh,PID565,Kurta,Fashion,Kurta,40923.55,4.0,15.0,Net Banking,Delivered,3.0
ORD14559,2024-09-20,CUST1948,Avni Kara,DELHI,Delhi,PID340,Dumbbells,SPORTS,Dumbbells,74982.65,2.0,0.0,Credit Card,Returned,2.4
ORD11792,2024-03-12,CUST1787,Rehaan Salvi,HYDERABAD,Telangana,PID331,Football,SPORTS,Football,25047.77,4.0,10.0,Debit Card,Returned,3.6
ORD10038,2023-11-29,CUST1010,Ijaya Banerjee,kolkata,West Bengal,PID364,Headphones,electronics,Headphones,22061.13,4.0,40.0,Debit Card,Delivered,1.8
ORD12932,2023-04-11,CUST1371,Fariq Pandit, Chennai ,Tamil Nadu,PID471,Biography,Books,Biography,7061.1,4.0,25.0,Credit Card,Delivered,2.1
ORD11385,2024-04-29,CUST1582,Daksha Soman,KOLKATA,West Bengal,PID574,Bluetooth Speaker,ELECTRONICS,Bluetooth Speaker,71229.02,4.0,30.0,Cash on Delivery,Delayed,2.5
ORD10745,07/12/2024,CUST1926,Hardik Dara,ahmedabad,Gujarat,PID495,Smartwatch,ELECTRONICS,Smartwatch,29606.61,5.0,20.0,,Returned,
ORD14348,2024-10-11,CUST1699,Warjas Kala,SURAT,Gujarat,PID533,Textbook,Books,Textbook,34739.42,0.0,30.0,Credit Card,Cancelled,
ORD13504,2023-04-29,CUST1944,Radha Sen,CHENNAI,Tamil Nadu,PID137,Biography,books,Biography,83589.11,5.0,20.0,,Delivered,3.7
ORD10542,20/02/2024,CUST1547,Radha Ravi, Surat ,Gujarat,PID483,Smartwatch,electronics,Smartwatch,45855.11,5.0,5.0,UPI,Returned,1.8
ORD13354,2023-02-25,CUST1153,Aarav Kanda,LUCKNOW,Uttar Pradesh,PID506,Sneakers,fashion,Sneakers,25769.95,5.0,30.0,Debit Card,,1.6
ORD10534,2024-09-12,CUST1145,Vidhi Mani,Surat,Gujarat,PID253,Comic,Books,Comic,48139.1,3.0,25.0,UPI,Delivered,1.8
ORD14475,2023-05-13,CUST1848,Lekha Divan,DELHI,Delhi,PID130,Lipstick,BEAUTY,Lipstick,21636.86,4.0,10.0,UPI,Delivered,1.9
ORD13301,2024-01-24,CUST1165,Qabil Parmar,mumbai,Maharashtra,PID589,Cricket Bat,sports,Cricket Bat,21082.98,1.0,0.0,Net Banking,Cancelled,1.6
ORD13116,2024-03-15,CUST1319,Laksh Singhal, Bangalore ,Karnataka,PID297,Bedsheet,Home & Kitchen,Bedsheet,21084.31,4.0,30.0,,Delivered,3.0
ORD12828,2024-02-12,CUST1967,Sai Purohit,Mumbai,Maharashtra,PID387,Jacket,Fashion,Jacket,77065.01,3.0,40.0,Net Banking,Returned,4.5
ORD11097,2024-11-09,CUST1002,Qabil Shroff,INDORE,Madhya Pradesh,PID301,Mixer Grinder,Home & Kitchen,Mixer Grinder,80605.16,2.0,15.0,,Delivered,4.4
ORD12130,2023-09-05,CUST1021,Zayyan Patla,delhi,Delhi,PID305,Jeans,fashion,Jeans,23236.34,2.0,15.0,UPI,,4.6
ORD11336,2024-09-06,CUST1015,Indira Raval, Surat ,Gujarat,PID385,Dumbbells,Sports,Dumbbells,24913.57,4.0,5.0,Cash on Delivery,Delayed,2.5
ORD14532,2023-10-17,CUST1830,Harita Som,delhi,Delhi,PID554,Saree,fashion,Saree,23452.85,1.0,25.0,Debit Card,Cancelled,1.8
ORD14132,2023-01-23,CUST1056,Aadi Chana,Surat,Gujarat,PID182,Textbook,BOOKS,Textbook,67920.45,1.0,20.0,UPI,Cancelled,3.9
ORD10887,2023-10-19,CUST1781,Leela Purohit, Jaipur ,Rajasthan,PID363,Jacket,FASHION,Jacket,33508.29,5.0,25.0,Cash on Delivery,,4.2
ORD14218,2024-12-13,CUST1976,Reva Tank, Jaipur ,Rajasthan,PID571,Headphones,Electronics,Headphones,21651.49,4.0,0.0,Credit Card,Returned,2.4
ORD11047,2024-08-03,CUST1822,Megha Jain,indore,Madhya Pradesh,PID437,Textbook,BOOKS,Textbook,87776.73,4.0,30.0,Debit Card,Cancelled,4.6
ORD10148,2024-01-22,CUST1037,Onveer Sheth, Pune ,Maharashtra,PID504,Mixer Grinder,home & kitchen,Mixer Grinder,60617.04,3.0,30.0,Cash on Delivery,Cancelled,5.0
ORD14421,19/02/2023,CUST1528,William Wason, Surat ,Gujarat,PID279,Tablet,ELECTRONICS,Tablet,22383.24,3.0,30.0,Debit Card,Delivered,3.0
ORD14354,2024-06-17,CUST1792,Ranbir Tank,Chennai,Tamil Nadu,PID367,Cookware Set,Home & Kitchen,Cookware Set,29653.79,1.0,40.0,Cash on Delivery,Delayed,4.5
ORD11229,2024-12-07,CUST1799,Mekhala Mannan,bangalore,Karnataka,PID222,Shampoo,BEAUTY,Shampoo,807.95,1.0,40.0,Credit Card,Delivered,3.8
ORD10363,2024-11-17,CUST1631,Champak Sami,hyderabad,Telangana,PID512,Yoga Mat,SPORTS,Yoga Mat,4918.25,4.0,10.0,Credit Card,Delayed,1.2
ORD10982,2024-09-11,CUST1992,Alexander Batta,jaipur,Rajasthan,PID249,Comic,books,Comic,78146.78,1.0,0.0,Cash on Delivery,Returned,1.9
ORD13644,2023-05-26,CUST1288,Chakradhar Nagy,bangalore,Karnataka,PID575,Shampoo,BEAUTY,Shampoo,68443.65,4.0,20.0,Net Banking,Delayed,1.4
ORD14970,2024-11-07,CUST1535,Samarth Batra, Lucknow ,Uttar Pradesh,PID220,Biography,Books,Biography,46645.04,2.0,25.0,Credit Card,Delivered,2.5
ORD11059,2024-11-29,CUST1248,Hiral Gole, Bangalore ,Karnataka,PID440,Smartphone,Electronics,Smartphone,85010.12,4.0,40.0,Cash on Delivery,Delayed,3.9
ORD12782,2023-10-16,CUST1288,Janaki Muni, Bangalore ,Karnataka,PID183,Bluetooth Speaker,ELECTRONICS,Bluetooth Speaker,14843.42,4.0,40.0,,Returned,2.9
ORD11998,2023-11-03,CUST1299,Nidhi Khurana, Ahmedabad ,Gujarat,PID346,Shampoo,BEAUTY,Shampoo,67333.65,2.0,15.0,,,1.4
ORD11687,2023-10-31,CUST1010,Saksham Golla,KOLKATA,West Bengal,PID411,Perfume,beauty,Perfume,13614.75,2.0,15.0,UPI,,2.1
ORD13381,2024-09-18,CUST1620,Amaira Sha,Surat,Gujarat,PID423,Football,SPORTS,Football,5183.27,4.0,5.0,UPI,Delivered,4.8
ORD12001,2024-09-21,CUST1961,Charvi Din,Delhi,Delhi,PID389,Cookware Set,home & kitchen,Cookware Set,72962.07,3.0,15.0,Net Banking,,4.8
ORD14524,2023-10-17,CUST1468,Damyanti Hayer, Mumbai ,Maharashtra,PID322,Dumbbells,SPORTS,Dumbbells,3214.33,4.0,30.0,UPI,Returned,1.5
ORD14330,2023-07-05,CUST1942,Neel Bala,kolkata,West Bengal,PID475,Cricket Bat,sports,Cricket Bat,27774.78,3.0,30.0,Credit Card,Delivered,2.1
ORD11885,2024-12-28,CUST1004,Advay Rama, Hyderabad ,Telangana,PID128,Perfume,BEAUTY,Perfume,15645.7,4.0,25.0,Cash on Delivery,Delivered,3.0
ORD14537,2024-01-22,CUST1449,Deepa Pau,Lucknow,Uttar Pradesh,PID403,Mixer Grinder,HOME & KITCHEN,Mixer Grinder,37723.65,5.0,10.0,Cash on Delivery,Delivered,3.7
ORD11245,2023-05-05,CUST1581,Lucky Palla,Lucknow,Uttar Pradesh,PID485,Lipstick,BEAUTY,Lipstick,-10144.01,5.0,5.0,Net Banking,,
ORD14393,2023-11-29,CUST1950,Karan Saran,lucknow,Uttar Pradesh,PID392,Laptop,electronics,Laptop,61827.37,3.0,15.0,UPI,Returned,2.1
ORD13169,2024-04-15,CUST1289,Nathaniel Chaudhary,HYDERABAD,Telangana,PID398,Face Wash,beauty,Face Wash,77126.83,5.0,20.0,,Delivered,4.8
ORD10071,2024-11-17,CUST1614,Jagvi Dar,Pune,Maharashtra,PID259,Smartphone,ELECTRONICS,Smartphone,8826.31,5.0,25.0,Cash on Delivery,,2.4
ORD13017,07/06/2023,CUST1240,Zaitra Srivastava,KOLKATA,West Bengal,PID154,Bluetooth Speaker,Electronics,Bluetooth Speaker,56697.72,1.0,15.0,Credit Card,Cancelled,1.1
ORD10061,2023-12-13,CUST1374,Lohit Vora, Jaipur ,Rajasthan,PID146,Water Bottle,home & kitchen,Water Bottle,82226.8,4.0,20.0,Credit Card,,
ORD10951,2024-06-22,CUST1607,Ishaan Barad,PUNE,Maharashtra,PID146,Cricket Bat,Sports,Cricket Bat,65601.32,1.0,40.0,UPI,Cancelled,4.5
ORD10337,2023-04-02,CUST1378,Kamya Bath,lucknow,Uttar Pradesh,PID561,Bedsheet,Home & Kitchen,Bedsheet,71522.05,4.0,25.0,Credit Card,,3.4
ORD10579,2023-01-25,CUST1698,Ansh Rajagopalan,BANGALORE,Karnataka,PID337,Football,Sports,Football,63283.71,5.0,10.0,UPI,Delivered,2.5
ORD14472,2023-07-25,CUST1189,Chanchal Balan,Surat,Gujarat,PID463,Sunscreen,Beauty,Sunscreen,36112.1,5.0,30.0,Cash on Delivery,Cancelled,3.5
ORD13760,2024-12-04,CUST1878,Ekantika Dani,HYDERABAD,Telangana,PID587,Jeans,FASHION,Jeans,29568.4,5.0,0.0,,,
ORD10663,2024-08-12,CUST1123,Veer Dayal,Lucknow,Uttar Pradesh,PID314,Yoga Mat,Sports,Yoga Mat,23536.06,1.0,10.0,Credit Card,Delayed,4.5
ORD11534,2024-08-08,CUST1820,Raksha Sidhu, Hyderabad ,Telangana,PID147,Bluetooth Speaker,ELECTRONICS,Bluetooth Speaker,11363.14,4.0,15.0,Debit Card,,4.3
ORD11460,2024-09-11,CUST1629,Aahana Iyer, Pune ,Maharashtra,PID596,Textbook,BOOKS,Textbook,42957.85,3.0,15.0,UPI,Returned,3.2
ORD14121,2023-07-25,CUST1485,Brijesh Pau, Bangalore ,Karnataka,PID128,Bedsheet,home & kitchen,Bedsheet,82417.14,2.0,40.0,,Delivered,2.9
ORD14335,2024-04-13,CUST1024,Agastya Shere,Indore,Madhya Pradesh,PID148,Sunscreen,beauty,Sunscreen,88250.38,1.0,5.0,Net Banking,Delayed,2.5
ORD12578,2023-11-12,CUST1081,Harita Reddy,HYDERABAD,Telangana,PID315,Cricket Bat,SPORTS,Cricket Bat,1746.04,3.0,30.0,UPI,Returned,3.6
ORD11941,2023-11-03,CUST1640,Jatin Dara,PUNE,Maharashtra,PID341,Shampoo,Beauty,Shampoo,34265.23,2.0,40.0,UPI,Returned,3.8
ORD12545,2024-11-18,CUST1996,Chanakya Gola,Hyderabad,Telangana,PID198,Smartwatch,ELECTRONICS,Smartwatch,15976.51,3.0,20.0,,Delivered,1.6
ORD11277,2023-06-14,CUST1432,Yadavi Narula,chennai,Tamil Nadu,PID495,Headphones,ELECTRONICS,Headphones,23474.82,1.0,40.0,Debit Card,Delayed,2.5
ORD13296,2023-04-30,CUST1330,Hemang Minhas,JAIPUR,Rajasthan,PID484,Comic,Books,Comic,83353.45,5.0,30.0,,Returned,4.7
ORD14956,15/01/2024,CUST1602,Farhan Balakrishnan,hyderabad,Telangana,PID177,Cookware Set,HOME & KITCHEN,Cookware Set,46898.93,1.0,20.0,Credit Card,Delivered,2.6
ORD12811,2024-07-23,CUST1733,Waida Kata,CHENNAI,Tamil Nadu,PID533,Perfume,beauty,Perfume,17238.84,1.0,20.0,Debit Card,Delivered,1.3
ORD14014,2024-12-27,CUST1251,Chatura Sethi,PUNE,Maharashtra,PID575,Novel,Books,Novel,34637.6,1.0,5.0,Cash on Delivery,Cancelled,
ORD11685,01/02/2024,CUST1798,Dipta Butala, Indore ,Madhya Pradesh,PID534,Comic,books,Comic,78611.14,1.0,25.0,Cash on Delivery,Delivered,2.4
ORD11167,2023-06-29,CUST1465,Sanya Parikh,INDORE,Madhya Pradesh,PID193,Comic,books,Comic,32043.12,1.0,10.0,Debit Card,Delivered,3.0
ORD10029,2024-07-15,CUST1283,Tanay Grover,JAIPUR,Rajasthan,PID492,Sunscreen,beauty,Sunscreen,53651.39,5.0,30.0,Cash on Delivery,Delivered,1.6
ORD14190,2023-03-22,CUST1968,Akshay Sarma,Bangalore,Karnataka,PID382,Smartphone,Electronics,Smartphone,66175.5,2.0,20.0,Cash on Delivery,Returned,4.5
ORD11324,2024-02-10,CUST1955,Ikbal Ganesan,Indore,Madhya Pradesh,PID169,Laptop,electronics,Laptop,22430.88,5.0,0.0,Cash on Delivery,Delayed,2.8
ORD14096,2023-04-15,CUST1615,Ryan Sibal, Delhi ,Delhi,PID553,Lipstick,beauty,Lipstick,63736.69,1.0,10.0,,Delivered,4.2
ORD14748,2023-04-03,CUST1539,Chatura Chaudhari,MUMBAI,Maharashtra,PID267,Biography,BOOKS,Biography,60550.02,4.0,40.0,Cash on Delivery,Returned,1.8
ORD10975,2024-08-29,CUST1301,Fitan Kaul,PUNE,Maharashtra,PID361,Comic,BOOKS,Comic,11045.59,5.0,20.0,Debit Card,Delivered,4.8
ORD13439,2024-12-09,CUST1597,Pratyush Desai,chennai,Tamil Nadu,PID376,Tablet,Electronics,Tablet,62607.39,1.0,5.0,Credit Card,Delivered,2.1
ORD11700,2023-06-25,CUST1888,Shivansh Kibe,Pune,Maharashtra,PID469,Air Fryer,Home & Kitchen,Air Fryer,11974.98,1.0,25.0,Debit Card,Delivered,3.7
ORD14662,2023-05-04,CUST1363,Anthony Kuruvilla,indore,Madhya Pradesh,PID255,Dumbbells,Sports,Dumbbells,35438.19,3.0,5.0,Cash on Delivery,Delivered,3.2
ORD14619,2024-05-04,CUST1110,Aahana Kade, Delhi ,Delhi,PID391,Face Wash,BEAUTY,Face Wash,17139.22,5.0,25.0,,Cancelled,1.2
ORD14082,2023-06-29,CUST1841,Tristan Ravi, Ahmedabad ,Gujarat,PID514,Jeans,FASHION,Jeans,7130.26,2.0,0.0,Debit Card,,2.5
ORD14155,2023-02-07,CUST1441,Fiyaz Gulati,Bangalore,Karnataka,PID367,Water Bottle,home & kitchen,Water Bottle,22334.52,1.0,5.0,,,2.9
ORD13710,2024-06-14,CUST1671,Aditya Rastogi,chennai,Tamil Nadu,PID324,Football,SPORTS,Football,2388.19,4.0,30.0,Cash on Delivery,Delivered,3.2
ORD11931,2024-05-09,CUST1502,Gaurika Kamdar, Lucknow ,Uttar Pradesh,PID520,Kurta,fashion,Kurta,47060.09,5.0,30.0,Credit Card,,1.5
ORD12468,2023-11-26,CUST1433,Wakeeta Hayer, Pune ,Maharashtra,PID164,Dumbbells,Sports,Dumbbells,72282.13,2.0,0.0,Net Banking,Delivered,4.4
ORD10010,2024-07-06,CUST1921,Yashica Som,surat,Gujarat,PID364,Jeans,FASHION,Jeans,42854.12,5.0,15.0,Cash on Delivery,Returned,3.8
ORD12229,2024-06-20,CUST1197,Amruta Mahal,LUCKNOW,Uttar Pradesh,PID106,T-Shirt,Fashion,T-Shirt,8279.34,2.0,0.0,UPI,Delayed,2.4
ORD14471,2023-05-06,CUST1189,Nihal Goel,INDORE,Madhya Pradesh,PID237,Jacket,fashion,Jacket,61483.76,4.0,30.0,Net Banking,Cancelled,2.3
ORD11701,26/07/2023,CUST1568,Zarna Sama,KOLKATA,West Bengal,PID210,Face Wash,beauty,Face Wash,48179.66,5.0,15.0,Cash on Delivery,Delivered,4.9
ORD11003,2023-05-26,CUST1921,Oeshi D’Alia, Surat ,Gujarat,PID436,Water Bottle,HOME & KITCHEN,Water Bottle,24016.88,5.0,25.0,,Returned,3.0
ORD11663,2024-05-15,CUST1236,Tripti Nagarajan,Ahmedabad,Gujarat,PID510,Shampoo,Beauty,Shampoo,33216.1,5.0,0.0,Credit Card,Delivered,1.5
ORD10786,2023-04-03,CUST1462,Saumya Bahl,Chennai,Tamil Nadu,PID484,Lipstick,BEAUTY,Lipstick,16591.62,4.0,40.0,,Returned,2.6
ORD10610,2024-12-05,CUST1005,Osha Agarwal,lucknow,Uttar Pradesh,PID578,Headphones,electronics,Headphones,9381.51,2.0,25.0,,,1.9
ORD12018,2023-07-14,CUST1006,Gagan Natt,CHENNAI,Tamil Nadu,PID261,Cricket Bat,Sports,Cricket Bat,63952.02,3.0,15.0,Credit Card,Delayed,4.1
ORD10933,2024-04-16,CUST1642,Christopher Parmar,AHMEDABAD,Gujarat,PID487,Jeans,FASHION,Jeans,66412.13,2.0,20.0,UPI,Delivered,2.8
ORD10343,2024-12-12,CUST1484,Rehaan Kapur,Indore,Madhya Pradesh,PID396,Sunscreen,beauty,Sunscreen,29936.53,3.0,0.0,Net Banking,Delivered,4.0
ORD13854,2023-04-28,CUST1230,Udyati Oza, Pune ,Maharashtra,PID415,Air Fryer,home & kitchen,Air Fryer,27998.0,3.0,30.0,Cash on Delivery,Delayed,1.3
ORD12622,2023-07-12,CUST1354,Nitesh Sibal,Mumbai,Maharashtra,PID253,Smartwatch,electronics,Smartwatch,15191.66,2.0,5.0,Credit Card,Cancelled,1.4
ORD13115,2024-03-11,CUST1678,Krishna Chaudhari,Hyderabad,Telangana,PID217,Comic,Books,Comic,77122.0,4.0,40.0,Net Banking,Cancelled,3.4
ORD11423,2024-03-10,CUST1680,Michael Shah,Chennai,Tamil Nadu,PID148,Water Bottle,home & kitchen,Water Bottle,49097.53,4.0,5.0,Credit Card,Delivered,
ORD11515,2023-04-21,CUST1303,Oeshi Krishnamurthy, Lucknow ,Uttar Pradesh,PID120,Face Wash,BEAUTY,Face Wash,75104.55,1.0,40.0,Cash on Delivery,Delayed,3.8
ORD11119,2024-02-07,CUST1213,Kritika Bora,Ahmedabad,Gujarat,PID563,Football,SPORTS,Football,32540.26,4.0,20.0,Cash on Delivery,,3.9
ORD13835,2023-10-28,CUST1723,Gavin Tank,chennai,Tamil Nadu,PID162,Smartphone,electronics,Smartphone,55020.07,2.0,5.0,UPI,Returned,4.5
ORD12037,2024-06-11,CUST1659,Qushi Muni,mumbai,Maharashtra,PID280,Perfume,BEAUTY,Perfume,77155.83,2.0,20.0,,,4.1
ORD10856,2023-04-23,CUST1396,Ikshita Bahl,BANGALORE,Karnataka,PID497,Dumbbells,Sports,Dumbbells,81218.22,3.0,30.0,Cash on Delivery,Delayed,
ORD10446,2024-06-16,CUST1163,Nisha Sama,ahmedabad,Gujarat,PID111,Dumbbells,sports,Dumbbells,79305.58,4.0,10.0,Net Banking,Delivered,2.1
ORD11356,2023-10-02,CUST1813,Ekapad Rau,Delhi,Delhi,PID281,Football,sports,Football,43576.42,5.0,5.0,Net Banking,,1.8
ORD14371,2023-05-23,CUST1442,Nicholas Baral,Jaipur,Rajasthan,PID587,Saree,Fashion,Saree,22283.44,3.0,10.0,Net Banking,Delayed,1.3
ORD10406,2024-06-18,CUST1420,Madhav Mallick,hyderabad,Telangana,PID263,Dumbbells,SPORTS,Dumbbells,84354.09,4.0,0.0,,Returned,2.8
ORD10285,2023-11-27,CUST1492,Hema Sani,Indore,Madhya Pradesh,PID426,Sneakers,FASHION,Sneakers,69423.99,4.0,20.0,Net Banking,Cancelled,3.9
ORD10346,2024-10-14,CUST1053,Abdul Bhatt,bangalore,Karnataka,PID185,Saree,Fashion,Saree,75409.64,4.0,40.0,UPI,Returned,3.3
ORD11436,2023-05-27,CUST1964,Upkaar Anand,Bangalore,Karnataka,PID234,Perfume,BEAUTY,Perfume,29860.56,5.0,0.0,Credit Card,,4.3
ORD14379,2023-04-28,CUST1329,Nachiket Tella,Lucknow,Uttar Pradesh,PID254,Smartwatch,ELECTRONICS,Smartwatch,83137.53,4.0,20.0,Debit Card,,3.9
ORD11796,17/10/2023,CUST1976,Varenya Mukhopadhyay,kolkata,West Bengal,PID383,Cricket Bat,Sports,Cricket Bat,45781.32,2.0,25.0,Net Banking,Cancelled,4.6
ORD11742,29/03/2023,CUST1834,Charita Kara,Hyderabad,Telangana,PID397,Cricket Bat,Sports,Cricket Bat,70950.57,5.0,30.0,UPI,,2.8
ORD11658,2024-10-05,CUST1001,Ansh Kumer,chennai,Tamil Nadu,PID253,Air Fryer,HOME & KITCHEN,Air Fryer,83527.75,1.0,20.0,Credit Card,Delivered,4.1
ORD12511,2023-01-06,CUST1725,Bina Balakrishnan, Jaipur ,Rajasthan,PID373,Comic,Books,Comic,25954.59,5.0,0.0,Debit Card,,1.2
ORD12651,2024-04-08,CUST1517,Radha Naidu,pune,Maharashtra,PID219,Football,SPORTS,Football,70327.9,3.0,40.0,Net Banking,Delivered,3.0
ORD12766,16/01/2023,CUST1678,Rajata Gera,BANGALORE,Karnataka,PID220,Textbook,BOOKS,Textbook,25958.85,2.0,0.0,Net Banking,Delivered,1.8
ORD10874,2024-07-08,CUST1021,Aishani Naik,indore,Madhya Pradesh,PID355,Smartwatch,ELECTRONICS,Smartwatch,40055.36,5.0,0.0,Cash on Delivery,,1.8
ORD11154,2023-03-28,CUST1195,Saumya Wali,indore,Madhya Pradesh,PID524,Headphones,Electronics,Headphones,32540.58,3.0,15.0,UPI,Delivered,4.7
ORD11335,2023-01-31,CUST1188,William Rajagopal,bangalore,Karnataka,PID428,Saree,fashion,Saree,54117.35,3.0,25.0,Net Banking,Returned,1.1
ORD12235,2024-11-14,CUST1353,Damyanti Soni,lucknow,Uttar Pradesh,PID424,Perfume,Beauty,Perfume,46460.63,4.0,10.0,Credit Card,Delayed,2.1
ORD11593,2024-06-08,CUST1263,George Reddy,HYDERABAD,Telangana,PID206,Cookware Set,Home & Kitchen,Cookware Set,58885.39,4.0,10.0,Debit Card,Returned,2.1
ORD14932,2024-07-17,CUST1428,Advika Pillai,Delhi,Delhi,PID247,Kurta,fashion,Kurta,58520.71,5.0,40.0,Cash on Delivery,Returned,2.6
ORD12587,2024-09-23,CUST1551,Ladli Bose,jaipur,Rajasthan,PID503,Face Wash,BEAUTY,Face Wash,29564.54,4.0,15.0,Credit Card,Returned,2.4
ORD13456,2023-07-16,CUST1288,Lucky Bhatia,KOLKATA,West Bengal,PID383,Perfume,beauty,Perfume,9994.77,2.0,20.0,Debit Card,Delivered,3.8
ORD12109,2023-02-18,CUST1348,Balveer Bobal, Chennai ,Tamil Nadu,PID449,Smartwatch,ELECTRONICS,Smartwatch,1209.08,1.0,0.0,,Delivered,3.5
ORD14397,2023-06-25,CUST1746,Fariq Zacharia, Ahmedabad ,Gujarat,PID588,Jeans,Fashion,Jeans,10941.44,1.0,15.0,Debit Card,Delivered,
ORD10449,2024-12-29,CUST1456,Alexander Pathak, Delhi ,Delhi,PID139,Yoga Mat,Sports,Yoga Mat,29607.05,3.0,10.0,Cash on Delivery,Delivered,2.6
ORD12624,2024-10-29,CUST1291,Jonathan Bansal,Lucknow,Uttar Pradesh,PID297,Biography,BOOKS,Biography,56808.01,5.0,30.0,Credit Card,,2.4
ORD14623,2024-06-06,CUST1429,Gaurang Rau,MUMBAI,Maharashtra,PID339,Yoga Mat,SPORTS,Yoga Mat,8698.15,1.0,20.0,Net Banking,Delivered,1.7
ORD13529,2023-09-15,CUST1369,Meghana Arya, Surat ,Gujarat,PID169,Mixer Grinder,HOME & KITCHEN,Mixer Grinder,31911.86,5.0,40.0,Credit Card,Cancelled,1.6
ORD12056,2024-03-20,CUST1189,Ishwar Loke,indore,Madhya Pradesh,PID212,Smartwatch,electronics,Smartwatch,73002.43,2.0,40.0,Credit Card,Cancelled,4.8
ORD11906,2023-10-02,CUST1594,Aarush Dube,Indore,Madhya Pradesh,PID163,Jacket,Fashion,Jacket,74440.65,3.0,40.0,,Delayed,
ORD13218,2024-11-12,CUST1738,Amrita Sandal, Pune ,Maharashtra,PID139,Sunscreen,beauty,Sunscreen,21761.71,3.0,40.0,Credit Card,Cancelled,2.2
ORD10499,2024-07-29,CUST1218,Devansh Oommen,Surat,Gujarat,PID154,T-Shirt,Fashion,T-Shirt,15234.28,1.0,25.0,Cash on Delivery,Delayed,3.5
ORD12161,2023-03-27,CUST1683,Yoshita Thakur,Lucknow,Uttar Pradesh,PID253,Bedsheet,Home & Kitchen,Bedsheet,80487.9,2.0,25.0,Cash on Delivery,,2.7
ORD14214,2023-12-02,CUST1411,Onkar Halder, Pune ,Maharashtra,PID220,Air Fryer,home & kitchen,Air Fryer,63430.56,5.0,15.0,Debit Card,Delivered,3.8
ORD12118,2023-12-08,CUST1976,Manan Shenoy,Chennai,Tamil Nadu,PID205,Cookware Set,home & kitchen,Cookware Set,0.0,5.0,0.0,,Cancelled,4.2
ORD12282,2023-06-08,CUST1026,Barkha Chaudry,SURAT,Gujarat,PID367,Mixer Grinder,Home & Kitchen,Mixer Grinder,75604.9,3.0,20.0,Net Banking,Delivered,3.2
ORD13059,2023-03-22,CUST1884,Robert Aurora,INDORE,Madhya Pradesh,PID525,Biography,BOOKS,Biography,67096.22,3.0,40.0,Credit Card,Returned,1.3
ORD13744,2023-11-14,CUST1181,Jonathan Din,Hyderabad,Telangana,PID595,Sneakers,fashion,Sneakers,28022.83,1.0,20.0,Cash on Delivery,,4.1
ORD14568,2023-06-05,CUST1661,Lajita Minhas,chennai,Tamil Nadu,PID140,Smartphone,ELECTRONICS,Smartphone,40950.66,1.0,30.0,Net Banking,Delivered,3.8
ORD12879,2024-02-21,CUST1843,Hemang Mahal,JAIPUR,Rajasthan,PID328,Bedsheet,HOME & KITCHEN,Bedsheet,68057.09,1.0,5.0,Cash on Delivery,Returned,1.7
ORD14819,2023-04-20,CUST1898,Indrajit Walla,Lucknow,Uttar Pradesh,PID319,Headphones,electronics,Headphones,67847.39,3.0,0.0,UPI,Delivered,4.6
ORD12734,2024-07-08,CUST1286,Ridhi Yohannan,BANGALORE,Karnataka,PID272,Cricket Bat,sports,Cricket Bat,41858.51,1.0,20.0,UPI,Delayed,1.3
ORD10191,2024-08-04,CUST1144,Maya Wagle,Hyderabad,Telangana,PID269,Sneakers,FASHION,Sneakers,66099.45,1.0,30.0,Net Banking,Delivered,3.4
ORD10741,2023-02-26,CUST1838,Teerth Brar,kolkata,West Bengal,PID460,Bedsheet,Home & Kitchen,Bedsheet,27825.32,1.0,30.0,Cash on Delivery,,2.4
ORD14703,2024-06-04,CUST1201,Jatin Viswanathan, Pune ,Maharashtra,PID581,Novel,Books,Novel,50728.91,2.0,40.0,UPI,Returned,3.6
ORD11096,2024-08-07,CUST1449,George Kanda, Mumbai ,Maharashtra,PID344,Smartphone,electronics,Smartphone,36769.0,1.0,30.0,UPI,Delivered,4.7
ORD12656,2024-11-23,CUST1382,Frado Kade,Lucknow,Uttar Pradesh,PID329,Yoga Mat,SPORTS,Yoga Mat,71194.65,5.0,10.0,Debit Card,Delivered,2.5
ORD12174,2023-03-05,CUST1751,Atharv Loke, Jaipur ,Rajasthan,PID103,Mixer Grinder,Home & Kitchen,Mixer Grinder,23462.28,4.0,40.0,Cash on Delivery,Cancelled,3.0
ORD10487,2024-07-25,CUST1829,Falak Sanghvi,Chennai,Tamil Nadu,PID437,Mixer Grinder,HOME & KITCHEN,Mixer Grinder,76145.28,4.0,40.0,Debit Card,Returned,1.6
ORD13590,2024-02-21,CUST1010,Fitan Upadhyay,Surat,Gujarat,PID250,Comic,books,Comic,89158.02,3.0,0.0,Debit Card,Delayed,1.5
ORD13861,19/09/2023,CUST1261,Advay Vig,PUNE,Maharashtra,PID540,Shampoo,Beauty,Shampoo,31834.16,4.0,30.0,,Returned,1.6
ORD11860,2023-01-24,CUST1028,Kashvi Gara,hyderabad,Telangana,PID590,Biography,BOOKS,Biography,3363.46,2.0,10.0,Debit Card,Cancelled,4.9
ORD14915,2023-05-12,CUST1540,Mugdha Sarma,Mumbai,Maharashtra,PID470,Novel,books,Novel,28952.75,4.0,10.0,Credit Card,Delivered,2.6
ORD12311,2023-01-09,CUST1504,Indali Sura, Pune ,Maharashtra,PID555,Cookware Set,home & kitchen,Cookware Set,10052.69,3.0,40.0,Debit Card,Delivered,4.8
ORD12317,2024-06-11,CUST1872,Wriddhish Keer,Surat,Gujarat,PID109,Water Bottle,home & kitchen,Water Bottle,68823.17,1.0,30.0,UPI,Returned,4.0
ORD10209,2023-09-23,CUST1743,Chakradev Sachdev,LUCKNOW,Uttar Pradesh,PID465,T-Shirt,FASHION,T-Shirt,36458.24,1.0,20.0,Net Banking,Returned,2.6
ORD14236,2024-08-10,CUST1378,Praneel Goyal,kolkata,West Bengal,PID531,Lipstick,Beauty,Lipstick,9295.56,2.0,25.0,Debit Card,,4.1
ORD11919,2024-09-03,CUST1502,Urvashi Suresh,surat,Gujarat,PID570,Biography,Books,Biography,44397.09,3.0,10.0,Net Banking,Returned,3.8
ORD12119,2023-05-09,CUST1821,Aarnav Ravel, Hyderabad ,Telangana,PID325,Laptop,electronics,Laptop,6724.76,4.0,15.0,Net Banking,Delivered,2.3
ORD11649,2023-02-13,CUST1251,Abeer Dutt,JAIPUR,Rajasthan,PID540,Jacket,fashion,Jacket,73917.9,2.0,25.0,Debit Card,Delivered,1.3
ORD10151,2024-05-02,CUST1117,Gaurangi Gole,Indore,Madhya Pradesh,PID111,Smartphone,electronics,Smartphone,12879.51,2.0,25.0,UPI,Delivered,3.9
ORD13895,2024-03-20,CUST1649,Aradhana Sarna, Lucknow ,Uttar Pradesh,PID427,Cricket Bat,SPORTS,Cricket Bat,14951.75,3.0,10.0,Credit Card,Delivered,4.3
ORD13087,2024-09-03,CUST1554,Pallavi Keer,indore,Madhya Pradesh,PID302,Lipstick,Beauty,Lipstick,56917.5,5.0,20.0,Debit Card,Delivered,3.7
ORD12020,2023-08-06,CUST1860,Meera Mangal, Hyderabad ,Telangana,PID533,Bluetooth Speaker,electronics,Bluetooth Speaker,39759.13,5.0,15.0,Cash on Delivery,Delivered,3.5
ORD14284,2023-06-04,CUST1531,Gaurang Bedi,HYDERABAD,Telangana,PID115,Dumbbells,Sports,Dumbbells,6677.31,1.0,5.0,Credit Card,,4.6
ORD14062,2023-06-12,CUST1007,Brijesh Palla, Lucknow ,Uttar Pradesh,PID400,Cricket Bat,Sports,Cricket Bat,44310.9,4.0,20.0,Credit Card,Returned,1.3
ORD13503,2023-09-23,CUST1848,Ekaraj De,Hyderabad,Telangana,PID325,Tablet,electronics,Tablet,57942.76,1.0,0.0,Credit Card,,1.2
ORD12167,2023-04-27,CUST1118,Qarin Pingle, Hyderabad ,Telangana,PID158,Jeans,fashion,Jeans,76516.75,2.0,40.0,Cash on Delivery,Delivered,1.3
ORD12510,2024-10-13,CUST1398,Abha Raja,Ahmedabad,Gujarat,PID265,Biography,BOOKS,Biography,74038.76,4.0,15.0,UPI,Returned,4.6
ORD14003,2024-11-21,CUST1429,Suhani Arya,Mumbai,Maharashtra,PID482,T-Shirt,FASHION,T-Shirt,9951.35,2.0,10.0,Debit Card,Delivered,1.9
ORD11137,2023-09-15,CUST1438,Unnati Sarma,surat,Gujarat,PID468,Biography,Books,Biography,32978.95,4.0,25.0,,Delivered,4.2
ORD12305,2023-06-11,CUST1930,Dayita Bhat,Chennai,Tamil Nadu,PID468,Jacket,FASHION,Jacket,982.96,2.0,40.0,Debit Card,Delivered,
ORD12555,2024-10-14,CUST1998,Diya Deol,bangalore,Karnataka,PID383,Cricket Bat,SPORTS,Cricket Bat,47145.78,1.0,20.0,Debit Card,Delivered,4.9
ORD13124,2023-07-26,CUST1113,Finn Kar,Ahmedabad,Gujarat,PID393,Lipstick,BEAUTY,Lipstick,42844.05,1.0,5.0,UPI,Cancelled,3.5
ORD14620,2024-03-06,CUST1846,Anamika Samra, Bangalore ,Karnataka,PID557,Perfume,beauty,Perfume,58026.42,1.0,30.0,,Returned,1.2
ORD11219,2023-04-03,CUST1840,Kashvi Kala,lucknow,Uttar Pradesh,PID292,Cookware Set,HOME & KITCHEN,Cookware Set,-5572.77,3.0,30.0,Credit Card,Delivered,4.8
ORD14243,2023-11-08,CUST1608,Thomas Baral,ahmedabad,Gujarat,PID472,Jeans,FASHION,Jeans,78959.14,5.0,20.0,Net Banking,Returned,2.6
ORD13534,2024-01-08,CUST1332,Jeremiah Khurana,Surat,Gujarat,PID249,Textbook,books,Textbook,52724.5,4.0,15.0,Cash on Delivery,Delivered,3.8
ORD14962,2023-09-14,CUST1465,Ishwar Dave,lucknow,Uttar Pradesh,PID165,T-Shirt,FASHION,T-Shirt,60427.16,3.0,25.0,Credit Card,Delivered,1.2
ORD11087,2024-07-07,CUST1368,Nimrat Dugal,Ahmedabad,Gujarat,PID329,Kurta,FASHION,Kurta,34528.86,3.0,10.0,Cash on Delivery,Delivered,2.3
ORD13739,2023-07-30,CUST1885,Balveer Pai,SURAT,Gujarat,PID481,Saree,FASHION,Saree,41899.4,1.0,5.0,Credit Card,Cancelled,3.0
ORD12417,2023-04-07,CUST1486,Advaith Nair,Pune,Maharashtra,PID143,T-Shirt,Fashion,T-Shirt,66930.22,2.0,30.0,Credit Card,Delivered,4.6
ORD14824,2023-04-16,CUST1400,Yash Rana, Mumbai ,Maharashtra,PID331,Cookware Set,home & kitchen,Cookware Set,8349.79,3.0,0.0,Credit Card,,4.3
ORD12262,2023-09-08,CUST1054,Mugdha Sekhon,indore,Madhya Pradesh,PID273,Football,SPORTS,Football,67137.28,2.0,10.0,Debit Card,,4.9
ORD14668,2023-03-10,CUST1554,Nathaniel Sharma, Mumbai ,Maharashtra,PID230,Yoga Mat,SPORTS,Yoga Mat,47477.85,5.0,15.0,Net Banking,Delayed,3.4
ORD12274,2023-02-14,CUST1605,Yuvraj Chopra,mumbai,Maharashtra,PID109,Bluetooth Speaker,ELECTRONICS,Bluetooth Speaker,46103.79,4.0,30.0,Cash on Delivery,Delivered,4.2
ORD14887,2023-04-26,CUST1897,Praneel Sarin,kolkata,West Bengal,PID250,Perfume,BEAUTY,Perfume,22209.62,4.0,40.0,Net Banking,Cancelled,1.8
ORD12117,2024-04-13,CUST1145,Siya Sibal,bangalore,Karnataka,PID461,Shampoo,Beauty,Shampoo,89012.31,1.0,25.0,Net Banking,Delivered,4.5
ORD13622,2024-08-22,CUST1359,Vrinda Agarwal, Delhi ,Delhi,PID544,Saree,FASHION,Saree,54126.72,1.0,25.0,UPI,Delivered,2.4
ORD10421,2023-04-02,CUST1511,Aashi Issac,Lucknow,Uttar Pradesh,PID546,Novel,Books,Novel,16266.59,3.0,10.0,UPI,Delivered,3.1
ORD10762,2023-07-10,CUST1876,Ikshita Bandi,Jaipur,Rajasthan,PID275,Comic,books,Comic,39671.69,5.0,25.0,Net Banking,Delayed,4.2
ORD14506,2023-06-02,CUST1008,Advik Soman,Bangalore,Karnataka,PID189,Cricket Bat,Sports,Cricket Bat,67580.24,4.0,25.0,Debit Card,,2.3
ORD12776,2024-02-08,CUST1560,Omya Kata,Pune,Maharashtra,PID227,Tablet,ELECTRONICS,Tablet,78676.79,3.0,20.0,Debit Card,Delivered,2.1
ORD12573,2024-03-18,CUST1339,Chavvi Bakshi, Surat ,Gujarat,PID395,Tablet,Electronics,Tablet,34098.16,1.0,0.0,Cash on Delivery,,
ORD12677,2024-10-10,CUST1615,Oviya Bala,Lucknow,Uttar Pradesh,PID186,Bluetooth Speaker,Electronics,Bluetooth Speaker,-14786.53,4.0,20.0,Net Banking,Delivered,3.1
ORD10341,2023-02-04,CUST1081,Niharika Yohannan, Lucknow ,Uttar Pradesh,PID172,Novel,books,Novel,44909.4,3.0,25.0,UPI,Cancelled,3.3
ORD12807,19/02/2024,CUST1532,Hredhaan Balay, Bangalore ,Karnataka,PID373,Jacket,fashion,Jacket,-72227.96,2.0,5.0,Cash on Delivery,Delivered,
ORD14871,2023-07-10,CUST1050,Pranav Dubey,Hyderabad,Telangana,PID280,Bluetooth Speaker,Electronics,Bluetooth Speaker,10962.05,5.0,15.0,Cash on Delivery,,1.9
ORD12857,2023-11-24,CUST1506,Theodore D’Alia, Ahmedabad ,Gujarat,PID549,Novel,Books,Novel,23182.59,1.0,0.0,,,1.3
ORD10885,2024-10-17,CUST1612,Gauri Palan, Chennai ,Tamil Nadu,PID250,Dumbbells,Sports,Dumbbells,79432.15,1.0,10.0,Cash on Delivery,Delayed,
ORD11448,2023-08-18,CUST1472,Tanish Mallick,LUCKNOW,Uttar Pradesh,PID145,Textbook,books,Textbook,54816.4,1.0,25.0,Net Banking,Returned,3.0
ORD13396,2023-08-01,CUST1639,Vihaan Mani,PUNE,Maharashtra,PID445,Jacket,Fashion,Jacket,18421.95,5.0,0.0,Net Banking,Delivered,
ORD12104,2024-07-27,CUST1487,Yuvraj Narula,chennai,Tamil Nadu,PID418,Face Wash,Beauty,Face Wash,81248.96,1.0,0.0,Credit Card,Delivered,1.8
ORD10393,2023-05-07,CUST1739,Patrick Dhingra,chennai,Tamil Nadu,PID120,Laptop,electronics,Laptop,88319.91,4.0,25.0,Debit Card,Returned,3.1
ORD11537,2023-06-02,CUST1649,Max Choudhury,KOLKATA,West Bengal,PID387,Cricket Bat,Sports,Cricket Bat,24880.05,4.0,25.0,Cash on Delivery,Cancelled,1.6
ORD14839,2024-11-28,CUST1496,Zayan Patil,KOLKATA,West Bengal,PID157,Bluetooth Speaker,ELECTRONICS,Bluetooth Speaker,83270.96,4.0,25.0,UPI,,3.8
ORD13754,2023-05-11,CUST1264,Tamanna Krishnan,ahmedabad,Gujarat,PID564,Face Wash,beauty,Face Wash,57918.9,5.0,0.0,,Delayed,3.0
ORD11626,2023-09-01,CUST1605,Chaitaly Mishra,CHENNAI,Tamil Nadu,PID150,Dumbbells,sports,Dumbbells,55309.94,3.0,30.0,Debit Card,Delivered,2.2
ORD10099,2023-03-31,CUST1555,Yoshita Yohannan,Indore,Madhya Pradesh,PID248,Comic,books,Comic,82495.63,1.0,40.0,,Delivered,4.9
ORD10891,2024-08-31,CUST1962,Chaman Subramaniam,jaipur,Rajasthan,PID360,Water Bottle,HOME & KITCHEN,Water Bottle,49381.09,3.0,20.0,Cash on Delivery,Delayed,2.0
ORD12001,2024-09-21,CUST1961,Charvi Din,Delhi,Delhi,PID389,Cookware Set,home & kitchen,Cookware Set,72962.07,3.0,15.0,Net Banking,,4.8
ORD11040,2023-03-08,CUST1593,Omkaar Date,INDORE,Madhya Pradesh,PID489,Textbook,BOOKS,Textbook,23945.1,4.0,10.0,Cash on Delivery,Delivered,1.6
ORD10349,11/03/2023,CUST1290,Laksh Mander,JAIPUR,Rajasthan,PID228,Yoga Mat,sports,Yoga Mat,30465.98,0.0,0.0,Cash on Delivery,Delivered,1.4
ORD14699,2024-09-06,CUST1503,Eesha Das,INDORE,Madhya Pradesh,PID327,Sunscreen,BEAUTY,Sunscreen,47039.69,2.0,5.0,Debit Card,Delayed,1.2
ORD14720,2024-06-20,CUST1418,Janani Dhingra,JAIPUR,Rajasthan,PID392,Kurta,fashion,Kurta,88435.01,4.0,15.0,Debit Card,Cancelled,2.2
ORD13195,2024-03-02,CUST1438,Omkaar Murthy,Hyderabad,Telangana,PID261,Mixer Grinder,home & kitchen,Mixer Grinder,43405.87,4.0,10.0,,Delivered,4.8
ORD11063,2024-05-01,CUST1702,Diya Lata,Hyderabad,Telangana,PID433,Bedsheet,home & kitchen,Bedsheet,38560.65,5.0,5.0,Net Banking,Delivered,1.9
ORD11527,2024-12-15,CUST1848,Fariq Ratti,BANGALORE,Karnataka,PID541,Laptop,Electronics,Laptop,60742.96,5.0,40.0,Debit Card,Returned,4.1
ORD14714,2024-10-24,CUST1325,Chavvi Mangal,Delhi,Delhi,PID372,Water Bottle,home & kitchen,Water Bottle,7589.51,4.0,25.0,Credit Card,Delayed,4.5
ORD12640,2024-06-16,CUST1537,Krisha Sharaf,Indore,Madhya Pradesh,PID503,Textbook,books,Textbook,8567.93,2.0,15.0,,Delivered,1.0
ORD12377,2024-09-12,CUST1560,Agastya Pandey,indore,Madhya Pradesh,PID224,Smartwatch,ELECTRONICS,Smartwatch,62884.58,2.0,30.0,Net Banking,Delivered,1.7
ORD10671,2024-12-24,CUST1861,Advika Kunda,chennai,Tamil Nadu,PID385,Cricket Bat,Sports,Cricket Bat,14231.94,5.0,5.0,UPI,Returned,
ORD10714,2023-10-09,CUST1078,Jatin Bains, Ahmedabad ,Gujarat,PID267,Biography,Books,Biography,15894.74,2.0,30.0,,,2.8
ORD12266,2024-02-06,CUST1349,Dev Char,indore,Madhya Pradesh,PID288,Mixer Grinder,HOME & KITCHEN,Mixer Grinder,86676.62,2.0,0.0,,Delivered,2.0
ORD14346,2023-09-05,CUST1047,Thomas Joshi,HYDERABAD,Telangana,PID418,Bluetooth Speaker,Electronics,Bluetooth Speaker,46391.02,4.0,40.0,UPI,Delivered,1.9
ORD11259,2023-05-30,CUST1743,Akshay Pal,Pune,Maharashtra,PID314,Smartphone,ELECTRONICS,Smartphone,87750.81,5.0,20.0,Credit Card,Delivered,2.3
ORD10417,2023-01-15,CUST1229,Balhaar Goel, Lucknow ,Uttar Pradesh,PID465,Smartwatch,Electronics,Smartwatch,38686.97,3.0,5.0,Cash on Delivery,,2.7
ORD13119,2024-11-08,CUST1015,Ikshita Singh, Jaipur ,Rajasthan,PID370,Dumbbells,SPORTS,Dumbbells,14569.04,3.0,20.0,Debit Card,Returned,1.9
ORD12288,2024-01-18,CUST1682,Azaan Chaudry,Chennai,Tamil Nadu,PID479,Textbook,Books,Textbook,-10659.46,3.0,40.0,Debit Card,Cancelled,4.7
ORD11338,02/07/2023,CUST1673,Ekiya Agarwal,surat,Gujarat,PID548,Yoga Mat,Sports,Yoga Mat,22889.4,4.0,5.0,,Delivered,4.0
ORD12537,2023-04-12,CUST1946,Henry Raman, Bangalore ,Karnataka,PID575,Lipstick,beauty,Lipstick,88443.46,1.0,0.0,Net Banking,Delivered,4.1
ORD14350,2024-04-21,CUST1641,Gaurang Minhas,Bangalore,Karnataka,PID230,Biography,books,Biography,4310.29,4.0,40.0,Credit Card,,4.1
ORD13821,2023-01-04,CUST1417,Oviya Dugar,hyderabad,Telangana,PID463,Bedsheet,HOME & KITCHEN,Bedsheet,64812.97,1.0,5.0,Cash on Delivery,Cancelled,4.1
ORD11209,2023-06-17,CUST1174,Ranveer Bail,lucknow,Uttar Pradesh,PID433,Tablet,ELECTRONICS,Tablet,49936.21,5.0,25.0,,Cancelled,1.3
ORD12456,2023-10-12,CUST1457,Hemang Bail,Mumbai,Maharashtra,PID234,Football,sports,Football,82847.33,4.0,20.0,,Returned,2.3
ORD14637,2024-11-11,CUST1122,Mason Saha,bangalore,Karnataka,PID172,Dumbbells,Sports,Dumbbells,83832.32,2.0,15.0,Credit Card,Delivered,
ORD12943,2023-08-30,CUST1492,Logan Saran, Lucknow ,Uttar Pradesh,PID215,Yoga Mat,sports,Yoga Mat,60788.26,4.0,25.0,UPI,Delivered,3.6
ORD14268,2023-03-03,CUST1054,Tarak Badami,Kolkata,West Bengal,PID468,Sunscreen,beauty,Sunscreen,44997.85,3.0,25.0,Credit Card,Delayed,2.8
ORD14461,2023-09-24,CUST1439,Brijesh Mody, Delhi ,Delhi,PID526,Laptop,electronics,Laptop,39412.93,4.0,15.0,Debit Card,,3.1
ORD14908,2023-04-14,CUST1366,Amaira Date, Jaipur ,Rajasthan,PID272,Kurta,Fashion,Kurta,57622.96,3.0,25.0,,Cancelled,4.3
ORD11662,2024-11-11,CUST1202,Bhavya Balasubramanian,PUNE,Maharashtra,PID504,Cricket Bat,SPORTS,Cricket Bat,81362.31,3.0,15.0,Cash on Delivery,Delayed,4.2
ORD10573,2023-05-31,CUST1783,Jairaj Wason, Indore ,Madhya Pradesh,PID193,Mixer Grinder,Home & Kitchen,Mixer Grinder,9674.98,5.0,0.0,Net Banking,,
ORD12164,2023-07-19,CUST1786,Rehaan Choudhary,Mumbai,Maharashtra,PID102,Cookware Set,HOME & KITCHEN,Cookware Set,680.46,3.0,5.0,,Delivered,4.3
ORD10735,2023-05-16,CUST1100,Damyanti Shroff, Mumbai ,Maharashtra,PID374,Lipstick,BEAUTY,Lipstick,88147.07,2.0,5.0,Net Banking,,1.2
ORD13220,2024-02-18,CUST1094,Hritik Dara, Mumbai ,Maharashtra,PID372,Cookware Set,HOME & KITCHEN,Cookware Set,29846.43,3.0,20.0,Debit Card,,4.3
ORD11748,2023-08-18,CUST1500,Tanish Srinivas,Bangalore,Karnataka,PID573,Mixer Grinder,HOME & KITCHEN,Mixer Grinder,73451.46,1.0,0.0,Credit Card,Delivered,4.0
ORD13659,2023-12-10,CUST1879,Advaith Dixit,lucknow,Uttar Pradesh,PID260,Comic,books,Comic,74273.97,5.0,30.0,Debit Card,Delivered,3.2
ORD13779,2023-06-24,CUST1670,Kevin Sur,Kolkata,West Bengal,PID422,Textbook,books,Textbook,20712.41,1.0,20.0,Debit Card,Delayed,2.3
ORD13946,2023-09-22,CUST1798,Ira Konda,Lucknow,Uttar Pradesh,PID330,Bluetooth Speaker,Electronics,Bluetooth Speaker,14543.66,4.0,0.0,Credit Card,Delivered,4.0
ORD14660,2023-05-13,CUST1273,Rehaan Mody,Lucknow,Uttar Pradesh,PID220,Cookware Set,HOME & KITCHEN,Cookware Set,67242.92,2.0,25.0,Cash on Delivery,Delivered,3.9
ORD10401,2024-02-26,CUST1067,Faraj Ravi,Mumbai,Maharashtra,PID544,Water Bottle,home & kitchen,Water Bottle,68902.68,4.0,25.0,,Delivered,3.6
ORD14928,2023-10-24,CUST1588,Yashica Apte,Bangalore,Karnataka,PID246,Cookware Set,home & kitchen,Cookware Set,48918.18,1.0,10.0,Cash on Delivery,Delivered,2.5
ORD14543,2023-01-31,CUST1571,Janaki Varkey,surat,Gujarat,PID337,Comic,books,Comic,54605.03,2.0,30.0,,Delayed,2.6
ORD11115,2024-11-01,CUST1752,Simon Ram,Hyderabad,Telangana,PID352,Smartphone,electronics,Smartphone,87183.87,2.0,25.0,UPI,Returned,2.3
ORD10399,2024-12-24,CUST1691,Chaaya Mander,Kolkata,West Bengal,PID351,Smartwatch,electronics,Smartwatch,28413.14,1.0,20.0,Cash on Delivery,Delayed,2.7
ORD12331,2023-03-23,CUST1759,Maya Agarwal,surat,Gujarat,PID339,Shampoo,Beauty,Shampoo,43848.76,2.0,5.0,Credit Card,Cancelled,
ORD11611,2024-08-07,CUST1518,Irya Vasa,ahmedabad,Gujarat,PID176,Air Fryer,home & kitchen,Air Fryer,58708.9,1.0,0.0,Debit Card,Delayed,4.0
ORD12092,2023-02-19,CUST1559,Daksh Date, Pune ,Maharashtra,PID322,Water Bottle,HOME & KITCHEN,Water Bottle,23919.22,4.0,0.0,Net Banking,Delivered,2.5
ORD12030,2023-10-16,CUST1563,Charvi Mangal,delhi,Delhi,PID257,Water Bottle,home & kitchen,Water Bottle,49657.06,4.0,40.0,Net Banking,Cancelled,3.4
ORD10994,2023-07-01,CUST1061,Yachana Seth, Surat ,Gujarat,PID409,Jacket,fashion,Jacket,72244.07,1.0,25.0,UPI,Returned,3.5
ORD11311,2023-05-18,CUST1711,Abha Rai, Mumbai ,Maharashtra,PID123,Novel,Books,Novel,66398.55,3.0,10.0,Net Banking,Delivered,4.3
ORD10815,2024-02-21,CUST1288,Chavvi Aggarwal,PUNE,Maharashtra,PID236,Shampoo,BEAUTY,Shampoo,3383.09,3.0,30.0,Debit Card,Cancelled,1.5
ORD10020,2024-08-19,CUST1215,Samarth Bahl,Jaipur,Rajasthan,PID449,Dumbbells,SPORTS,Dumbbells,63554.22,2.0,25.0,Debit Card,,
ORD12153,2023-08-24,CUST1219,Januja Nazareth, Chennai ,Tamil Nadu,PID129,Bedsheet,HOME & KITCHEN,Bedsheet,43274.15,2.0,10.0,Debit Card,Delivered,2.7
ORD11732,2023-09-03,CUST1387,Max Singhal,BANGALORE,Karnataka,PID353,Saree,Fashion,Saree,1610.74,3.0,15.0,Credit Card,Delivered,3.8
ORD10892,2024-07-22,CUST1714,Caleb Tandon,INDORE,Madhya Pradesh,PID377,Air Fryer,Home & Kitchen,Air Fryer,89219.46,3.0,10.0,Credit Card,Delayed,4.1
ORD10649,2024-01-11,CUST1554,Victor Khalsa,indore,Madhya Pradesh,PID357,Sneakers,fashion,Sneakers,66209.39,2.0,20.0,Net Banking,Delivered,2.2
ORD14316,2024-07-02,CUST1689,Viraj Peri,indore,Madhya Pradesh,PID213,Yoga Mat,SPORTS,Yoga Mat,82807.54,3.0,10.0,,Cancelled,1.0
ORD14867,2024-09-25,CUST1120,Samarth Bajwa,Kolkata,West Bengal,PID541,Novel,Books,Novel,4954.76,5.0,15.0,Credit Card,Delivered,5.0
ORD14789,13/02/2024,CUST1734,Naveen Bal,Pune,Maharashtra,PID216,Smartwatch,ELECTRONICS,Smartwatch,73254.73,3.0,10.0,,Delivered,4.0
ORD11036,2023-11-03,CUST1836,Amaira Grover, Chennai ,Tamil Nadu,PID402,Shampoo,beauty,Shampoo,42673.78,2.0,5.0,UPI,Delivered,1.4
ORD12411,2024-04-17,CUST1138,Kabir Gupta,LUCKNOW,Uttar Pradesh,PID394,Air Fryer,Home & Kitchen,Air Fryer,47180.69,2.0,10.0,Credit Card,Delivered,1.5
ORD10220,2023-06-28,CUST1118,Indira Cherian, Hyderabad ,Telangana,PID148,Cricket Bat,sports,Cricket Bat,58043.66,3.0,5.0,,Delivered,4.4
ORD12015,2024-01-28,CUST1588,Chandran Yohannan,mumbai,Maharashtra,PID511,Sunscreen,Beauty,Sunscreen,28830.73,2.0,5.0,Credit Card,Delivered,3.8
ORD10281,2023-09-27,CUST1664,Jacob Choudhary,pune,Maharashtra,PID480,Sunscreen,BEAUTY,Sunscreen,35618.47,4.0,15.0,Net Banking,,3.5
ORD14784,2024-04-13,CUST1415,Anamika Ram,Hyderabad,Telangana,PID195,Textbook,BOOKS,Textbook,11950.54,5.0,20.0,Debit Card,Delivered,1.7
ORD10134,2023-06-06,CUST1781,Banjeet Venkataraman,indore,Madhya Pradesh,PID520,Textbook,BOOKS,Textbook,13261.16,5.0,20.0,Credit Card,Delayed,1.9
ORD14204,2023-09-28,CUST1996,Harini Bera, Pune ,Maharashtra,PID533,Sunscreen,beauty,Sunscreen,86491.82,4.0,5.0,UPI,Delivered,1.9
ORD13093,2024-12-15,CUST1066,Urishilla Edwin,Lucknow,Uttar Pradesh,PID546,Smartphone,ELECTRONICS,Smartphone,56029.13,4.0,10.0,Debit Card,Returned,3.6
ORD14538,2023-02-07,CUST1356,Logan Prabhakar, Pune ,Maharashtra,PID180,Shampoo,BEAUTY,Shampoo,84820.23,5.0,25.0,,Delivered,
ORD10739,2023-04-16,CUST1196,Madhav Roy,ahmedabad,Gujarat,PID492,Textbook,Books,Textbook,70124.44,5.0,40.0,,Delivered,4.7
ORD11375,2024-01-10,CUST1740,Timothy Vyas,Ahmedabad,Gujarat,PID335,Laptop,ELECTRONICS,Laptop,53227.15,1.0,20.0,Cash on Delivery,Cancelled,3.7
ORD13332,2024-12-07,CUST1883,Nikita Bahl, Delhi ,Delhi,PID514,Shampoo,BEAUTY,Shampoo,9352.26,2.0,25.0,Cash on Delivery,Delivered,3.8
ORD13545,2023-05-15,CUST1861,Tara Gala,pune,Maharashtra,PID298,Kurta,FASHION,Kurta,63603.3,2.0,0.0,Credit Card,Returned,3.2
ORD14505,2023-05-14,CUST1132,Aarush Varghese, Surat ,Gujarat,PID554,Sneakers,fashion,Sneakers,78654.56,5.0,20.0,Debit Card,Cancelled,2.5
ORD13800,2023-07-12,CUST1165,Hamsini Mital, Lucknow ,Uttar Pradesh,PID109,Biography,Books,Biography,51362.64,5.0,5.0,,Cancelled,3.6
ORD11733,2024-11-20,CUST1978,Rushil Guha,DELHI,Delhi,PID518,Dumbbells,SPORTS,Dumbbells,53332.46,3.0,40.0,,Delivered,4.4
ORD10001,2024-08-27,CUST1203,Atharv Malhotra,Mumbai,Maharashtra,PID466,Cricket Bat,sports,Cricket Bat,66778.31,1.0,5.0,Net Banking,Cancelled,1.1
ORD14695,2023-05-25,CUST1131,Aadhya Tandon,JAIPUR,Rajasthan,PID125,Tablet,ELECTRONICS,Tablet,68400.12,1.0,40.0,Cash on Delivery,Delivered,1.1
ORD14400,2023-08-18,CUST1921,Harish Nori,Bangalore,Karnataka,PID154,Sunscreen,Beauty,Sunscreen,40629.51,5.0,0.0,Credit Card,Cancelled,1.5
ORD13574,2023-08-18,CUST1799,Faraj Lanka,hyderabad,Telangana,PID453,Saree,fashion,Saree,9236.26,4.0,5.0,,Delivered,1.9
ORD10601,2024-09-20,CUST1030,George Narasimhan,LUCKNOW,Uttar Pradesh,PID374,Jacket,fashion,Jacket,56864.52,3.0,40.0,Debit Card,Delivered,1.0
ORD10702,2024-08-23,CUST1367,Alexander Golla,Ahmedabad,Gujarat,PID545,Kurta,fashion,Kurta,42171.78,2.0,40.0,UPI,Delivered,3.3
ORD12115,13/07/2024,CUST1352,Dalaja Gole,SURAT,Gujarat,PID134,Bedsheet,HOME & KITCHEN,Bedsheet,60349.03,3.0,40.0,Cash on Delivery,Returned,2.8
ORD14109,2024-10-16,CUST1096,Lekha Suresh,PUNE,Maharashtra,PID173,Dumbbells,Sports,Dumbbells,12674.42,5.0,5.0,Net Banking,Returned,4.2
ORD11772,2024-02-07,CUST1298,Jhalak Ganesh,pune,Maharashtra,PID473,Yoga Mat,sports,Yoga Mat,86691.3,5.0,25.0,UPI,Delivered,2.9
ORD11954,2024-05-02,CUST1853,Meera Sen,Indore,Madhya Pradesh,PID497,Lipstick,Beauty,Lipstick,35539.85,4.0,40.0,Net Banking,Delayed,3.3
ORD11392,2024-02-15,CUST1025,Hemangini Sahota,indore,Madhya Pradesh,PID485,Smartwatch,ELECTRONICS,Smartwatch,7071.59,3.0,25.0,Net Banking,,4.0
ORD14102,2024-12-05,CUST1433,Yochana Rau,INDORE,Madhya Pradesh,PID377,Saree,fashion,Saree,11364.62,1.0,0.0,Net Banking,Cancelled,
ORD14203,2024-09-15,CUST1640,Maya Krishna,Ahmedabad,Gujarat,PID585,Bluetooth Speaker,Electronics,Bluetooth Speaker,36562.71,3.0,40.0,Debit Card,,1.8
ORD13666,2024-08-10,CUST1206,Kevin Trivedi,Lucknow,Uttar Pradesh,PID393,Cricket Bat,SPORTS,Cricket Bat,78021.18,4.0,40.0,UPI,Cancelled,1.4
ORD10855,2024-04-19,CUST1599,Suhani Mukherjee,Surat,Gujarat,PID160,Smartphone,ELECTRONICS,Smartphone,11685.32,5.0,10.0,Net Banking,Returned,3.3
ORD10488,2024-08-04,CUST1209,Chasmum Aurora, Ahmedabad ,Gujarat,PID585,Bedsheet,HOME & KITCHEN,Bedsheet,37810.39,5.0,0.0,Debit Card,Cancelled,4.7
ORD11442,2023-09-11,CUST1677,Avni Dar,LUCKNOW,Uttar Pradesh,PID393,Kurta,FASHION,Kurta,46153.09,1.0,25.0,,,2.8
ORD14820,2023-07-22,CUST1379,Upkaar Sachar,CHENNAI,Tamil Nadu,PID442,Face Wash,BEAUTY,Face Wash,79638.93,4.0,25.0,Credit Card,Returned,3.7
ORD13833,2024-07-07,CUST1239,Lopa Ganesh,BANGALORE,Karnataka,PID262,Jeans,FASHION,Jeans,17643.84,1.0,10.0,UPI,Delivered,4.5
ORD13334,2023-03-09,CUST1858,Aahana Magar, Indore ,Madhya Pradesh,PID506,Jacket,Fashion,Jacket,32100.17,5.0,10.0,Net Banking,Delivered,2.3
ORD13982,2024-10-07,CUST1892,Hardik Thakkar, Bangalore ,Karnataka,PID384,Yoga Mat,sports,Yoga Mat,3031.65,5.0,10.0,Cash on Delivery,Cancelled,4.9
ORD11273,2024-05-30,CUST1828,Widisha Rattan, Indore ,Madhya Pradesh,PID514,Jacket,fashion,Jacket,62581.21,5.0,20.0,UPI,Returned,1.1
ORD11556,2023-10-20,CUST1446,Lavanya Sharaf,kolkata,West Bengal,PID552,Shampoo,Beauty,Shampoo,16754.76,3.0,0.0,,Delivered,1.8
ORD14307,2023-07-11,CUST1529,Hamsini Mammen,AHMEDABAD,Gujarat,PID337,T-Shirt,fashion,T-Shirt,24174.94,1.0,15.0,Credit Card,Delayed,2.6
ORD14228,2023-08-15,CUST1433,Jason Subramanian,HYDERABAD,Telangana,PID284,Air Fryer,home & kitchen,Air Fryer,0.0,1.0,15.0,Credit Card,Returned,2.3
ORD13523,2024-05-11,CUST1834,Aarna Soni,lucknow,Uttar Pradesh,PID366,Face Wash,BEAUTY,Face Wash,79640.1,1.0,10.0,Debit Card,Delivered,2.5
ORD12036,2024-11-16,CUST1706,Janaki Panchal,Indore,Madhya Pradesh,PID269,Shampoo,Beauty,Shampoo,43504.06,3.0,10.0,Debit Card,Delivered,2.2
ORD10414,12/12/2024,CUST1410,Qadim Maharaj,INDORE,Madhya Pradesh,PID202,Laptop,Electronics,Laptop,23598.16,5.0,40.0,,Delayed,1.2
ORD13492,2024-12-02,CUST1785,Lakshmi Sant, Bangalore ,Karnataka,PID526,Saree,fashion,Saree,69617.31,0.0,0.0,Credit Card,Delayed,2.0
ORD12750,2024-10-17,CUST1379,Yahvi Prasad, Surat ,Gujarat,PID263,Biography,Books,Biography,28728.34,4.0,0.0,UPI,Delivered,4.4
ORD14553,2024-03-20,CUST1150,Vasatika Karpe, Jaipur ,Rajasthan,PID367,Tablet,ELECTRONICS,Tablet,11417.62,1.0,40.0,Net Banking,,4.1
ORD14990,2024-12-13,CUST1912,Raksha Raju,Surat,Gujarat,PID301,Dumbbells,SPORTS,Dumbbells,26204.2,3.0,15.0,Net Banking,,3.3
ORD11189,2023-03-06,CUST1800,Lila Pai,Lucknow,Uttar Pradesh,PID404,Saree,fashion,Saree,2169.36,5.0,20.0,UPI,Cancelled,3.3
ORD11083,2024-07-29,CUST1607,Unni Pingle, Kolkata ,West Bengal,PID384,Smartphone,ELECTRONICS,Smartphone,23189.85,1.0,20.0,,Delivered,3.8
ORD14877,2024-04-20,CUST1973,Omya Krish,Bangalore,Karnataka,PID389,Biography,books,Biography,31256.8,4.0,5.0,,Delivered,3.8
ORD11180,2024-03-08,CUST1356,Odika Vaidya,Bangalore,Karnataka,PID579,Bluetooth Speaker,Electronics,Bluetooth Speaker,46304.8,1.0,30.0,,Delivered,4.0
ORD12002,2024-11-08,CUST1392,Zaid Tank,LUCKNOW,Uttar Pradesh,PID386,Perfume,BEAUTY,Perfume,35065.8,5.0,5.0,Credit Card,Delivered,1.7
ORD10037,2024-09-22,CUST1872,Chakradhar Lalla,chennai,Tamil Nadu,PID225,Smartwatch,ELECTRONICS,Smartwatch,57257.32,4.0,20.0,Cash on Delivery,,3.2
ORD13401,2024-09-14,CUST1235,Vihaan Naidu,bangalore,Karnataka,PID349,Smartphone,ELECTRONICS,Smartphone,86411.73,3.0,5.0,Net Banking,,2.3
ORD10590,2024-03-06,CUST1995,Harsh Saxena,SURAT,Gujarat,PID447,Lipstick,Beauty,Lipstick,40522.18,2.0,15.0,Credit Card,Delivered,4.1
ORD14147,2024-12-18,CUST1472,Bishakha Kaul, Delhi ,Delhi,PID273,Cookware Set,home & kitchen,Cookware Set,51513.19,5.0,40.0,Net Banking,Returned,2.6
ORD11783,2023-06-28,CUST1089,Reva Hora,Ahmedabad,Gujarat,PID159,Football,Sports,Football,31583.26,3.0,30.0,Net Banking,Delivered,4.0
ORD14290,2024-04-20,CUST1384,Harish Kota,bangalore,Karnataka,PID337,Water Bottle,home & kitchen,Water Bottle,44060.46,4.0,10.0,Net Banking,Delivered,4.2
ORD10659,28/08/2024,CUST1387,Wahab Issac,kolkata,West Bengal,PID525,Football,Sports,Football,84831.79,3.0,10.0,Net Banking,Returned,3.4
ORD13990,2023-06-01,CUST1129,Samarth Kanda,INDORE,Madhya Pradesh,PID533,Jeans,Fashion,Jeans,37970.14,1.0,40.0,Credit Card,Returned,4.4
ORD10021,2023-06-16,CUST1821,Oeshi Khosla,delhi,Delhi,PID442,Jacket,FASHION,Jacket,31928.03,5.0,15.0,UPI,Delivered,4.2
ORD13019,2024-03-23,CUST1319,Samuel Varughese, Pune ,Maharashtra,PID532,Water Bottle,home & kitchen,Water Bottle,20850.66,4.0,40.0,,Cancelled,2.5
ORD14212,2024-02-23,CUST1615,Aarush Kale,surat,Gujarat,PID590,Kurta,Fashion,Kurta,57179.54,5.0,25.0,Net Banking,Returned,3.0
ORD12329,2023-05-17,CUST1682,Tripti Manne,SURAT,Gujarat,PID209,Face Wash,BEAUTY,Face Wash,87588.41,3.0,0.0,Debit Card,Delayed,3.6
ORD14225,2024-04-14,CUST1222,Omaja Bose,MUMBAI,Maharashtra,PID203,Dumbbells,sports,Dumbbells,56228.17,2.0,5.0,UPI,Delivered,3.8
ORD10541,2023-03-20,CUST1951,Om Uppal,hyderabad,Telangana,PID352,Textbook,books,Textbook,57261.83,3.0,5.0,UPI,Delivered,4.8
ORD13630,2024-07-01,CUST1726,Mitali Mohanty,Bangalore,Karnataka,PID215,Laptop,ELECTRONICS,Laptop,65795.53,4.0,0.0,UPI,,3.2
ORD12765,04/10/2023,CUST1267,Rushil Barad,JAIPUR,Rajasthan,PID477,Laptop,Electronics,Laptop,35900.92,2.0,5.0,Debit Card,Delivered,4.1
ORD14795,2024-01-09,CUST1765,Lakshmi Kade,LUCKNOW,Uttar Pradesh,PID261,Football,SPORTS,Football,75037.56,1.0,15.0,,Returned,4.9
ORD13088,2024-04-05,CUST1686,Lakshit Mangat, Indore ,Madhya Pradesh,PID464,Lipstick,BEAUTY,Lipstick,14010.34,5.0,0.0,Net Banking,,2.8
ORD11391,2023-07-29,CUST1397,Radha Suri,indore,Madhya Pradesh,PID367,Shampoo,Beauty,Shampoo,45435.81,5.0,10.0,UPI,Delivered,3.6
ORD11991,2023-04-26,CUST1347,Rehaan Ganguly,Kolkata,West Bengal,PID244,Jeans,Fashion,Jeans,13405.15,1.0,25.0,,,1.8
ORD12689,2023-08-23,CUST1698,Niharika Contractor,Hyderabad,Telangana,PID279,Saree,fashion,Saree,54688.92,4.0,15.0,Credit Card,Delivered,3.4
ORD10581,2023-06-06,CUST1888,Urmi Soman,mumbai,Maharashtra,PID596,Biography,books,Biography,80177.59,2.0,5.0,UPI,Delivered,5.0
ORD11707,2024-10-23,CUST1313,Gaurangi Basak,INDORE,Madhya Pradesh,PID201,Textbook,books,Textbook,6447.57,4.0,15.0,Debit Card,Delivered,4.2
ORD14315,2023-04-15,CUST1376,Nachiket Rama,LUCKNOW,Uttar Pradesh,PID223,Air Fryer,home & kitchen,Air Fryer,85096.28,1.0,0.0,Net Banking,Delivered,3.1
ORD14895,2024-10-23,CUST1101,Gaurang Brahmbhatt,DELHI,Delhi,PID367,Football,sports,Football,75631.17,1.0,5.0,Cash on Delivery,Delivered,4.9
ORD10480,2023-02-17,CUST1253,Vedhika Sharaf,AHMEDABAD,Gujarat,PID127,Jeans,FASHION,Jeans,17372.56,5.0,15.0,Debit Card,,3.3
ORD12751,2023-12-11,CUST1578,Pavani Vala,hyderabad,Telangana,PID545,Dumbbells,SPORTS,Dumbbells,5731.19,5.0,20.0,Cash on Delivery,Delayed,3.2
ORD14013,2023-04-20,CUST1648,Elijah Pillai,Surat,Gujarat,PID587,Sneakers,fashion,Sneakers,15681.04,3.0,20.0,,,2.0
ORD10064,2023-08-11,CUST1923,Mason Raj,surat,Gujarat,PID430,Sneakers,fashion,Sneakers,9047.09,3.0,25.0,UPI,Returned,4.8
ORD12528,2024-03-08,CUST1681,Bhavya Sridhar,indore,Madhya Pradesh,PID412,Headphones,Electronics,Headphones,77923.02,3.0,0.0,Credit Card,Delivered,1.3
ORD13550,2024-04-03,CUST1163,Saanvi Raja,Kolkata,West Bengal,PID107,Novel,Books,Novel,21022.42,1.0,5.0,,Delivered,2.9
ORD13252,2023-01-17,CUST1927,Chatresh Patla,kolkata,West Bengal,PID446,Jeans,fashion,Jeans,5021.68,3.0,25.0,Credit Card,Cancelled,1.8
ORD11421,2024-10-19,CUST1381,Robert Goda, Mumbai ,Maharashtra,PID135,Jacket,fashion,Jacket,12432.96,3.0,20.0,Debit Card,Delivered,4.3
ORD11122,2024-03-01,CUST1580,Tamanna Murty,Surat,Gujarat,PID311,Mixer Grinder,HOME & KITCHEN,Mixer Grinder,85836.08,2.0,10.0,Debit Card,Delivered,2.2
ORD10260,2023-05-22,CUST1219,Ira Om,BANGALORE,Karnataka,PID360,Biography,Books,Biography,33413.64,3.0,30.0,Cash on Delivery,,3.6
ORD10706,2023-04-03,CUST1352,Zansi Hegde, Ahmedabad ,Gujarat,PID151,Yoga Mat,Sports,Yoga Mat,79483.48,2.0,30.0,Debit Card,Delivered,1.6
ORD12842,2023-05-16,CUST1840,Radhika Arya,Indore,Madhya Pradesh,PID463,Bedsheet,HOME & KITCHEN,Bedsheet,27952.09,1.0,15.0,Net Banking,Delivered,4.4
ORD10440,2023-06-04,CUST1818,Patrick Vasa,Delhi,Delhi,PID334,Textbook,BOOKS,Textbook,50644.03,3.0,20.0,UPI,Returned,4.5
ORD12645,2023-07-08,CUST1607,Ishanvi Bhattacharyya,surat,Gujarat,PID262,Saree,Fashion,Saree,48673.2,1.0,10.0,Debit Card,Delayed,3.6
ORD13414,2023-12-01,CUST1784,Mohini Kapadia, Kolkata ,West Bengal,PID191,T-Shirt,Fashion,T-Shirt,14570.92,1.0,20.0,Debit Card,Delayed,
ORD14700,2023-11-06,CUST1028,Pranav Ramakrishnan,DELHI,Delhi,PID191,Perfume,beauty,Perfume,31313.23,2.0,15.0,UPI,Delivered,4.7
ORD10925,2024-10-22,CUST1274,Noah Tak,PUNE,Maharashtra,PID469,Air Fryer,Home & Kitchen,Air Fryer,24377.11,2.0,15.0,Net Banking,Returned,1.9
ORD13290,2024-02-14,CUST1291,Ikbal Chakraborty, Delhi ,Delhi,PID429,Yoga Mat,sports,Yoga Mat,48324.24,5.0,5.0,Credit Card,Cancelled,1.5
ORD14832,2023-10-11,CUST1572,Chandran Peri,indore,Madhya Pradesh,PID579,Perfume,Beauty,Perfume,33956.06,1.0,25.0,UPI,Returned,2.5
ORD13056,2023-01-13,CUST1456,Mohammed Pathak, Ahmedabad ,Gujarat,PID254,Bluetooth Speaker,ELECTRONICS,Bluetooth Speaker,25966.15,2.0,30.0,,Cancelled,2.2
ORD11985,2024-06-08,CUST1031,Vedika Walia,hyderabad,Telangana,PID361,Comic,books,Comic,23672.89,0.0,20.0,,,3.3
ORD11135,2024-06-28,CUST1497,Aditya Joshi,SURAT,Gujarat,PID442,Lipstick,Beauty,Lipstick,71163.47,1.0,5.0,Debit Card,Delivered,2.6
ORD11109,2024-12-13,CUST1095,Jai Comar,AHMEDABAD,Gujarat,PID313,Yoga Mat,sports,Yoga Mat,76735.92,3.0,10.0,UPI,,2.0
ORD12535,2023-04-28,CUST1629,Kavya Bala,Mumbai,Maharashtra,PID457,Comic,books,Comic,82954.64,4.0,0.0,Cash on Delivery,Delivered,2.8
ORD11807,2024-06-07,CUST1292,Manan Keer,Bangalore,Karnataka,PID417,Laptop,ELECTRONICS,Laptop,82780.04,5.0,10.0,Credit Card,Delayed,2.9
ORD14989,2023-10-22,CUST1056,Vasana Mane,Ahmedabad,Gujarat,PID524,Comic,Books,Comic,62399.19,1.0,40.0,,,4.2
ORD11948,2024-02-25,CUST1985,Noah Zacharia, Kolkata ,West Bengal,PID467,Air Fryer,HOME & KITCHEN,Air Fryer,0.0,1.0,30.0,UPI,Delivered,4.9
ORD10588,2024-12-14,CUST1740,Vrinda Sharma,CHENNAI,Tamil Nadu,PID441,Smartwatch,Electronics,Smartwatch,86708.41,4.0,10.0,UPI,Cancelled,4.7
ORD10769,2024-03-12,CUST1535,Sara Shah,hyderabad,Telangana,PID152,Football,Sports,Football,85461.49,3.0,40.0,Cash on Delivery,,4.5
ORD11983,2024-11-25,CUST1363,Zayan Manda,AHMEDABAD,Gujarat,PID544,Football,sports,Football,47435.06,5.0,10.0,Debit Card,,3.1
ORD11086,2024-04-03,CUST1310,Chandani Divan,BANGALORE,Karnataka,PID595,Kurta,fashion,Kurta,37947.82,5.0,30.0,Debit Card,Delivered,3.2
ORD14610,2023-11-25,CUST1188,Idika Cheema, Bangalore ,Karnataka,PID111,Perfume,beauty,Perfume,81024.72,3.0,30.0,Cash on Delivery,Delivered,4.6
ORD14896,2024-09-27,CUST1944,Timothy Murty,Surat,Gujarat,PID355,Cricket Bat,sports,Cricket Bat,69712.55,4.0,20.0,Credit Card,Delivered,1.7
ORD14055,2023-09-13,CUST1862,Arin Yohannan,Delhi,Delhi,PID464,Sneakers,fashion,Sneakers,76638.58,3.0,30.0,Credit Card,Returned,4.4
ORD11546,2023-11-04,CUST1351,Jack Brahmbhatt,bangalore,Karnataka,PID216,Smartwatch,Electronics,Smartwatch,30257.16,1.0,0.0,Net Banking,Delivered,1.1
ORD11525,2024-06-23,CUST1901,Zashil Narula,indore,Madhya Pradesh,PID582,Novel,books,Novel,469.1,5.0,10.0,Debit Card,Delivered,4.8
ORD13813,2024-02-05,CUST1390,Laban Ramesh,delhi,Delhi,PID206,Lipstick,Beauty,Lipstick,45163.67,3.0,10.0,Debit Card,Returned,
ORD10638,2023-04-18,CUST1256,Chandresh Natarajan,Delhi,Delhi,PID158,Jeans,fashion,Jeans,59923.7,3.0,15.0,Cash on Delivery,Delivered,1.7
ORD13152,2023-05-08,CUST1357,Nicholas Swamy,Surat,Gujarat,PID107,Mixer Grinder,home & kitchen,Mixer Grinder,51746.07,5.0,25.0,UPI,Delivered,2.2
ORD10333,2024-06-04,CUST1545,Pranav Prasad,Kolkata,West Bengal,PID336,Smartphone,ELECTRONICS,Smartphone,10292.9,3.0,10.0,Debit Card,Cancelled,4.3
ORD13830,2024-10-04,CUST1131,Ishani Parmer,LUCKNOW,Uttar Pradesh,PID510,Cookware Set,home & kitchen,Cookware Set,73913.81,3.0,40.0,UPI,Delivered,1.7
ORD11565,06/09/2024,CUST1493,Ishani Bhatt, Jaipur ,Rajasthan,PID194,Laptop,ELECTRONICS,Laptop,50945.82,4.0,30.0,Debit Card,Returned,4.0
ORD14321,2023-02-13,CUST1229,Indali Borah,Hyderabad,Telangana,PID261,Sneakers,FASHION,Sneakers,85606.7,5.0,40.0,Debit Card,Delayed,3.3
ORD11719,2024-02-14,CUST1725,Oliver Kadakia,Indore,Madhya Pradesh,PID145,Cookware Set,HOME & KITCHEN,Cookware Set,73731.02,3.0,5.0,UPI,,2.0
ORD12884,2023-08-10,CUST1052,Rachana Bhatnagar,PUNE,Maharashtra,PID240,Football,Sports,Football,28966.43,2.0,20.0,Credit Card,Delivered,1.6
ORD10063,2023-04-10,CUST1760,Owen Mand, Surat ,Gujarat,PID472,Perfume,beauty,Perfume,36835.38,3.0,5.0,Debit Card,Returned,3.2
ORD13715,2023-05-07,CUST1691,Jai Dewan,SURAT,Gujarat,PID206,Mixer Grinder,HOME & KITCHEN,Mixer Grinder,31061.74,4.0,30.0,Cash on Delivery,,3.0
ORD12728,2024-11-02,CUST1062,Guneet Borah, Ahmedabad ,Gujarat,PID539,Headphones,Electronics,Headphones,41127.41,5.0,10.0,Credit Card,Delivered,1.6
ORD10158,2024-07-13,CUST1895,Barkha Luthra,HYDERABAD,Telangana,PID116,Novel,BOOKS,Novel,69793.91,1.0,40.0,,,2.7
ORD10439,2024-01-03,CUST1440,Balvan Muni,Pune,Maharashtra,PID158,Face Wash,BEAUTY,Face Wash,84883.46,5.0,0.0,Net Banking,Delivered,2.4
ORD12406,2024-07-19,CUST1984,David Ranganathan,PUNE,Maharashtra,PID428,Laptop,ELECTRONICS,Laptop,82169.5,3.0,40.0,Debit Card,Delivered,1.5
ORD13229,2023-07-01,CUST1542,Jack Raval,BANGALORE,Karnataka,PID450,Smartwatch,electronics,Smartwatch,82984.26,3.0,40.0,Credit Card,Delivered,2.1
ORD14312,2023-03-27,CUST1247,Caleb Shanker,Bangalore,Karnataka,PID369,Perfume,BEAUTY,Perfume,4661.91,3.0,15.0,Credit Card,Delivered,2.7
ORD13894,2024-06-20,CUST1095,Ranveer Varma, Kolkata ,West Bengal,PID365,Dumbbells,Sports,Dumbbells,41993.96,3.0,15.0,,Delayed,4.2
ORD13806,2023-03-01,CUST1824,Zaid Bhatti, Ahmedabad ,Gujarat,PID144,Sunscreen,BEAUTY,Sunscreen,58724.84,2.0,40.0,Debit Card,,1.3
ORD14221,2023-08-08,CUST1182,Sai Patil, Indore ,Madhya Pradesh,PID158,Sneakers,Fashion,Sneakers,30708.85,1.0,40.0,,Delivered,1.4
ORD14651,2024-05-11,CUST1109,Chandran Gade,Bangalore,Karnataka,PID481,Lipstick,Beauty,Lipstick,24013.18,4.0,20.0,Credit Card,Delivered,2.0
ORD14135,2023-03-07,CUST1896,Vasatika Boase,Indore,Madhya Pradesh,PID135,T-Shirt,FASHION,T-Shirt,23016.06,3.0,10.0,,Delivered,
ORD14865,2023-01-07,CUST1722,Zehaan Pai,Surat,Gujarat,PID314,Sunscreen,BEAUTY,Sunscreen,68914.36,4.0,40.0,UPI,Delivered,
ORD11671,2023-11-28,CUST1212,Ishita Jha,SURAT,Gujarat,PID566,Air Fryer,home & kitchen,Air Fryer,12241.93,5.0,15.0,Credit Card,Delayed,1.2
ORD14092,2024-10-02,CUST1577,Lila Raman,surat,Gujarat,PID419,Textbook,Books,Textbook,19851.63,5.0,15.0,Credit Card,Delayed,
ORD13077,2024-10-24,CUST1187,Brinda Kalla,mumbai,Maharashtra,PID326,Dumbbells,SPORTS,Dumbbells,59977.32,0.0,10.0,,Delivered,4.4
ORD12255,2023-08-17,CUST1448,Vivaan Sawhney,Kolkata,West Bengal,PID524,T-Shirt,FASHION,T-Shirt,11148.39,5.0,15.0,Net Banking,Delayed,1.4
ORD14334,2023-08-29,CUST1974,Tejas Thaker,Hyderabad,Telangana,PID434,Shampoo,BEAUTY,Shampoo,12980.82,4.0,0.0,Credit Card,Delivered,1.5
ORD10013,2023-05-24,CUST1667,Anvi Sanghvi,Mumbai,Maharashtra,PID376,Cricket Bat,Sports,Cricket Bat,36325.52,2.0,40.0,UPI,Delayed,2.1
ORD14361,2024-11-10,CUST1777,Chandani Keer,Hyderabad,Telangana,PID446,Biography,BOOKS,Biography,0.0,3.0,10.0,Net Banking,Cancelled,4.0
ORD11721,2024-05-12,CUST1357,Devika Nori,lucknow,Uttar Pradesh,PID466,Tablet,Electronics,Tablet,14190.81,2.0,0.0,Credit Card,,1.3
ORD10141,01/12/2023,CUST1963,Anamika Sharma,mumbai,Maharashtra,PID292,Comic,books,Comic,8927.07,5.0,30.0,Cash on Delivery,Delivered,2.1
ORD13031,2024-01-26,CUST1509,Oliver Merchant,Indore,Madhya Pradesh,PID253,Sneakers,FASHION,Sneakers,80581.07,4.0,20.0,,Delivered,2.1
ORD14113,2024-03-01,CUST1149,Zayyan Ganesh, Pune ,Maharashtra,PID331,Novel,BOOKS,Novel,16747.98,4.0,10.0,Credit Card,Delivered,2.5
ORD13256,2023-11-17,CUST1228,Januja Johal, Indore ,Madhya Pradesh,PID201,Smartphone,ELECTRONICS,Smartphone,77398.6,1.0,40.0,Credit Card,Delivered,2.2
ORD14044,2024-03-31,CUST1883,Liam Sane,JAIPUR,Rajasthan,PID516,Football,sports,Football,58249.45,3.0,10.0,Credit Card,,2.4
ORD13599,2023-10-19,CUST1658,Neha Korpal,CHENNAI,Tamil Nadu,PID172,Cricket Bat,SPORTS,Cricket Bat,21830.91,4.0,20.0,Credit Card,Delivered,2.1
ORD14669,2023-02-22,CUST1926,Yashvi Morar,delhi,Delhi,PID491,Bedsheet,Home & Kitchen,Bedsheet,59269.83,5.0,40.0,Cash on Delivery,Cancelled,4.5
ORD11055,2024-05-07,CUST1953,Jasmit Kuruvilla,mumbai,Maharashtra,PID502,Dumbbells,SPORTS,Dumbbells,699.82,1.0,30.0,UPI,Delivered,5.0
ORD12888,2024-05-18,CUST1098,Jack Zachariah,INDORE,Madhya Pradesh,PID528,Smartphone,Electronics,Smartphone,2598.68,2.0,30.0,Cash on Delivery,Delivered,
ORD14801,2024-11-23,CUST1314,Dominic Mani, Indore ,Madhya Pradesh,PID420,T-Shirt,Fashion,T-Shirt,67256.56,3.0,30.0,,Delayed,3.7
ORD14757,2023-04-15,CUST1904,Aarnav Rege,BANGALORE,Karnataka,PID547,Yoga Mat,SPORTS,Yoga Mat,46156.5,2.0,20.0,Net Banking,Delivered,1.1
ORD14971,2023-05-22,CUST1569,Ojasvi Varty,Ahmedabad,Gujarat,PID353,Cookware Set,Home & Kitchen,Cookware Set,79356.82,5.0,30.0,,Delayed,3.6
ORD14432,2024-04-18,CUST1174,Upasna Bali,Mumbai,Maharashtra,PID216,Kurta,fashion,Kurta,33494.93,2.0,25.0,Cash on Delivery,Cancelled,3.3
ORD11181,2023-12-01,CUST1566,Abhiram Bora,Bangalore,Karnataka,PID452,Jacket,FASHION,Jacket,48600.84,0.0,0.0,Credit Card,Cancelled,2.1
ORD11382,2023-07-26,CUST1251,Girish Singhal, Indore ,Madhya Pradesh,PID209,Bedsheet,HOME & KITCHEN,Bedsheet,30887.37,4.0,5.0,,,
ORD12195,2024-10-16,CUST1718,Siya Kannan,mumbai,Maharashtra,PID415,Headphones,electronics,Headphones,16974.09,5.0,15.0,Cash on Delivery,Delivered,
ORD12558,2024-05-21,CUST1398,Wishi Bhat, Lucknow ,Uttar Pradesh,PID389,Sunscreen,Beauty,Sunscreen,89887.39,4.0,40.0,Credit Card,Cancelled,1.7
ORD10110,2024-09-23,CUST1576,Raksha Shere, Kolkata ,West Bengal,PID253,Sunscreen,beauty,Sunscreen,13532.32,5.0,30.0,Net Banking,Cancelled,2.2
ORD12170,2023-06-01,CUST1478,Turvi Jhaveri,Bangalore,Karnataka,PID388,Textbook,BOOKS,Textbook,61539.21,4.0,25.0,Credit Card,Delivered,1.2
ORD14521,2023-05-01,CUST1959,Hredhaan Jani, Lucknow ,Uttar Pradesh,PID216,Football,Sports,Football,72194.56,5.0,10.0,Net Banking,,2.8
ORD14364,2023-10-24,CUST1467,Yashawini Sami,kolkata,West Bengal,PID361,Water Bottle,home & kitchen,Water Bottle,48123.3,5.0,20.0,Credit Card,Delivered,1.1
ORD13561,2023-04-22,CUST1286,Bhavika Sandhu,Kolkata,West Bengal,PID215,Air Fryer,Home & Kitchen,Air Fryer,28438.85,3.0,20.0,Credit Card,,2.7
ORD10690,2023-08-10,CUST1079,Ayaan Balan,Indore,Madhya Pradesh,PID558,Comic,BOOKS,Comic,78439.59,0.0,15.0,Credit Card,Delayed,4.2
ORD14289,2024-08-06,CUST1805,Odika Samra,kolkata,West Bengal,PID533,Cookware Set,home & kitchen,Cookware Set,24205.04,4.0,15.0,Credit Card,Delayed,1.1
ORD14693,2024-02-12,CUST1518,Oeshi Sagar,Chennai,Tamil Nadu,PID349,Dumbbells,SPORTS,Dumbbells,10430.1,5.0,15.0,UPI,Delivered,4.3
ORD13030,2024-04-14,CUST1272,Jatin Gaba,indore,Madhya Pradesh,PID535,Shampoo,Beauty,Shampoo,20485.46,2.0,0.0,Cash on Delivery,Delivered,4.4
ORD14180,2023-02-28,CUST1916,Darpan Kaur,mumbai,Maharashtra,PID119,T-Shirt,FASHION,T-Shirt,19045.45,1.0,40.0,Net Banking,Delivered,2.8
ORD10653,2024-07-01,CUST1478,Gautami Nath,PUNE,Maharashtra,PID481,Biography,BOOKS,Biography,70467.75,1.0,20.0,Net Banking,Delivered,3.3
,,,,,,,,,,,,,,,
ORD12851,2023-12-19,CUST1610,Hemang Chaudhari,Chennai,Tamil Nadu,PID353,Cookware Set,HOME & KITCHEN,Cookware Set,18251.28,1.0,10.0,,Cancelled,4.0
ORD12064,2023-12-28,CUST1977,Chaaya Kala,ahmedabad,Gujarat,PID520,Yoga Mat,Sports,Yoga Mat,57052.09,1.0,15.0,,,2.2
ORD10591,2024-12-17,CUST1997,Ishita Garg, Chennai ,Tamil Nadu,PID491,Novel,books,Novel,-73268.07,5.0,5.0,Debit Card,Delivered,5.0
ORD13413,30/04/2024,CUST1383,Champak Shah,Lucknow,Uttar Pradesh,PID410,Sneakers,FASHION,Sneakers,21952.58,5.0,0.0,Credit Card,Delivered,4.8
ORD13065,2024-01-20,CUST1021,Balhaar Sachdeva,kolkata,West Bengal,PID375,Novel,Books,Novel,82576.75,1.0,0.0,Credit Card,Returned,4.6
ORD10896,2023-02-11,CUST1000,Siya Ratti,Bangalore,Karnataka,PID520,T-Shirt,fashion,T-Shirt,26334.36,3.0,5.0,Net Banking,Delivered,2.2
ORD13353,2024-01-19,CUST1324,Bakhshi Pai,delhi,Delhi,PID100,T-Shirt,FASHION,T-Shirt,55817.65,4.0,25.0,,Returned,1.9
ORD13621,2024-11-26,CUST1915,Triya Apte, Surat ,Gujarat,PID340,Shampoo,beauty,Shampoo,3195.27,1.0,15.0,Net Banking,Delivered,1.1
ORD12797,2024-08-26,CUST1902,Adweta Kothari, Pune ,Maharashtra,PID449,Sneakers,Fashion,Sneakers,7688.11,1.0,10.0,Credit Card,Delayed,2.3
ORD10128,2024-07-06,CUST1589,Max Jhaveri,LUCKNOW,Uttar Pradesh,PID263,Smartwatch,electronics,Smartwatch,60531.32,1.0,15.0,Net Banking,Delivered,
ORD10118,2023-10-24,CUST1656,Hemangini Desai,pune,Maharashtra,PID378,Laptop,ELECTRONICS,Laptop,79419.71,4.0,10.0,UPI,Delivered,1.0
ORD14872,2024-03-16,CUST1269,Lipika Agate, Kolkata ,West Bengal,PID373,Smartwatch,Electronics,Smartwatch,10488.49,2.0,25.0,UPI,Cancelled,3.7
ORD14765,2024-12-20,CUST1336,Anya Chaudhary,LUCKNOW,Uttar Pradesh,PID106,Mixer Grinder,Home & Kitchen,Mixer Grinder,6361.83,0.0,30.0,Net Banking,Cancelled,3.7
ORD14085,2023-06-03,CUST1050,Kabir Ray, Mumbai ,Maharashtra,PID455,Mixer Grinder,Home & Kitchen,Mixer Grinder,-81257.27,5.0,5.0,Net Banking,,3.5
ORD10515,2023-01-08,CUST1617,Jatin Venkatesh,Chennai,Tamil Nadu,PID366,Mixer Grinder,HOME & KITCHEN,Mixer Grinder,2815.55,0.0,20.0,Credit Card,Cancelled,
ORD11675,2024-08-05,CUST1305,Damini Kothari,Chennai,Tamil Nadu,PID166,Face Wash,Beauty,Face Wash,64655.48,1.0,20.0,Cash on Delivery,Returned,3.3
ORD11678,2023-07-23,CUST1698,Krish Dora,jaipur,Rajasthan,PID529,Cricket Bat,Sports,Cricket Bat,63749.33,0.0,15.0,Net Banking,,2.5
ORD12541,2024-03-16,CUST1957,Abhiram Rege,pune,Maharashtra,PID468,Tablet,ELECTRONICS,Tablet,6930.89,0.0,5.0,Debit Card,Delivered,4.3
ORD12532,2024-12-23,CUST1294,Brinda Biswas, Indore ,Madhya Pradesh,PID558,Biography,Books,Biography,50087.04,5.0,25.0,Cash on Delivery,Returned,2.0
ORD14606,2023-06-23,CUST1718,Gaurang Bhandari, Kolkata ,West Bengal,PID343,Textbook,BOOKS,Textbook,-60339.1,1.0,0.0,Debit Card,Returned,4.0
ORD12647,2024-01-30,CUST1908,Fariq Pradhan,AHMEDABAD,Gujarat,PID100,Yoga Mat,sports,Yoga Mat,89406.88,5.0,20.0,UPI,,5.0
ORD14643,2024-11-08,CUST1765,Lakshmi Kibe,PUNE,Maharashtra,PID198,Jeans,fashion,Jeans,34396.19,3.0,0.0,,Delayed,
ORD10031,2024-08-12,CUST1765,Vrinda Choudhary, Kolkata ,West Bengal,PID476,Water Bottle,home & kitchen,Water Bottle,37507.31,5.0,0.0,Cash on Delivery,,1.0
ORD14389,2024-09-28,CUST1828,Mitali Ganesh,Chennai,Tamil Nadu,PID380,Bluetooth Speaker,electronics,Bluetooth Speaker,26642.85,3.0,30.0,Net Banking,,5.0
ORD11353,2023-03-30,CUST1762,Ishani Dubey,kolkata,West Bengal,PID527,Smartwatch,electronics,Smartwatch,44703.75,3.0,30.0,UPI,Delivered,4.0
ORD14841,2024-08-26,CUST1221,Mugdha Gade,SURAT,Gujarat,PID218,Bluetooth Speaker,electronics,Bluetooth Speaker,2230.17,1.0,0.0,Cash on Delivery,Delayed,2.3
ORD13097,2024-03-21,CUST1055,Chaman Kothari,hyderabad,Telangana,PID112,Mixer Grinder,Home & Kitchen,Mixer Grinder,32347.31,5.0,5.0,UPI,Delayed,4.5
ORD14890,2023-03-30,CUST1115,Yashica Sethi, Delhi ,Delhi,PID544,Kurta,Fashion,Kurta,17471.2,1.0,40.0,,Returned,2.3
ORD14616,2023-11-10,CUST1699,Geetika Sura,SURAT,Gujarat,PID198,T-Shirt,fashion,T-Shirt,33220.05,5.0,40.0,Debit Card,Returned,3.6
ORD14638,14/02/2023,CUST1464,Dayita Yadav,MUMBAI,Maharashtra,PID453,Mixer Grinder,HOME & KITCHEN,Mixer Grinder,35118.83,4.0,30.0,,Cancelled,2.1
ORD12322,2024-03-19,CUST1400,Ladli Hans,Mumbai,Maharashtra,PID281,Sneakers,FASHION,Sneakers,77598.86,1.0,20.0,,,4.9
ORD14696,2024-05-10,CUST1056,Hemangini Pau,delhi,Delhi,PID507,Bedsheet,home & kitchen,Bedsheet,30046.75,1.0,10.0,Net Banking,Delivered,3.4
ORD14631,2024-11-13,CUST1745,Champak Pandit, Bangalore ,Karnataka,PID124,Face Wash,beauty,Face Wash,22136.51,1.0,40.0,UPI,Cancelled,
ORD11914,2023-07-01,CUST1320,Bimala Sidhu, Hyderabad ,Telangana,PID279,Air Fryer,home & kitchen,Air Fryer,41441.09,1.0,10.0,Credit Card,Returned,2.4
ORD12941,2024-12-11,CUST1313,Ladli Dutta, Hyderabad ,Telangana,PID513,Perfume,Beauty,Perfume,59393.14,2.0,40.0,Net Banking,Returned,2.6
ORD10451,2023-06-10,CUST1123,Balveer Mallick, Bangalore ,Karnataka,PID289,Shampoo,Beauty,Shampoo,87127.66,2.0,0.0,Net Banking,,2.5
ORD11731,2024-02-16,CUST1671,Matthew Mannan,Kolkata,West Bengal,PID324,Comic,books,Comic,80405.41,4.0,25.0,UPI,Cancelled,2.2
ORD11803,2024-12-11,CUST1911,Ronith Chand,AHMEDABAD,Gujarat,PID575,Shampoo,BEAUTY,Shampoo,51953.77,4.0,10.0,,Returned,2.0
ORD14122,2023-08-02,CUST1752,Ishita Handa,bangalore,Karnataka,PID543,Jeans,fashion,Jeans,79519.3,5.0,30.0,Net Banking,,3.8
ORD12336,2023-11-14,CUST1973,Ekanta Acharya, Surat ,Gujarat,PID248,Yoga Mat,sports,Yoga Mat,53138.42,1.0,25.0,,Returned,4.4
ORD11120,2024-06-04,CUST1589,Tanveer Savant,delhi,Delhi,PID295,Cookware Set,HOME & KITCHEN,Cookware Set,16060.93,1.0,20.0,Net Banking,Delivered,2.4
ORD10325,2023-12-29,CUST1620,Gagan Balay,HYDERABAD,Telangana,PID299,Tablet,electronics,Tablet,50910.1,1.0,25.0,Debit Card,Delayed,1.6
ORD14672,2023-04-16,CUST1905,Onveer D’Alia,pune,Maharashtra,PID256,Kurta,FASHION,Kurta,44172.07,2.0,40.0,Net Banking,Returned,
ORD10824,2023-06-04,CUST1345,Sara De,PUNE,Maharashtra,PID201,Kurta,FASHION,Kurta,89080.13,1.0,10.0,Cash on Delivery,Delayed,1.7
ORD13903,2024-05-01,CUST1109,Ronith Pathak, Chennai ,Tamil Nadu,PID452,Textbook,books,Textbook,69804.12,2.0,5.0,Net Banking,Delivered,1.3
ORD10457,2023-05-28,CUST1629,Benjamin Bhagat,JAIPUR,Rajasthan,PID592,Face Wash,Beauty,Face Wash,28666.81,1.0,20.0,Cash on Delivery,Returned,4.1
ORD10905,2024-02-09,CUST1440,Indali Batta, Chennai ,Tamil Nadu,PID124,Textbook,Books,Textbook,75156.97,1.0,20.0,Cash on Delivery,Delivered,
ORD12894,2024-11-17,CUST1484,Hitesh Kapur,Lucknow,Uttar Pradesh,PID442,Sneakers,FASHION,Sneakers,22399.71,1.0,20.0,,,4.0
ORD12897,2023-07-10,CUST1344,Falan Bhattacharyya, Delhi ,Delhi,PID158,Mixer Grinder,home & kitchen,Mixer Grinder,52725.56,4.0,10.0,UPI,Delivered,
ORD10290,2024-11-05,CUST1289,Aradhana Varty,INDORE,Madhya Pradesh,PID265,Biography,books,Biography,-16820.26,5.0,5.0,,Delayed,4.3
ORD12544,2023-05-01,CUST1034,Idika Mangat,INDORE,Madhya Pradesh,PID586,Smartphone,ELECTRONICS,Smartphone,40351.99,4.0,5.0,Debit Card,Delivered,1.4
ORD13650,2024-06-23,CUST1417,Omisha Menon,JAIPUR,Rajasthan,PID522,Tablet,ELECTRONICS,Tablet,27283.88,4.0,10.0,Credit Card,,2.6
ORD11107,2023-03-02,CUST1134,Xiti Devan,AHMEDABAD,Gujarat,PID573,Saree,fashion,Saree,55411.52,2.0,10.0,Debit Card,Returned,2.1
ORD11053,2023-06-14,CUST1987,Hema Thakkar, Pune ,Maharashtra,PID551,Smartphone,ELECTRONICS,Smartphone,56991.27,0.0,30.0,Credit Card,,1.5
ORD12713,2024-02-12,CUST1964,Maanav Nadkarni,Pune,Maharashtra,PID142,Cricket Bat,SPORTS,Cricket Bat,16788.79,3.0,30.0,UPI,Cancelled,4.3
ORD11528,2024-05-24,CUST1598,Laksh Bajaj,Chennai,Tamil Nadu,PID163,Smartphone,electronics,Smartphone,61327.13,0.0,30.0,Debit Card,Delivered,3.4
ORD14021,2024-08-23,CUST1280,Nidhi Oak,Bangalore,Karnataka,PID560,Headphones,electronics,Headphones,82654.99,3.0,30.0,Cash on Delivery,Cancelled,2.4
,,,,,,,,,,,,,,,
ORD14120,2023-12-30,CUST1186,Neel Sharma,Kolkata,West Bengal,PID491,T-Shirt,fashion,T-Shirt,53917.29,1.0,25.0,Credit Card,Cancelled,4.3
ORD14075,2024-06-04,CUST1551,Charles Dhillon, Jaipur ,Rajasthan,PID298,Dumbbells,Sports,Dumbbells,41870.06,1.0,10.0,Debit Card,Delivered,2.9
ORD14431,2023-04-30,CUST1714,Patrick Mangat,Hyderabad,Telangana,PID541,Tablet,ELECTRONICS,Tablet,728.26,1.0,5.0,Credit Card,Delayed,3.1
ORD12683,2023-05-09,CUST1710,Faraj Kohli,Chennai,Tamil Nadu,PID361,Cookware Set,HOME & KITCHEN,Cookware Set,78902.36,3.0,30.0,,Returned,3.1
ORD10137,2023-12-29,CUST1231,Timothy Kata,BANGALORE,Karnataka,PID253,Biography,books,Biography,9765.43,2.0,20.0,Cash on Delivery,Delayed,2.6
ORD14275,2024-02-27,CUST1143,Anjali Goswami, Surat ,Gujarat,PID331,Lipstick,Beauty,Lipstick,76241.71,5.0,20.0,UPI,Returned,3.2
ORD14476,2023-04-27,CUST1022,Neha Chandra, Indore ,Madhya Pradesh,PID234,Mixer Grinder,HOME & KITCHEN,Mixer Grinder,61081.42,4.0,40.0,Net Banking,Delivered,3.0
ORD14083,2024-06-20,CUST1953,Ikshita Varghese,Chennai,Tamil Nadu,PID560,Sneakers,fashion,Sneakers,78731.91,1.0,10.0,Credit Card,Cancelled,2.1
ORD11609,2023-05-22,CUST1985,Peter Devan,lucknow,Uttar Pradesh,PID485,Perfume,Beauty,Perfume,24644.46,3.0,25.0,Cash on Delivery,,4.4
ORD10802,2024-09-25,CUST1239,Upkaar Kant,Bangalore,Karnataka,PID103,Textbook,books,Textbook,49309.03,1.0,0.0,UPI,Delivered,3.9
ORD13358,2023-10-31,CUST1511,Jeet Sarna,Lucknow,Uttar Pradesh,PID595,Comic,BOOKS,Comic,9161.86,3.0,10.0,UPI,Delivered,2.8
ORD12902,2024-04-08,CUST1460,Praneel Kale, Hyderabad ,Telangana,PID521,Face Wash,BEAUTY,Face Wash,-42409.99,1.0,15.0,Credit Card,,2.1
ORD10853,2024-12-06,CUST1039,Onkar Pai,Hyderabad,Telangana,PID592,Mixer Grinder,HOME & KITCHEN,Mixer Grinder,63101.74,5.0,30.0,,Delayed,4.5
ORD10533,2024-06-02,CUST1047,Gautami Issac,AHMEDABAD,Gujarat,PID584,Saree,FASHION,Saree,58789.75,1.0,5.0,,Delivered,4.9
ORD12799,2023-02-15,CUST1348,Chanakya Char,Mumbai,Maharashtra,PID281,Sneakers,fashion,Sneakers,69741.16,2.0,25.0,Cash on Delivery,Delayed,3.8
ORD14682,2024-07-27,CUST1183,Banjeet Mangal, Hyderabad ,Telangana,PID186,T-Shirt,fashion,T-Shirt,15997.98,5.0,5.0,Cash on Delivery,,3.2
ORD10192,02/04/2024,CUST1001,George Khosla,Ahmedabad,Gujarat,PID124,Cricket Bat,sports,Cricket Bat,31310.89,1.0,25.0,Debit Card,Delivered,1.8
ORD12524,2024-04-23,CUST1322,Mitesh Mukhopadhyay,HYDERABAD,Telangana,PID344,Smartphone,ELECTRONICS,Smartphone,22177.53,4.0,20.0,UPI,Returned,3.0
ORD10992,2023-03-30,CUST1334,Nandini Barad, Bangalore ,Karnataka,PID523,Biography,Books,Biography,4363.05,5.0,0.0,Debit Card,Delivered,1.8
ORD12740,2024-11-21,CUST1642,Fiyaz Batta, Jaipur ,Rajasthan,PID494,Bluetooth Speaker,ELECTRONICS,Bluetooth Speaker,19254.37,5.0,5.0,Credit Card,Delivered,3.9
ORD12297,2024-11-24,CUST1723,Raagini Uppal,LUCKNOW,Uttar Pradesh,PID506,Cricket Bat,Sports,Cricket Bat,79144.84,1.0,25.0,Credit Card,Delayed,4.1
ORD10604,2024-03-15,CUST1981,Advay D’Alia,PUNE,Maharashtra,PID361,Dumbbells,Sports,Dumbbells,79474.73,3.0,30.0,UPI,Delayed,2.4
ORD10540,2024-12-24,CUST1975,Garima Dasgupta,mumbai,Maharashtra,PID319,Football,SPORTS,Football,82671.98,2.0,30.0,Cash on Delivery,Cancelled,2.8
ORD14497,2024-02-21,CUST1705,Yutika Ramanathan, Lucknow ,Uttar Pradesh,PID179,Cookware Set,HOME & KITCHEN,Cookware Set,19213.1,2.0,20.0,UPI,Delayed,3.6
ORD13357,2024-08-06,CUST1953,Abhimanyu Agarwal,Mumbai,Maharashtra,PID234,Football,Sports,Football,16610.99,1.0,40.0,Cash on Delivery,Returned,1.9
ORD13661,2023-06-01,CUST1261,Faraj Chokshi,mumbai,Maharashtra,PID189,Headphones,Electronics,Headphones,43522.88,3.0,5.0,UPI,Cancelled,2.8
ORD11936,2024-05-08,CUST1950,Aadi Menon,JAIPUR,Rajasthan,PID158,Biography,Books,Biography,20136.73,2.0,40.0,Debit Card,Delivered,3.2
ORD11635,28/08/2024,CUST1391,Odika Bahri,DELHI,Delhi,PID104,Textbook,books,Textbook,18659.42,2.0,10.0,,,1.4
ORD13686,2024-01-28,CUST1100,Unnati Pai,Hyderabad,Telangana,PID142,Yoga Mat,Sports,Yoga Mat,27652.54,2.0,20.0,Debit Card,Cancelled,2.0
ORD10035,2023-11-15,CUST1203,Nicholas Sane, Chennai ,Tamil Nadu,PID138,Perfume,beauty,Perfume,15225.85,1.0,10.0,,Delayed,1.1
ORD13423,2024-12-11,CUST1497,Reva Loke, Kolkata ,West Bengal,PID498,Face Wash,beauty,Face Wash,50531.29,4.0,20.0,Cash on Delivery,Delivered,3.8
ORD14681,2023-07-21,CUST1264,Chakradev Aggarwal,ahmedabad,Gujarat,PID466,Yoga Mat,SPORTS,Yoga Mat,88359.57,5.0,5.0,Debit Card,,4.2
ORD14516,2023-07-16,CUST1556,Ikbal Nori, Pune ,Maharashtra,PID176,Jeans,fashion,Jeans,42038.26,1.0,20.0,Cash on Delivery,Delivered,2.1
ORD10744,2023-11-29,CUST1204,Chakradhar Chand,hyderabad,Telangana,PID387,Football,sports,Football,48479.93,4.0,5.0,Credit Card,Cancelled,3.9
ORD12881,2024-09-03,CUST1914,Samar Mahajan,Delhi,Delhi,PID326,Bedsheet,HOME & KITCHEN,Bedsheet,73779.19,3.0,40.0,Net Banking,,4.2
ORD12712,2024-12-04,CUST1402,Girindra Dora,kolkata,West Bengal,PID164,Air Fryer,Home & Kitchen,Air Fryer,13712.61,1.0,25.0,Net Banking,,4.4
ORD12736,2023-10-20,CUST1150,Jagat Shah,jaipur,Rajasthan,PID436,Smartphone,electronics,Smartphone,57450.45,1.0,40.0,Debit Card,Delayed,4.9
ORD10904,2023-02-15,CUST1936,Rajeshri Tandon, Pune ,Maharashtra,PID552,Textbook,BOOKS,Textbook,69308.61,5.0,40.0,UPI,Delayed,1.1
ORD10263,2023-10-10,CUST1720,Jagrati Nath,Lucknow,Uttar Pradesh,PID135,Textbook,books,Textbook,15378.04,1.0,5.0,Net Banking,Delivered,2.4
ORD14437,2023-11-06,CUST1904,Vincent Halder,Kolkata,West Bengal,PID373,Football,Sports,Football,16787.99,3.0,0.0,Debit Card,Delayed,4.7
ORD12997,2023-06-21,CUST1012,Wriddhish Chandran, Bangalore ,Karnataka,PID242,Sneakers,fashion,Sneakers,88937.04,4.0,10.0,Cash on Delivery,Delivered,3.8
ORD11077,2023-06-16,CUST1830,Matthew Luthra, Hyderabad ,Telangana,PID462,Yoga Mat,Sports,Yoga Mat,8407.4,2.0,10.0,Net Banking,Delivered,4.8
ORD13500,2023-05-09,CUST1559,Yashodhara Bhagat,delhi,Delhi,PID421,Biography,books,Biography,62126.99,4.0,30.0,Net Banking,Delayed,1.1
ORD13173,2023-02-06,CUST1566,Ekapad Oak,chennai,Tamil Nadu,PID176,Water Bottle,home & kitchen,Water Bottle,63245.45,2.0,10.0,Credit Card,Delivered,
ORD11374,2023-11-20,CUST1261,Yashoda Sha,MUMBAI,Maharashtra,PID254,Jacket,Fashion,Jacket,6246.46,1.0,5.0,UPI,Delivered,2.4
ORD14629,2024-04-10,CUST1637,Darika Parsa,KOLKATA,West Bengal,PID428,Cookware Set,home & kitchen,Cookware Set,71608.57,4.0,0.0,Debit Card,Delayed,2.4
ORD14448,2024-08-30,CUST1054,Bakhshi Sinha,hyderabad,Telangana,PID577,Yoga Mat,sports,Yoga Mat,18242.28,4.0,0.0,Cash on Delivery,Cancelled,
ORD12291,2024-04-19,CUST1546,Veer D’Alia, Indore ,Madhya Pradesh,PID134,Biography,BOOKS,Biography,27516.55,4.0,40.0,UPI,Cancelled,4.0
ORD11779,2024-11-23,CUST1065,Wridesh Setty,ahmedabad,Gujarat,PID582,Shampoo,BEAUTY,Shampoo,11288.51,5.0,40.0,Debit Card,Delivered,2.0
ORD13082,2024-01-14,CUST1980,Yashvi Rege,INDORE,Madhya Pradesh,PID317,Cookware Set,home & kitchen,Cookware Set,0.0,3.0,25.0,UPI,Delivered,3.6
ORD12398,2023-03-15,CUST1633,Chaaya Som,HYDERABAD,Telangana,PID208,Tablet,electronics,Tablet,58303.7,1.0,40.0,,Returned,1.8
ORD11832,2024-01-23,CUST1218,Sara Wable,SURAT,Gujarat,PID528,Face Wash,Beauty,Face Wash,37786.87,3.0,5.0,Debit Card,Delivered,3.8
ORD13277,2023-02-16,CUST1176,Onkar Date,Jaipur,Rajasthan,PID140,Novel,Books,Novel,0.0,3.0,10.0,Net Banking,Cancelled,1.3
ORD10122,2024-03-01,CUST1696,Oscar Dua,LUCKNOW,Uttar Pradesh,PID486,Bedsheet,Home & Kitchen,Bedsheet,19993.3,4.0,25.0,,,4.7
ORD10790,2023-04-30,CUST1813,Meghana Desai, Lucknow ,Uttar Pradesh,PID306,Textbook,Books,Textbook,82811.92,5.0,40.0,Credit Card,Delivered,1.3
ORD10182,05/05/2023,CUST1702,Aditya Kapur, Kolkata ,West Bengal,PID422,Smartwatch,ELECTRONICS,Smartwatch,50102.45,1.0,10.0,Credit Card,Delivered,4.3
ORD13192,2023-05-26,CUST1419,Manthan Kalita,BANGALORE,Karnataka,PID536,Sunscreen,beauty,Sunscreen,20485.24,1.0,40.0,Credit Card,Delivered,2.2
ORD11544,2024-02-15,CUST1939,Vanya Sandhu,hyderabad,Telangana,PID488,Bluetooth Speaker,Electronics,Bluetooth Speaker,28823.58,1.0,20.0,Cash on Delivery,Delivered,
ORD13595,2023-12-14,CUST1408,Frederick Khare,Ahmedabad,Gujarat,PID429,Biography,books,Biography,63754.71,3.0,0.0,UPI,Returned,1.2
ORD13452,2023-09-03,CUST1419,Jagat Mand,Ahmedabad,Gujarat,PID464,Dumbbells,SPORTS,Dumbbells,11471.72,2.0,10.0,Debit Card,Cancelled,4.2
ORD12462,2023-04-22,CUST1072,Madhav Pandey, Mumbai ,Maharashtra,PID423,Football,SPORTS,Football,50185.02,5.0,15.0,UPI,,1.1
ORD11032,2023-06-19,CUST1052,Yashodhara Sarma,LUCKNOW,Uttar Pradesh,PID363,Football,SPORTS,Football,51226.36,1.0,20.0,Credit Card,Delivered,4.4
ORD10112,2023-02-02,CUST1422,Turvi Oza, Jaipur ,Rajasthan,PID453,Lipstick,Beauty,Lipstick,56667.92,2.0,15.0,Cash on Delivery,Delivered,3.8
ORD10998,2023-11-30,CUST1208,Warjas Nazareth,Surat,Gujarat,PID424,Bedsheet,home & kitchen,Bedsheet,20777.17,2.0,5.0,Debit Card,Delayed,
ORD11531,2024-03-21,CUST1659,Chatura Dhawan,SURAT,Gujarat,PID303,Dumbbells,SPORTS,Dumbbells,14657.63,2.0,30.0,Net Banking,Returned,4.3
ORD12755,2023-10-08,CUST1251,Reva Wable, Jaipur ,Rajasthan,PID470,Laptop,Electronics,Laptop,66963.38,4.0,20.0,Credit Card,Returned,2.1
ORD11633,16/08/2024,CUST1401,Zinal Cherian,hyderabad,Telangana,PID593,Air Fryer,HOME & KITCHEN,Air Fryer,40686.29,5.0,0.0,,Cancelled,4.5
ORD10730,2024-05-01,CUST1299,Jalsa Vohra,CHENNAI,Tamil Nadu,PID539,Laptop,electronics,Laptop,50784.02,2.0,20.0,,Delivered,3.7
ORD12023,2023-06-02,CUST1509,Arjun Manne,Indore,Madhya Pradesh,PID536,Football,sports,Football,27102.98,3.0,25.0,Debit Card,Delayed,2.3
ORD13342,2023-11-27,CUST1452,Maya Balan,Kolkata,West Bengal,PID188,Textbook,Books,Textbook,36379.34,2.0,25.0,Credit Card,Delivered,4.0
ORD13231,2023-04-21,CUST1784,Yatan Mitra,Surat,Gujarat,PID375,Jacket,Fashion,Jacket,45776.68,3.0,20.0,Credit Card,Delayed,3.7
ORD14310,2023-04-20,CUST1783,Hiral Dhingra,BANGALORE,Karnataka,PID119,Laptop,Electronics,Laptop,80359.4,3.0,10.0,Credit Card,Delivered,2.2
ORD14694,2024-06-04,CUST1680,Hredhaan Iyengar,Ahmedabad,Gujarat,PID188,Textbook,BOOKS,Textbook,16915.12,2.0,25.0,Debit Card,Delivered,2.9
ORD13957,2024-07-12,CUST1708,Anay Sarin, Bangalore ,Karnataka,PID104,Dumbbells,Sports,Dumbbells,23607.04,3.0,5.0,Credit Card,,4.1
ORD10199,2023-06-27,CUST1080,Aarnav Amble,Jaipur,Rajasthan,PID449,Face Wash,BEAUTY,Face Wash,51474.11,5.0,40.0,Credit Card,Delivered,1.7
ORD13814,2024-03-04,CUST1530,Ranveer Saraf,Delhi,Delhi,PID314,Jeans,Fashion,Jeans,4281.74,3.0,20.0,Credit Card,Delivered,1.1
ORD13200,2023-12-19,CUST1913,Darika Sem,Mumbai,Maharashtra,PID255,Textbook,Books,Textbook,50924.28,4.0,30.0,,Cancelled,4.3
ORD10548,2024-05-05,CUST1731,Mohini Dutt, Mumbai ,Maharashtra,PID165,Kurta,fashion,Kurta,12161.18,1.0,15.0,Cash on Delivery,Cancelled,4.9
ORD10102,2023-06-18,CUST1201,Vasatika Khanna,Bangalore,Karnataka,PID425,Textbook,BOOKS,Textbook,39020.75,1.0,20.0,Net Banking,Delivered,4.7
ORD11451,2024-09-04,CUST1220,Diya Deshmukh,pune,Maharashtra,PID302,Yoga Mat,Sports,Yoga Mat,75843.95,2.0,15.0,Net Banking,Returned,1.6
ORD12910,2023-03-06,CUST1634,Waida Vohra,chennai,Tamil Nadu,PID416,Perfume,BEAUTY,Perfume,77454.12,4.0,25.0,Cash on Delivery,Returned,2.8
ORD11768,2024-05-05,CUST1931,Ikshita Suri,Mumbai,Maharashtra,PID298,Jeans,fashion,Jeans,38433.8,1.0,40.0,Net Banking,Returned,2.3
ORD10565,2023-06-17,CUST1556,Lakshit Bhatt,indore,Madhya Pradesh,PID163,Tablet,electronics,Tablet,73670.24,2.0,40.0,Net Banking,Returned,2.9
ORD11430,2024-09-19,CUST1449,Pooja Sule, Bangalore ,Karnataka,PID292,Sneakers,fashion,Sneakers,34257.96,3.0,30.0,,Delivered,2.4
ORD11684,2023-09-28,CUST1879,Lipika Jaggi,hyderabad,Telangana,PID122,Jeans,fashion,Jeans,52275.95,4.0,40.0,Debit Card,Cancelled,2.4
ORD10695,2023-03-26,CUST1099,Fitan Shenoy,Mumbai,Maharashtra,PID539,Cricket Bat,SPORTS,Cricket Bat,33352.62,2.0,10.0,,Returned,
ORD12062,2024-05-24,CUST1751,Zilmil Kamdar, Lucknow ,Uttar Pradesh,PID409,Mixer Grinder,HOME & KITCHEN,Mixer Grinder,37300.33,1.0,30.0,Cash on Delivery,Delivered,1.4
ORD11716,2024-01-08,CUST1700,Garima Chaudhuri,ahmedabad,Gujarat,PID394,Jacket,Fashion,Jacket,11375.94,1.0,40.0,Net Banking,Delivered,2.1
ORD11599,2023-04-16,CUST1668,Nimrat Boase,delhi,Delhi,PID273,Biography,Books,Biography,7409.3,5.0,40.0,Cash on Delivery,Returned,2.9
ORD11962,2024-08-28,CUST1278,Ayushman Wali, Surat ,Gujarat,PID552,Comic,BOOKS,Comic,54504.78,4.0,40.0,Credit Card,,1.9
ORD11114,2023-11-06,CUST1137,Ekbal Mane,SURAT,Gujarat,PID322,Lipstick,BEAUTY,Lipstick,27659.34,5.0,0.0,Credit Card,,2.5
ORD10749,2024-08-11,CUST1154,Tanish Bains,lucknow,Uttar Pradesh,PID232,Jacket,FASHION,Jacket,30681.9,4.0,30.0,UPI,Delivered,3.5
ORD14028,2023-07-02,CUST1574,Sai Chokshi,Lucknow,Uttar Pradesh,PID549,Perfume,beauty,Perfume,80833.35,4.0,20.0,Credit Card,Delivered,
ORD12324,2023-05-11,CUST1260,Hemang Gour, Pune ,Maharashtra,PID148,Tablet,ELECTRONICS,Tablet,13103.49,3.0,10.0,Debit Card,Returned,1.1
ORD12351,2023-11-04,CUST1894,Jagat Shankar,mumbai,Maharashtra,PID577,Cricket Bat,Sports,Cricket Bat,32379.46,4.0,0.0,,Returned,3.0
ORD14282,2024-04-21,CUST1117,Upadhriti Bakshi,ahmedabad,Gujarat,PID470,Novel,books,Novel,28605.54,4.0,10.0,,Returned,3.0
ORD11730,2024-07-31,CUST1070,Wazir Gera, Lucknow ,Uttar Pradesh,PID544,Bedsheet,HOME & KITCHEN,Bedsheet,49443.93,3.0,20.0,,Delayed,2.7
ORD10705,2023-02-25,CUST1471,Manan Mutti, Indore ,Madhya Pradesh,PID100,Water Bottle,Home & Kitchen,Water Bottle,84864.74,2.0,25.0,Debit Card,Delayed,2.2
ORD10669,2024-05-15,CUST1129,Tara Sha, Mumbai ,Maharashtra,PID525,Textbook,books,Textbook,53915.48,5.0,0.0,Net Banking,Delayed,1.1
ORD11333,2024-08-17,CUST1001,Eshana Goyal,Surat,Gujarat,PID202,Headphones,ELECTRONICS,Headphones,47564.2,1.0,20.0,,Cancelled,3.6
ORD14378,2023-12-12,CUST1979,Ranveer Bajaj,hyderabad,Telangana,PID536,Dumbbells,Sports,Dumbbells,57914.32,4.0,20.0,Credit Card,Delayed,1.3
ORD10380,2023-10-12,CUST1403,Ranveer Sehgal,Kolkata,West Bengal,PID199,Textbook,books,Textbook,32261.81,2.0,15.0,,Returned,1.3
ORD11454,2024-12-03,CUST1745,Yahvi Issac,ahmedabad,Gujarat,PID131,Laptop,Electronics,Laptop,20961.4,4.0,15.0,Net Banking,Cancelled,4.2
ORD11354,2023-10-28,CUST1505,Falak Wable,Lucknow,Uttar Pradesh,PID320,Novel,BOOKS,Novel,17965.09,1.0,10.0,Debit Card,Cancelled,2.2
ORD12681,2024-01-14,CUST1819,Advay Johal,SURAT,Gujarat,PID131,Lipstick,beauty,Lipstick,16376.77,2.0,30.0,,Delivered,4.6
ORD11117,2023-08-19,CUST1080,Turvi De,KOLKATA,West Bengal,PID461,Football,Sports,Football,87673.63,1.0,15.0,UPI,,4.8
ORD11400,2024-12-08,CUST1655,Atharv Yadav,hyderabad,Telangana,PID427,Sunscreen,BEAUTY,Sunscreen,47467.41,4.0,30.0,UPI,Cancelled,5.0
ORD13927,2024-04-18,CUST1239,Mitali Gulati,BANGALORE,Karnataka,PID312,Yoga Mat,SPORTS,Yoga Mat,66944.68,1.0,40.0,Debit Card,Delayed,4.8
ORD13034,2023-10-14,CUST1720,Dalbir Ramakrishnan,hyderabad,Telangana,PID417,Smartphone,ELECTRONICS,Smartphone,57310.6,4.0,25.0,UPI,Returned,3.3
ORD11439,2023-08-26,CUST1143,Upkaar Khatri,jaipur,Rajasthan,PID435,Jacket,FASHION,Jacket,12787.36,1.0,25.0,Credit Card,Delivered,3.3
ORD13703,2024-03-25,CUST1901,Lakshit Oza,mumbai,Maharashtra,PID397,T-Shirt,FASHION,T-Shirt,65225.43,2.0,10.0,Cash on Delivery,Delayed,
ORD10241,2023-09-22,CUST1121,Azad Sen, Indore ,Madhya Pradesh,PID373,Smartwatch,electronics,Smartwatch,29954.63,3.0,15.0,Debit Card,Delivered,2.8
ORD10950,2023-10-26,CUST1322,Shivansh Randhawa,lucknow,Uttar Pradesh,PID552,Sneakers,fashion,Sneakers,74883.04,1.0,0.0,Debit Card,Delivered,4.7
ORD11794,2023-12-04,CUST1313,Jagdish Khosla,chennai,Tamil Nadu,PID446,Dumbbells,Sports,Dumbbells,45639.4,2.0,40.0,Cash on Delivery,Delayed,4.9
ORD12348,2024-11-08,CUST1274,Shravya Char, Kolkata ,West Bengal,PID585,Shampoo,BEAUTY,Shampoo,18738.19,5.0,0.0,Net Banking,Delivered,3.1
ORD10456,2023-03-28,CUST1447,Gavin Deo,Surat,Gujarat,PID192,Smartphone,ELECTRONICS,Smartphone,84265.94,2.0,40.0,UPI,Delayed,3.4
ORD13243,2024-04-26,CUST1926,Balvan Bajaj,Hyderabad,Telangana,PID349,Novel,Books,Novel,38306.38,1.0,20.0,Debit Card,Cancelled,1.7
ORD14130,2024-10-03,CUST1412,Abhimanyu Kanda,pune,Maharashtra,PID151,Yoga Mat,sports,Yoga Mat,21904.41,2.0,15.0,Debit Card,Delivered,4.4
ORD13815,2023-10-17,CUST1705,Maya Yogi,Bangalore,Karnataka,PID543,Sunscreen,beauty,Sunscreen,42370.99,1.0,5.0,Debit Card,Delivered,4.2
ORD12418,2024-09-10,CUST1861,Dalbir Dhaliwal,Delhi,Delhi,PID524,Dumbbells,Sports,Dumbbells,54245.58,3.0,5.0,UPI,Cancelled,
ORD12051,2023-04-08,CUST1412,Pahal Madan,Delhi,Delhi,PID524,Water Bottle,HOME & KITCHEN,Water Bottle,89653.54,2.0,0.0,Credit Card,Delivered,1.2
ORD13228,2024-09-08,CUST1203,Wridesh Keer, Hyderabad ,Telangana,PID598,Kurta,fashion,Kurta,35404.72,5.0,0.0,Net Banking,Delivered,2.6
ORD10728,2023-06-23,CUST1270,Mitali Rajagopal, Pune ,Maharashtra,PID149,Dumbbells,Sports,Dumbbells,70900.0,5.0,5.0,Credit Card,,3.6
ORD12762,2023-12-08,CUST1407,Praneel Mital,Hyderabad,Telangana,PID265,Headphones,electronics,Headphones,41117.22,4.0,0.0,Debit Card,Cancelled,4.4
ORD11522,2023-01-22,CUST1327,Harsh Mistry, Indore ,Madhya Pradesh,PID144,Textbook,Books,Textbook,0.0,1.0,10.0,,Returned,3.7
ORD14483,2023-08-27,CUST1470,Vanya Sen,MUMBAI,Maharashtra,PID285,Sunscreen,BEAUTY,Sunscreen,70733.34,3.0,40.0,Debit Card,Cancelled,1.4
ORD13963,2024-07-10,CUST1317,Gunbir Pingle,hyderabad,Telangana,PID194,Sunscreen,BEAUTY,Sunscreen,42884.29,1.0,10.0,Cash on Delivery,Cancelled,3.0
ORD10928,2024-01-25,CUST1482,Upadhriti Varma,ahmedabad,Gujarat,PID488,Water Bottle,HOME & KITCHEN,Water Bottle,56651.91,5.0,5.0,UPI,,1.8
ORD10823,2024-04-19,CUST1972,Zashil Shukla, Lucknow ,Uttar Pradesh,PID112,Jeans,FASHION,Jeans,15474.18,4.0,30.0,,,2.9
ORD11661,2024-08-09,CUST1320,Vritti Sant,SURAT,Gujarat,PID260,Novel,books,Novel,76197.59,1.0,40.0,Net Banking,Delayed,
ORD13565,2023-07-18,CUST1587,Zarna Kuruvilla,Ahmedabad,Gujarat,PID289,Cricket Bat,Sports,Cricket Bat,58400.02,4.0,20.0,Debit Card,Delivered,1.6
ORD14080,2023-05-20,CUST1025,Manbir Dua,Surat,Gujarat,PID462,Dumbbells,sports,Dumbbells,79917.67,1.0,25.0,,Delayed,3.1
ORD10197,2023-07-11,CUST1063,Dhruv Warrior,surat,Gujarat,PID177,Shampoo,beauty,Shampoo,23960.65,3.0,25.0,Credit Card,,2.1
ORD14447,23/09/2024,CUST1168,Manbir Sura,Hyderabad,Telangana,PID170,Perfume,beauty,Perfume,0.0,1.0,25.0,UPI,Delivered,4.7
ORD12795,2024-04-27,CUST1505,Qabil Butala,Indore,Madhya Pradesh,PID101,Yoga Mat,Sports,Yoga Mat,79035.39,1.0,40.0,Cash on Delivery,Delayed,3.1
,,,,,,,,,,,,,,,
ORD13004,2024-06-18,CUST1924,Bishakha Dhar,Mumbai,Maharashtra,PID213,Cookware Set,home & kitchen,Cookware Set,68379.55,5.0,40.0,Debit Card,Delivered,4.7
ORD12450,2023-12-29,CUST1221,Oeshi Contractor,jaipur,Rajasthan,PID480,Jacket,Fashion,Jacket,25337.87,2.0,40.0,Debit Card,Delivered,1.3
ORD12457,2024-12-08,CUST1119,Forum Joshi,MUMBAI,Maharashtra,PID473,Cookware Set,Home & Kitchen,Cookware Set,87280.5,3.0,25.0,Debit Card,Delivered,2.7
ORD12041,2024-02-10,CUST1191,Jyoti Bose,DELHI,Delhi,PID254,Novel,BOOKS,Novel,8160.35,2.0,25.0,Cash on Delivery,Delivered,1.4
ORD14198,08/05/2023,CUST1176,Reyansh Korpal,indore,Madhya Pradesh,PID318,Shampoo,Beauty,Shampoo,48427.28,3.0,40.0,Cash on Delivery,Delivered,1.4
ORD12610,07/01/2024,CUST1036,Arya Sridhar,pune,Maharashtra,PID259,Novel,Books,Novel,66263.53,3.0,15.0,Cash on Delivery,Delivered,4.8
ORD10025,2023-12-01,CUST1766,Triya Parmar, Lucknow ,Uttar Pradesh,PID562,Football,sports,Football,28355.32,3.0,30.0,Cash on Delivery,Returned,2.2
ORD10717,2024-11-03,CUST1230,Harshil Goyal,Pune,Maharashtra,PID109,Tablet,Electronics,Tablet,81890.71,4.0,30.0,,Delivered,2.1
ORD13562,2023-04-27,CUST1787,Krishna Kala,Indore,Madhya Pradesh,PID270,T-Shirt,Fashion,T-Shirt,52370.5,4.0,30.0,,Delivered,1.2
ORD12162,2023-05-05,CUST1660,Manan Johal,Jaipur,Rajasthan,PID526,Mixer Grinder,Home & Kitchen,Mixer Grinder,87755.27,1.0,0.0,Cash on Delivery,Cancelled,4.0
ORD11365,2024-08-13,CUST1184,Pahal Naidu,DELHI,Delhi,PID227,Smartwatch,ELECTRONICS,Smartwatch,26141.4,5.0,15.0,Cash on Delivery,Delayed,4.5
ORD13372,2023-01-15,CUST1811,Owen Chaudry, Jaipur ,Rajasthan,PID382,Face Wash,beauty,Face Wash,69359.21,5.0,0.0,UPI,Delayed,1.7
ORD13625,2024-07-28,CUST1180,Avni Sandal,kolkata,West Bengal,PID512,Tablet,Electronics,Tablet,74450.96,5.0,15.0,Net Banking,Delivered,4.2
ORD13791,2023-11-29,CUST1686,Harrison Handa,pune,Maharashtra,PID139,Novel,Books,Novel,8377.11,5.0,30.0,UPI,Delivered,2.7
ORD13506,2023-02-06,CUST1828,Daniel Wadhwa,mumbai,Maharashtra,PID465,Air Fryer,Home & Kitchen,Air Fryer,80465.13,5.0,30.0,Debit Card,,2.5
ORD10637,2024-08-25,CUST1872,Jeet Gaba,Lucknow,Uttar Pradesh,PID475,Textbook,Books,Textbook,63808.74,3.0,25.0,Cash on Delivery,Delivered,2.4
ORD10431,2023-03-27,CUST1827,Naksh Sood, Mumbai ,Maharashtra,PID235,Tablet,electronics,Tablet,10387.1,2.0,0.0,,Delayed,3.8
ORD10721,2024-08-07,CUST1769,Raagini Nagar, Pune ,Maharashtra,PID211,Textbook,BOOKS,Textbook,54699.89,2.0,5.0,,Delayed,4.5
ORD10796,2023-07-29,CUST1843,Jyoti Pau,Bangalore,Karnataka,PID311,Face Wash,BEAUTY,Face Wash,12879.0,4.0,20.0,Cash on Delivery,Returned,3.6
ORD12290,2023-07-12,CUST1086,Vritti Deol,Chennai,Tamil Nadu,PID230,Saree,Fashion,Saree,21743.59,4.0,25.0,Credit Card,Delivered,4.2
ORD12133,2024-11-11,CUST1709,Riya Desai, Ahmedabad ,Gujarat,PID162,Biography,Books,Biography,59185.95,5.0,30.0,Credit Card,Delivered,2.9
ORD13875,2023-03-14,CUST1251,Bhavna Ratta, Chennai ,Tamil Nadu,PID299,Jacket,Fashion,Jacket,88553.96,3.0,40.0,Debit Card,Returned,3.7
ORD10268,2023-03-22,CUST1635,Omkaar Goel, Ahmedabad ,Gujarat,PID261,Cookware Set,HOME & KITCHEN,Cookware Set,18368.58,2.0,5.0,Net Banking,Delivered,3.7
ORD10793,2024-10-18,CUST1987,Jacob Jayaraman,JAIPUR,Rajasthan,PID375,Mixer Grinder,HOME & KITCHEN,Mixer Grinder,74838.46,5.0,10.0,Debit Card,Delayed,
ORD11875,2024-11-26,CUST1619,Ranveer Rajagopal,Jaipur,Rajasthan,PID393,Sneakers,fashion,Sneakers,20973.1,1.0,25.0,Credit Card,Delivered,1.1
ORD12644,2024-08-24,CUST1624,Bina Sankaran,INDORE,Madhya Pradesh,PID424,Sneakers,FASHION,Sneakers,61760.99,3.0,15.0,Net Banking,Cancelled,
ORD13041,2024-12-10,CUST1630,Alka Bassi, Kolkata ,West Bengal,PID403,Dumbbells,SPORTS,Dumbbells,29846.71,4.0,0.0,Debit Card,Delivered,4.4
ORD11211,2023-03-15,CUST1306,Brinda Chandra,Jaipur,Rajasthan,PID370,Comic,Books,Comic,11508.69,5.0,10.0,Net Banking,Returned,3.3
ORD10100,2023-07-25,CUST1822,Chatresh Choudhary,indore,Madhya Pradesh,PID382,Cookware Set,HOME & KITCHEN,Cookware Set,63904.31,3.0,5.0,Debit Card,Cancelled,1.9
ORD12574,2024-11-21,CUST1952,Idika Sodhi,Delhi,Delhi,PID418,Headphones,electronics,Headphones,10898.3,4.0,30.0,Cash on Delivery,Delayed,3.4
ORD14185,2024-11-04,CUST1694,Hredhaan Mangat, Bangalore ,Karnataka,PID192,Laptop,Electronics,Laptop,84232.67,4.0,0.0,Credit Card,Cancelled,3.5
ORD10280,03/11/2023,CUST1382,Faras Shukla,Bangalore,Karnataka,PID196,Tablet,electronics,Tablet,0.0,4.0,40.0,Credit Card,,2.7
ORD10620,2023-09-11,CUST1515,Vasana Narain,BANGALORE,Karnataka,PID185,Mixer Grinder,home & kitchen,Mixer Grinder,61176.38,4.0,40.0,,Delivered,
ORD13905,2023-12-19,CUST1264,Ojas Chad,Jaipur,Rajasthan,PID562,Sneakers,Fashion,Sneakers,24168.94,5.0,5.0,UPI,Delivered,4.9
ORD12675,2023-02-01,CUST1665,Harrison Yadav,hyderabad,Telangana,PID272,Biography,books,Biography,2596.25,3.0,40.0,Credit Card,,1.9
ORD12467,2024-07-27,CUST1489,Abeer Dada, Jaipur ,Rajasthan,PID303,Perfume,Beauty,Perfume,23067.92,5.0,20.0,UPI,Returned,4.2
ORD10513,2024-03-17,CUST1971,Girish Ramaswamy,BANGALORE,Karnataka,PID156,Mixer Grinder,home & kitchen,Mixer Grinder,-73502.59,4.0,20.0,Credit Card,Delayed,2.5
ORD11313,2024-03-31,CUST1805,Rishi Sharma,MUMBAI,Maharashtra,PID310,Football,Sports,Football,1473.07,2.0,5.0,,Delivered,3.6
ORD13972,2023-08-06,CUST1386,Kiaan Dubey,KOLKATA,West Bengal,PID342,Smartphone,ELECTRONICS,Smartphone,22794.54,5.0,20.0,UPI,Returned,1.9
ORD14712,2023-03-18,CUST1952,Krishna Hayre,Delhi,Delhi,PID444,Dumbbells,Sports,Dumbbells,737.12,5.0,15.0,Credit Card,Delivered,2.0
ORD14902,2023-10-31,CUST1982,Lekha Sahota,Delhi,Delhi,PID579,Tablet,electronics,Tablet,75621.57,3.0,0.0,Debit Card,Returned,1.3
ORD11917,2024-01-19,CUST1581,Fiyaz Mall,bangalore,Karnataka,PID494,Smartphone,electronics,Smartphone,77022.71,1.0,5.0,UPI,Cancelled,2.5
ORD12346,2024-11-15,CUST1768,Diya Kamdar, Kolkata ,West Bengal,PID579,Novel,Books,Novel,75836.86,4.0,40.0,,Delivered,1.6
ORD14226,2023-03-25,CUST1588,Wyatt Nagi,jaipur,Rajasthan,PID324,Novel,books,Novel,53254.37,5.0,25.0,Credit Card,,3.7
ORD11747,2023-01-04,CUST1992,Tejas Comar, Ahmedabad ,Gujarat,PID414,Mixer Grinder,home & kitchen,Mixer Grinder,19449.29,3.0,40.0,,Delivered,1.9
ORD10988,2024-02-05,CUST1414,Yutika Sheth,Bangalore,Karnataka,PID184,Comic,BOOKS,Comic,57501.36,5.0,20.0,Net Banking,Cancelled,1.9
ORD13165,2023-07-21,CUST1104,Charan Sridhar,Jaipur,Rajasthan,PID543,Air Fryer,HOME & KITCHEN,Air Fryer,18512.84,0.0,30.0,,Delivered,3.5
ORD13925,2024-03-02,CUST1877,Chanchal Wason,Pune,Maharashtra,PID357,Perfume,Beauty,Perfume,16135.03,2.0,15.0,UPI,Returned,3.4
ORD10461,2024-11-27,CUST1165,Ishani Sagar,hyderabad,Telangana,PID478,Sunscreen,Beauty,Sunscreen,58827.34,4.0,20.0,Net Banking,,2.4
ORD13807,2024-06-21,CUST1044,Lohit Ratti,Hyderabad,Telangana,PID296,Football,SPORTS,Football,59445.25,3.0,0.0,Cash on Delivery,Delivered,4.2
ORD13114,2024-04-10,CUST1400,Leela Baria,HYDERABAD,Telangana,PID319,Cricket Bat,SPORTS,Cricket Bat,24508.32,5.0,5.0,Debit Card,Delayed,1.0
ORD12906,2024-12-07,CUST1243,Sai Ganguly,bangalore,Karnataka,PID174,Cookware Set,HOME & KITCHEN,Cookware Set,43628.77,4.0,10.0,Credit Card,Delivered,3.8
ORD14645,2024-12-19,CUST1042,Girindra Kaur,surat,Gujarat,PID112,Novel,books,Novel,40721.69,1.0,40.0,Net Banking,Delivered,3.6
ORD14886,2024-04-20,CUST1087,Bhavika Bains,Indore,Madhya Pradesh,PID582,Dumbbells,SPORTS,Dumbbells,23808.65,2.0,20.0,,Cancelled,2.2
ORD10718,2024-07-08,CUST1155,Keya Edwin,ahmedabad,Gujarat,PID336,Football,SPORTS,Football,5875.46,4.0,25.0,Debit Card,Delivered,
ORD14692,2023-11-13,CUST1942,Chanakya Som,Surat,Gujarat,PID314,Football,sports,Football,5328.1,3.0,0.0,,Delivered,1.4
ORD13159,2023-12-11,CUST1195,Sanya Tara,mumbai,Maharashtra,PID573,Lipstick,Beauty,Lipstick,61665.94,0.0,10.0,Debit Card,Delayed,3.3
ORD11376,2023-11-04,CUST1240,Pallavi Dixit,Indore,Madhya Pradesh,PID199,Tablet,electronics,Tablet,7333.68,5.0,30.0,Debit Card,Delayed,2.6
ORD14466,2023-07-23,CUST1866,Rachit Kara, Bangalore ,Karnataka,PID271,Laptop,electronics,Laptop,14724.97,3.0,15.0,Credit Card,,3.9
ORD10360,2024-10-09,CUST1183,Janani Lad,Bangalore,Karnataka,PID574,Sneakers,Fashion,Sneakers,62712.18,5.0,5.0,Cash on Delivery,Delivered,
ORD14127,2023-09-01,CUST1510,Gaurang Srinivas,Lucknow,Uttar Pradesh,PID191,Headphones,ELECTRONICS,Headphones,9203.57,3.0,10.0,,Delivered,1.8
ORD10888,2023-12-05,CUST1095,Vihaan Vora,JAIPUR,Rajasthan,PID415,Bluetooth Speaker,Electronics,Bluetooth Speaker,65620.5,2.0,30.0,Debit Card,Delivered,2.8
ORD12219,2023-12-05,CUST1613,Tanveer Mannan, Chennai ,Tamil Nadu,PID451,Mixer Grinder,HOME & KITCHEN,Mixer Grinder,15413.27,5.0,25.0,Net Banking,Cancelled,4.6
ORD10842,2023-03-19,CUST1269,Oscar Peri,delhi,Delhi,PID333,Textbook,Books,Textbook,4960.38,4.0,25.0,UPI,Delivered,3.6
ORD13635,2023-06-24,CUST1936,Sai Gola,surat,Gujarat,PID132,Water Bottle,HOME & KITCHEN,Water Bottle,58025.04,5.0,20.0,Credit Card,Delivered,1.8
ORD14987,2023-08-14,CUST1220,Jason Ramachandran,delhi,Delhi,PID120,Bedsheet,Home & Kitchen,Bedsheet,34388.26,3.0,40.0,Net Banking,,2.1
ORD11306,2024-07-08,CUST1414,Pallavi Ramaswamy, Hyderabad ,Telangana,PID503,Air Fryer,Home & Kitchen,Air Fryer,5301.11,3.0,15.0,,,4.1
ORD13978,2024-06-29,CUST1554,Faraj Reddy,AHMEDABAD,Gujarat,PID274,Dumbbells,SPORTS,Dumbbells,44109.71,2.0,20.0,,Delayed,2.9
ORD10528,2024-01-21,CUST1183,Amrita Chawla,indore,Madhya Pradesh,PID583,Jeans,FASHION,Jeans,17729.61,5.0,10.0,UPI,Delivered,2.7
ORD11442,2023-09-11,CUST1677,Avni Dar,LUCKNOW,Uttar Pradesh,PID393,Kurta,FASHION,Kurta,46153.09,1.0,25.0,,,2.8
ORD14540,2023-03-27,CUST1618,Bachittar Sehgal,Surat,Gujarat,PID377,Mixer Grinder,home & kitchen,Mixer Grinder,86495.27,2.0,10.0,Net Banking,Cancelled,2.5
ORD13248,2023-08-17,CUST1737,Amol Sharma,AHMEDABAD,Gujarat,PID220,Smartwatch,Electronics,Smartwatch,45761.5,2.0,15.0,,Returned,4.1
ORD13723,2023-10-21,CUST1585,Leela Lala,Delhi,Delhi,PID363,Jeans,FASHION,Jeans,38176.9,2.0,20.0,UPI,Delivered,1.5
ORD12821,2024-02-06,CUST1483,Janya Sood,INDORE,Madhya Pradesh,PID243,Cookware Set,HOME & KITCHEN,Cookware Set,28783.78,4.0,15.0,UPI,Delivered,1.8
ORD10135,2024-06-20,CUST1140,Neha Morar,Kolkata,West Bengal,PID531,Shampoo,BEAUTY,Shampoo,15265.79,5.0,0.0,,Delivered,4.4
ORD13840,2023-09-12,CUST1683,Irya Ganesan,Delhi,Delhi,PID201,Mixer Grinder,HOME & KITCHEN,Mixer Grinder,20661.01,2.0,15.0,Net Banking,Delayed,1.7
ORD14124,2024-11-21,CUST1599,Pahal Natarajan,LUCKNOW,Uttar Pradesh,PID162,Bluetooth Speaker,Electronics,Bluetooth Speaker,26524.09,1.0,0.0,Debit Card,Delivered,3.7
ORD13667,2023-12-19,CUST1514,Indira Sidhu, Hyderabad ,Telangana,PID553,Water Bottle,home & kitchen,Water Bottle,30008.87,2.0,30.0,Debit Card,Delayed,1.2
ORD14288,2024-05-14,CUST1385,Adweta Mittal,Chennai,Tamil Nadu,PID119,Face Wash,Beauty,Face Wash,6955.21,5.0,10.0,Debit Card,Returned,1.6
ORD12173,2024-01-05,CUST1458,Robert Khurana,kolkata,West Bengal,PID265,Mixer Grinder,Home & Kitchen,Mixer Grinder,61766.39,1.0,0.0,UPI,Delivered,1.3
ORD10525,2023-03-02,CUST1753,Hemang Korpal,INDORE,Madhya Pradesh,PID126,Headphones,electronics,Headphones,51721.38,3.0,30.0,Credit Card,,2.3
ORD12353,2024-12-11,CUST1720,Chakrika Iyengar,chennai,Tamil Nadu,PID381,Cricket Bat,SPORTS,Cricket Bat,32544.7,1.0,10.0,Net Banking,Delivered,3.4
ORD10911,2024-08-23,CUST1789,Aahana Baral, Delhi ,Delhi,PID334,Shampoo,beauty,Shampoo,72683.66,2.0,40.0,Credit Card,,1.3
ORD14030,2024-10-02,CUST1429,Tanmayi Chandra,Ahmedabad,Gujarat,PID564,Smartwatch,ELECTRONICS,Smartwatch,86652.57,5.0,25.0,Credit Card,Delivered,3.9
ORD10504,2023-12-17,CUST1893,Bakhshi Gupta,JAIPUR,Rajasthan,PID295,Cricket Bat,sports,Cricket Bat,71291.41,1.0,25.0,,Delivered,3.2
ORD11672,2023-02-17,CUST1994,Fiyaz Gupta, Ahmedabad ,Gujarat,PID378,Face Wash,Beauty,Face Wash,295.51,3.0,40.0,,Delayed,1.0
ORD10125,2023-02-02,CUST1912,Aarini Som, Indore ,Madhya Pradesh,PID295,Perfume,BEAUTY,Perfume,5878.83,1.0,40.0,,Returned,1.7
ORD10934,2023-02-05,CUST1074,Liam Prabhu,BANGALORE,Karnataka,PID178,Air Fryer,Home & Kitchen,Air Fryer,61959.35,0.0,25.0,UPI,Delivered,3.7
ORD11471,2024-11-02,CUST1037,Amruta Cherian,DELHI,Delhi,PID189,Kurta,fashion,Kurta,55251.81,5.0,5.0,Cash on Delivery,Delivered,2.9
ORD14365,2023-08-26,CUST1655,Ishwar Parekh,Kolkata,West Bengal,PID219,Kurta,FASHION,Kurta,18035.58,2.0,0.0,Debit Card,Delivered,4.3
ORD11285,2023-07-04,CUST1779,Jyoti Bobal,Bangalore,Karnataka,PID138,Comic,Books,Comic,76080.28,2.0,15.0,Credit Card,Delayed,1.7
ORD14588,2024-12-04,CUST1617,Ethan Pau,Chennai,Tamil Nadu,PID396,Mixer Grinder,Home & Kitchen,Mixer Grinder,76368.34,2.0,10.0,Credit Card,Delayed,1.1
ORD13592,06/07/2023,CUST1495,Nirja Goswami,Surat,Gujarat,PID356,Textbook,books,Textbook,77004.23,4.0,5.0,Credit Card,Cancelled,2.1
ORD14299,2024-11-12,CUST1921,Dalbir Sarin, Mumbai ,Maharashtra,PID195,Sunscreen,Beauty,Sunscreen,2953.65,3.0,40.0,Cash on Delivery,Delivered,3.5
ORD11095,2023-12-21,CUST1370,Jagdish Ahluwalia,AHMEDABAD,Gujarat,PID298,Novel,Books,Novel,89145.14,2.0,25.0,Net Banking,Delivered,2.0
ORD12306,2023-11-16,CUST1522,Turvi Bawa,Pune,Maharashtra,PID258,Shampoo,BEAUTY,Shampoo,12324.08,4.0,25.0,Credit Card,Cancelled,1.3
ORD11184,2023-07-25,CUST1919,Aarna Reddy,PUNE,Maharashtra,PID195,Laptop,ELECTRONICS,Laptop,49760.68,1.0,10.0,,Cancelled,3.9
ORD10225,2023-10-12,CUST1470,Ekapad Taneja,KOLKATA,West Bengal,PID327,Saree,Fashion,Saree,76690.62,4.0,25.0,Cash on Delivery,,1.9
ORD12191,2024-07-25,CUST1257,Christopher Ghose,Hyderabad,Telangana,PID307,Textbook,Books,Textbook,43287.61,2.0,40.0,UPI,Delivered,2.3
ORD13931,2023-04-27,CUST1478,Eesha Sarna,SURAT,Gujarat,PID510,Mixer Grinder,HOME & KITCHEN,Mixer Grinder,63057.19,3.0,5.0,Debit Card,Delivered,4.6
ORD12924,2024-03-26,CUST1364,Yashawini Bala,ahmedabad,Gujarat,PID578,Mixer Grinder,Home & Kitchen,Mixer Grinder,54330.06,4.0,25.0,Debit Card,Delivered,
ORD13024,2024-03-03,CUST1788,Aadhya Sengupta, Bangalore ,Karnataka,PID347,Jeans,FASHION,Jeans,88222.77,2.0,30.0,Net Banking,Cancelled,1.6
ORD13179,2023-05-26,CUST1088,Anya More,Bangalore,Karnataka,PID445,Cookware Set,HOME & KITCHEN,Cookware Set,39775.44,5.0,0.0,Debit Card,,2.1
ORD11372,2024-12-17,CUST1317,Neel Raju, Lucknow ,Uttar Pradesh,PID377,Jeans,Fashion,Jeans,71509.05,5.0,25.0,Cash on Delivery,Delivered,1.0
ORD13183,2023-12-13,CUST1564,Yadavi Mangat,Surat,Gujarat,PID288,Jeans,Fashion,Jeans,81972.22,1.0,5.0,Debit Card,Returned,4.4
ORD10685,2023-02-09,CUST1895,Priya Varkey,BANGALORE,Karnataka,PID380,Smartwatch,electronics,Smartwatch,68156.27,2.0,5.0,Net Banking,Delayed,3.0
ORD12805,2024-01-12,CUST1677,Arya Bahl,PUNE,Maharashtra,PID457,Laptop,ELECTRONICS,Laptop,44688.84,3.0,40.0,UPI,Delivered,4.1
ORD10828,2024-12-26,CUST1320,Dominic Kar, Jaipur ,Rajasthan,PID361,Perfume,Beauty,Perfume,30767.05,2.0,15.0,Cash on Delivery,Cancelled,1.9
ORD11262,03/07/2024,CUST1044,Wridesh Buch,Jaipur,Rajasthan,PID193,Water Bottle,Home & Kitchen,Water Bottle,72595.3,3.0,30.0,UPI,Delivered,2.6
ORD14945,2024-04-03,CUST1004,Raksha Vohra,Chennai,Tamil Nadu,PID358,Bedsheet,home & kitchen,Bedsheet,34524.08,1.0,5.0,UPI,Delivered,4.9
ORD13514,2023-07-26,CUST1957,Ijaya Lala,Ahmedabad,Gujarat,PID438,Bedsheet,Home & Kitchen,Bedsheet,58599.25,4.0,25.0,Net Banking,Delayed,4.9
ORD10633,2024-11-04,CUST1523,Aahana Zacharia,KOLKATA,West Bengal,PID479,Air Fryer,Home & Kitchen,Air Fryer,88445.26,5.0,40.0,Credit Card,Delivered,2.7
ORD12022,2023-09-11,CUST1531,Advay Saini, Indore ,Madhya Pradesh,PID408,Football,Sports,Football,32773.07,4.0,15.0,Cash on Delivery,Delivered,1.3
ORD13770,2024-01-06,CUST1416,Vamakshi Bobal,INDORE,Madhya Pradesh,PID274,T-Shirt,Fashion,T-Shirt,5927.36,0.0,20.0,Debit Card,,3.7
ORD11307,2023-11-09,CUST1804,Idika Kumer,indore,Madhya Pradesh,PID399,T-Shirt,Fashion,T-Shirt,45786.2,5.0,25.0,Debit Card,Returned,4.4
ORD14254,2024-08-12,CUST1269,Tamanna Brar, Chennai ,Tamil Nadu,PID119,Face Wash,Beauty,Face Wash,85797.45,4.0,5.0,Debit Card,Returned,3.5
ORD11242,2024-02-07,CUST1285,Rayaan Dara,delhi,Delhi,PID376,Textbook,Books,Textbook,39430.91,5.0,15.0,Credit Card,,3.9
ORD13306,2023-12-24,CUST1980,Kalpit Rama,surat,Gujarat,PID273,Bluetooth Speaker,Electronics,Bluetooth Speaker,63473.03,2.0,15.0,Credit Card,Delivered,1.5
ORD11461,2023-12-23,CUST1052,Hemang Oak,PUNE,Maharashtra,PID310,Bluetooth Speaker,ELECTRONICS,Bluetooth Speaker,11121.96,2.0,5.0,UPI,Delivered,1.2
ORD11398,2023-02-19,CUST1070,Rohan Jhaveri,bangalore,Karnataka,PID208,Bedsheet,home & kitchen,Bedsheet,82480.18,2.0,25.0,Net Banking,,3.9
ORD10963,2024-08-01,CUST1911,Damyanti Iyengar,JAIPUR,Rajasthan,PID197,Cookware Set,Home & Kitchen,Cookware Set,70550.24,5.0,25.0,Debit Card,Cancelled,1.1
ORD13176,2024-01-27,CUST1629,Kabir Sule,pune,Maharashtra,PID420,Water Bottle,home & kitchen,Water Bottle,30591.88,4.0,0.0,Net Banking,Returned,2.2
ORD11278,2023-05-06,CUST1680,Lucky Pradhan,BANGALORE,Karnataka,PID470,Shampoo,BEAUTY,Shampoo,3445.56,4.0,40.0,Cash on Delivery,Cancelled,4.2
ORD11963,2024-08-31,CUST1759,Jeevika Pillai, Bangalore ,Karnataka,PID298,Face Wash,beauty,Face Wash,34533.69,4.0,25.0,Debit Card,Cancelled,4.5
ORD10746,2023-09-19,CUST1825,Vaishnavi Goyal, Bangalore ,Karnataka,PID349,Lipstick,BEAUTY,Lipstick,29015.85,2.0,20.0,,Delayed,4.7
ORD13378,2024-06-11,CUST1866,Logan Mistry, Surat ,Gujarat,PID213,Jeans,FASHION,Jeans,30989.77,1.0,20.0,Credit Card,,
ORD13431,2023-09-20,CUST1004,Anika Goda,DELHI,Delhi,PID170,T-Shirt,Fashion,T-Shirt,69669.92,4.0,20.0,Debit Card,Delivered,3.7
ORD14172,2024-09-11,CUST1981,Indali Pingle, Hyderabad ,Telangana,PID418,Face Wash,beauty,Face Wash,86568.15,4.0,40.0,Credit Card,Delivered,1.9
ORD10142,2023-03-26,CUST1369,Falan Karan, Surat ,Gujarat,PID154,Lipstick,BEAUTY,Lipstick,52790.88,3.0,5.0,Credit Card,Returned,2.5
ORD11116,2024-11-04,CUST1908,Garima Balan,indore,Madhya Pradesh,PID168,Novel,Books,Novel,56106.3,3.0,5.0,Credit Card,Cancelled,3.7
ORD10805,2024-02-16,CUST1751,Aishani Lad, Indore ,Madhya Pradesh,PID331,Kurta,FASHION,Kurta,2031.2,4.0,15.0,Cash on Delivery,Delayed,3.5
ORD13188,2023-10-08,CUST1815,Aarnav Shah,hyderabad,Telangana,PID267,Textbook,Books,Textbook,56671.89,3.0,0.0,Net Banking,Returned,2.2
ORD10530,2023-04-30,CUST1586,Suhani Barman,Kolkata,West Bengal,PID393,Cricket Bat,sports,Cricket Bat,77860.89,4.0,5.0,Net Banking,Delivered,3.0
ORD13745,2024-11-30,CUST1654,Ijaya Radhakrishnan, Surat ,Gujarat,PID512,T-Shirt,Fashion,T-Shirt,53298.32,2.0,10.0,,Delivered,2.0
ORD10201,2023-10-20,CUST1623,Ekbal Garde, Lucknow ,Uttar Pradesh,PID342,Saree,fashion,Saree,52503.54,1.0,5.0,Debit Card,Delayed,4.5
ORD10455,2023-07-17,CUST1514,Yashica Swamy,MUMBAI,Maharashtra,PID559,Jacket,FASHION,Jacket,51543.73,5.0,5.0,Net Banking,Cancelled,3.2
ORD12972,2023-05-17,CUST1804,Simon Minhas,LUCKNOW,Uttar Pradesh,PID148,Water Bottle,home & kitchen,Water Bottle,1682.6,2.0,10.0,UPI,Cancelled,
ORD14114,2023-02-16,CUST1130,Falak Chowdhury,MUMBAI,Maharashtra,PID447,Kurta,FASHION,Kurta,43896.74,1.0,20.0,Credit Card,Delivered,4.7
ORD12767,2024-09-10,CUST1287,Osha Divan,SURAT,Gujarat,PID557,Mixer Grinder,home & kitchen,Mixer Grinder,52806.74,2.0,10.0,Cash on Delivery,Delayed,2.5
ORD14345,21/04/2023,CUST1127,Robert Gaba, Hyderabad ,Telangana,PID230,Novel,BOOKS,Novel,76629.28,0.0,15.0,Debit Card,Delivered,4.8
ORD14788,2024-12-20,CUST1920,Xavier Chatterjee,jaipur,Rajasthan,PID201,Bedsheet,home & kitchen,Bedsheet,88981.49,2.0,5.0,Net Banking,Delivered,3.3
ORD10441,2023-06-21,CUST1452,Pratyush Dugal,lucknow,Uttar Pradesh,PID490,Smartphone,electronics,Smartphone,54927.58,5.0,5.0,Credit Card,Returned,4.5
ORD11972,2023-01-30,CUST1492,Zaid Grewal, Chennai ,Tamil Nadu,PID143,Mixer Grinder,Home & Kitchen,Mixer Grinder,60231.03,4.0,40.0,Cash on Delivery,,4.4
ORD13775,2024-09-29,CUST1774,Rudra Batra,SURAT,Gujarat,PID577,Mixer Grinder,Home & Kitchen,Mixer Grinder,1947.31,4.0,40.0,UPI,Delivered,4.7
ORD14208,2023-07-17,CUST1591,Zarna Brahmbhatt,AHMEDABAD,Gujarat,PID309,Sneakers,Fashion,Sneakers,18485.34,3.0,0.0,,Delivered,2.9
ORD10433,2023-05-09,CUST1492,Thomas Subramaniam,Hyderabad,Telangana,PID432,Biography,Books,Biography,55722.17,4.0,5.0,,Delivered,1.8
ORD11903,2023-09-05,CUST1618,Tristan Sami,BANGALORE,Karnataka,PID231,Kurta,fashion,Kurta,77107.99,3.0,30.0,,Delayed,2.8
ORD13112,2024-04-25,CUST1226,Gautami Bhatnagar,lucknow,Uttar Pradesh,PID450,Water Bottle,HOME & KITCHEN,Water Bottle,59234.81,2.0,25.0,UPI,,
ORD12227,2024-08-08,CUST1725,Devika Halder,Kolkata,West Bengal,PID204,Water Bottle,HOME & KITCHEN,Water Bottle,51460.5,4.0,5.0,Cash on Delivery,Returned,1.9
ORD12210,2023-10-26,CUST1680,Bhavya Sarraf, Ahmedabad ,Gujarat,PID192,Face Wash,Beauty,Face Wash,18329.57,2.0,25.0,Cash on Delivery,Returned,3.1
ORD14753,2024-11-28,CUST1515,Dalbir Natt,Hyderabad,Telangana,PID305,Bluetooth Speaker,ELECTRONICS,Bluetooth Speaker,49282.74,4.0,40.0,Net Banking,Delivered,3.9
ORD13900,2023-05-04,CUST1926,Geetika Koshy,mumbai,Maharashtra,PID133,Laptop,Electronics,Laptop,71100.83,5.0,0.0,Cash on Delivery,,2.5
ORD12095,2024-12-24,CUST1060,Chandani Thakur,KOLKATA,West Bengal,PID432,Football,SPORTS,Football,2942.72,2.0,5.0,UPI,Delivered,1.8
ORD13953,2023-10-04,CUST1871,Bimala Banik,jaipur,Rajasthan,PID260,Dumbbells,sports,Dumbbells,14487.08,1.0,15.0,UPI,Delivered,2.1
ORD14247,2023-10-29,CUST1267,Shravya Bhardwaj,PUNE,Maharashtra,PID506,Bluetooth Speaker,electronics,Bluetooth Speaker,26021.67,5.0,20.0,Credit Card,Delayed,3.9
ORD10985,2024-06-01,CUST1767,Rachit Desai,LUCKNOW,Uttar Pradesh,PID119,Shampoo,BEAUTY,Shampoo,47967.93,5.0,30.0,Credit Card,Delivered,4.4
ORD12563,2023-07-17,CUST1213,Sanaya Mann, Surat ,Gujarat,PID187,Mixer Grinder,home & kitchen,Mixer Grinder,11402.5,1.0,30.0,Credit Card,Delayed,3.8
ORD13614,2024-01-23,CUST1287,Qabil Dasgupta, Delhi ,Delhi,PID527,Cricket Bat,Sports,Cricket Bat,45757.85,3.0,0.0,Credit Card,Delivered,4.7
ORD12804,2023-07-01,CUST1969,Jairaj Sarna,Surat,Gujarat,PID398,Perfume,Beauty,Perfume,78391.24,4.0,10.0,Net Banking,Delayed,1.2
ORD11749,2023-10-30,CUST1021,Abhiram Salvi, Delhi ,Delhi,PID131,Lipstick,BEAUTY,Lipstick,61737.24,5.0,25.0,Cash on Delivery,Delivered,1.4
ORD13340,2024-07-02,CUST1993,Urmi Sankaran,surat,Gujarat,PID268,Jeans,FASHION,Jeans,64273.19,3.0,20.0,Net Banking,,2.4
ORD12668,2024-06-02,CUST1434,Akshay Sangha, Lucknow ,Uttar Pradesh,PID218,Shampoo,beauty,Shampoo,25202.9,4.0,30.0,UPI,Cancelled,3.3
ORD10822,2024-04-06,CUST1559,Jhalak Saran, Chennai ,Tamil Nadu,PID481,Water Bottle,HOME & KITCHEN,Water Bottle,62872.13,5.0,25.0,Debit Card,,4.2
ORD12078,2024-05-21,CUST1704,Gopal Nadkarni, Mumbai ,Maharashtra,PID327,Bluetooth Speaker,Electronics,Bluetooth Speaker,41079.54,3.0,20.0,Credit Card,Delivered,1.3
ORD12729,2023-06-21,CUST1002,Lakshmi Raval,Pune,Maharashtra,PID529,Novel,BOOKS,Novel,51463.63,5.0,30.0,,Delivered,2.1
ORD11051,2023-11-19,CUST1461,William Cheema,Pune,Maharashtra,PID500,Dumbbells,sports,Dumbbells,44850.68,3.0,20.0,Debit Card,Cancelled,2.5
ORD13399,2023-03-29,CUST1557,Quincy Kari,DELHI,Delhi,PID352,Dumbbells,Sports,Dumbbells,19800.16,2.0,30.0,Net Banking,,1.5
ORD10377,2023-06-15,CUST1188,Saksham Sant,lucknow,Uttar Pradesh,PID205,Lipstick,BEAUTY,Lipstick,83183.23,2.0,10.0,Credit Card,Delayed,1.2
ORD10593,2024-10-10,CUST1228,Christopher Chokshi, Surat ,Gujarat,PID497,Smartphone,Electronics,Smartphone,1625.92,5.0,5.0,Debit Card,,
,,,,,,,,,,,,,,,
ORD13047,2024-04-09,CUST1390,Unni Venkataraman, Kolkata ,West Bengal,PID318,Headphones,electronics,Headphones,66153.5,4.0,0.0,Debit Card,Delivered,1.7
ORD14520,2023-06-07,CUST1888,Lohit Sathe, Ahmedabad ,Gujarat,PID290,Mixer Grinder,home & kitchen,Mixer Grinder,39902.79,5.0,10.0,UPI,Delayed,1.2
ORD10164,2024-10-27,CUST1084,Nicholas Edwin,delhi,Delhi,PID290,Face Wash,BEAUTY,Face Wash,83659.54,4.0,10.0,UPI,Returned,4.5
ORD11410,2023-06-21,CUST1210,Lavanya Golla, Chennai ,Tamil Nadu,PID368,Novel,BOOKS,Novel,44546.01,3.0,30.0,Net Banking,Cancelled,3.2
ORD12753,2023-07-05,CUST1830,Anya Boase, Chennai ,Tamil Nadu,PID458,Football,Sports,Football,52532.64,3.0,0.0,UPI,,2.3
ORD11377,2024-12-04,CUST1820,Shivansh Verma, Kolkata ,West Bengal,PID474,Water Bottle,HOME & KITCHEN,Water Bottle,23856.31,5.0,25.0,,Returned,4.1
ORD11041,2023-09-30,CUST1264,Samarth Rau, Pune ,Maharashtra,PID302,Jacket,Fashion,Jacket,0.0,5.0,15.0,Net Banking,Delivered,3.1
ORD12380,2024-05-01,CUST1935,Bakhshi Sami,BANGALORE,Karnataka,PID485,Shampoo,beauty,Shampoo,18025.78,4.0,30.0,Debit Card,Delayed,5.0
ORD10613,06/08/2023,CUST1213,Xavier Chatterjee,Surat,Gujarat,PID516,Textbook,BOOKS,Textbook,58295.01,1.0,0.0,Credit Card,Delayed,1.9
ORD11355,2023-01-06,CUST1034,Yagnesh Subramanian, Indore ,Madhya Pradesh,PID570,Smartwatch,electronics,Smartwatch,86295.39,2.0,5.0,Net Banking,Delivered,2.9
ORD12980,2023-06-08,CUST1266,Ekta Agarwal, Lucknow ,Uttar Pradesh,PID369,Tablet,ELECTRONICS,Tablet,20755.97,1.0,20.0,Cash on Delivery,Returned,4.8
ORD13448,2024-07-29,CUST1568,Nidra Chakrabarti,Chennai,Tamil Nadu,PID370,Bedsheet,HOME & KITCHEN,Bedsheet,72320.91,5.0,5.0,Cash on Delivery,Delivered,4.2
ORD12013,2023-12-31,CUST1346,Tristan Nazareth,chennai,Tamil Nadu,PID176,Shampoo,BEAUTY,Shampoo,35923.19,4.0,30.0,Debit Card,Delayed,1.1
ORD10370,2024-10-03,CUST1033,Anvi Bir,kolkata,West Bengal,PID251,Novel,books,Novel,41818.89,2.0,25.0,UPI,Delayed,3.5
ORD12356,2024-12-08,CUST1154,Daksha Narayanan,Chennai,Tamil Nadu,PID493,Football,sports,Football,50284.05,3.0,10.0,Cash on Delivery,Delivered,3.2
ORD10419,2024-12-04,CUST1570,Adya Basak,Lucknow,Uttar Pradesh,PID130,Kurta,Fashion,Kurta,61631.4,2.0,30.0,Net Banking,Delivered,2.5
ORD10284,2024-01-26,CUST1755,Gagan Chawla, Hyderabad ,Telangana,PID117,T-Shirt,Fashion,T-Shirt,69842.41,2.0,20.0,Credit Card,Delayed,1.5
ORD12687,2023-04-21,CUST1015,Inaya Kata, Mumbai ,Maharashtra,PID550,Saree,Fashion,Saree,61962.79,5.0,15.0,Cash on Delivery,Cancelled,
ORD10872,2023-04-04,CUST1865,Dominic Mohanty,Ahmedabad,Gujarat,PID308,Comic,Books,Comic,15590.03,5.0,10.0,Cash on Delivery,Delivered,3.5
ORD12990,2023-12-31,CUST1518,Harshil Purohit, Surat ,Gujarat,PID395,Bedsheet,HOME & KITCHEN,Bedsheet,56170.26,4.0,5.0,UPI,,4.6
ORD10355,2023-10-24,CUST1712,Jai Bhargava,SURAT,Gujarat,PID299,Face Wash,BEAUTY,Face Wash,89731.87,3.0,40.0,Cash on Delivery,Returned,
ORD14935,2024-08-06,CUST1253,Harita Venkatesh,pune,Maharashtra,PID505,T-Shirt,Fashion,T-Shirt,13416.66,4.0,30.0,Debit Card,,3.9
ORD12714,2024-06-24,CUST1498,Isaac Sampath,HYDERABAD,Telangana,PID174,Yoga Mat,SPORTS,Yoga Mat,83805.53,4.0,30.0,Cash on Delivery,Cancelled,5.0
ORD10315,2023-11-28,CUST1256,Upma Jain, Indore ,Madhya Pradesh,PID265,Face Wash,Beauty,Face Wash,45134.1,5.0,30.0,,Delivered,1.7
ORD11758,2023-11-06,CUST1961,Mekhala Dugar,Indore,Madhya Pradesh,PID251,Smartwatch,Electronics,Smartwatch,73060.31,3.0,30.0,Net Banking,Delayed,4.3
ORD11280,2024-04-06,CUST1256,Maanav Sagar, Lucknow ,Uttar Pradesh,PID169,Laptop,ELECTRONICS,Laptop,15672.34,5.0,10.0,UPI,Delayed,3.1
ORD13048,2023-03-25,CUST1394,Omya Agate,PUNE,Maharashtra,PID490,Face Wash,Beauty,Face Wash,51865.78,3.0,30.0,Debit Card,Delivered,2.7
ORD12808,2024-09-05,CUST1076,Thomas Verma, Pune ,Maharashtra,PID322,Mixer Grinder,home & kitchen,Mixer Grinder,35962.94,4.0,20.0,,Returned,1.9
ORD11648,2024-10-06,CUST1613,Vivaan Baral,Hyderabad,Telangana,PID453,Shampoo,Beauty,Shampoo,83835.84,2.0,0.0,Debit Card,Cancelled,1.8
ORD14227,2024-11-29,CUST1107,Lekha Bhatt,Mumbai,Maharashtra,PID222,Kurta,Fashion,Kurta,86490.97,1.0,10.0,,Delivered,2.8
ORD11821,2024-06-26,CUST1533,Frederick Madan,Surat,Gujarat,PID252,Sunscreen,BEAUTY,Sunscreen,54772.05,4.0,0.0,Cash on Delivery,Delivered,3.0
ORD11597,2023-08-06,CUST1386,Vamakshi Suri, Mumbai ,Maharashtra,PID364,Textbook,books,Textbook,3531.56,3.0,40.0,Net Banking,Returned,4.9
ORD12918,2024-03-13,CUST1329,Alexander Mall,Kolkata,West Bengal,PID227,Bedsheet,HOME & KITCHEN,Bedsheet,10796.91,1.0,5.0,Net Banking,Delivered,2.5
ORD11470,07/07/2024,CUST1965,Henry Apte,kolkata,West Bengal,PID268,Football,sports,Football,50153.73,5.0,10.0,UPI,Cancelled,1.3
ORD13891,2024-03-05,CUST1147,Yahvi Gaba,Surat,Gujarat,PID568,Tablet,electronics,Tablet,31425.25,2.0,40.0,Net Banking,Cancelled,4.2
ORD11602,2024-12-20,CUST1864,Baljiwan Swamy,indore,Madhya Pradesh,PID166,Laptop,Electronics,Laptop,67482.69,5.0,40.0,Cash on Delivery,Delivered,1.7
ORD14708,2024-09-27,CUST1529,Ronith Nagi, Lucknow ,Uttar Pradesh,PID310,Biography,books,Biography,5075.98,3.0,0.0,UPI,Cancelled,1.5
ORD10400,2024-09-23,CUST1857,Yachana Butala,Kolkata,West Bengal,PID287,Dumbbells,Sports,Dumbbells,50668.65,3.0,30.0,UPI,Delivered,4.1
ORD14133,2023-09-09,CUST1210,Xalak Reddy,DELHI,Delhi,PID442,Shampoo,beauty,Shampoo,42087.08,2.0,15.0,Credit Card,Returned,2.1
ORD10459,2024-10-10,CUST1781,Anika Singh,Delhi,Delhi,PID384,Biography,Books,Biography,24345.48,1.0,30.0,Net Banking,Returned,4.5
ORD14170,2023-12-14,CUST1305,Darsh Pandit,delhi,Delhi,PID429,Biography,Books,Biography,84154.32,1.0,15.0,UPI,,4.1
ORD13535,2024-02-24,CUST1396,Indrajit Walia,Pune,Maharashtra,PID324,Jacket,FASHION,Jacket,12147.94,5.0,10.0,UPI,Cancelled,1.2
ORD12453,2024-01-15,CUST1459,Aarna Warrior,MUMBAI,Maharashtra,PID598,Yoga Mat,SPORTS,Yoga Mat,37363.05,1.0,20.0,UPI,Delayed,1.2
ORD11950,2024-08-06,CUST1908,Januja Gola, Lucknow ,Uttar Pradesh,PID239,Cookware Set,Home & Kitchen,Cookware Set,18658.24,3.0,30.0,Cash on Delivery,Returned,4.0
ORD12035,2024-12-03,CUST1333,Jagdish Gala,Surat,Gujarat,PID594,Smartwatch,ELECTRONICS,Smartwatch,41489.09,1.0,20.0,,Returned,4.4
ORD13611,2024-11-22,CUST1282,Shravya Sant,Surat,Gujarat,PID297,Novel,BOOKS,Novel,27259.72,1.0,15.0,Debit Card,Delivered,4.0
ORD10376,2023-11-10,CUST1361,Hredhaan Shroff,Kolkata,West Bengal,PID245,Football,Sports,Football,53463.15,4.0,10.0,Debit Card,,2.0
ORD13874,31/01/2023,CUST1313,Gaurang Lall, Delhi ,Delhi,PID235,Cookware Set,HOME & KITCHEN,Cookware Set,60857.81,5.0,40.0,UPI,Cancelled,4.8
ORD10884,2024-10-26,CUST1408,Andrew Dalal,chennai,Tamil Nadu,PID338,Mixer Grinder,HOME & KITCHEN,Mixer Grinder,43926.86,2.0,10.0,Credit Card,Delayed,2.6
ORD14528,2023-03-01,CUST1650,Barkha Goda,PUNE,Maharashtra,PID343,Comic,Books,Comic,54243.55,2.0,5.0,Credit Card,,1.8
ORD10692,2024-05-16,CUST1025,Ethan Sarma,ahmedabad,Gujarat,PID543,Tablet,Electronics,Tablet,85989.11,2.0,40.0,Cash on Delivery,Returned,2.0
ORD13773,2024-08-28,CUST1090,Daksh Bhavsar, Indore ,Madhya Pradesh,PID149,Novel,Books,Novel,4184.68,4.0,5.0,Cash on Delivery,Delayed,
ORD10009,2023-09-03,CUST1778,Jagrati Ray, Jaipur ,Rajasthan,PID372,Saree,Fashion,Saree,82676.64,1.0,20.0,UPI,Returned,4.5
ORD13701,2023-06-28,CUST1207,Anita Varughese,JAIPUR,Rajasthan,PID375,Smartwatch,Electronics,Smartwatch,88107.27,2.0,0.0,Net Banking,Cancelled,4.0
ORD12707,2024-03-01,CUST1954,Guneet Yohannan,indore,Madhya Pradesh,PID314,Face Wash,Beauty,Face Wash,36509.52,1.0,40.0,Credit Card,Delivered,4.9
ORD10899,2023-04-21,CUST1327,Caleb Pant,kolkata,West Bengal,PID396,Jeans,fashion,Jeans,13512.57,5.0,10.0,Debit Card,,1.5
ORD10318,2023-03-23,CUST1189,Yauvani Devan,MUMBAI,Maharashtra,PID175,Sunscreen,Beauty,Sunscreen,54777.36,4.0,40.0,Debit Card,Cancelled,1.0
ORD14969,2023-09-18,CUST1636,Chakradev Mahajan,PUNE,Maharashtra,PID408,Comic,BOOKS,Comic,45635.66,5.0,15.0,Debit Card,Delayed,2.8
ORD11802,2024-05-25,CUST1661,Saanvi Nair,LUCKNOW,Uttar Pradesh,PID170,Bedsheet,Home & Kitchen,Bedsheet,30067.09,3.0,40.0,Debit Card,,3.2
ORD13182,2024-02-26,CUST1108,Jason Brahmbhatt,jaipur,Rajasthan,PID521,Textbook,BOOKS,Textbook,31590.56,4.0,5.0,Cash on Delivery,,4.1
ORD12732,2024-10-25,CUST1328,Frado Rajagopalan,Kolkata,West Bengal,PID591,Comic,BOOKS,Comic,76094.17,2.0,15.0,UPI,Returned,3.4
ORD10509,2023-05-08,CUST1726,Indira Dayal,indore,Madhya Pradesh,PID350,Shampoo,beauty,Shampoo,33677.07,5.0,0.0,Cash on Delivery,Delivered,3.3
ORD14954,2024-12-08,CUST1089,Hemang Rau, Indore ,Madhya Pradesh,PID303,Air Fryer,HOME & KITCHEN,Air Fryer,69008.45,2.0,10.0,Net Banking,Delivered,3.7
ORD14359,2023-07-07,CUST1817,Anusha Boase,surat,Gujarat,PID537,T-Shirt,FASHION,T-Shirt,4007.07,5.0,15.0,Cash on Delivery,Delivered,3.6
ORD14134,2023-10-08,CUST1489,Yug Upadhyay, Indore ,Madhya Pradesh,PID317,Cricket Bat,Sports,Cricket Bat,43050.05,4.0,5.0,Cash on Delivery,Delivered,2.9
ORD10547,2024-11-03,CUST1203,Qushi Modi,chennai,Tamil Nadu,PID156,Shampoo,beauty,Shampoo,27040.75,3.0,40.0,Cash on Delivery,Delivered,1.6
ORD12962,2024-07-12,CUST1453,Raghav Buch, Bangalore ,Karnataka,PID189,Football,sports,Football,1650.1,1.0,10.0,Net Banking,Delivered,4.8
ORD13655,2024-08-30,CUST1052,Jairaj Nagy,surat,Gujarat,PID349,Jacket,Fashion,Jacket,74832.28,5.0,5.0,Credit Card,Cancelled,4.0
ORD13123,2024-09-19,CUST1359,Ayaan Mani,kolkata,West Bengal,PID551,Jeans,Fashion,Jeans,62065.19,1.0,30.0,Cash on Delivery,Returned,2.7
ORD13215,2024-06-01,CUST1451,Krisha Gara,Pune,Maharashtra,PID283,Air Fryer,HOME & KITCHEN,Air Fryer,77902.3,3.0,20.0,Net Banking,Cancelled,2.7
ORD14303,2023-05-04,CUST1855,Udyati Balan,Surat,Gujarat,PID385,Dumbbells,sports,Dumbbells,23838.5,0.0,5.0,,Returned,4.4
ORD12653,2024-06-13,CUST1777,Arin Boase,Mumbai,Maharashtra,PID155,Bedsheet,HOME & KITCHEN,Bedsheet,16540.0,1.0,40.0,Net Banking,Cancelled,2.3
ORD14787,2024-08-05,CUST1260,Wridesh Seth,Kolkata,West Bengal,PID120,Football,sports,Football,32813.42,3.0,10.0,,Returned,1.3
ORD12432,2023-01-15,CUST1313,Nitesh Lanka,surat,Gujarat,PID528,Sunscreen,BEAUTY,Sunscreen,67484.48,1.0,15.0,Debit Card,Returned,3.8
ORD14414,2024-06-19,CUST1523,Ira Gade, Ahmedabad ,Gujarat,PID112,Comic,Books,Comic,45774.87,5.0,0.0,Credit Card,Delayed,2.1
ORD12786,2024-01-15,CUST1324,Ishwar Bava, Mumbai ,Maharashtra,PID119,Smartwatch,electronics,Smartwatch,60461.37,1.0,25.0,Net Banking,Cancelled,1.9
ORD11551,2024-05-02,CUST1904,Harsh Nagi, Ahmedabad ,Gujarat,PID151,Shampoo,BEAUTY,Shampoo,22383.45,2.0,25.0,,Delivered,2.7
ORD13962,2023-12-06,CUST1579,Ucchal Sami,jaipur,Rajasthan,PID489,Sneakers,FASHION,Sneakers,18620.8,4.0,20.0,Debit Card,,4.8
ORD13809,2024-06-30,CUST1780,Samar Bhargava, Mumbai ,Maharashtra,PID133,Comic,books,Comic,53660.4,1.0,20.0,,Returned,4.9
ORD10126,2023-05-02,CUST1305,Zaid Tandon,Pune,Maharashtra,PID337,Shampoo,Beauty,Shampoo,7360.46,2.0,25.0,,Delivered,3.1
ORD14055,2023-09-13,CUST1862,Arin Yohannan,Delhi,Delhi,PID464,Sneakers,fashion,Sneakers,76638.58,3.0,30.0,Credit Card,Returned,4.4
ORD13085,2024-06-18,CUST1891,Charvi Muni,JAIPUR,Rajasthan,PID468,Yoga Mat,sports,Yoga Mat,40232.78,5.0,30.0,UPI,Delayed,3.1
ORD13914,11/01/2023,CUST1288,Victor Bhatnagar, Jaipur ,Rajasthan,PID171,Smartwatch,electronics,Smartwatch,41402.22,3.0,30.0,Debit Card,Delivered,4.3
ORD13307,2024-11-05,CUST1351,Tanveer Mukherjee,Chennai,Tamil Nadu,PID255,Cricket Bat,Sports,Cricket Bat,28949.97,4.0,5.0,UPI,Delayed,3.7
ORD14457,2023-09-06,CUST1402,Nandini Buch,chennai,Tamil Nadu,PID419,Novel,Books,Novel,64858.5,2.0,10.0,Cash on Delivery,Delivered,
ORD11600,2023-09-25,CUST1625,Arin Mutti,INDORE,Madhya Pradesh,PID554,Tablet,ELECTRONICS,Tablet,45540.71,4.0,20.0,Debit Card,Returned,3.9
ORD12254,2024-10-10,CUST1248,Gaurika Kakar, Mumbai ,Maharashtra,PID361,Cookware Set,HOME & KITCHEN,Cookware Set,47595.06,2.0,15.0,UPI,Delivered,3.7
ORD13418,2024-03-12,CUST1165,Yachana Barad,bangalore,Karnataka,PID299,Yoga Mat,SPORTS,Yoga Mat,76840.64,1.0,25.0,UPI,Returned,
ORD14273,2024-12-15,CUST1295,Faqid Amble,pune,Maharashtra,PID480,Novel,BOOKS,Novel,28845.78,5.0,30.0,Credit Card,Delivered,2.2
ORD12421,2023-12-12,CUST1811,Kevin Choudhry, Kolkata ,West Bengal,PID446,Shampoo,beauty,Shampoo,25986.24,3.0,40.0,,Cancelled,1.5
ORD11724,2023-06-07,CUST1667,Ranveer Kibe,mumbai,Maharashtra,PID315,Cookware Set,home & kitchen,Cookware Set,-78678.97,1.0,20.0,Net Banking,,3.4
ORD11158,2024-06-16,CUST1410,Ikbal Dani,PUNE,Maharashtra,PID393,Comic,BOOKS,Comic,35267.28,2.0,10.0,Credit Card,Delivered,3.5
ORD11845,2024-05-14,CUST1966,Jagrati Batta,Chennai,Tamil Nadu,PID467,Comic,Books,Comic,52504.13,2.0,0.0,Credit Card,Delivered,3.5
ORD13131,2023-03-02,CUST1478,Gavin Chanda, Ahmedabad ,Gujarat,PID230,Mixer Grinder,Home & Kitchen,Mixer Grinder,60982.65,4.0,30.0,Net Banking,Cancelled,4.3
ORD12739,2024-12-06,CUST1395,Mahika Kuruvilla,hyderabad,Telangana,PID224,Lipstick,BEAUTY,Lipstick,62542.85,3.0,40.0,Cash on Delivery,Delayed,1.6
ORD12040,2023-06-09,CUST1541,Vrinda Bath,jaipur,Rajasthan,PID257,Novel,Books,Novel,49180.92,5.0,15.0,Debit Card,Delayed,4.5
ORD11159,2023-03-11,CUST1876,Nimrat Patel,Ahmedabad,Gujarat,PID318,Laptop,ELECTRONICS,Laptop,79021.65,3.0,40.0,Cash on Delivery,Delivered,1.5
ORD10634,2024-02-05,CUST1468,Ronith Johal,Kolkata,West Bengal,PID161,Yoga Mat,SPORTS,Yoga Mat,43319.91,5.0,20.0,Cash on Delivery,Delivered,4.2
ORD11417,2023-02-20,CUST1616,Widisha Grover, Surat ,Gujarat,PID138,Face Wash,beauty,Face Wash,82789.2,2.0,25.0,Debit Card,Returned,3.1
ORD12701,2023-08-19,CUST1954,Bhavini Shanker,jaipur,Rajasthan,PID408,Perfume,BEAUTY,Perfume,56737.04,5.0,15.0,,Cancelled,2.8
ORD12472,2023-09-20,CUST1831,Joshua Nanda,bangalore,Karnataka,PID265,Face Wash,BEAUTY,Face Wash,87238.31,1.0,20.0,Net Banking,Returned,1.1
ORD10508,2024-04-25,CUST1414,Vidhi Vohra,kolkata,West Bengal,PID573,Air Fryer,HOME & KITCHEN,Air Fryer,27630.38,4.0,10.0,Net Banking,Returned,
ORD12832,2023-12-16,CUST1387,Isaac Mandal, Delhi ,Delhi,PID577,Shampoo,Beauty,Shampoo,10162.28,4.0,5.0,Credit Card,Delivered,1.5
ORD10245,2024-10-22,CUST1365,Noah Mistry, Ahmedabad ,Gujarat,PID165,Comic,BOOKS,Comic,10448.84,1.0,40.0,UPI,Delivered,
ORD11169,2024-06-04,CUST1880,Abhimanyu Gaba,HYDERABAD,Telangana,PID291,Jeans,Fashion,Jeans,26604.32,1.0,40.0,Cash on Delivery,Delivered,
ORD11416,2023-09-27,CUST1065,Henry Sule,Kolkata,West Bengal,PID257,Tablet,ELECTRONICS,Tablet,55665.38,5.0,20.0,Credit Card,Delivered,2.5
ORD13318,2024-03-26,CUST1514,Oscar Wable,Chennai,Tamil Nadu,PID540,Kurta,FASHION,Kurta,82609.65,5.0,10.0,UPI,Cancelled,1.4
ORD14605,2024-05-21,CUST1547,Chavvi Sheth, Kolkata ,West Bengal,PID406,Bedsheet,home & kitchen,Bedsheet,55134.13,1.0,15.0,Cash on Delivery,Delivered,3.3
ORD13505,2023-07-23,CUST1084,Chaitaly Pillai,kolkata,West Bengal,PID479,Laptop,electronics,Laptop,-67376.19,2.0,10.0,Credit Card,Delayed,
ORD14585,2024-04-12,CUST1514,Matthew Bajaj,PUNE,Maharashtra,PID595,T-Shirt,Fashion,T-Shirt,76565.97,1.0,10.0,Debit Card,Delayed,2.3
ORD10301,2024-07-28,CUST1701,Qarin Mohanty, Indore ,Madhya Pradesh,PID573,Biography,BOOKS,Biography,11864.21,4.0,15.0,UPI,Delivered,3.9
ORD12321,2024-09-28,CUST1076,Vanya Sodhi,lucknow,Uttar Pradesh,PID533,Football,sports,Football,47203.14,1.0,20.0,Net Banking,Returned,3.2
ORD14405,2024-01-13,CUST1090,Shravya Narain,KOLKATA,West Bengal,PID140,Cookware Set,Home & Kitchen,Cookware Set,80274.74,2.0,25.0,Cash on Delivery,,4.4
ORD11704,2023-01-04,CUST1165,Ojasvi Dewan,indore,Madhya Pradesh,PID403,Saree,fashion,Saree,64920.21,2.0,40.0,Cash on Delivery,Cancelled,3.3
ORD14806,2023-09-07,CUST1664,Kavya Jayaraman,Indore,Madhya Pradesh,PID563,Dumbbells,sports,Dumbbells,260.14,2.0,5.0,Debit Card,,1.8
ORD12774,2024-06-04,CUST1248,Damini Barad,Delhi,Delhi,PID490,Perfume,BEAUTY,Perfume,31814.45,2.0,40.0,UPI,Returned,3.3
ORD12636,2023-05-04,CUST1924,Yagnesh Munshi,mumbai,Maharashtra,PID579,Lipstick,BEAUTY,Lipstick,40154.29,2.0,20.0,Cash on Delivery,,4.9
ORD12904,2023-06-28,CUST1514,Amara Anne,indore,Madhya Pradesh,PID153,Sneakers,fashion,Sneakers,51733.6,3.0,40.0,Net Banking,,3.1
ORD13640,2023-03-08,CUST1981,Baghyawati Kapadia,hyderabad,Telangana,PID596,Biography,books,Biography,74889.6,1.0,30.0,Cash on Delivery,Returned,
ORD14452,2023-04-28,CUST1512,Ekbal Buch,PUNE,Maharashtra,PID321,Jacket,fashion,Jacket,74816.28,3.0,10.0,Net Banking,Cancelled,3.3
ORD10863,2023-05-11,CUST1613,Hema Hari,AHMEDABAD,Gujarat,PID366,Face Wash,Beauty,Face Wash,60498.29,5.0,15.0,Cash on Delivery,Returned,4.8
ORD13219,2023-02-26,CUST1683,Dayita Balay, Delhi ,Delhi,PID465,Laptop,ELECTRONICS,Laptop,47220.08,2.0,30.0,Net Banking,Returned,3.7
ORD13387,2024-09-23,CUST1710,Dayita Kamdar,INDORE,Madhya Pradesh,PID190,Football,Sports,Football,2741.13,5.0,5.0,Net Banking,Delayed,3.8
ORD11141,2024-04-16,CUST1557,Ridhi Toor, Lucknow ,Uttar Pradesh,PID315,T-Shirt,fashion,T-Shirt,88660.33,4.0,0.0,Net Banking,Cancelled,3.8
ORD13777,2023-10-05,CUST1560,Gautam Wadhwa,Pune,Maharashtra,PID424,Shampoo,Beauty,Shampoo,53450.62,2.0,25.0,Cash on Delivery,,2.5
ORD12390,2023-09-16,CUST1114,Lajita Pant, Pune ,Maharashtra,PID179,Comic,Books,Comic,54306.03,3.0,30.0,Credit Card,Delivered,4.7
ORD14443,2024-01-11,CUST1170,Rushil Bobal,LUCKNOW,Uttar Pradesh,PID473,Headphones,ELECTRONICS,Headphones,21025.32,2.0,15.0,,Delayed,4.4
ORD12175,2023-11-26,CUST1656,Atharv Dutt,MUMBAI,Maharashtra,PID404,Textbook,BOOKS,Textbook,58589.48,1.0,15.0,Credit Card,Delayed,4.6
ORD12787,2024-06-18,CUST1272,Advika Seth,mumbai,Maharashtra,PID468,Shampoo,Beauty,Shampoo,69403.37,1.0,20.0,UPI,Cancelled,4.7
ORD14785,2023-02-05,CUST1766,Parth Lall, Lucknow ,Uttar Pradesh,PID541,Football,Sports,Football,55515.25,5.0,10.0,Debit Card,Delivered,1.1
ORD14818,2023-08-09,CUST1971,Zilmil Misra, Mumbai ,Maharashtra,PID441,Face Wash,Beauty,Face Wash,44524.45,5.0,10.0,UPI,Delivered,3.8
ORD14454,2023-11-17,CUST1315,Isha Naidu,bangalore,Karnataka,PID335,Headphones,ELECTRONICS,Headphones,69647.18,4.0,5.0,UPI,Delivered,3.1
ORD12289,2023-09-12,CUST1225,Chavvi Bhasin,AHMEDABAD,Gujarat,PID105,Smartwatch,electronics,Smartwatch,36124.4,2.0,5.0,Credit Card,Cancelled,2.9
ORD13095,2023-05-26,CUST1956,Mohammed Loke,Indore,Madhya Pradesh,PID223,Face Wash,BEAUTY,Face Wash,5675.65,5.0,40.0,Cash on Delivery,Returned,1.6
ORD14597,2024-07-17,CUST1453,Onkar Suresh,Indore,Madhya Pradesh,PID181,Shampoo,beauty,Shampoo,74354.71,2.0,5.0,Cash on Delivery,Cancelled,3.3
ORD10397,2024-10-05,CUST1391,Radhika Sachdeva,Jaipur,Rajasthan,PID409,Shampoo,Beauty,Shampoo,25208.32,3.0,15.0,UPI,Delayed,1.1
ORD10929,2023-08-25,CUST1697,Veer Randhawa,Chennai,Tamil Nadu,PID599,Saree,Fashion,Saree,44459.58,1.0,10.0,Net Banking,Returned,1.2
ORD12709,2023-12-18,CUST1493,Vrishti Gade, Hyderabad ,Telangana,PID515,Water Bottle,home & kitchen,Water Bottle,38581.66,4.0,10.0,Net Banking,Cancelled,2.8
ORD11815,2024-01-11,CUST1059,Anamika Pillai, Indore ,Madhya Pradesh,PID245,Face Wash,BEAUTY,Face Wash,-10797.21,4.0,5.0,,Delivered,2.9
ORD10282,2023-10-06,CUST1995,Naksh Pradhan,Pune,Maharashtra,PID152,Comic,Books,Comic,17041.86,1.0,40.0,Credit Card,Delivered,3.0
ORD13864,2023-03-30,CUST1187,Aarna Krishna, Ahmedabad ,Gujarat,PID257,Headphones,electronics,Headphones,74251.06,1.0,25.0,UPI,Delayed,1.8
ORD14244,2024-10-21,CUST1342,Anay Vyas,Delhi,Delhi,PID537,Air Fryer,HOME & KITCHEN,Air Fryer,61289.52,1.0,20.0,Credit Card,Delayed,
ORD10737,2024-06-10,CUST1694,Mohini Jha,mumbai,Maharashtra,PID387,Dumbbells,SPORTS,Dumbbells,22769.54,2.0,40.0,Net Banking,Delivered,3.6
ORD12461,2023-03-23,CUST1181,Abha Saha, Kolkata ,West Bengal,PID448,Kurta,FASHION,Kurta,38071.36,1.0,25.0,UPI,,3.0
ORD11579,2024-12-15,CUST1505,Zansi Chand,Indore,Madhya Pradesh,PID278,Saree,FASHION,Saree,63990.88,1.0,10.0,UPI,Delayed,4.1
ORD10340,2024-09-30,CUST1190,Oviya Manne,bangalore,Karnataka,PID317,Shampoo,Beauty,Shampoo,7757.01,4.0,30.0,Cash on Delivery,Delayed,3.0
ORD14263,2024-09-17,CUST1276,Advik Bawa,LUCKNOW,Uttar Pradesh,PID118,Bluetooth Speaker,electronics,Bluetooth Speaker,57498.78,3.0,25.0,Cash on Delivery,Delivered,2.1
ORD10462,2023-08-04,CUST1463,Qarin Dhar,hyderabad,Telangana,PID239,Novel,books,Novel,8210.9,5.0,30.0,,Delivered,4.8
ORD10898,2024-06-05,CUST1682,Robert Wali,MUMBAI,Maharashtra,PID267,Football,SPORTS,Football,35496.4,4.0,25.0,Cash on Delivery,,3.6
ORD11750,2024-06-04,CUST1025,Fitan Raman, Hyderabad ,Telangana,PID127,Air Fryer,Home & Kitchen,Air Fryer,85559.9,5.0,20.0,,Delivered,
ORD14011,12/09/2024,CUST1605,Aditya Aurora,jaipur,Rajasthan,PID488,Shampoo,BEAUTY,Shampoo,4045.1,4.0,40.0,UPI,Delivered,4.6
ORD10179,2024-11-09,CUST1851,Falguni Gopal, Delhi ,Delhi,PID476,Tablet,electronics,Tablet,45562.68,5.0,30.0,Debit Card,,1.9
ORD13636,2023-10-08,CUST1690,Qasim Boase, Jaipur ,Rajasthan,PID521,Tablet,ELECTRONICS,Tablet,54627.79,1.0,40.0,,,2.0
ORD13598,2024-07-19,CUST1822,Inaya Dube,CHENNAI,Tamil Nadu,PID144,Biography,BOOKS,Biography,79989.83,1.0,40.0,Debit Card,Delivered,4.1
ORD13520,2023-05-27,CUST1621,Zehaan Swaminathan,Ahmedabad,Gujarat,PID146,Cookware Set,Home & Kitchen,Cookware Set,60621.79,3.0,0.0,Net Banking,Delivered,
ORD11068,2024-01-31,CUST1295,Matthew Barad, Kolkata ,West Bengal,PID131,Dumbbells,Sports,Dumbbells,39142.25,5.0,40.0,Credit Card,Delivered,3.2
ORD10803,2024-07-31,CUST1702,Vinaya Sridhar, Lucknow ,Uttar Pradesh,PID415,Face Wash,BEAUTY,Face Wash,5398.82,2.0,0.0,Cash on Delivery,Cancelled,1.1
ORD10820,2024-06-02,CUST1007,Eshana Gour,CHENNAI,Tamil Nadu,PID435,Jeans,fashion,Jeans,68102.32,5.0,30.0,Debit Card,Returned,1.9
,,,,,,,,,,,,,,,
ORD12307,2024-10-31,CUST1727,Zayyan Bose,Kolkata,West Bengal,PID507,Perfume,BEAUTY,Perfume,11481.04,4.0,10.0,Cash on Delivery,Returned,1.8
ORD10207,2023-12-24,CUST1104,Ojasvi Nayak, Ahmedabad ,Gujarat,PID103,Novel,books,Novel,22827.28,3.0,30.0,Net Banking,,1.9
ORD11052,2023-09-22,CUST1717,Zayan Keer, Ahmedabad ,Gujarat,PID248,Bedsheet,HOME & KITCHEN,Bedsheet,17427.03,4.0,25.0,,Delivered,4.5
ORD10452,2023-01-29,CUST1187,Shravya Kumer,mumbai,Maharashtra,PID519,Comic,Books,Comic,47121.56,3.0,40.0,UPI,Delivered,1.6
ORD11342,2023-05-11,CUST1599,Zaid Nigam, Kolkata ,West Bengal,PID137,Dumbbells,SPORTS,Dumbbells,22501.96,4.0,15.0,Cash on Delivery,Cancelled,1.2
ORD12991,2023-02-23,CUST1060,Shravya Bora, Pune ,Maharashtra,PID159,Mixer Grinder,HOME & KITCHEN,Mixer Grinder,36601.24,1.0,0.0,Credit Card,Delayed,
ORD10940,2024-03-25,CUST1153,Advay Kakar,Indore,Madhya Pradesh,PID280,Cookware Set,home & kitchen,Cookware Set,72746.3,2.0,5.0,,Returned,3.2
ORD10070,2023-11-17,CUST1093,Mason Bhatia, Pune ,Maharashtra,PID525,Textbook,Books,Textbook,40722.21,4.0,5.0,Credit Card,Returned,3.7
ORD10933,2024-04-16,CUST1642,Christopher Parmar,AHMEDABAD,Gujarat,PID487,Jeans,FASHION,Jeans,66412.13,2.0,20.0,UPI,Delivered,2.8
ORD12271,2023-11-16,CUST1082,Ranveer Rattan,pune,Maharashtra,PID423,Jacket,fashion,Jacket,87075.14,2.0,30.0,,Delayed,3.1
ORD12433,2024-09-09,CUST1078,Oni Arya,ahmedabad,Gujarat,PID440,Lipstick,Beauty,Lipstick,24181.7,5.0,30.0,Debit Card,Delivered,1.4
ORD12194,18/08/2024,CUST1425,Wyatt Viswanathan,PUNE,Maharashtra,PID122,Cricket Bat,Sports,Cricket Bat,30534.16,3.0,25.0,UPI,Delivered,1.4
ORD11272,16/03/2023,CUST1288,Reyansh Naidu,chennai,Tamil Nadu,PID534,T-Shirt,Fashion,T-Shirt,5084.45,3.0,30.0,Debit Card,Delivered,4.7
ORD11326,2024-12-14,CUST1864,Charan Bali,Mumbai,Maharashtra,PID261,Water Bottle,home & kitchen,Water Bottle,34940.89,2.0,10.0,Cash on Delivery,Delayed,3.5
ORD13748,2024-06-10,CUST1676,Utkarsh Ghose, Delhi ,Delhi,PID269,Textbook,books,Textbook,65985.2,2.0,25.0,Net Banking,Returned,2.0
ORD10572,2023-02-27,CUST1988,Aarav Ranganathan,Kolkata,West Bengal,PID317,Kurta,fashion,Kurta,13101.0,4.0,15.0,Credit Card,Delayed,1.5
ORD10119,2024-10-25,CUST1625,Wriddhish Bal,BANGALORE,Karnataka,PID538,Biography,Books,Biography,76617.72,1.0,40.0,Debit Card,Cancelled,1.7
ORD13583,2024-09-10,CUST1529,Andrew Jayaraman, Surat ,Gujarat,PID306,Dumbbells,Sports,Dumbbells,73954.96,4.0,10.0,Debit Card,Delivered,1.3
ORD13515,2024-05-20,CUST1654,Manthan Karpe,mumbai,Maharashtra,PID123,Kurta,Fashion,Kurta,80801.88,2.0,15.0,Net Banking,Delivered,2.3
ORD12983,2024-04-11,CUST1193,Veda Balakrishnan,pune,Maharashtra,PID595,Cricket Bat,sports,Cricket Bat,21373.29,5.0,40.0,UPI,Cancelled,4.8
ORD13178,2024-10-02,CUST1888,Isaac Nath,delhi,Delhi,PID244,Novel,Books,Novel,63112.43,2.0,0.0,Debit Card,Cancelled,1.0
ORD10859,2023-03-30,CUST1068,Mugdha Johal,kolkata,West Bengal,PID597,Bedsheet,HOME & KITCHEN,Bedsheet,36209.23,2.0,10.0,Net Banking,Delivered,3.7
ORD12058,2023-03-14,CUST1195,Hardik Choudhury,Kolkata,West Bengal,PID263,Kurta,fashion,Kurta,69628.58,5.0,15.0,Net Banking,Delivered,3.9
ORD12055,2023-05-29,CUST1354,Shivansh Desai,MUMBAI,Maharashtra,PID248,Jacket,FASHION,Jacket,79439.91,5.0,40.0,Debit Card,Delivered,2.8
ORD11842,2024-10-26,CUST1807,Anusha Sarin,Lucknow,Uttar Pradesh,PID398,Sunscreen,BEAUTY,Sunscreen,65421.11,5.0,40.0,Net Banking,Cancelled,1.4
ORD10297,2023-06-09,CUST1584,Robert Doshi,jaipur,Rajasthan,PID304,Football,Sports,Football,46087.74,1.0,25.0,Credit Card,Delivered,2.5
ORD13367,2024-11-26,CUST1299,Zinal Barad,hyderabad,Telangana,PID304,Air Fryer,home & kitchen,Air Fryer,65943.03,3.0,20.0,UPI,Returned,4.8
ORD10277,2023-04-17,CUST1755,Vritti Nath,DELHI,Delhi,PID245,Smartphone,Electronics,Smartphone,84320.91,4.0,5.0,Cash on Delivery,Delivered,1.6
ORD11359,2024-07-11,CUST1455,Yashodhara Chakraborty,Surat,Gujarat,PID373,Novel,books,Novel,18929.2,1.0,25.0,,Returned,3.7
ORD11990,2023-01-31,CUST1308,Lajita Seth,Pune,Maharashtra,PID163,Comic,BOOKS,Comic,59360.34,3.0,25.0,Debit Card,Cancelled,4.1
ORD14561,2023-11-24,CUST1262,Mekhala Subramaniam,Ahmedabad,Gujarat,PID383,Comic,books,Comic,68087.85,4.0,30.0,Credit Card,Delivered,4.9
ORD11001,2024-10-03,CUST1268,Mason Rajagopalan,BANGALORE,Karnataka,PID350,Bluetooth Speaker,ELECTRONICS,Bluetooth Speaker,17259.57,2.0,0.0,UPI,Delivered,1.4
ORD11986,2024-03-30,CUST1714,Bhavna Garde,surat,Gujarat,PID509,Textbook,books,Textbook,23089.39,2.0,0.0,Debit Card,,2.7
ORD11902,2023-09-10,CUST1540,Bimala Gala,Kolkata,West Bengal,PID271,Kurta,Fashion,Kurta,37666.97,5.0,30.0,UPI,Returned,3.3
ORD14084,2024-08-01,CUST1391,Robert Zacharia,Indore,Madhya Pradesh,PID147,Novel,Books,Novel,8521.52,4.0,15.0,,Delayed,3.9
ORD12448,2023-11-17,CUST1940,Yash Srinivasan,kolkata,West Bengal,PID282,Jeans,Fashion,Jeans,5648.83,2.0,25.0,UPI,Delivered,2.8
ORD11213,2023-08-11,CUST1591,Ijaya Guha,Kolkata,West Bengal,PID225,Sneakers,Fashion,Sneakers,68485.37,5.0,10.0,Cash on Delivery,,1.8
ORD14892,2023-12-30,CUST1059,Abhiram Palla,CHENNAI,Tamil Nadu,PID380,Mixer Grinder,home & kitchen,Mixer Grinder,58296.04,3.0,30.0,,Returned,3.2
ORD10194,2023-03-18,CUST1031,Udant Shanker, Mumbai ,Maharashtra,PID320,Headphones,electronics,Headphones,28786.71,2.0,10.0,Net Banking,Cancelled,4.6
ORD12159,2024-04-23,CUST1426,Chaman Morar,jaipur,Rajasthan,PID303,Air Fryer,HOME & KITCHEN,Air Fryer,73830.38,1.0,20.0,Debit Card,Returned,4.1
ORD11855,2023-08-27,CUST1785,Ekavir Soni,JAIPUR,Rajasthan,PID451,Smartphone,electronics,Smartphone,81018.99,1.0,20.0,UPI,Delivered,3.0
ORD10496,2023-01-19,CUST1687,Rachita Parikh,SURAT,Gujarat,PID490,Tablet,Electronics,Tablet,21920.08,3.0,10.0,,Delayed,1.7
ORD14250,2024-07-29,CUST1662,Yagnesh Batra,KOLKATA,West Bengal,PID508,Tablet,ELECTRONICS,Tablet,10194.06,4.0,30.0,Net Banking,Returned,3.5
ORD14615,2023-08-01,CUST1052,Krishna Mohan,AHMEDABAD,Gujarat,PID454,Comic,Books,Comic,55298.07,5.0,15.0,UPI,Delayed,1.3
ORD14065,2024-02-15,CUST1656,Omisha Sura, Hyderabad ,Telangana,PID261,Cookware Set,Home & Kitchen,Cookware Set,3511.66,4.0,40.0,,Delivered,2.9
ORD12273,2024-04-09,CUST1782,Sathvik Varkey,hyderabad,Telangana,PID528,Saree,Fashion,Saree,32750.56,1.0,25.0,Credit Card,Delivered,4.7
ORD11788,04/03/2023,CUST1687,Bhavya Dutt,Chennai,Tamil Nadu,PID359,Smartphone,Electronics,Smartphone,59387.89,2.0,30.0,Cash on Delivery,Returned,3.1
ORD11741,2023-08-20,CUST1695,Gagan Jain,INDORE,Madhya Pradesh,PID294,Lipstick,BEAUTY,Lipstick,6484.12,1.0,0.0,Net Banking,Delivered,4.4
ORD11170,2024-05-23,CUST1970,Suhani Dutta,JAIPUR,Rajasthan,PID549,Biography,Books,Biography,61639.27,3.0,40.0,Cash on Delivery,Returned,3.8
ORD11256,2024-05-18,CUST1547,Amaira Ben, Lucknow ,Uttar Pradesh,PID186,Smartphone,ELECTRONICS,Smartphone,8066.92,2.0,20.0,Cash on Delivery,Delivered,2.0
ORD14358,2024-10-07,CUST1811,Ethan Chokshi, Bangalore ,Karnataka,PID277,Laptop,electronics,Laptop,50192.18,5.0,15.0,Credit Card,Cancelled,
ORD12789,30/11/2023,CUST1220,Yachana Varma,ahmedabad,Gujarat,PID162,Headphones,ELECTRONICS,Headphones,67663.72,1.0,30.0,Cash on Delivery,Delivered,2.0
ORD12853,2023-08-29,CUST1451,Michael Ramakrishnan, Delhi ,Delhi,PID451,Football,SPORTS,Football,7387.58,2.0,0.0,Cash on Delivery,,
ORD11309,2023-03-31,CUST1174,Hemangini Rau, Bangalore ,Karnataka,PID525,Comic,BOOKS,Comic,58203.8,2.0,20.0,UPI,Cancelled,3.3
ORD14040,2023-08-27,CUST1071,Onveer Reddy,Pune,Maharashtra,PID269,Biography,books,Biography,15693.61,0.0,40.0,Debit Card,Delayed,2.9
ORD12785,2024-08-05,CUST1133,Priya Tank,delhi,Delhi,PID137,Jacket,Fashion,Jacket,65917.09,2.0,20.0,Debit Card,Delivered,1.1
ORD13637,2024-05-25,CUST1549,Chakradev Contractor, Jaipur ,Rajasthan,PID215,Face Wash,BEAUTY,Face Wash,67129.23,3.0,40.0,Net Banking,Delivered,4.8
ORD13642,2023-08-02,CUST1231,Vedhika Salvi,KOLKATA,West Bengal,PID135,Tablet,Electronics,Tablet,31840.04,5.0,20.0,Debit Card,Delivered,3.4
ORD10136,2024-11-06,CUST1293,Jairaj Tandon,delhi,Delhi,PID108,Yoga Mat,sports,Yoga Mat,-63689.19,3.0,40.0,UPI,Delivered,1.0
ORD10978,2024-06-11,CUST1768,Leena Setty,AHMEDABAD,Gujarat,PID330,Dumbbells,sports,Dumbbells,68245.38,5.0,5.0,UPI,Delivered,3.7
ORD12798,2024-11-20,CUST1919,Kavya Gara, Lucknow ,Uttar Pradesh,PID347,Biography,BOOKS,Biography,38180.81,1.0,0.0,,Returned,1.1
ORD12087,2024-01-10,CUST1126,Hemang Memon, Surat ,Gujarat,PID526,T-Shirt,Fashion,T-Shirt,27939.88,4.0,15.0,Debit Card,,3.2
ORD14175,2024-06-24,CUST1901,Advika Bir,BANGALORE,Karnataka,PID391,Shampoo,Beauty,Shampoo,26718.92,2.0,0.0,Cash on Delivery,Delivered,4.0
ORD14764,2024-02-10,CUST1562,Urvashi Mangat,Surat,Gujarat,PID412,Cookware Set,home & kitchen,Cookware Set,29271.01,4.0,25.0,Net Banking,Delivered,1.8
ORD11813,2024-08-14,CUST1901,Pavani Sani,JAIPUR,Rajasthan,PID189,Dumbbells,Sports,Dumbbells,46450.7,4.0,40.0,Net Banking,Cancelled,3.5
ORD13837,2023-01-02,CUST1416,Chaitanya Saran,DELHI,Delhi,PID234,Jacket,Fashion,Jacket,73275.56,1.0,5.0,Net Banking,Cancelled,4.8
ORD12639,2024-12-10,CUST1080,Hardik Srinivasan, Indore ,Madhya Pradesh,PID234,Air Fryer,Home & Kitchen,Air Fryer,16734.8,1.0,20.0,Cash on Delivery,Delivered,4.7
ORD13788,2024-07-21,CUST1018,Aadi Sani,Surat,Gujarat,PID531,Water Bottle,Home & Kitchen,Water Bottle,78902.42,2.0,25.0,Debit Card,Cancelled,3.3
ORD13967,2023-08-26,CUST1616,Lajita Parmer,Jaipur,Rajasthan,PID209,Football,SPORTS,Football,16628.37,1.0,0.0,UPI,Delayed,
ORD13086,2024-05-17,CUST1556,Neel Aggarwal,DELHI,Delhi,PID599,Sunscreen,BEAUTY,Sunscreen,82007.89,2.0,0.0,,Cancelled,3.5
ORD13547,2023-07-11,CUST1571,Finn Bahl,ahmedabad,Gujarat,PID287,Textbook,books,Textbook,67909.38,5.0,5.0,Cash on Delivery,,
ORD13706,30/05/2023,CUST1592,Wyatt Lalla,KOLKATA,West Bengal,PID326,Lipstick,Beauty,Lipstick,62486.27,1.0,40.0,Net Banking,Cancelled,3.8
ORD10755,2024-12-12,CUST1632,Ekanta Edwin,mumbai,Maharashtra,PID312,Bedsheet,HOME & KITCHEN,Bedsheet,12795.11,2.0,10.0,Credit Card,,1.2
ORD12514,2024-07-09,CUST1163,Ikbal Sinha,Lucknow,Uttar Pradesh,PID361,Smartphone,ELECTRONICS,Smartphone,49155.91,3.0,15.0,Cash on Delivery,Delivered,1.0
ORD11848,2023-12-28,CUST1912,Bina Sandhu,pune,Maharashtra,PID275,Headphones,Electronics,Headphones,33018.42,4.0,20.0,Net Banking,Delivered,2.4
ORD12114,2023-08-10,CUST1441,Yatin Soni,DELHI,Delhi,PID479,Perfume,Beauty,Perfume,45434.73,4.0,25.0,Debit Card,Cancelled,1.2
ORD10837,2023-08-02,CUST1920,Sathvik Bahri,mumbai,Maharashtra,PID524,Air Fryer,home & kitchen,Air Fryer,60317.34,1.0,0.0,UPI,Cancelled,3.0
ORD11771,2024-07-31,CUST1065,Neel Bava,Lucknow,Uttar Pradesh,PID345,Textbook,Books,Textbook,74777.46,3.0,5.0,Cash on Delivery,Delivered,4.3
ORD12355,2023-06-26,CUST1484,Omisha Mangal, Delhi ,Delhi,PID323,Comic,Books,Comic,32469.6,5.0,20.0,Net Banking,Delivered,
ORD13551,2023-09-12,CUST1995,Jagdish Tella,AHMEDABAD,Gujarat,PID272,Bluetooth Speaker,ELECTRONICS,Bluetooth Speaker,62050.51,2.0,10.0,Debit Card,Delivered,
ORD10972,2024-01-29,CUST1406,Abeer Chad,chennai,Tamil Nadu,PID579,Textbook,Books,Textbook,1898.7,4.0,40.0,Net Banking,Delivered,4.9
ORD11380,2023-05-20,CUST1433,Omya Basu,Lucknow,Uttar Pradesh,PID415,Lipstick,Beauty,Lipstick,83984.73,3.0,0.0,Debit Card,Returned,1.7
ORD10546,2023-03-28,CUST1256,Praneel Dewan,CHENNAI,Tamil Nadu,PID215,Smartphone,electronics,Smartphone,80134.14,1.0,15.0,Cash on Delivery,Delivered,4.6
ORD10516,2024-01-05,CUST1003,Nilima Kant,kolkata,West Bengal,PID333,Air Fryer,Home & Kitchen,Air Fryer,68158.51,3.0,15.0,Debit Card,,
ORD10362,2023-05-01,CUST1788,Laban Sule,DELHI,Delhi,PID420,Sunscreen,BEAUTY,Sunscreen,56503.17,1.0,15.0,Net Banking,Cancelled,4.9
ORD14658,2024-12-01,CUST1847,Edhitha Wali,SURAT,Gujarat,PID465,Face Wash,Beauty,Face Wash,44022.66,5.0,30.0,Debit Card,Delivered,3.1
ORD12963,2024-04-13,CUST1388,Chakrika Bhatti, Mumbai ,Maharashtra,PID436,Bedsheet,home & kitchen,Bedsheet,63592.36,1.0,15.0,UPI,,2.8
ORD13210,2024-02-11,CUST1770,Naveen Mane,Lucknow,Uttar Pradesh,PID120,Tablet,Electronics,Tablet,6977.48,5.0,20.0,Net Banking,Delivered,
ORD13311,2024-09-04,CUST1919,Yashasvi Dyal,Surat,Gujarat,PID209,Novel,books,Novel,52197.84,3.0,40.0,Net Banking,Cancelled,2.1
ORD14612,2024-07-26,CUST1223,Aachal Minhas,MUMBAI,Maharashtra,PID218,Shampoo,BEAUTY,Shampoo,77100.64,2.0,10.0,UPI,Delivered,4.3
ORD11286,2023-02-28,CUST1857,Irya Jaggi,surat,Gujarat,PID382,Perfume,BEAUTY,Perfume,79847.6,4.0,10.0,Debit Card,Delivered,1.6
ORD13445,2023-11-24,CUST1814,Yutika Sant,surat,Gujarat,PID298,Lipstick,beauty,Lipstick,26884.85,4.0,30.0,Cash on Delivery,Delivered,2.4
ORD14609,2023-05-07,CUST1842,Yasti Parmar,Hyderabad,Telangana,PID181,Novel,BOOKS,Novel,27224.65,2.0,15.0,,Cancelled,3.5
ORD12680,2023-02-24,CUST1651,Bakhshi Parekh,chennai,Tamil Nadu,PID433,Bedsheet,Home & Kitchen,Bedsheet,40380.11,2.0,25.0,UPI,Cancelled,
ORD12615,23/06/2023,CUST1761,Anita Char,Mumbai,Maharashtra,PID108,Cookware Set,HOME & KITCHEN,Cookware Set,8926.59,5.0,15.0,Net Banking,Cancelled,2.5
ORD12121,2023-09-02,CUST1501,Joshua Sahni, Hyderabad ,Telangana,PID509,Dumbbells,sports,Dumbbells,80272.59,4.0,30.0,UPI,Delivered,3.8
ORD10269,2023-02-25,CUST1881,Sai Grover,hyderabad,Telangana,PID451,Sunscreen,BEAUTY,Sunscreen,44248.86,3.0,10.0,UPI,Cancelled,2.7
ORD11884,2023-09-21,CUST1776,Upadhriti Bal,INDORE,Madhya Pradesh,PID395,Smartwatch,Electronics,Smartwatch,51980.67,1.0,30.0,UPI,Cancelled,3.9
ORD10215,2024-03-20,CUST1970,Harish Vala,BANGALORE,Karnataka,PID564,Comic,Books,Comic,6016.04,4.0,25.0,Cash on Delivery,Delivered,5.0
ORD10018,2024-11-10,CUST1288,Irya Reddy,INDORE,Madhya Pradesh,PID409,Sunscreen,BEAUTY,Sunscreen,27331.17,0.0,20.0,UPI,Returned,4.5
ORD13003,2024-11-19,CUST1948,Anvi Sant, Pune ,Maharashtra,PID192,Cookware Set,HOME & KITCHEN,Cookware Set,47788.2,5.0,40.0,Cash on Delivery,Cancelled,1.2
ORD11152,2023-01-29,CUST1751,Abha Morar,Pune,Maharashtra,PID542,Water Bottle,Home & Kitchen,Water Bottle,76365.85,5.0,0.0,Credit Card,,3.9
ORD12854,2024-06-27,CUST1604,Lila Mohanty,surat,Gujarat,PID107,Tablet,Electronics,Tablet,88560.04,3.0,30.0,Credit Card,Cancelled,1.2
ORD10779,2023-01-22,CUST1190,Abha Rege,AHMEDABAD,Gujarat,PID534,Yoga Mat,SPORTS,Yoga Mat,78780.97,0.0,15.0,Net Banking,Cancelled,2.9
ORD14664,2023-09-11,CUST1136,Janaki Pall,hyderabad,Telangana,PID565,Headphones,electronics,Headphones,43137.04,5.0,0.0,UPI,,1.4
ORD10228,2023-04-20,CUST1733,Oliver Pandya, Jaipur ,Rajasthan,PID273,Football,Sports,Football,47050.36,2.0,30.0,Cash on Delivery,Delivered,1.8
ORD10253,2024-11-22,CUST1130,Sathvik Sarraf,LUCKNOW,Uttar Pradesh,PID393,Kurta,Fashion,Kurta,64599.65,3.0,40.0,Cash on Delivery,Delivered,1.8
ORD10644,2023-08-30,CUST1072,Nikita Lad,Chennai,Tamil Nadu,PID586,Cookware Set,HOME & KITCHEN,Cookware Set,79939.32,3.0,0.0,Net Banking,Returned,4.2
ORD11505,2023-04-16,CUST1860,Jacob Devi,Hyderabad,Telangana,PID517,Sneakers,FASHION,Sneakers,41308.62,1.0,0.0,Debit Card,Delayed,3.1
ORD13510,2024-11-04,CUST1194,Warinder Mital,Indore,Madhya Pradesh,PID378,Textbook,BOOKS,Textbook,47802.96,3.0,25.0,,Cancelled,1.6
ORD12388,2024-05-22,CUST1756,Rishi Varghese, Hyderabad ,Telangana,PID324,Cricket Bat,Sports,Cricket Bat,63177.6,5.0,30.0,UPI,Returned,4.4
ORD13063,2024-03-23,CUST1520,Karan Bhasin,surat,Gujarat,PID504,Lipstick,BEAUTY,Lipstick,65730.78,1.0,0.0,Debit Card,Delivered,2.1
ORD14412,2023-07-18,CUST1331,Jhalak Balay, Indore ,Madhya Pradesh,PID566,Smartwatch,electronics,Smartwatch,87269.45,3.0,5.0,,Delivered,2.7
ORD14894,2023-07-27,CUST1563,Jagrati Yohannan,KOLKATA,West Bengal,PID174,Football,sports,Football,82958.47,2.0,25.0,Debit Card,Cancelled,3.6
ORD13062,2023-02-06,CUST1700,Girik Bawa, Delhi ,Delhi,PID158,Bluetooth Speaker,electronics,Bluetooth Speaker,46851.51,1.0,20.0,Net Banking,Delivered,2.0
ORD14608,2024-08-07,CUST1980,Rayaan Vaidya, Kolkata ,West Bengal,PID265,Face Wash,BEAUTY,Face Wash,26814.68,2.0,15.0,Net Banking,Delivered,3.2
ORD12499,2023-02-14,CUST1420,Yatin Thakur, Indore ,Madhya Pradesh,PID361,Cookware Set,Home & Kitchen,Cookware Set,36485.75,5.0,25.0,,Cancelled,4.3
ORD14725,2024-10-20,CUST1632,Ojas Dutta,MUMBAI,Maharashtra,PID577,Bedsheet,Home & Kitchen,Bedsheet,31638.81,1.0,40.0,Net Banking,Cancelled,
ORD12028,2023-06-02,CUST1245,Mohini Mahal,ahmedabad,Gujarat,PID538,Shampoo,BEAUTY,Shampoo,57271.23,5.0,10.0,UPI,Delivered,4.5
ORD12393,2024-01-14,CUST1924,Charita Jhaveri,HYDERABAD,Telangana,PID505,Headphones,electronics,Headphones,40384.59,3.0,5.0,,Returned,2.0
ORD11512,2023-05-09,CUST1812,Xalak Bose,JAIPUR,Rajasthan,PID343,T-Shirt,FASHION,T-Shirt,42120.35,5.0,40.0,Credit Card,Cancelled,4.4
ORD11011,2023-11-06,CUST1471,Ekansh Parsa,mumbai,Maharashtra,PID134,Biography,Books,Biography,71912.48,1.0,20.0,Net Banking,,2.6
ORD13314,2023-03-03,CUST1100,Pooja Biswas, Chennai ,Tamil Nadu,PID109,Mixer Grinder,HOME & KITCHEN,Mixer Grinder,50818.76,4.0,5.0,Cash on Delivery,Cancelled,1.4
ORD12268,2024-03-29,CUST1199,Widisha Rao,LUCKNOW,Uttar Pradesh,PID175,Bedsheet,Home & Kitchen,Bedsheet,965.08,5.0,25.0,,Delayed,4.3
ORD13674,2024-09-12,CUST1610,Aishani Boase,jaipur,Rajasthan,PID217,Tablet,Electronics,Tablet,19360.31,2.0,20.0,UPI,Delivered,1.4
ORD12423,2023-11-09,CUST1945,Vyanjana Dasgupta, Indore ,Madhya Pradesh,PID479,Cookware Set,Home & Kitchen,Cookware Set,23789.03,5.0,25.0,,Delivered,
ORD12987,2023-01-26,CUST1197,Abeer Srinivasan,Surat,Gujarat,PID213,Tablet,ELECTRONICS,Tablet,84918.26,2.0,0.0,Cash on Delivery,Delivered,1.3
ORD13966,2024-07-18,CUST1597,Mahika Sur,chennai,Tamil Nadu,PID489,Dumbbells,Sports,Dumbbells,17943.53,5.0,5.0,UPI,Delivered,4.9
ORD10903,2023-08-05,CUST1400,Nikita Patel,chennai,Tamil Nadu,PID555,Bluetooth Speaker,electronics,Bluetooth Speaker,64066.16,1.0,15.0,,Cancelled,3.7
ORD11586,2024-12-24,CUST1174,Xavier Bajwa,KOLKATA,West Bengal,PID476,Saree,fashion,Saree,17411.04,2.0,15.0,Debit Card,Delivered,1.0
ORD14191,2023-09-07,CUST1604,Yashvi Sandhu, Surat ,Gujarat,PID433,Textbook,Books,Textbook,64935.91,4.0,0.0,Net Banking,Cancelled,
ORD13549,2024-04-15,CUST1439,Ekta Gole,Bangalore,Karnataka,PID309,Tablet,electronics,Tablet,39085.65,3.0,30.0,UPI,Cancelled,4.3
ORD12300,2023-11-09,CUST1842,Hemal Chaudhuri, Lucknow ,Uttar Pradesh,PID479,Lipstick,beauty,Lipstick,37089.5,5.0,25.0,Debit Card,Cancelled,4.7
ORD14216,2024-03-22,CUST1487,Mason Khosla,pune,Maharashtra,PID382,Football,sports,Football,48169.47,5.0,30.0,Credit Card,Returned,1.5
ORD13726,2023-05-09,CUST1693,Girindra Nazareth,Hyderabad,Telangana,PID387,Kurta,fashion,Kurta,81274.31,4.0,0.0,,Delivered,3.4
ORD10080,2023-12-27,CUST1660,Vidhi Batra,surat,Gujarat,PID542,Comic,Books,Comic,28555.08,3.0,0.0,UPI,Delivered,2.2
ORD13054,2023-07-06,CUST1095,Yashodhara Randhawa,hyderabad,Telangana,PID541,Biography,Books,Biography,51306.74,4.0,30.0,Cash on Delivery,Delayed,2.4
ORD11390,2024-08-28,CUST1165,Damini Bahri,BANGALORE,Karnataka,PID274,Cricket Bat,sports,Cricket Bat,61702.28,2.0,15.0,Cash on Delivery,Delivered,3.8
ORD14812,2023-08-02,CUST1326,Tamanna Mall, Bangalore ,Karnataka,PID216,Sunscreen,Beauty,Sunscreen,69076.77,2.0,10.0,Credit Card,Delayed,2.1
ORD13160,2023-06-11,CUST1607,Chandani Sandhu,DELHI,Delhi,PID550,T-Shirt,Fashion,T-Shirt,32206.89,5.0,20.0,Debit Card,Delivered,3.6
ORD11131,2023-07-24,CUST1660,Upkaar Wadhwa,Mumbai,Maharashtra,PID532,Biography,BOOKS,Biography,46103.84,1.0,10.0,Credit Card,Delayed,1.4
ORD13909,2023-05-15,CUST1533,Nimrat Bhakta, Indore ,Madhya Pradesh,PID378,Headphones,electronics,Headphones,45923.21,2.0,30.0,Credit Card,Delivered,1.4
ORD10848,2024-08-10,CUST1901,Advaith Mandal,Mumbai,Maharashtra,PID157,Textbook,BOOKS,Textbook,31009.32,2.0,10.0,,Delayed,4.3
ORD13329,2023-06-14,CUST1097,Warhi Chatterjee, Pune ,Maharashtra,PID362,Face Wash,Beauty,Face Wash,34652.23,1.0,10.0,Net Banking,Delivered,4.0
ORD12139,13/01/2024,CUST1527,Charles Nori,BANGALORE,Karnataka,PID127,T-Shirt,Fashion,T-Shirt,79590.47,3.0,20.0,,,4.8
ORD10204,2023-06-27,CUST1940,Timothy Som, Bangalore ,Karnataka,PID284,Tablet,Electronics,Tablet,6045.68,5.0,0.0,Credit Card,Delivered,4.3
ORD14430,2024-12-14,CUST1009,Bimala Lad, Kolkata ,West Bengal,PID458,Smartphone,ELECTRONICS,Smartphone,20128.63,5.0,25.0,,Delayed,4.8
ORD11606,2023-09-17,CUST1756,Vihaan Varkey, Ahmedabad ,Gujarat,PID467,Face Wash,beauty,Face Wash,34948.12,2.0,15.0,Debit Card,Delayed,2.1
ORD12379,2024-06-27,CUST1951,Vedant Sodhi, Kolkata ,West Bengal,PID163,Face Wash,beauty,Face Wash,21833.85,2.0,25.0,Net Banking,Delivered,2.6
ORD12956,2024-08-17,CUST1387,Xavier Swaminathan,CHENNAI,Tamil Nadu,PID224,Jeans,FASHION,Jeans,15854.1,2.0,10.0,Cash on Delivery,,3.9
ORD11466,2024-10-15,CUST1497,Aayush Kapadia,bangalore,Karnataka,PID169,Biography,Books,Biography,23571.83,1.0,0.0,UPI,Returned,2.6
ORD12180,2023-01-30,CUST1339,Triya Garde, Kolkata ,West Bengal,PID138,Dumbbells,SPORTS,Dumbbells,39592.18,3.0,30.0,UPI,Delayed,1.2
ORD10443,2023-08-22,CUST1453,Vihaan Acharya,indore,Madhya Pradesh,PID174,Bedsheet,Home & Kitchen,Bedsheet,67972.84,2.0,30.0,Cash on Delivery,,2.7
ORD12017,2024-10-05,CUST1070,Reva Dutt,Jaipur,Rajasthan,PID538,Bluetooth Speaker,ELECTRONICS,Bluetooth Speaker,20564.11,3.0,25.0,UPI,Delivered,2.3
ORD10936,2024-01-20,CUST1235,Guneet Bhatnagar,CHENNAI,Tamil Nadu,PID477,Perfume,Beauty,Perfume,23531.55,1.0,20.0,Net Banking,Delivered,2.9
ORD12646,2024-10-09,CUST1818,Ayaan Shere,lucknow,Uttar Pradesh,PID555,Sneakers,FASHION,Sneakers,46564.96,2.0,10.0,,Delivered,3.0
ORD13289,2024-08-11,CUST1169,Jalsa Raju, Indore ,Madhya Pradesh,PID372,Dumbbells,sports,Dumbbells,12485.15,1.0,0.0,Cash on Delivery,Delivered,2.1
ORD13208,2023-09-05,CUST1987,Vritti Kade,pune,Maharashtra,PID489,Jeans,Fashion,Jeans,59738.37,1.0,0.0,,Cancelled,4.1
ORD11182,2024-06-30,CUST1864,Nitesh Sankaran,LUCKNOW,Uttar Pradesh,PID384,Sneakers,Fashion,Sneakers,15506.81,1.0,30.0,Cash on Delivery,Delivered,1.7
ORD13499,2024-07-27,CUST1853,Henry Narayan, Lucknow ,Uttar Pradesh,PID444,Headphones,ELECTRONICS,Headphones,61864.88,4.0,30.0,Cash on Delivery,,4.6
ORD14742,2023-05-23,CUST1968,Ekantika Naidu, Ahmedabad ,Gujarat,PID560,Headphones,electronics,Headphones,26076.17,3.0,20.0,Net Banking,Delayed,4.4
ORD14845,2024-04-20,CUST1619,Abha Sathe,Hyderabad,Telangana,PID423,Water Bottle,HOME & KITCHEN,Water Bottle,58815.54,1.0,15.0,,Delivered,4.1
ORD10908,2023-03-20,CUST1988,Omya Parsa,Ahmedabad,Gujarat,PID191,Sneakers,FASHION,Sneakers,65665.19,3.0,5.0,UPI,Delivered,4.5
ORD14515,2023-08-10,CUST1526,Advik Chahal, Delhi ,Delhi,PID496,Yoga Mat,sports,Yoga Mat,24810.55,2.0,5.0,Credit Card,Cancelled,1.1
ORD11777,2024-04-07,CUST1722,Samar Brahmbhatt,BANGALORE,Karnataka,PID563,Cookware Set,Home & Kitchen,Cookware Set,38720.31,1.0,0.0,,Returned,
ORD12454,2023-03-04,CUST1733,Inaya Pathak,Bangalore,Karnataka,PID556,Football,SPORTS,Football,26975.1,2.0,25.0,Net Banking,Returned,4.8
ORD10235,2023-07-18,CUST1041,Chasmum Solanki,Kolkata,West Bengal,PID319,Saree,FASHION,Saree,74724.02,3.0,15.0,Credit Card,Delivered,1.7
ORD10150,2024-04-19,CUST1302,Omya Anand, Jaipur ,Rajasthan,PID312,Cookware Set,Home & Kitchen,Cookware Set,67254.74,2.0,30.0,Debit Card,Delivered,3.4
ORD12320,2024-03-16,CUST1722,Aarna Aurora,Pune,Maharashtra,PID450,Comic,Books,Comic,2130.33,2.0,20.0,Credit Card,Cancelled,4.3
ORD11920,2023-07-19,CUST1681,Ekalinga Patla,lucknow,Uttar Pradesh,PID126,Cricket Bat,Sports,Cricket Bat,38117.42,2.0,5.0,UPI,Cancelled,2.4
ORD10181,2023-06-01,CUST1839,Aachal Bhatt,delhi,Delhi,PID189,Mixer Grinder,HOME & KITCHEN,Mixer Grinder,14311.74,5.0,25.0,Net Banking,Delivered,2.0
ORD13461,2023-08-15,CUST1405,Girik Ravel,jaipur,Rajasthan,PID427,Kurta,fashion,Kurta,37832.93,2.0,25.0,Cash on Delivery,Delayed,1.7
ORD13122,2024-11-17,CUST1313,Balhaar Handa,Ahmedabad,Gujarat,PID266,Biography,BOOKS,Biography,28118.19,4.0,5.0,Cash on Delivery,Delivered,4.6
ORD11770,2023-06-29,CUST1738,Eta Andra, Pune ,Maharashtra,PID333,Dumbbells,Sports,Dumbbells,65277.4,5.0,0.0,Net Banking,Delayed,2.4
ORD10279,2024-05-08,CUST1310,Tristan Jani,surat,Gujarat,PID105,Biography,Books,Biography,67439.71,5.0,25.0,Debit Card,Delayed,4.2
ORD13167,2024-05-05,CUST1199,Dominic Mand, Pune ,Maharashtra,PID102,Cookware Set,home & kitchen,Cookware Set,43857.36,4.0,30.0,Credit Card,Delayed,2.6
ORD11006,2023-11-24,CUST1761,Darpan Hayer, Ahmedabad ,Gujarat,PID551,Textbook,books,Textbook,80719.08,2.0,15.0,Cash on Delivery,Returned,2.2
ORD13442,2023-11-16,CUST1059,Amrita Bakshi, Mumbai ,Maharashtra,PID413,Perfume,BEAUTY,Perfume,7915.84,2.0,40.0,Credit Card,Delivered,1.6
ORD13335,2023-04-06,CUST1041,Manbir Mukherjee,Indore,Madhya Pradesh,PID413,Textbook,Books,Textbook,5140.98,3.0,5.0,Credit Card,Delivered,4.0
ORD10027,2023-01-26,CUST1589,Bhanumati Kalla, Delhi ,Delhi,PID199,Football,sports,Football,73685.35,2.0,10.0,UPI,Delayed,4.9
ORD14709,2024-09-29,CUST1614,Krishna Dyal,MUMBAI,Maharashtra,PID290,Textbook,BOOKS,Textbook,10143.57,1.0,20.0,Debit Card,Delivered,3.9
ORD11872,2024-01-24,CUST1273,Yashasvi Patla, Pune ,Maharashtra,PID513,Football,Sports,Football,87425.58,4.0,15.0,Credit Card,Delayed,2.0
ORD10583,2024-03-27,CUST1460,Naveen Buch, Lucknow ,Uttar Pradesh,PID234,T-Shirt,fashion,T-Shirt,44020.07,4.0,10.0,Debit Card,Delivered,4.4
ORD14848,2023-10-14,CUST1507,Advika Khurana, Kolkata ,West Bengal,PID258,Comic,BOOKS,Comic,66487.73,2.0,25.0,UPI,Delivered,3.0
ORD11737,27/02/2023,CUST1391,Aadhya Patla,Lucknow,Uttar Pradesh,PID480,Tablet,ELECTRONICS,Tablet,71890.49,4.0,30.0,Credit Card,Delivered,
ORD12756,2023-02-08,CUST1694,Yashawini Patel,Hyderabad,Telangana,PID427,Air Fryer,HOME & KITCHEN,Air Fryer,6784.21,5.0,40.0,,Returned,2.3
ORD12769,2023-05-05,CUST1501,Vasana Rajagopalan, Mumbai ,Maharashtra,PID481,Tablet,Electronics,Tablet,35381.19,1.0,15.0,,Delivered,2.3
ORD11464,2023-05-30,CUST1413,Vidhi Seth,PUNE,Maharashtra,PID168,Comic,BOOKS,Comic,40709.88,2.0,20.0,UPI,Delayed,1.7
ORD11429,2024-01-05,CUST1562,Vasatika Singhal,Lucknow,Uttar Pradesh,PID296,Mixer Grinder,Home & Kitchen,Mixer Grinder,14903.78,1.0,30.0,Cash on Delivery,,2.2
ORD14941,2024-12-28,CUST1178,Nitesh Sanghvi, Hyderabad ,Telangana,PID131,Dumbbells,SPORTS,Dumbbells,42226.96,5.0,15.0,Cash on Delivery,Delivered,2.7
ORD14024,2024-08-22,CUST1345,Balveer Reddy,SURAT,Gujarat,PID583,Sneakers,fashion,Sneakers,76972.9,2.0,20.0,,Cancelled,1.1
ORD14996,2023-12-26,CUST1157,Darpan Sahni, Hyderabad ,Telangana,PID350,Comic,BOOKS,Comic,37088.99,5.0,15.0,UPI,Delayed,4.1
ORD12882,2024-05-11,CUST1601,Warda Subramanian,HYDERABAD,Telangana,PID189,Cricket Bat,SPORTS,Cricket Bat,56837.5,1.0,5.0,Credit Card,Delayed,4.1
ORD10058,2024-05-09,CUST1849,Rajeshri Shenoy,hyderabad,Telangana,PID437,Water Bottle,Home & Kitchen,Water Bottle,57558.64,3.0,30.0,Debit Card,Returned,2.5
ORD11473,2024-02-17,CUST1803,Owen Mody,bangalore,Karnataka,PID290,Bluetooth Speaker,ELECTRONICS,Bluetooth Speaker,8896.62,4.0,15.0,Net Banking,Delivered,1.1
ORD13782,2023-04-08,CUST1999,Maya Prabhakar,Delhi,Delhi,PID528,Bedsheet,HOME & KITCHEN,Bedsheet,36514.55,4.0,20.0,Cash on Delivery,Cancelled,1.2
ORD12371,2024-12-19,CUST1954,Wyatt Keer,Kolkata,West Bengal,PID340,Tablet,electronics,Tablet,50478.6,4.0,10.0,Cash on Delivery,Delivered,4.9
ORD13347,2024-10-27,CUST1332,Laban Rastogi,chennai,Tamil Nadu,PID245,Air Fryer,HOME & KITCHEN,Air Fryer,7633.02,5.0,15.0,Credit Card,Delivered,2.2
ORD14313,2023-05-16,CUST1782,Tanmayi Raman, Hyderabad ,Telangana,PID217,Perfume,BEAUTY,Perfume,0.0,2.0,30.0,,Cancelled,
ORD11475,2024-04-08,CUST1454,Maya Lata,mumbai,Maharashtra,PID312,Biography,Books,Biography,34047.01,4.0,15.0,UPI,Delayed,2.5
ORD11569,2024-07-10,CUST1557,Jhalak Kulkarni,Chennai,Tamil Nadu,PID533,Saree,Fashion,Saree,36161.16,4.0,40.0,Credit Card,Delayed,1.1
ORD13046,2023-04-10,CUST1443,Hredhaan Chopra,SURAT,Gujarat,PID200,Mixer Grinder,home & kitchen,Mixer Grinder,79994.44,3.0,15.0,Debit Card,Delivered,1.8
ORD11590,2023-11-04,CUST1880,Vrishti Sathe,JAIPUR,Rajasthan,PID138,Saree,FASHION,Saree,55860.71,1.0,10.0,Net Banking,Delivered,5.0
ORD11009,2024-02-11,CUST1271,Chatura Ravi,Bangalore,Karnataka,PID489,Textbook,Books,Textbook,13559.18,1.0,25.0,Credit Card,Delivered,
ORD12814,2024-05-18,CUST1020,Turvi Lata,Chennai,Tamil Nadu,PID293,Cricket Bat,Sports,Cricket Bat,6384.89,1.0,30.0,Net Banking,Delayed,1.0
ORD11580,2023-09-05,CUST1317,Laksh Chaudhry,Indore,Madhya Pradesh,PID452,Jacket,Fashion,Jacket,15580.89,2.0,5.0,Debit Card,Cancelled,3.5
ORD13828,2023-06-30,CUST1393,Oscar Zacharia,Ahmedabad,Gujarat,PID102,Air Fryer,HOME & KITCHEN,Air Fryer,47672.08,4.0,5.0,Debit Card,,1.0
ORD14481,2023-05-07,CUST1264,Isaac Mistry,Bangalore,Karnataka,PID580,Jeans,FASHION,Jeans,13793.54,2.0,10.0,Debit Card,Cancelled,4.9
ORD10347,2024-04-30,CUST1694,Zehaan Ghosh, Kolkata ,West Bengal,PID261,Shampoo,BEAUTY,Shampoo,27227.84,5.0,30.0,Debit Card,,3.1
ORD10503,2024-10-19,CUST1284,Alka Mahajan,lucknow,Uttar Pradesh,PID262,Lipstick,Beauty,Lipstick,7283.16,2.0,15.0,Cash on Delivery,Returned,4.7
ORD11233,2024-07-10,CUST1098,Simon Yohannan,Pune,Maharashtra,PID353,Cookware Set,Home & Kitchen,Cookware Set,80409.64,5.0,30.0,Net Banking,Delivered,1.0
ORD11644,2023-02-21,CUST1803,Kashvi Contractor,Hyderabad,Telangana,PID198,Dumbbells,SPORTS,Dumbbells,79821.84,5.0,0.0,Credit Card,Delivered,1.8
ORD10834,2023-06-05,CUST1346,Kamya Balakrishnan,jaipur,Rajasthan,PID141,Novel,BOOKS,Novel,5168.95,1.0,10.0,UPI,,1.7
ORD14493,2024-02-16,CUST1876,Qushi Char, Kolkata ,West Bengal,PID252,Shampoo,beauty,Shampoo,39053.85,2.0,40.0,Debit Card,Returned,2.8
ORD13992,2023-02-21,CUST1137,Zashil Dalal,surat,Gujarat,PID568,Shampoo,Beauty,Shampoo,36572.81,2.0,0.0,Net Banking,Returned,2.2
ORD11165,2023-02-18,CUST1566,Sanya Pant,kolkata,West Bengal,PID312,Yoga Mat,sports,Yoga Mat,51670.3,1.0,5.0,Credit Card,Returned,2.8
ORD14500,2024-09-26,CUST1098,Dayamai Kumer,pune,Maharashtra,PID316,Comic,books,Comic,22901.96,5.0,0.0,Cash on Delivery,,2.9
ORD14768,2024-07-09,CUST1622,Yashvi Jha, Jaipur ,Rajasthan,PID123,Cricket Bat,Sports,Cricket Bat,89567.3,2.0,15.0,Debit Card,,2.1
ORD11426,2024-03-01,CUST1975,Chaaya Thakur, Indore ,Madhya Pradesh,PID139,Football,SPORTS,Football,2806.88,2.0,15.0,Cash on Delivery,Delayed,2.8
ORD10543,2024-09-13,CUST1375,Azad Ratti,INDORE,Madhya Pradesh,PID529,Cookware Set,Home & Kitchen,Cookware Set,59556.49,5.0,0.0,Net Banking,Delivered,1.7
ORD11492,2024-02-02,CUST1886,Henry Virk, Ahmedabad ,Gujarat,PID506,Headphones,ELECTRONICS,Headphones,82753.59,3.0,0.0,Debit Card,Delivered,1.7
ORD12961,2024-06-16,CUST1091,Ekavir Sengupta,surat,Gujarat,PID108,Biography,Books,Biography,86598.86,3.0,25.0,Debit Card,Cancelled,4.6
ORD14067,2023-03-01,CUST1656,Prisha Handa,Lucknow,Uttar Pradesh,PID304,Face Wash,Beauty,Face Wash,53344.58,0.0,5.0,,Delivered,3.5
ORD13398,2024-04-11,CUST1888,Lopa Karnik,hyderabad,Telangana,PID102,Kurta,Fashion,Kurta,71766.01,4.0,5.0,Cash on Delivery,Delayed,2.6
ORD10566,2023-01-25,CUST1905,Tanveer Chakraborty, Delhi ,Delhi,PID466,Smartphone,electronics,Smartphone,49086.09,4.0,15.0,Debit Card,Delivered,2.5
ORD10264,2023-08-20,CUST1416,Jeet Nanda,hyderabad,Telangana,PID359,Tablet,Electronics,Tablet,65393.56,3.0,20.0,Net Banking,Delivered,1.8
ORD12887,2024-07-07,CUST1928,Daksh Sachdeva,indore,Madhya Pradesh,PID235,Smartwatch,electronics,Smartwatch,31361.59,1.0,25.0,Credit Card,Delayed,2.1
ORD11325,21/09/2024,CUST1514,Amruta Palan,bangalore,Karnataka,PID489,Jacket,Fashion,Jacket,37943.58,5.0,5.0,Net Banking,Delayed,3.0
ORD10382,2023-05-23,CUST1955,Azad Mammen,kolkata,West Bengal,PID591,Shampoo,Beauty,Shampoo,26083.77,4.0,30.0,Debit Card,Delayed,3.4
ORD13855,2024-05-30,CUST1612,Kiaan Jaggi,LUCKNOW,Uttar Pradesh,PID494,Kurta,FASHION,Kurta,57886.47,3.0,10.0,,Cancelled,1.3
ORD10614,2024-01-08,CUST1070,Anmol Gour, Hyderabad ,Telangana,PID242,Comic,Books,Comic,63809.84,1.0,15.0,Credit Card,,2.8
ORD14933,2024-11-29,CUST1374,Ansh Oommen,surat,Gujarat,PID160,T-Shirt,Fashion,T-Shirt,65113.52,2.0,25.0,Cash on Delivery,Cancelled,2.8
ORD13257,2024-08-15,CUST1442,Libni Vohra, Ahmedabad ,Gujarat,PID211,Dumbbells,sports,Dumbbells,10292.64,2.0,30.0,Cash on Delivery,Delivered,3.7
ORD14525,2024-08-07,CUST1452,Ekapad Bhattacharyya, Lucknow ,Uttar Pradesh,PID133,T-Shirt,Fashion,T-Shirt,49356.59,5.0,25.0,Debit Card,Cancelled,1.3
ORD11103,2024-03-17,CUST1361,Zaid Varghese,DELHI,Delhi,PID564,Smartwatch,Electronics,Smartwatch,8311.44,0.0,15.0,Net Banking,Returned,1.7
ORD11979,2024-09-06,CUST1250,Utkarsh Hari,bangalore,Karnataka,PID115,Cricket Bat,Sports,Cricket Bat,54693.6,4.0,0.0,Cash on Delivery,Delivered,1.7
ORD13677,2023-12-20,CUST1308,Chasmum Char, Delhi ,Delhi,PID181,Face Wash,Beauty,Face Wash,44284.42,3.0,0.0,Cash on Delivery,,3.2
ORD12523,2023-01-05,CUST1016,Xiti Vohra,AHMEDABAD,Gujarat,PID232,Jeans,FASHION,Jeans,62281.44,1.0,30.0,,Returned,2.3
ORD14031,2023-02-21,CUST1138,Manbir Khalsa,Surat,Gujarat,PID510,Mixer Grinder,HOME & KITCHEN,Mixer Grinder,30180.56,3.0,0.0,UPI,Delayed,2.7
ORD11694,2023-06-20,CUST1253,Geetika Barad,Delhi,Delhi,PID598,Cookware Set,HOME & KITCHEN,Cookware Set,10612.84,5.0,20.0,Net Banking,,4.9
ORD11618,2024-04-11,CUST1105,Nathan Pingle,lucknow,Uttar Pradesh,PID108,Saree,FASHION,Saree,75445.06,5.0,20.0,Credit Card,Delivered,2.2
ORD10033,2024-04-10,CUST1019,Anthony Hegde,Surat,Gujarat,PID483,Smartphone,ELECTRONICS,Smartphone,38660.86,3.0,15.0,Cash on Delivery,Delivered,4.0
ORD14045,2023-05-20,CUST1993,Peter Hayre, Mumbai ,Maharashtra,PID482,Kurta,Fashion,Kurta,73217.93,5.0,5.0,Credit Card,Cancelled,4.9
ORD10115,2023-12-21,CUST1712,Janaki Swamy,pune,Maharashtra,PID239,Dumbbells,sports,Dumbbells,73681.21,3.0,5.0,Credit Card,Delivered,3.6
ORD14554,2024-06-02,CUST1823,Imaran Banerjee,DELHI,Delhi,PID391,Kurta,FASHION,Kurta,73638.45,5.0,30.0,Cash on Delivery,Cancelled,2.1
ORD13061,2024-04-10,CUST1599,Ishanvi Madan,ahmedabad,Gujarat,PID340,Cricket Bat,Sports,Cricket Bat,80293.23,4.0,40.0,,Returned,
ORD10821,2024-09-26,CUST1690,Quincy Choudhury,Hyderabad,Telangana,PID145,Football,sports,Football,67923.59,3.0,0.0,,Delayed,2.7
ORD13678,30/03/2023,CUST1632,Gaurika Sankar, Bangalore ,Karnataka,PID152,Shampoo,BEAUTY,Shampoo,26732.07,1.0,5.0,Credit Card,Returned,1.2
ORD11348,2024-10-12,CUST1335,Balveer Barad, Ahmedabad ,Gujarat,PID526,Cricket Bat,sports,Cricket Bat,-27151.63,5.0,10.0,Net Banking,Cancelled,
ORD11099,2023-08-13,CUST1040,Nandini Samra,Hyderabad,Telangana,PID429,Sunscreen,beauty,Sunscreen,16661.76,5.0,10.0,UPI,Delivered,2.2
ORD11364,2024-05-06,CUST1916,Ridhi Bhargava,KOLKATA,West Bengal,PID200,Saree,fashion,Saree,61079.13,3.0,20.0,Net Banking,Returned,
ORD10394,2023-08-20,CUST1961,Ishita Dutta,Kolkata,West Bengal,PID447,Headphones,ELECTRONICS,Headphones,10547.68,3.0,40.0,Credit Card,,2.2
ORD13859,2023-03-31,CUST1237,William Gandhi, Jaipur ,Rajasthan,PID410,Cookware Set,HOME & KITCHEN,Cookware Set,70240.03,1.0,10.0,Debit Card,Delayed,2.6
ORD13039,2023-10-13,CUST1930,Orinder Sachdev,CHENNAI,Tamil Nadu,PID347,Textbook,books,Textbook,80659.78,1.0,25.0,Debit Card,Delayed,4.1
ORD14531,2023-10-13,CUST1537,Charan Gandhi,CHENNAI,Tamil Nadu,PID482,Bluetooth Speaker,electronics,Bluetooth Speaker,66944.65,5.0,15.0,Credit Card,Delivered,1.4
ORD12426,2024-03-08,CUST1876,Divya Gill,kolkata,West Bengal,PID166,Cricket Bat,SPORTS,Cricket Bat,14735.61,4.0,25.0,,,1.1
ORD11852,2023-07-13,CUST1755,Faraj Saran,Kolkata,West Bengal,PID245,Comic,Books,Comic,18342.93,2.0,0.0,Credit Card,Returned,2.4
ORD11523,2024-10-29,CUST1920,Krishna Aggarwal,JAIPUR,Rajasthan,PID315,Novel,BOOKS,Novel,68947.26,4.0,30.0,,Delivered,1.2
ORD10218,2024-05-24,CUST1419,Tanveer Sarraf,pune,Maharashtra,PID251,Textbook,books,Textbook,74784.15,1.0,5.0,Net Banking,Delivered,1.8
ORD13346,2023-06-15,CUST1275,Dakshesh Hari,Chennai,Tamil Nadu,PID546,Sunscreen,BEAUTY,Sunscreen,35665.88,1.0,30.0,Credit Card,,4.5
ORD13151,2023-02-16,CUST1045,Chandresh Loke,Hyderabad,Telangana,PID449,T-Shirt,fashion,T-Shirt,51128.37,1.0,30.0,Net Banking,Cancelled,3.6
ORD10984,2023-01-27,CUST1642,Wishi Bir,Bangalore,Karnataka,PID439,Headphones,electronics,Headphones,21289.99,4.0,10.0,UPI,Cancelled,2.8
ORD10190,2024-10-16,CUST1681,Veer Din,lucknow,Uttar Pradesh,PID401,Dumbbells,Sports,Dumbbells,9227.74,2.0,30.0,Net Banking,Returned,3.6
ORD13896,2023-06-12,CUST1507,Teerth Kumer,SURAT,Gujarat,PID298,Kurta,fashion,Kurta,27589.08,5.0,20.0,,Delivered,2.2
ORD14544,2023-11-01,CUST1645,Aadi Chaudhuri, Delhi ,Delhi,PID270,Bluetooth Speaker,electronics,Bluetooth Speaker,31443.1,4.0,25.0,,Delayed,4.9
ORD11622,2024-08-24,CUST1056,Saanvi Acharya,Pune,Maharashtra,PID200,Novel,books,Novel,41545.29,5.0,5.0,UPI,Cancelled,3.1
ORD10554,2024-08-26,CUST1908,Maya Ramachandran, Delhi ,Delhi,PID154,Mixer Grinder,Home & Kitchen,Mixer Grinder,60254.94,2.0,25.0,Credit Card,Cancelled,2.5
ORD14353,2024-12-11,CUST1913,Damini Trivedi,delhi,Delhi,PID384,Novel,books,Novel,31915.71,0.0,25.0,,Cancelled,2.5
ORD14219,2024-01-10,CUST1995,Daksh Chawla,KOLKATA,West Bengal,PID150,Yoga Mat,SPORTS,Yoga Mat,35770.83,4.0,10.0,,Delayed,4.7
ORD13009,2024-12-15,CUST1353,Yagnesh Kumer,DELHI,Delhi,PID412,Biography,BOOKS,Biography,47683.07,1.0,40.0,Cash on Delivery,,1.9
ORD11381,2024-09-11,CUST1882,Faras Chawla,bangalore,Karnataka,PID143,Jeans,FASHION,Jeans,46536.47,3.0,5.0,,Delayed,1.6
ORD11254,2023-03-12,CUST1509,Indali Mutti,delhi,Delhi,PID476,Smartphone,Electronics,Smartphone,65148.05,2.0,30.0,Debit Card,Cancelled,1.5
ORD12874,2024-03-17,CUST1314,Chandresh Wali,jaipur,Rajasthan,PID566,Jeans,fashion,Jeans,7851.31,4.0,5.0,,Delayed,4.0
ORD12866,2023-09-10,CUST1270,Udant Gade,hyderabad,Telangana,PID497,Tablet,Electronics,Tablet,53427.06,2.0,20.0,Credit Card,Delivered,1.6
ORD13273,2023-12-21,CUST1914,Rachita Malhotra, Indore ,Madhya Pradesh,PID535,Novel,BOOKS,Novel,60556.81,2.0,5.0,Net Banking,Delivered,1.9
ORD14659,2024-12-09,CUST1720,Anamika Chhabra,Bangalore,Karnataka,PID157,Comic,Books,Comic,28929.57,3.0,30.0,Debit Card,Cancelled,1.7
ORD10405,2024-11-18,CUST1511,Ayushman Menon,PUNE,Maharashtra,PID209,Comic,books,Comic,59761.58,3.0,40.0,,Cancelled,
ORD11784,2024-02-16,CUST1020,Ganga Nadkarni,Chennai,Tamil Nadu,PID230,Cookware Set,Home & Kitchen,Cookware Set,28842.82,4.0,10.0,Net Banking,Cancelled,1.3
ORD10667,2023-10-20,CUST1531,Krishna Peri,AHMEDABAD,Gujarat,PID242,Mixer Grinder,HOME & KITCHEN,Mixer Grinder,26866.77,5.0,30.0,Credit Card,Delivered,2.3
ORD12442,2024-05-15,CUST1983,Laban Jayaraman,Kolkata,West Bengal,PID448,Dumbbells,SPORTS,Dumbbells,54760.4,4.0,10.0,Credit Card,Cancelled,3.3
ORD11414,2024-06-15,CUST1456,Aishani Toor,ahmedabad,Gujarat,PID106,Face Wash,beauty,Face Wash,64289.25,4.0,30.0,Credit Card,Delivered,4.5
ORD12792,2023-06-18,CUST1717,Neelima Kant,INDORE,Madhya Pradesh,PID532,Novel,books,Novel,75384.22,5.0,5.0,,Delivered,4.4
ORD13731,2023-06-05,CUST1202,Ladli Kar,CHENNAI,Tamil Nadu,PID230,Kurta,FASHION,Kurta,56491.91,2.0,5.0,UPI,Returned,4.2
ORD11387,2024-08-11,CUST1613,Indrajit Behl,Lucknow,Uttar Pradesh,PID567,Bedsheet,HOME & KITCHEN,Bedsheet,43790.25,2.0,40.0,Net Banking,,3.8
ORD13904,2024-06-01,CUST1241,Maanav Batra, Indore ,Madhya Pradesh,PID408,Bluetooth Speaker,Electronics,Bluetooth Speaker,42598.23,5.0,25.0,UPI,Cancelled,2.4
ORD12424,2023-11-22,CUST1914,Jagat Kaul,delhi,Delhi,PID162,Perfume,Beauty,Perfume,51666.79,4.0,20.0,UPI,Delivered,3.2
ORD12061,2023-04-14,CUST1068,Abhiram Savant,hyderabad,Telangana,PID279,Water Bottle,home & kitchen,Water Bottle,66625.35,3.0,25.0,UPI,Returned,4.4
ORD10486,2024-02-12,CUST1833,Chakrika Shanker, Pune ,Maharashtra,PID336,Bedsheet,home & kitchen,Bedsheet,85131.48,1.0,10.0,Credit Card,Cancelled,3.9
ORD13525,2023-09-26,CUST1029,Hemal Shah,INDORE,Madhya Pradesh,PID359,Sneakers,Fashion,Sneakers,26431.34,5.0,10.0,,Returned,4.7
ORD14118,2024-02-10,CUST1954,Bakhshi De, Ahmedabad ,Gujarat,PID424,Tablet,ELECTRONICS,Tablet,27651.13,5.0,15.0,Cash on Delivery,,1.3
ORD14650,2024-04-25,CUST1809,Udant Batra,indore,Madhya Pradesh,PID412,Jeans,FASHION,Jeans,67030.62,2.0,15.0,Cash on Delivery,Delivered,2.5
ORD13632,2023-03-16,CUST1480,Mohini Chada,LUCKNOW,Uttar Pradesh,PID443,Laptop,electronics,Laptop,41719.45,2.0,40.0,Debit Card,Delivered,4.8
ORD14266,2023-08-26,CUST1511,Vrishti Khurana, Jaipur ,Rajasthan,PID497,Bluetooth Speaker,electronics,Bluetooth Speaker,37001.8,2.0,10.0,UPI,Cancelled,1.4
ORD14487,2024-03-07,CUST1670,Adya Tripathi,Delhi,Delhi,PID573,Bedsheet,home & kitchen,Bedsheet,13396.81,1.0,15.0,,Delayed,5.0
ORD11598,2024-04-13,CUST1866,Abhiram Oak,Kolkata,West Bengal,PID233,Shampoo,Beauty,Shampoo,53075.5,1.0,5.0,Cash on Delivery,Cancelled,
ORD10599,2023-04-24,CUST1079,Farhan Nori,SURAT,Gujarat,PID353,Perfume,Beauty,Perfume,4799.64,1.0,5.0,Debit Card,Delivered,3.4
ORD10159,2023-08-03,CUST1630,Gautam Bir, Chennai ,Tamil Nadu,PID171,Perfume,Beauty,Perfume,77618.64,1.0,15.0,,Cancelled,3.4
ORD13747,2023-02-13,CUST1023,Advay Anand,PUNE,Maharashtra,PID292,Lipstick,BEAUTY,Lipstick,30869.19,4.0,40.0,UPI,Returned,1.8
ORD13385,2024-07-27,CUST1723,Xiti Dalal,Lucknow,Uttar Pradesh,PID260,Kurta,FASHION,Kurta,76409.62,1.0,0.0,Cash on Delivery,,2.2
ORD14790,2024-07-08,CUST1233,Kala Shetty,LUCKNOW,Uttar Pradesh,PID266,Comic,Books,Comic,34762.67,4.0,20.0,,Delivered,
ORD12731,2024-09-15,CUST1371,Amrita Varughese,LUCKNOW,Uttar Pradesh,PID534,Saree,FASHION,Saree,69456.57,3.0,25.0,,Delivered,3.4
ORD13022,2024-05-26,CUST1643,Wyatt Toor,pune,Maharashtra,PID240,Sneakers,FASHION,Sneakers,38448.56,5.0,10.0,Debit Card,Delayed,4.1
ORD13728,2023-05-01,CUST1045,Finn Dugar,DELHI,Delhi,PID443,Dumbbells,sports,Dumbbells,39088.75,2.0,0.0,UPI,Delivered,1.4
ORD11124,2024-03-19,CUST1115,Daniel Nadkarni, Jaipur ,Rajasthan,PID354,Face Wash,Beauty,Face Wash,25384.49,3.0,10.0,Debit Card,,3.0
ORD14549,2024-03-05,CUST1021,Chasmum Kade,Bangalore,Karnataka,PID372,Smartphone,electronics,Smartphone,58285.25,1.0,15.0,,Delivered,
ORD10227,2024-11-03,CUST1363,Rajeshri Bains,Chennai,Tamil Nadu,PID524,Dumbbells,SPORTS,Dumbbells,32796.32,4.0,40.0,,Delivered,2.8
ORD13438,2024-01-08,CUST1302,Mitali Mann,ahmedabad,Gujarat,PID560,Yoga Mat,sports,Yoga Mat,77137.09,4.0,40.0,UPI,,4.8
ORD12671,2024-07-26,CUST1925,Jagdish Morar,Lucknow,Uttar Pradesh,PID109,Textbook,books,Textbook,11283.0,2.0,10.0,Net Banking,Cancelled,1.1
ORD10556,2024-04-04,CUST1613,Dhriti Pandey,Ahmedabad,Gujarat,PID240,Laptop,Electronics,Laptop,37726.4,5.0,25.0,Cash on Delivery,Delayed,1.5
ORD13943,2024-02-23,CUST1834,Janya Gandhi,Lucknow,Uttar Pradesh,PID286,Smartphone,Electronics,Smartphone,57764.26,3.0,20.0,UPI,Delayed,
ORD13263,2024-12-04,CUST1937,Gabriel Thakkar,Mumbai,Maharashtra,PID104,Novel,BOOKS,Novel,71347.22,1.0,0.0,Net Banking,Cancelled,3.9
ORD14078,2024-02-06,CUST1561,Anjali Pal,BANGALORE,Karnataka,PID269,Mixer Grinder,home & kitchen,Mixer Grinder,77706.99,1.0,25.0,Net Banking,Delivered,4.0
ORD12863,01/06/2024,CUST1524,Abha Mallick,jaipur,Rajasthan,PID445,Sneakers,Fashion,Sneakers,27772.67,4.0,10.0,,Delivered,2.9
ORD14759,2024-03-22,CUST1657,Tristan Mitra,bangalore,Karnataka,PID589,Smartphone,Electronics,Smartphone,29268.84,3.0,40.0,Debit Card,Cancelled,2.9
ORD10708,2023-08-29,CUST1661,Mugdha Verma, Lucknow ,Uttar Pradesh,PID217,Dumbbells,Sports,Dumbbells,35537.45,5.0,10.0,Net Banking,Cancelled,2.4
ORD14277,2024-03-30,CUST1486,Ekansh Bajwa,pune,Maharashtra,PID295,Dumbbells,sports,Dumbbells,52787.3,3.0,0.0,UPI,Cancelled,1.6
ORD13805,2023-10-07,CUST1247,Rachita Kapur,chennai,Tamil Nadu,PID315,Cricket Bat,SPORTS,Cricket Bat,80615.98,4.0,5.0,Debit Card,Delivered,2.0
ORD14360,2024-09-21,CUST1866,Finn Saraf,JAIPUR,Rajasthan,PID212,Headphones,electronics,Headphones,13020.98,1.0,25.0,Debit Card,Delayed,3.1
ORD12361,2023-08-23,CUST1514,Nilima Savant, Chennai ,Tamil Nadu,PID158,Air Fryer,Home & Kitchen,Air Fryer,21914.99,4.0,30.0,Credit Card,Delivered,2.9
ORD11172,2023-03-15,CUST1605,Sathvik Parmer,Mumbai,Maharashtra,PID262,Textbook,Books,Textbook,58922.67,2.0,5.0,Cash on Delivery,Delivered,4.5
ORD11456,2024-07-11,CUST1298,Ikbal Zacharia,Mumbai,Maharashtra,PID173,Cookware Set,Home & Kitchen,Cookware Set,13674.41,4.0,30.0,Net Banking,Cancelled,
ORD13362,2024-12-01,CUST1980,Ekaja Raja,Pune,Maharashtra,PID307,Perfume,Beauty,Perfume,66188.41,3.0,15.0,UPI,Returned,2.5
ORD14822,26/10/2024,CUST1184,Wazir Naik,CHENNAI,Tamil Nadu,PID293,Air Fryer,HOME & KITCHEN,Air Fryer,58953.85,4.0,15.0,Credit Card,Delayed,4.9
ORD14776,2024-09-01,CUST1988,Ira Das,jaipur,Rajasthan,PID221,Comic,Books,Comic,14774.39,5.0,25.0,,Returned,2.7
ORD10327,2024-05-10,CUST1692,Bhavika Pradhan,Delhi,Delhi,PID167,Laptop,electronics,Laptop,40023.1,5.0,25.0,Credit Card,,3.1
ORD14465,2023-02-13,CUST1238,Onkar Peri,Ahmedabad,Gujarat,PID423,Biography,books,Biography,55689.93,4.0,5.0,,,4.2
ORD10477,2023-07-30,CUST1568,Utkarsh Sundaram,kolkata,West Bengal,PID158,Yoga Mat,Sports,Yoga Mat,56209.21,3.0,30.0,UPI,Delivered,
ORD14108,2023-05-29,CUST1914,Anusha Ramaswamy, Delhi ,Delhi,PID570,Cricket Bat,Sports,Cricket Bat,67844.32,1.0,15.0,UPI,,4.7
ORD12654,2024-06-04,CUST1640,Isaiah Cheema,ahmedabad,Gujarat,PID180,Cricket Bat,Sports,Cricket Bat,39518.53,5.0,15.0,Credit Card,Delayed,
ORD12667,2023-06-17,CUST1860,Yasti Parikh,DELHI,Delhi,PID401,Sunscreen,BEAUTY,Sunscreen,72843.82,3.0,0.0,Debit Card,Delivered,3.5
ORD13711,2023-01-09,CUST1142,Damyanti Krishnan, Bangalore ,Karnataka,PID298,Water Bottle,HOME & KITCHEN,Water Bottle,15489.65,3.0,25.0,,,2.1
ORD12845,2024-05-16,CUST1035,Saumya Verma, Delhi ,Delhi,PID586,Novel,books,Novel,-33311.92,3.0,20.0,UPI,Returned,1.3
ORD11420,2024-09-07,CUST1792,Darika Arya, Surat ,Gujarat,PID480,Sunscreen,beauty,Sunscreen,18866.89,4.0,10.0,Credit Card,Delivered,3.7
ORD12410,2023-07-01,CUST1292,Ekani Ganesan,lucknow,Uttar Pradesh,PID362,Novel,BOOKS,Novel,80445.39,3.0,30.0,Credit Card,Returned,
ORD12319,2024-08-28,CUST1718,Yatin Hegde,Indore,Madhya Pradesh,PID312,Bluetooth Speaker,ELECTRONICS,Bluetooth Speaker,80402.61,2.0,30.0,Credit Card,Delivered,3.5
ORD13886,2024-08-17,CUST1666,Jason Pillai,HYDERABAD,Telangana,PID359,Football,Sports,Football,31420.17,5.0,20.0,Debit Card,Delivered,3.2
ORD10524,2024-09-07,CUST1514,Vedika Bains,chennai,Tamil Nadu,PID452,Biography,BOOKS,Biography,13151.37,4.0,10.0,,Delivered,4.0
ORD10993,2024-06-21,CUST1272,Leela Mitra,Delhi,Delhi,PID587,Cookware Set,home & kitchen,Cookware Set,19611.14,2.0,40.0,Debit Card,Delivered,4.2
ORD11831,2024-01-04,CUST1989,Tanveer Chauhan,HYDERABAD,Telangana,PID582,Water Bottle,Home & Kitchen,Water Bottle,70918.19,3.0,5.0,Credit Card,Returned,4.2
ORD12265,2024-02-28,CUST1741,Arya Barad,SURAT,Gujarat,PID392,Laptop,Electronics,Laptop,50152.35,5.0,10.0,UPI,,3.3
ORD10731,2024-01-08,CUST1659,Faraj Shankar,SURAT,Gujarat,PID179,Perfume,BEAUTY,Perfume,20628.43,2.0,20.0,Cash on Delivery,Delayed,4.0
ORD13580,2024-02-21,CUST1537,Amaira Radhakrishnan,Pune,Maharashtra,PID341,Textbook,books,Textbook,21900.73,5.0,5.0,Net Banking,Cancelled,2.4
ORD13026,2024-10-13,CUST1561,Girish Prabhakar,delhi,Delhi,PID137,Face Wash,Beauty,Face Wash,82293.12,1.0,5.0,Credit Card,Cancelled,
ORD12452,2023-09-19,CUST1497,Mohini Toor,Chennai,Tamil Nadu,PID392,Comic,Books,Comic,66959.16,2.0,15.0,UPI,Delayed,1.9
ORD14975,2023-08-10,CUST1078,Diya Natt, Surat ,Gujarat,PID431,Lipstick,BEAUTY,Lipstick,17533.75,2.0,20.0,Net Banking,Returned,2.3
ORD11940,2023-12-11,CUST1268,Daksh Yohannan,SURAT,Gujarat,PID325,Sunscreen,Beauty,Sunscreen,50205.32,1.0,20.0,Net Banking,Delayed,3.2
ORD11397,2024-04-26,CUST1903,Ishanvi Datta,JAIPUR,Rajasthan,PID418,Jeans,Fashion,Jeans,36677.25,5.0,25.0,Credit Card,Delayed,3.9
ORD10752,2024-03-25,CUST1935,Mohini Grover,PUNE,Maharashtra,PID396,Face Wash,beauty,Face Wash,2434.34,2.0,40.0,UPI,Delivered,1.8
ORD13690,2024-10-27,CUST1068,Zilmil Ranganathan,KOLKATA,West Bengal,PID308,Jeans,Fashion,Jeans,32324.92,3.0,25.0,Credit Card,,4.8
ORD10489,2023-04-06,CUST1191,Janani Roy, Jaipur ,Rajasthan,PID201,Face Wash,Beauty,Face Wash,34871.08,4.0,20.0,,Cancelled,3.7
ORD13454,2023-11-05,CUST1152,Sachi Madan,DELHI,Delhi,PID283,Bluetooth Speaker,Electronics,Bluetooth Speaker,51037.01,2.0,25.0,Net Banking,Delivered,2.4
ORD11017,2023-06-03,CUST1738,Zarna Solanki,surat,Gujarat,PID294,Dumbbells,SPORTS,Dumbbells,47304.75,5.0,10.0,Net Banking,Delivered,
ORD12107,2024-08-06,CUST1928,Darpan Kaur,lucknow,Uttar Pradesh,PID499,Tablet,electronics,Tablet,76097.49,2.0,25.0,UPI,,1.2
ORD14786,2024-02-04,CUST1379,Yashoda Patil, Lucknow ,Uttar Pradesh,PID108,Perfume,Beauty,Perfume,54043.09,2.0,20.0,Debit Card,Delayed,4.6
ORD12004,2024-12-03,CUST1839,Bachittar Chhabra, Kolkata ,West Bengal,PID441,Comic,books,Comic,45204.66,3.0,30.0,Cash on Delivery,Returned,4.6
ORD12617,2023-12-21,CUST1010,Tanay Kumar, Surat ,Gujarat,PID172,Yoga Mat,Sports,Yoga Mat,13211.24,3.0,30.0,Net Banking,,4.5
ORD13276,2023-05-27,CUST1693,Zilmil Puri,Lucknow,Uttar Pradesh,PID543,Tablet,Electronics,Tablet,34242.39,1.0,15.0,Cash on Delivery,Delayed,2.5
ORD13984,2023-05-12,CUST1014,Vinaya More,LUCKNOW,Uttar Pradesh,PID517,Novel,BOOKS,Novel,15339.53,1.0,0.0,Credit Card,Cancelled,3.1
ORD11725,2024-08-30,CUST1750,Bishakha Rout,Kolkata,West Bengal,PID210,Biography,Books,Biography,78972.21,4.0,0.0,Cash on Delivery,Returned,1.2
ORD10011,2023-03-14,CUST1526,Ishaan Sood,ahmedabad,Gujarat,PID221,Face Wash,Beauty,Face Wash,20339.06,2.0,0.0,UPI,,
ORD12201,2023-12-01,CUST1398,Priya Narayan,ahmedabad,Gujarat,PID184,Biography,Books,Biography,32246.79,4.0,40.0,UPI,Cancelled,4.2
ORD12098,2024-06-25,CUST1614,Jalsa Chawla,INDORE,Madhya Pradesh,PID594,Smartwatch,Electronics,Smartwatch,78686.26,2.0,5.0,Debit Card,Delivered,4.4
ORD10979,2024-04-09,CUST1798,Omya Sachdeva, Kolkata ,West Bengal,PID513,Cricket Bat,sports,Cricket Bat,70736.85,4.0,5.0,Cash on Delivery,Delivered,1.2
ORD10775,2024-05-26,CUST1848,Varenya Dubey,JAIPUR,Rajasthan,PID256,Jeans,FASHION,Jeans,69407.18,4.0,10.0,,,2.3
ORD10760,2023-05-15,CUST1927,Yashica Zachariah,Surat,Gujarat,PID509,Jacket,fashion,Jacket,27204.57,5.0,20.0,,,2.5
ORD11612,2024-01-10,CUST1032,Unni Mohan, Hyderabad ,Telangana,PID423,Jacket,FASHION,Jacket,65053.28,3.0,30.0,,Delivered,4.8
ORD14413,2024-06-14,CUST1947,Zashil Balakrishnan,Mumbai,Maharashtra,PID321,Bluetooth Speaker,ELECTRONICS,Bluetooth Speaker,26232.87,5.0,25.0,Debit Card,Delayed,3.3
ORD12221,2023-09-05,CUST1226,David Padmanabhan, Hyderabad ,Telangana,PID439,Bluetooth Speaker,Electronics,Bluetooth Speaker,59992.92,1.0,40.0,Credit Card,Delivered,
ORD12928,2023-02-18,CUST1269,Oviya Randhawa,CHENNAI,Tamil Nadu,PID375,Jacket,fashion,Jacket,53787.65,5.0,25.0,Net Banking,,3.3
ORD12076,2023-07-10,CUST1689,Kiaan Saraf,mumbai,Maharashtra,PID263,Laptop,Electronics,Laptop,66538.51,3.0,20.0,,Delivered,4.6
ORD10111,2024-09-03,CUST1052,Agastya Chadha,CHENNAI,Tamil Nadu,PID398,Face Wash,beauty,Face Wash,29911.88,3.0,0.0,Net Banking,Cancelled,4.9
ORD14153,2023-02-19,CUST1907,Xiti Bhasin,MUMBAI,Maharashtra,PID404,Laptop,electronics,Laptop,3407.94,3.0,15.0,,Delivered,2.0
ORD14329,2023-02-18,CUST1551,Manan Johal,AHMEDABAD,Gujarat,PID179,Cricket Bat,sports,Cricket Bat,37611.12,5.0,20.0,,,
ORD10491,2024-08-24,CUST1065,Mohammed Krish,BANGALORE,Karnataka,PID522,Lipstick,BEAUTY,Lipstick,78359.85,4.0,20.0,Credit Card,Delivered,3.9
ORD11191,2024-01-25,CUST1170,Brinda Doctor,Kolkata,West Bengal,PID439,Kurta,fashion,Kurta,46781.03,5.0,5.0,Debit Card,Delivered,
ORD13684,2023-03-30,CUST1894,Abhiram Devan, Surat ,Gujarat,PID491,Novel,Books,Novel,13874.6,2.0,20.0,UPI,Cancelled,3.6
ORD14395,2024-02-20,CUST1071,Sudiksha Apte,pune,Maharashtra,PID211,Textbook,Books,Textbook,28820.93,4.0,10.0,,Delivered,
ORD11480,2023-05-24,CUST1161,Isha Korpal,Surat,Gujarat,PID150,Headphones,ELECTRONICS,Headphones,48473.16,2.0,0.0,,Cancelled,2.6
ORD12604,2023-06-30,CUST1473,Isaiah Agate, Lucknow ,Uttar Pradesh,PID185,Biography,BOOKS,Biography,87175.47,5.0,20.0,UPI,Delivered,1.5
ORD12470,2024-03-06,CUST1446,Viraj Som,delhi,Delhi,PID475,Yoga Mat,sports,Yoga Mat,40431.95,1.0,25.0,UPI,Returned,2.8
ORD11907,2023-06-07,CUST1480,Eesha Sekhon,MUMBAI,Maharashtra,PID363,Tablet,electronics,Tablet,27317.38,1.0,15.0,Net Banking,Cancelled,2.2
ORD14470,2023-09-01,CUST1977,Matthew Buch,Surat,Gujarat,PID594,Cookware Set,HOME & KITCHEN,Cookware Set,76765.59,5.0,25.0,Debit Card,Delivered,3.6
ORD11299,2024-01-29,CUST1350,Yamini Mohanty,DELHI,Delhi,PID418,Lipstick,BEAUTY,Lipstick,43378.82,2.0,0.0,UPI,Cancelled,4.1
ORD12073,2024-10-22,CUST1984,Shivansh Bhattacharyya,Lucknow,Uttar Pradesh,PID598,Mixer Grinder,HOME & KITCHEN,Mixer Grinder,22874.2,5.0,5.0,Debit Card,Delivered,2.8
ORD13426,2024-07-06,CUST1761,Jhalak Chada,Surat,Gujarat,PID265,Smartwatch,ELECTRONICS,Smartwatch,4142.6,3.0,0.0,Debit Card,Cancelled,5.0
ORD10072,2023-04-28,CUST1951,Tanvi Karnik,Lucknow,Uttar Pradesh,PID436,Mixer Grinder,home & kitchen,Mixer Grinder,45741.02,1.0,25.0,Net Banking,,3.3
ORD13457,2023-12-22,CUST1165,Zashil Saha,KOLKATA,West Bengal,PID327,Cricket Bat,Sports,Cricket Bat,74784.31,4.0,20.0,Debit Card,Delivered,3.1
ORD13694,2023-01-20,CUST1628,Azad Pandey,Jaipur,Rajasthan,PID402,Yoga Mat,sports,Yoga Mat,66252.42,5.0,10.0,Cash on Delivery,Returned,4.5
ORD11853,2024-08-12,CUST1850,Balendra Varma,indore,Madhya Pradesh,PID437,Mixer Grinder,home & kitchen,Mixer Grinder,63245.43,4.0,0.0,Net Banking,Delivered,1.7
ORD11943,2023-03-25,CUST1724,Aryan Kannan,hyderabad,Telangana,PID336,Cricket Bat,SPORTS,Cricket Bat,0.0,1.0,30.0,Net Banking,Delayed,2.1
ORD11255,2023-11-09,CUST1845,Hritik Merchant,chennai,Tamil Nadu,PID594,Shampoo,BEAUTY,Shampoo,20311.29,3.0,0.0,Cash on Delivery,Delivered,4.6
ORD13573,2024-02-01,CUST1139,George Das, Jaipur ,Rajasthan,PID280,Tablet,electronics,Tablet,79123.93,5.0,15.0,Credit Card,Cancelled,
ORD10185,2024-10-07,CUST1557,Wridesh Patla,kolkata,West Bengal,PID500,Sunscreen,BEAUTY,Sunscreen,5628.97,2.0,15.0,Cash on Delivery,,
ORD10825,2024-09-13,CUST1984,Vyanjana Rai,Pune,Maharashtra,PID154,Smartwatch,ELECTRONICS,Smartwatch,14374.72,3.0,40.0,Credit Card,Delayed,2.7
ORD10387,28/05/2023,CUST1104,Sanya Krishnan,chennai,Tamil Nadu,PID211,Comic,Books,Comic,74439.96,3.0,25.0,Cash on Delivery,Delayed,3.1
ORD11720,2023-10-07,CUST1312,Yoshita Morar,chennai,Tamil Nadu,PID136,Bedsheet,HOME & KITCHEN,Bedsheet,48158.78,3.0,0.0,,Delivered,4.6
ORD14419,2023-12-14,CUST1188,Osha Kakar,kolkata,West Bengal,PID391,Jeans,FASHION,Jeans,5672.02,4.0,30.0,Credit Card,Delayed,4.6
ORD13802,2024-05-27,CUST1428,Ekaraj Gill,indore,Madhya Pradesh,PID233,Water Bottle,HOME & KITCHEN,Water Bottle,50561.04,4.0,30.0,UPI,Delivered,2.6
ORD12873,2023-10-16,CUST1664,Varenya Shroff,SURAT,Gujarat,PID467,Football,Sports,Football,16683.67,4.0,0.0,Net Banking,Returned,4.8
ORD10469,2023-08-20,CUST1318,Karan Kari,JAIPUR,Rajasthan,PID132,Air Fryer,HOME & KITCHEN,Air Fryer,-40480.21,1.0,0.0,Credit Card,Delivered,
ORD11419,2024-03-13,CUST1223,Megha Garde,lucknow,Uttar Pradesh,PID488,Shampoo,BEAUTY,Shampoo,72946.94,2.0,30.0,Credit Card,Delivered,
ORD13074,2023-08-19,CUST1637,Yutika Thakkar, Chennai ,Tamil Nadu,PID560,Smartwatch,Electronics,Smartwatch,88612.93,5.0,5.0,,Delivered,3.7
ORD10537,2023-05-30,CUST1801,Tanish Gala, Surat ,Gujarat,PID573,Novel,Books,Novel,49420.94,3.0,20.0,Cash on Delivery,Delivered,
ORD12277,2023-01-25,CUST1444,Bhanumati Arora,Delhi,Delhi,PID327,Smartwatch,ELECTRONICS,Smartwatch,72052.72,4.0,25.0,Debit Card,Returned,
ORD10342,2024-12-01,CUST1464,Girish Acharya,Kolkata,West Bengal,PID362,Football,SPORTS,Football,46597.92,2.0,5.0,UPI,Delivered,4.2
ORD12971,2024-03-01,CUST1684,Victor Ranganathan,surat,Gujarat,PID545,Comic,Books,Comic,73298.73,5.0,5.0,UPI,,3.3
ORD13923,2023-04-09,CUST1703,Dalbir Acharya,JAIPUR,Rajasthan,PID324,Biography,Books,Biography,70685.96,4.0,40.0,Credit Card,Returned,5.0
ORD11996,2024-12-03,CUST1601,Tarak Khanna,AHMEDABAD,Gujarat,PID121,Headphones,ELECTRONICS,Headphones,15713.06,1.0,15.0,Net Banking,Delayed,1.9
ORD14456,2024-05-05,CUST1681,Wahab Loyal,SURAT,Gujarat,PID129,Biography,BOOKS,Biography,68513.75,5.0,5.0,Credit Card,Returned,4.5
ORD11620,2023-11-22,CUST1171,Timothy Ratta,jaipur,Rajasthan,PID455,Mixer Grinder,home & kitchen,Mixer Grinder,-60737.29,3.0,30.0,Net Banking,Cancelled,1.3
ORD14913,2023-08-16,CUST1787,Adya Pandya, Chennai ,Tamil Nadu,PID204,T-Shirt,Fashion,T-Shirt,85780.12,2.0,0.0,Credit Card,Returned,3.1
ORD13416,2024-10-21,CUST1783,Vedant Ghose, Lucknow ,Uttar Pradesh,PID265,Novel,books,Novel,36508.85,5.0,20.0,UPI,Delayed,2.9
ORD12951,2023-03-18,CUST1779,Arjun Chowdhury,INDORE,Madhya Pradesh,PID384,Saree,FASHION,Saree,29456.25,5.0,20.0,Cash on Delivery,Delayed,3.0
ORD14628,29/10/2024,CUST1855,Lipika Hari,Hyderabad,Telangana,PID152,Shampoo,beauty,Shampoo,39522.18,3.0,25.0,Cash on Delivery,Cancelled,
ORD11928,2024-09-27,CUST1868,Darpan Butala,BANGALORE,Karnataka,PID197,Perfume,BEAUTY,Perfume,54813.72,5.0,20.0,Cash on Delivery,Delayed,4.7
ORD14206,2023-07-15,CUST1868,Upkaar Chahal,Kolkata,West Bengal,PID172,Football,SPORTS,Football,37496.23,3.0,40.0,UPI,Delivered,
ORD10720,2024-03-01,CUST1384,Gaurika Bobal, Surat ,Gujarat,PID571,Air Fryer,Home & Kitchen,Air Fryer,42144.1,5.0,30.0,Net Banking,Returned,1.1
ORD11084,2023-04-01,CUST1830,Yug Krishnan,PUNE,Maharashtra,PID375,Textbook,BOOKS,Textbook,31113.55,4.0,30.0,Credit Card,Delayed,4.2
ORD12686,2023-05-02,CUST1913,Inaya Nazareth,lucknow,Uttar Pradesh,PID526,Football,SPORTS,Football,40971.84,2.0,15.0,Net Banking,,2.1
ORD12836,2024-09-27,CUST1275,Divya Prasad,ahmedabad,Gujarat,PID165,Yoga Mat,SPORTS,Yoga Mat,86100.92,1.0,0.0,Cash on Delivery,Delivered,4.0
ORD10750,2024-08-13,CUST1616,Kabir Acharya,Surat,Gujarat,PID583,Saree,fashion,Saree,69134.93,2.0,25.0,Credit Card,Delivered,4.1
ORD13209,2024-07-29,CUST1579,Qasim Bal,Indore,Madhya Pradesh,PID577,T-Shirt,FASHION,T-Shirt,84757.11,3.0,30.0,,Delivered,2.9
ORD12339,2023-10-27,CUST1087,Brinda Karnik, Pune ,Maharashtra,PID462,Sunscreen,beauty,Sunscreen,12516.9,5.0,25.0,Cash on Delivery,Returned,3.3
ORD12778,2023-07-02,CUST1917,Ekapad Vaidya, Surat ,Gujarat,PID430,Bedsheet,HOME & KITCHEN,Bedsheet,9431.82,3.0,30.0,,Delayed,4.9
ORD11559,2024-03-29,CUST1140,Ishaan Buch,Bangalore,Karnataka,PID389,Saree,FASHION,Saree,14232.27,5.0,25.0,UPI,,2.8
ORD11082,2023-02-24,CUST1321,Radhika Balasubramanian, Bangalore ,Karnataka,PID448,Headphones,electronics,Headphones,38552.22,3.0,40.0,Cash on Delivery,Delivered,
ORD10921,2024-12-01,CUST1215,Girish Kanda,Surat,Gujarat,PID467,Cricket Bat,sports,Cricket Bat,22502.89,2.0,5.0,UPI,Cancelled,4.9
ORD12704,2023-12-16,CUST1862,Harrison Sehgal,Lucknow,Uttar Pradesh,PID514,Jacket,Fashion,Jacket,39159.83,4.0,10.0,,Delivered,2.9
ORD11854,2024-09-14,CUST1309,Dalbir Mannan,KOLKATA,West Bengal,PID308,Kurta,FASHION,Kurta,51514.92,1.0,40.0,,Delivered,1.4
ORD13100,2024-08-20,CUST1378,Upma Naik, Lucknow ,Uttar Pradesh,PID462,Shampoo,beauty,Shampoo,54032.75,5.0,30.0,Debit Card,Returned,4.6
ORD14823,2023-07-31,CUST1948,Rachita Banik,delhi,Delhi,PID337,Saree,FASHION,Saree,6082.46,4.0,10.0,UPI,Delivered,4.0
ORD10849,2024-05-15,CUST1590,Girish Walia, Jaipur ,Rajasthan,PID279,Novel,Books,Novel,-9477.81,2.0,25.0,Net Banking,Delayed,3.9
ORD11604,2023-11-27,CUST1449,Alexander Dasgupta,Ahmedabad,Gujarat,PID381,Water Bottle,Home & Kitchen,Water Bottle,68322.87,1.0,15.0,UPI,Delivered,1.9
ORD14001,2024-03-14,CUST1563,Vrinda Shere,Surat,Gujarat,PID588,Shampoo,Beauty,Shampoo,88651.28,4.0,20.0,,Returned,4.7
ORD14296,2023-12-31,CUST1107,Aarush Dayal,JAIPUR,Rajasthan,PID196,Novel,books,Novel,61023.63,1.0,0.0,Cash on Delivery,Returned,3.7
ORD12479,2023-05-25,CUST1881,Chatura Mukherjee, Mumbai ,Maharashtra,PID466,Cricket Bat,sports,Cricket Bat,47221.14,3.0,0.0,Credit Card,,4.1
ORD13994,2024-05-22,CUST1009,Darpan Ravi,CHENNAI,Tamil Nadu,PID508,Sneakers,FASHION,Sneakers,3701.75,3.0,5.0,Debit Card,Returned,4.1
ORD14575,2023-08-19,CUST1607,Ekani Halder,ahmedabad,Gujarat,PID416,Comic,BOOKS,Comic,27272.98,1.0,30.0,Credit Card,Delivered,4.0
ORD14099,2024-09-25,CUST1339,Chaitaly Kade,Ahmedabad,Gujarat,PID530,Air Fryer,HOME & KITCHEN,Air Fryer,45817.64,2.0,5.0,Credit Card,Cancelled,2.2
ORD14548,2024-12-16,CUST1577,Anusha De,CHENNAI,Tamil Nadu,PID542,Yoga Mat,sports,Yoga Mat,36888.21,4.0,5.0,Net Banking,Delivered,4.9
ORD14904,2024-04-08,CUST1539,Nitesh Choudhary, Kolkata ,West Bengal,PID202,Air Fryer,home & kitchen,Air Fryer,87397.8,2.0,30.0,Cash on Delivery,Delivered,1.8
ORD14570,21/11/2024,CUST1599,Vrishti Pant, Surat ,Gujarat,PID584,Bedsheet,HOME & KITCHEN,Bedsheet,2802.86,0.0,20.0,,Delivered,1.4
ORD11295,2023-01-07,CUST1824,Urishilla Chadha,lucknow,Uttar Pradesh,PID269,Novel,books,Novel,20381.57,2.0,10.0,Credit Card,,
ORD12190,2024-01-04,CUST1077,Chandresh Jayaraman,chennai,Tamil Nadu,PID508,Yoga Mat,sports,Yoga Mat,19414.53,4.0,5.0,UPI,Delivered,1.0
ORD11532,2024-04-19,CUST1331,Peter Dube,Chennai,Tamil Nadu,PID274,Smartwatch,Electronics,Smartwatch,15335.38,5.0,0.0,Net Banking,Cancelled,3.3
ORD12576,2023-07-01,CUST1583,Turvi Narasimhan,Hyderabad,Telangana,PID465,Textbook,Books,Textbook,70024.9,5.0,30.0,,Delivered,2.0
ORD11388,2024-09-03,CUST1221,Abeer Madan, Mumbai ,Maharashtra,PID165,Dumbbells,SPORTS,Dumbbells,53096.57,0.0,20.0,Cash on Delivery,,3.6
ORD12435,2024-05-09,CUST1407,Balveer Dayal,BANGALORE,Karnataka,PID358,Comic,BOOKS,Comic,50884.64,3.0,25.0,Debit Card,Delayed,
ORD11252,2024-07-18,CUST1997,Anya Dube,KOLKATA,West Bengal,PID267,Kurta,fashion,Kurta,1713.11,1.0,10.0,Cash on Delivery,Delivered,1.4
ORD11893,2024-01-12,CUST1737,Aachal Dugal,Delhi,Delhi,PID508,Kurta,Fashion,Kurta,39026.35,3.0,40.0,Cash on Delivery,,2.4
ORD10569,2024-08-14,CUST1361,Priya Biswas,BANGALORE,Karnataka,PID263,Jacket,FASHION,Jacket,28925.0,4.0,5.0,Debit Card,Delivered,3.9
ORD13259,2024-01-13,CUST1877,Manthan Kaur,Mumbai,Maharashtra,PID541,Textbook,books,Textbook,1124.31,1.0,40.0,,Delivered,4.9
ORD10437,2023-08-26,CUST1904,Zayan Raval, Kolkata ,West Bengal,PID250,Comic,Books,Comic,62821.67,2.0,40.0,Net Banking,,3.4
ORD11560,2024-01-18,CUST1134,Varsha Thakur,KOLKATA,West Bengal,PID497,Biography,Books,Biography,237.95,5.0,5.0,UPI,Delivered,1.2
ORD14000,2023-04-24,CUST1150,Yashawini Contractor, Bangalore ,Karnataka,PID243,Novel,Books,Novel,74360.12,5.0,25.0,Cash on Delivery,Returned,1.4
ORD10656,2023-09-23,CUST1117,Samuel Saini,Lucknow,Uttar Pradesh,PID435,Headphones,Electronics,Headphones,49697.59,3.0,20.0,Credit Card,,1.5
ORD14220,2024-01-21,CUST1502,Divya Bajwa,INDORE,Madhya Pradesh,PID454,Tablet,ELECTRONICS,Tablet,48553.09,3.0,0.0,Credit Card,Delivered,3.4
ORD10781,2023-04-18,CUST1275,Ojasvi Baral,INDORE,Madhya Pradesh,PID394,Kurta,FASHION,Kurta,22333.55,5.0,25.0,,Returned,3.4
ORD12517,2023-10-09,CUST1821,Kala Char,HYDERABAD,Telangana,PID495,Mixer Grinder,Home & Kitchen,Mixer Grinder,9299.29,1.0,0.0,Net Banking,Cancelled,2.5
ORD12890,2024-04-11,CUST1580,Aradhana Kaul,bangalore,Karnataka,PID198,Cookware Set,home & kitchen,Cookware Set,3097.64,2.0,0.0,Debit Card,Cancelled,1.7
ORD13719,2024-03-07,CUST1269,Mohini Iyer,surat,Gujarat,PID160,Football,Sports,Football,60167.95,3.0,5.0,Debit Card,,2.2
ORD11198,2023-12-06,CUST1510,Nimrat Brar,Bangalore,Karnataka,PID257,Shampoo,BEAUTY,Shampoo,28491.06,2.0,0.0,Debit Card,Delayed,4.7
ORD12603,2024-08-24,CUST1246,Radha Chokshi,kolkata,West Bengal,PID123,Dumbbells,sports,Dumbbells,76852.99,2.0,5.0,Debit Card,Delivered,
ORD14076,2023-05-24,CUST1493,Rachita Bansal,surat,Gujarat,PID151,Comic,books,Comic,5864.68,1.0,30.0,Credit Card,Delivered,3.1
ORD11988,2024-08-23,CUST1063,Siya Thakur,Chennai,Tamil Nadu,PID463,Textbook,BOOKS,Textbook,25655.89,5.0,20.0,Net Banking,Delivered,2.0
ORD10846,2024-11-05,CUST1178,Jeevika Dar,hyderabad,Telangana,PID397,Cricket Bat,SPORTS,Cricket Bat,32858.53,4.0,25.0,Debit Card,Returned,3.9
ORD10603,2023-06-27,CUST1813,Ishani Deep,kolkata,West Bengal,PID205,Comic,Books,Comic,67105.72,4.0,20.0,Cash on Delivery,Delivered,4.4
ORD13680,2023-08-02,CUST1061,Divya Balasubramanian,Chennai,Tamil Nadu,PID112,Smartphone,electronics,Smartphone,69881.86,4.0,15.0,Debit Card,Cancelled,4.8
ORD14653,2023-08-14,CUST1959,Isaac Bahl,Chennai,Tamil Nadu,PID520,Textbook,Books,Textbook,2962.99,3.0,15.0,UPI,Cancelled,
ORD10109,2023-05-28,CUST1341,Rajeshri Balay,BANGALORE,Karnataka,PID511,Novel,books,Novel,87761.19,3.0,25.0,UPI,Delivered,3.0
ORD14326,2024-11-06,CUST1297,Sneha Nagar,bangalore,Karnataka,PID450,Football,sports,Football,61926.91,5.0,15.0,Cash on Delivery,Delayed,2.9
ORD13638,2024-03-13,CUST1594,Chatresh Chad,bangalore,Karnataka,PID493,Cookware Set,HOME & KITCHEN,Cookware Set,24891.81,0.0,5.0,Cash on Delivery,Delivered,4.9
ORD14304,2023-09-06,CUST1695,Pranit Loke,Pune,Maharashtra,PID137,Shampoo,Beauty,Shampoo,43321.96,2.0,15.0,Credit Card,Delayed,4.1
ORD11303,2024-10-15,CUST1157,Shaurya Dugal,ahmedabad,Gujarat,PID597,Headphones,Electronics,Headphones,60007.21,4.0,40.0,Debit Card,Returned,2.9
ORD10829,2023-03-10,CUST1868,Aayush Talwar,BANGALORE,Karnataka,PID498,Smartwatch,ELECTRONICS,Smartwatch,56181.09,5.0,20.0,Debit Card,Returned,4.1
ORD10152,2023-12-05,CUST1655,Adweta Sarna,SURAT,Gujarat,PID436,Mixer Grinder,Home & Kitchen,Mixer Grinder,72034.5,5.0,10.0,Cash on Delivery,Returned,4.8
ORD13753,2024-12-08,CUST1508,Meghana Brahmbhatt, Lucknow ,Uttar Pradesh,PID244,Jeans,Fashion,Jeans,79566.62,4.0,25.0,Net Banking,Returned,4.4
ORD14635,2023-02-16,CUST1981,Shaurya Konda,Bangalore,Karnataka,PID100,Smartphone,Electronics,Smartphone,33275.83,2.0,30.0,Debit Card,Delivered,2.3
ORD12632,2023-12-01,CUST1239,Rishi Karpe,Kolkata,West Bengal,PID257,Cookware Set,home & kitchen,Cookware Set,68080.73,5.0,0.0,UPI,Delivered,4.1
ORD14420,2024-02-10,CUST1424,Daksha Hegde,mumbai,Maharashtra,PID514,Sunscreen,BEAUTY,Sunscreen,31133.57,5.0,10.0,Debit Card,Delivered,1.7
ORD12085,2023-11-19,CUST1111,Vedant Morar,surat,Gujarat,PID426,Air Fryer,HOME & KITCHEN,Air Fryer,42289.3,3.0,10.0,UPI,Delivered,3.6
ORD12074,2023-11-23,CUST1677,Patrick Sahni,hyderabad,Telangana,PID300,Biography,Books,Biography,65553.1,1.0,40.0,UPI,,3.5
ORD13693,2023-10-25,CUST1531,Leela Bahl,Chennai,Tamil Nadu,PID266,Football,Sports,Football,18159.38,3.0,20.0,Debit Card,Delivered,1.4
ORD10398,2023-07-26,CUST1440,Rachita Sanghvi,Bangalore,Karnataka,PID550,Football,Sports,Football,27352.32,5.0,40.0,Net Banking,Delivered,3.0
ORD10167,2023-08-11,CUST1986,Urvashi Swaminathan, Surat ,Gujarat,PID319,Tablet,ELECTRONICS,Tablet,14895.87,2.0,40.0,Net Banking,Returned,1.4
ORD14325,2024-03-10,CUST1728,Kevin Choudhry,Hyderabad,Telangana,PID181,Laptop,ELECTRONICS,Laptop,89577.91,4.0,0.0,Credit Card,,1.3
ORD11226,2023-02-05,CUST1561,Tanay Korpal, Pune ,Maharashtra,PID340,Bluetooth Speaker,Electronics,Bluetooth Speaker,72573.06,1.0,20.0,Net Banking,Delivered,4.8
ORD11797,2023-11-19,CUST1291,Bhavani Soman,indore,Madhya Pradesh,PID419,Mixer Grinder,Home & Kitchen,Mixer Grinder,16977.74,2.0,30.0,,Returned,2.8
ORD11643,2024-03-10,CUST1785,Maanav Mohanty,kolkata,West Bengal,PID283,Sneakers,Fashion,Sneakers,29192.26,1.0,40.0,Debit Card,,1.9
ORD10143,2024-07-24,CUST1612,Geetika Bhardwaj,Hyderabad,Telangana,PID501,Smartphone,electronics,Smartphone,40109.52,1.0,40.0,Debit Card,Cancelled,
ORD11241,2024-03-24,CUST1298,Faraj Pandey,Mumbai,Maharashtra,PID417,Face Wash,BEAUTY,Face Wash,45092.96,1.0,15.0,Net Banking,Delivered,3.2
ORD11987,2024-03-25,CUST1278,Ubika Patil, Chennai ,Tamil Nadu,PID290,Kurta,FASHION,Kurta,45821.07,2.0,40.0,Cash on Delivery,Returned,2.2
ORD12652,2024-07-08,CUST1133,Jyoti Doshi,Jaipur,Rajasthan,PID237,Face Wash,BEAUTY,Face Wash,87570.37,2.0,20.0,Net Banking,Delayed,4.6
ORD12224,2024-07-27,CUST1244,Triveni Dixit, Indore ,Madhya Pradesh,PID298,Face Wash,beauty,Face Wash,29360.34,1.0,30.0,Net Banking,Delivered,4.6
ORD10238,2024-04-01,CUST1937,Manan Raja,jaipur,Rajasthan,PID507,Saree,FASHION,Saree,42815.92,1.0,25.0,Credit Card,Delivered,3.6
ORD10990,2024-07-27,CUST1972,Ekani Gola,chennai,Tamil Nadu,PID535,Yoga Mat,SPORTS,Yoga Mat,47747.22,2.0,5.0,,Delayed,
ORD14255,2024-01-25,CUST1226,Bimala Shere,KOLKATA,West Bengal,PID531,Biography,books,Biography,73633.52,1.0,10.0,Credit Card,Delivered,1.1
ORD11759,2024-05-01,CUST1329,Bhavna Kumer,CHENNAI,Tamil Nadu,PID164,Football,SPORTS,Football,43816.89,2.0,10.0,Cash on Delivery,Delayed,4.9
ORD11022,2024-03-29,CUST1257,Kamya Suresh,LUCKNOW,Uttar Pradesh,PID345,Shampoo,Beauty,Shampoo,82291.46,3.0,25.0,Debit Card,Delayed,4.1
ORD14189,2024-12-19,CUST1257,Krish Ramakrishnan,Jaipur,Rajasthan,PID575,Novel,Books,Novel,4962.87,4.0,25.0,Credit Card,Delayed,2.8
ORD10867,2024-04-18,CUST1612,Nidra Prashad,INDORE,Madhya Pradesh,PID504,Textbook,Books,Textbook,26657.12,5.0,15.0,Debit Card,Returned,1.7
ORD14507,2024-02-24,CUST1559,Ekiya Bir,chennai,Tamil Nadu,PID287,Mixer Grinder,Home & Kitchen,Mixer Grinder,42025.12,1.0,20.0,,Delivered,
ORD13284,2024-03-15,CUST1728,Bimala Pathak,kolkata,West Bengal,PID113,Jeans,FASHION,Jeans,7858.79,5.0,10.0,Credit Card,Cancelled,5.0
ORD14444,2024-03-30,CUST1486,Charvi Khalsa,Delhi,Delhi,PID459,Air Fryer,home & kitchen,Air Fryer,80611.9,1.0,10.0,,Delivered,4.6
ORD14810,2024-05-01,CUST1801,Rajeshri Shanker,DELHI,Delhi,PID212,Perfume,BEAUTY,Perfume,60581.08,4.0,15.0,Debit Card,Delivered,
ORD11698,2023-11-28,CUST1961,Keya Bera,Ahmedabad,Gujarat,PID110,Face Wash,Beauty,Face Wash,17643.63,1.0,0.0,Debit Card,Delivered,1.2
ORD13682,2023-06-29,CUST1636,Harshil Balay,Delhi,Delhi,PID231,Bedsheet,home & kitchen,Bedsheet,8878.15,3.0,40.0,,Delivered,2.9
ORD12218,2024-11-03,CUST1006,Vyanjana Mani,SURAT,Gujarat,PID115,Smartwatch,electronics,Smartwatch,65311.78,5.0,30.0,Debit Card,Delivered,5.0
ORD13105,2023-02-18,CUST1400,Pratyush Khatri,kolkata,West Bengal,PID546,Water Bottle,home & kitchen,Water Bottle,27648.88,4.0,0.0,,Delivered,
ORD14467,2023-08-14,CUST1934,Omaja Dave,BANGALORE,Karnataka,PID417,Face Wash,Beauty,Face Wash,35209.26,2.0,30.0,Cash on Delivery,Delivered,1.7
ORD14248,2024-09-03,CUST1815,Vamakshi Khare,LUCKNOW,Uttar Pradesh,PID407,Saree,FASHION,Saree,49051.99,4.0,20.0,Credit Card,,3.7
ORD11583,2023-08-27,CUST1239,Jhalak Mane,indore,Madhya Pradesh,PID148,T-Shirt,FASHION,T-Shirt,89232.48,1.0,30.0,Credit Card,Returned,2.0
ORD10804,2024-04-10,CUST1263,Darsh Sama,INDORE,Madhya Pradesh,PID551,Shampoo,BEAUTY,Shampoo,21504.56,4.0,10.0,,Returned,2.4
ORD11227,2023-04-07,CUST1845,Arjun Sidhu,JAIPUR,Rajasthan,PID426,Perfume,beauty,Perfume,20136.66,4.0,20.0,UPI,Delivered,
ORD11204,2023-02-07,CUST1222,Shaurya Kibe,Indore,Madhya Pradesh,PID315,Comic,books,Comic,72549.12,3.0,15.0,Credit Card,Delivered,3.0
ORD13238,2023-01-13,CUST1729,Anthony Parsa,lucknow,Uttar Pradesh,PID343,Lipstick,beauty,Lipstick,85123.69,3.0,5.0,Net Banking,Returned,1.1
ORD13237,2023-08-04,CUST1615,Januja Guha,delhi,Delhi,PID471,Face Wash,BEAUTY,Face Wash,20865.62,4.0,40.0,Cash on Delivery,,1.2
ORD12757,2023-02-14,CUST1052,Lohit Gopal,CHENNAI,Tamil Nadu,PID424,Yoga Mat,SPORTS,Yoga Mat,76923.5,2.0,25.0,Net Banking,Delivered,4.0
ORD12912,2024-09-13,CUST1782,Ganga Tank, Kolkata ,West Bengal,PID239,Cookware Set,HOME & KITCHEN,Cookware Set,60046.63,3.0,20.0,UPI,Delayed,2.7
ORD14766,2024-06-15,CUST1282,Unni Sodhi,jaipur,Rajasthan,PID320,Cookware Set,HOME & KITCHEN,Cookware Set,35291.82,2.0,20.0,Debit Card,Delivered,
ORD10402,01/10/2023,CUST1586,Lakshmi Upadhyay, Chennai ,Tamil Nadu,PID150,Mixer Grinder,HOME & KITCHEN,Mixer Grinder,15404.66,4.0,30.0,Debit Card,Delayed,
ORD12812,2024-06-08,CUST1401,Netra Sathe,surat,Gujarat,PID485,Jacket,FASHION,Jacket,69177.37,1.0,0.0,Cash on Delivery,Cancelled,2.4
ORD13954,2023-11-17,CUST1434,Shivani Divan,Mumbai,Maharashtra,PID489,Novel,books,Novel,46083.22,4.0,15.0,,Cancelled,1.0
ORD11268,2023-05-13,CUST1492,Anirudh Viswanathan, Delhi ,Delhi,PID351,Smartwatch,ELECTRONICS,Smartwatch,38493.66,5.0,10.0,Net Banking,Returned,3.7
ORD10806,2024-12-30,CUST1561,Oeshi Sant,kolkata,West Bengal,PID541,Shampoo,BEAUTY,Shampoo,32815.89,5.0,15.0,,,1.8
ORD11444,2023-11-04,CUST1714,Pallavi Vyas, Chennai ,Tamil Nadu,PID289,Lipstick,beauty,Lipstick,70909.95,5.0,30.0,Credit Card,Delivered,2.9
ORD10960,21/07/2024,CUST1488,Advaith Bhargava,lucknow,Uttar Pradesh,PID541,Yoga Mat,Sports,Yoga Mat,19095.65,1.0,20.0,Credit Card,Delivered,3.1
ORD14388,2024-06-20,CUST1947,Saumya Iyengar,INDORE,Madhya Pradesh,PID244,Smartphone,electronics,Smartphone,33987.93,1.0,15.0,Credit Card,Delayed,3.3
ORD10186,2023-10-15,CUST1253,Upkaar Singhal,LUCKNOW,Uttar Pradesh,PID436,Perfume,Beauty,Perfume,45290.03,3.0,0.0,Net Banking,Delivered,5.0
ORD13824,2024-11-27,CUST1948,Lohit Bera,ahmedabad,Gujarat,PID264,Smartphone,ELECTRONICS,Smartphone,0.0,2.0,25.0,Cash on Delivery,Delayed,4.9
ORD12086,2023-04-15,CUST1892,Leena Venkatesh,Lucknow,Uttar Pradesh,PID165,Smartphone,ELECTRONICS,Smartphone,75261.66,1.0,40.0,UPI,,2.6
ORD10097,2024-10-22,CUST1380,Raghav Lata, Mumbai ,Maharashtra,PID327,Yoga Mat,SPORTS,Yoga Mat,12978.74,1.0,15.0,Net Banking,Delivered,2.5
ORD14425,2024-01-24,CUST1385,Ganga Borde, Kolkata ,West Bengal,PID591,Comic,Books,Comic,32163.36,5.0,20.0,Cash on Delivery,Delayed,3.4
ORD14797,2024-06-09,CUST1556,Pavani Khalsa, Pune ,Maharashtra,PID457,Air Fryer,HOME & KITCHEN,Air Fryer,35459.08,4.0,5.0,,,3.4
ORD12120,2023-10-12,CUST1605,Lekha Choudhary,kolkata,West Bengal,PID140,Bluetooth Speaker,electronics,Bluetooth Speaker,72143.94,3.0,5.0,UPI,,2.0
ORD13757,2023-10-01,CUST1177,Tanay Pandey,Hyderabad,Telangana,PID448,Biography,books,Biography,30581.78,5.0,30.0,,Delayed,
ORD12562,2023-06-25,CUST1786,Praneel Swaminathan, Kolkata ,West Bengal,PID102,Face Wash,Beauty,Face Wash,34244.47,1.0,0.0,Net Banking,Delivered,2.7
ORD10670,2023-05-21,CUST1812,Zayan Wali,Delhi,Delhi,PID213,Perfume,beauty,Perfume,64505.14,4.0,5.0,Debit Card,,3.9
ORD11753,2024-01-19,CUST1744,Keya Das,Surat,Gujarat,PID219,Jeans,Fashion,Jeans,59628.85,4.0,25.0,Cash on Delivery,,1.9
ORD12982,2023-05-30,CUST1050,Waida Grewal,HYDERABAD,Telangana,PID582,Textbook,BOOKS,Textbook,68190.73,2.0,40.0,Cash on Delivery,Delivered,
ORD12568,2023-10-08,CUST1745,Anjali Raj, Ahmedabad ,Gujarat,PID335,Smartphone,ELECTRONICS,Smartphone,8204.79,1.0,5.0,UPI,Cancelled,4.0
ORD14408,2023-05-01,CUST1513,Baghyawati Bhagat,chennai,Tamil Nadu,PID339,Cookware Set,home & kitchen,Cookware Set,7525.71,2.0,30.0,UPI,Returned,1.4
ORD11660,2024-02-17,CUST1471,Veda Thakkar,Lucknow,Uttar Pradesh,PID278,Bedsheet,Home & Kitchen,Bedsheet,30703.1,4.0,25.0,Cash on Delivery,Delivered,2.8
ORD13460,2023-10-04,CUST1873,Aayush Ravi,delhi,Delhi,PID333,Dumbbells,sports,Dumbbells,1892.29,3.0,25.0,Debit Card,Delivered,1.9
ORD13569,2023-06-22,CUST1634,Robert Iyengar,bangalore,Karnataka,PID304,Smartphone,ELECTRONICS,Smartphone,54741.0,5.0,20.0,,Delivered,3.2
ORD12692,2023-04-12,CUST1054,Barkha Mammen, Chennai ,Tamil Nadu,PID506,Jacket,FASHION,Jacket,61150.49,2.0,40.0,Debit Card,Cancelled,4.2
ORD13344,2024-11-06,CUST1860,Leena Bajaj,Kolkata,West Bengal,PID469,Bluetooth Speaker,electronics,Bluetooth Speaker,31027.96,1.0,5.0,Credit Card,Cancelled,3.3
ORD11378,2024-09-09,CUST1805,Dhruv Dewan, Hyderabad ,Telangana,PID449,Tablet,Electronics,Tablet,-22105.8,5.0,0.0,Credit Card,Returned,3.0
ORD13132,2024-09-14,CUST1050,Dhruv Handa,chennai,Tamil Nadu,PID598,Bluetooth Speaker,electronics,Bluetooth Speaker,8210.84,4.0,5.0,Debit Card,Delayed,1.4
ORD12818,2023-03-19,CUST1072,Ladli Yadav,delhi,Delhi,PID191,Sunscreen,BEAUTY,Sunscreen,55674.49,4.0,0.0,Credit Card,Delivered,3.1
ORD14257,2023-12-20,CUST1820,Neha Murthy,Delhi,Delhi,PID105,Sunscreen,beauty,Sunscreen,42262.04,2.0,20.0,Net Banking,,1.7
ORD12627,2024-07-31,CUST1190,Lavanya Magar,Surat,Gujarat,PID371,Kurta,FASHION,Kurta,-30120.64,5.0,25.0,Net Banking,,4.1
ORD13587,2024-02-01,CUST1631,Anvi Parmar,Ahmedabad,Gujarat,PID460,Perfume,Beauty,Perfume,2543.48,3.0,30.0,,Delivered,1.0
ORD14654,2024-08-03,CUST1353,Isaiah Patel,Surat,Gujarat,PID437,Cookware Set,home & kitchen,Cookware Set,48866.98,3.0,15.0,Cash on Delivery,Cancelled,3.3
,,,,,,,,,,,,,,,
ORD12752,2023-04-22,CUST1754,Urishilla Vohra,Bangalore,Karnataka,PID220,Bluetooth Speaker,Electronics,Bluetooth Speaker,37506.09,5.0,15.0,Net Banking,Delivered,3.8
ORD14691,2024-09-02,CUST1683,Jeet Gole,LUCKNOW,Uttar Pradesh,PID281,Air Fryer,home & kitchen,Air Fryer,73999.01,5.0,30.0,,Delivered,1.4
ORD10944,2023-09-04,CUST1797,Eesha Choudhary,Pune,Maharashtra,PID425,Saree,fashion,Saree,65704.53,4.0,15.0,Net Banking,Delivered,4.4
ORD14068,2023-08-03,CUST1966,Harshil Mukhopadhyay,bangalore,Karnataka,PID459,Jacket,FASHION,Jacket,38782.56,1.0,20.0,Credit Card,Delayed,1.7
ORD12623,2024-07-16,CUST1773,Ria Jani,CHENNAI,Tamil Nadu,PID534,Smartwatch,Electronics,Smartwatch,24041.43,4.0,25.0,Credit Card,Cancelled,1.7
ORD10242,2023-10-24,CUST1031,Faris Sami, Indore ,Madhya Pradesh,PID342,Bluetooth Speaker,electronics,Bluetooth Speaker,55708.69,1.0,5.0,Cash on Delivery,Delayed,2.2
ORD11790,2023-05-30,CUST1667,Tripti Pingle, Mumbai ,Maharashtra,PID153,Air Fryer,home & kitchen,Air Fryer,82126.03,5.0,25.0,Net Banking,,3.9
ORD11927,2024-03-18,CUST1669,Ekanta Raval,jaipur,Rajasthan,PID120,Football,sports,Football,3270.63,4.0,30.0,Net Banking,,1.9
ORD10527,2024-12-27,CUST1918,Tanveer Tak, Indore ,Madhya Pradesh,PID174,Cookware Set,HOME & KITCHEN,Cookware Set,77084.26,5.0,0.0,Cash on Delivery,Returned,3.6
ORD14931,2023-08-07,CUST1790,Chavvi Bala,DELHI,Delhi,PID336,Dumbbells,Sports,Dumbbells,71539.6,4.0,20.0,Net Banking,Delivered,2.7
ORD13400,2023-06-15,CUST1444,Yatin Nadig,Lucknow,Uttar Pradesh,PID344,Biography,BOOKS,Biography,2762.97,1.0,5.0,,,1.9
ORD12601,2024-06-21,CUST1720,Baljiwan Patel,SURAT,Gujarat,PID304,Novel,Books,Novel,86963.91,5.0,0.0,UPI,Delivered,
ORD12253,2023-01-18,CUST1472,Faraj Patel,JAIPUR,Rajasthan,PID246,Jacket,fashion,Jacket,52014.89,1.0,20.0,Cash on Delivery,Cancelled,3.3
ORD14143,2023-11-30,CUST1997,Leela Goyal,HYDERABAD,Telangana,PID430,Jacket,fashion,Jacket,70166.0,5.0,5.0,Net Banking,Cancelled,3.4
ORD12137,2023-06-04,CUST1217,Gunbir Panchal,INDORE,Madhya Pradesh,PID447,Bedsheet,home & kitchen,Bedsheet,71716.4,3.0,10.0,Credit Card,Returned,2.6
ORD13365,2023-11-17,CUST1193,Manbir Sane,mumbai,Maharashtra,PID498,Yoga Mat,Sports,Yoga Mat,72624.68,4.0,5.0,Net Banking,,3.3
ORD10430,2024-06-09,CUST1260,Zashil Ravi,hyderabad,Telangana,PID399,Jacket,FASHION,Jacket,75762.19,1.0,0.0,,Returned,2.7
ORD14976,2023-09-20,CUST1493,Matthew Bumb,Ahmedabad,Gujarat,PID117,Headphones,electronics,Headphones,53262.0,1.0,15.0,Cash on Delivery,Delivered,
ORD12067,2023-01-25,CUST1649,Shaurya Majumdar,Surat,Gujarat,PID381,Mixer Grinder,HOME & KITCHEN,Mixer Grinder,3513.49,2.0,20.0,Debit Card,Delayed,2.8
ORD12326,2024-06-11,CUST1443,Omisha Mohan,AHMEDABAD,Gujarat,PID413,Tablet,Electronics,Tablet,33304.03,2.0,40.0,UPI,Cancelled,3.3
ORD13878,2024-06-22,CUST1808,Netra Kale,Bangalore,Karnataka,PID226,Headphones,ELECTRONICS,Headphones,26373.06,1.0,30.0,UPI,,3.9
ORD14213,27/09/2024,CUST1202,Radha Chakrabarti,Jaipur,Rajasthan,PID392,Lipstick,beauty,Lipstick,28166.33,3.0,30.0,Credit Card,Delivered,2.4
ORD11479,2023-08-15,CUST1953,Devansh Taneja,pune,Maharashtra,PID213,Sunscreen,Beauty,Sunscreen,1492.93,1.0,15.0,Net Banking,Delivered,3.5
ORD10339,2023-10-23,CUST1738,Raksha Kashyap,Kolkata,West Bengal,PID553,Yoga Mat,Sports,Yoga Mat,12645.34,3.0,10.0,UPI,Returned,3.7
ORD12075,2024-04-03,CUST1917,Adya Bains,mumbai,Maharashtra,PID333,Yoga Mat,SPORTS,Yoga Mat,32648.49,2.0,10.0,Cash on Delivery,Delivered,3.3
ORD12012,2023-06-08,CUST1183,Upma Nigam,CHENNAI,Tamil Nadu,PID311,Perfume,Beauty,Perfume,72351.33,3.0,15.0,Cash on Delivery,Delivered,2.0
ORD10254,2024-06-13,CUST1221,Brijesh Mannan,bangalore,Karnataka,PID329,Textbook,Books,Textbook,56714.21,1.0,10.0,UPI,Returned,3.4
ORD10321,2024-03-13,CUST1576,Ronith Sangha,MUMBAI,Maharashtra,PID354,Saree,fashion,Saree,9970.81,1.0,20.0,Net Banking,Delivered,2.3
ORD12049,2023-06-05,CUST1515,Lipika Chowdhury, Delhi ,Delhi,PID362,T-Shirt,fashion,T-Shirt,74622.05,4.0,0.0,,Delivered,4.6
ORD10947,2023-08-08,CUST1298,Nachiket Shan,Pune,Maharashtra,PID584,Comic,BOOKS,Comic,26888.17,2.0,30.0,Cash on Delivery,,4.8
ORD12569,25/03/2023,CUST1311,Ikbal Mall, Mumbai ,Maharashtra,PID336,Dumbbells,sports,Dumbbells,87181.38,3.0,0.0,Debit Card,Delayed,1.7
ORD11085,2023-08-16,CUST1262,Falguni Salvi,indore,Madhya Pradesh,PID368,Laptop,ELECTRONICS,Laptop,69644.14,2.0,30.0,Credit Card,,1.3
ORD11192,2024-04-14,CUST1547,Suhani Sood,MUMBAI,Maharashtra,PID526,Dumbbells,SPORTS,Dumbbells,29501.03,1.0,10.0,UPI,Delivered,2.6
ORD10621,2024-11-10,CUST1793,Aahana Hayre,delhi,Delhi,PID439,T-Shirt,fashion,T-Shirt,27518.51,3.0,20.0,Debit Card,Delivered,
ORD12099,2024-12-28,CUST1679,Niharika Kale, Surat ,Gujarat,PID287,Sneakers,FASHION,Sneakers,82293.22,4.0,20.0,Debit Card,Returned,3.7
ORD10751,2023-11-07,CUST1140,Qarin Munshi,jaipur,Rajasthan,PID549,Laptop,Electronics,Laptop,31464.49,2.0,15.0,Credit Card,,5.0
ORD13053,2024-03-22,CUST1085,Dalbir Parmer,Bangalore,Karnataka,PID533,Headphones,Electronics,Headphones,61798.28,1.0,30.0,Cash on Delivery,Delivered,4.0
ORD13945,2024-08-06,CUST1778,Neel Krishna,SURAT,Gujarat,PID128,Smartwatch,Electronics,Smartwatch,69920.82,2.0,40.0,UPI,Delivered,
ORD11865,2023-10-20,CUST1479,Nitara Sharma,AHMEDABAD,Gujarat,PID271,Kurta,Fashion,Kurta,76017.55,5.0,20.0,Credit Card,Cancelled,3.2
ORD11959,2024-04-14,CUST1579,Saksham Sule, Bangalore ,Karnataka,PID324,Shampoo,beauty,Shampoo,88006.07,1.0,15.0,UPI,Delivered,2.2
ORD13078,2024-03-06,CUST1611,Agastya Jha,ahmedabad,Gujarat,PID144,Comic,books,Comic,157.0,5.0,0.0,Debit Card,,4.9
ORD13688,2024-12-28,CUST1460,Amaira Padmanabhan,ahmedabad,Gujarat,PID109,Yoga Mat,SPORTS,Yoga Mat,13460.73,2.0,25.0,,,2.3
ORD11778,2023-07-29,CUST1114,Baljiwan Varghese,Hyderabad,Telangana,PID546,Jacket,fashion,Jacket,61499.84,2.0,25.0,Credit Card,,4.9
ORD10578,2023-04-06,CUST1769,Aarini Bumb,DELHI,Delhi,PID300,Kurta,FASHION,Kurta,87903.18,4.0,25.0,Debit Card,Delayed,1.0
ORD11668,2024-02-08,CUST1936,Jhalak Balay,delhi,Delhi,PID290,Face Wash,BEAUTY,Face Wash,52764.44,2.0,20.0,Debit Card,Returned,4.0
ORD11396,2023-04-20,CUST1005,Om Chandran, Bangalore ,Karnataka,PID173,Sunscreen,BEAUTY,Sunscreen,26311.64,4.0,25.0,Debit Card,Delivered,4.6
ORD12184,2024-11-24,CUST1464,Anirudh Patla, Bangalore ,Karnataka,PID307,Bedsheet,home & kitchen,Bedsheet,61008.02,3.0,30.0,Net Banking,Returned,3.8
ORD11806,2024-08-14,CUST1025,Lajita Chaudry,surat,Gujarat,PID345,Yoga Mat,Sports,Yoga Mat,21504.71,1.0,10.0,UPI,Delivered,4.1
ORD14710,2024-07-28,CUST1549,Isaac Baria,lucknow,Uttar Pradesh,PID444,Dumbbells,sports,Dumbbells,74484.23,1.0,10.0,Net Banking,Returned,1.1
ORD10271,2023-10-14,CUST1276,Aryan Luthra,Chennai,Tamil Nadu,PID511,Comic,books,Comic,16674.64,3.0,30.0,,Delivered,3.3
ORD10171,2024-08-23,CUST1976,Hemangini Deo, Hyderabad ,Telangana,PID533,Textbook,books,Textbook,7661.2,2.0,30.0,UPI,Delivered,4.3
ORD12042,2024-12-27,CUST1291,Bachittar Varughese,HYDERABAD,Telangana,PID102,Bedsheet,home & kitchen,Bedsheet,37547.89,1.0,25.0,Credit Card,Delivered,2.6
ORD14674,2024-03-01,CUST1569,Bahadurjit Ranganathan,mumbai,Maharashtra,PID166,Bluetooth Speaker,Electronics,Bluetooth Speaker,65236.51,4.0,25.0,UPI,Delivered,5.0
ORD14910,2023-09-07,CUST1405,Ishwar Pai, Delhi ,Delhi,PID427,Yoga Mat,Sports,Yoga Mat,31549.46,2.0,15.0,,Delivered,1.2
ORD11816,2024-10-25,CUST1948,Ekta Handa,Pune,Maharashtra,PID524,Jeans,Fashion,Jeans,87757.52,5.0,10.0,Debit Card,Delivered,2.6
ORD14744,2023-11-09,CUST1770,Hemang Nagi,hyderabad,Telangana,PID426,Dumbbells,SPORTS,Dumbbells,60386.65,4.0,15.0,UPI,Delivered,2.0
ORD13842,2023-11-24,CUST1350,Radha Grewal,HYDERABAD,Telangana,PID508,Mixer Grinder,Home & Kitchen,Mixer Grinder,1407.15,4.0,20.0,,Returned,1.4
ORD11497,2024-05-19,CUST1671,Divya Mangat,kolkata,West Bengal,PID126,Kurta,fashion,Kurta,41613.0,1.0,25.0,Debit Card,Delivered,2.9
ORD12878,2023-06-24,CUST1979,Harini Brahmbhatt, Hyderabad ,Telangana,PID126,Football,SPORTS,Football,4560.03,3.0,20.0,Credit Card,Delayed,4.7
ORD11276,2024-04-04,CUST1509,Wahab Thakur,chennai,Tamil Nadu,PID359,Saree,fashion,Saree,28987.5,2.0,5.0,Credit Card,Cancelled,2.3
ORD13907,2024-06-02,CUST1004,Megha Tella,delhi,Delhi,PID147,Saree,FASHION,Saree,5008.61,3.0,40.0,Credit Card,Delivered,4.9
ORD11787,2023-11-29,CUST1584,Ishani Upadhyay,indore,Madhya Pradesh,PID337,T-Shirt,fashion,T-Shirt,27594.7,2.0,20.0,Cash on Delivery,Delivered,3.7
ORD13513,2023-04-23,CUST1179,Watika Varma, Surat ,Gujarat,PID148,Face Wash,Beauty,Face Wash,58734.57,1.0,15.0,Net Banking,Returned,2.8
ORD13817,2024-10-14,CUST1340,Widisha Bawa, Hyderabad ,Telangana,PID335,Saree,FASHION,Saree,38979.75,5.0,30.0,Cash on Delivery,Delivered,1.8
ORD14571,2024-09-17,CUST1676,Edhitha Nagy, Surat ,Gujarat,PID412,Smartphone,Electronics,Smartphone,15458.38,2.0,15.0,UPI,Delivered,2.8
ORD13951,2024-03-11,CUST1801,Jagvi Goel,Chennai,Tamil Nadu,PID361,Laptop,electronics,Laptop,76140.74,5.0,30.0,Net Banking,Cancelled,2.9
ORD12171,2023-04-14,CUST1813,Geetika Rastogi, Bangalore ,Karnataka,PID524,Bedsheet,HOME & KITCHEN,Bedsheet,47692.52,4.0,0.0,UPI,Delivered,1.3
ORD12302,2024-12-18,CUST1709,Advaith Mukherjee,Indore,Madhya Pradesh,PID512,Sunscreen,BEAUTY,Sunscreen,88056.92,4.0,0.0,Credit Card,Delivered,4.9
ORD12513,2024-03-11,CUST1943,Dominic Kata,Hyderabad,Telangana,PID422,T-Shirt,FASHION,T-Shirt,42369.61,5.0,40.0,,,1.5
ORD12655,2024-06-20,CUST1868,Aarini Agrawal,Jaipur,Rajasthan,PID471,Sunscreen,BEAUTY,Sunscreen,84412.63,3.0,0.0,Net Banking,Delayed,4.4
ORD10296,2024-06-14,CUST1790,Caleb Bajaj,chennai,Tamil Nadu,PID520,Football,Sports,Football,86554.41,1.0,0.0,Credit Card,Delivered,
ORD11071,2024-03-08,CUST1725,Brinda Wali,kolkata,West Bengal,PID146,Biography,Books,Biography,75093.09,1.0,30.0,Cash on Delivery,Delivered,1.3
ORD10054,2024-02-24,CUST1082,Yagnesh Zachariah, Delhi ,Delhi,PID536,Comic,books,Comic,78696.01,4.0,10.0,Debit Card,Delivered,
ORD14718,2024-09-21,CUST1411,Jalsa Raju,Mumbai,Maharashtra,PID417,Textbook,books,Textbook,71541.8,2.0,10.0,Debit Card,Delivered,2.8
ORD14552,2023-10-01,CUST1536,Tristan Grewal,SURAT,Gujarat,PID313,Jeans,Fashion,Jeans,45114.59,4.0,40.0,Net Banking,Delivered,2.0
ORD14613,2024-12-31,CUST1926,Jack Lal,bangalore,Karnataka,PID531,Comic,BOOKS,Comic,50303.96,3.0,10.0,Net Banking,Delivered,3.7
ORD12781,2024-06-30,CUST1991,Fiyaz Saha,HYDERABAD,Telangana,PID585,Jacket,fashion,Jacket,17227.27,3.0,30.0,,Delivered,4.6
ORD12007,2024-11-17,CUST1229,Wazir Basu,Chennai,Tamil Nadu,PID262,Cricket Bat,Sports,Cricket Bat,12485.33,5.0,25.0,Debit Card,Returned,1.1
ORD10302,2023-11-09,CUST1045,Frado Swaminathan,DELHI,Delhi,PID573,Novel,BOOKS,Novel,60506.52,3.0,0.0,Cash on Delivery,Cancelled,2.4
ORD10366,2023-10-15,CUST1907,Jagat Sheth,indore,Madhya Pradesh,PID251,Sneakers,Fashion,Sneakers,17594.82,3.0,0.0,Credit Card,,4.4
ORD10103,2023-06-25,CUST1046,Gaurang Rajagopal,Bangalore,Karnataka,PID585,Comic,Books,Comic,56308.26,2.0,10.0,Net Banking,Delivered,3.9
ORD14533,2024-04-22,CUST1597,Saumya Gupta,Bangalore,Karnataka,PID385,Cookware Set,home & kitchen,Cookware Set,82072.08,5.0,0.0,UPI,Delivered,3.6
ORD12520,2024-02-03,CUST1709,Jeremiah Narang,bangalore,Karnataka,PID199,Novel,books,Novel,58119.46,5.0,30.0,Credit Card,Delayed,4.5
ORD13934,2024-09-20,CUST1676,Megha Narasimhan,KOLKATA,West Bengal,PID469,Laptop,electronics,Laptop,30311.46,2.0,40.0,Credit Card,Returned,4.0
ORD12791,2023-08-29,CUST1853,Prisha Baral,INDORE,Madhya Pradesh,PID546,Biography,Books,Biography,71236.56,5.0,15.0,Net Banking,Returned,
ORD12633,2024-01-29,CUST1829,Jackson Parsa,Kolkata,West Bengal,PID469,T-Shirt,FASHION,T-Shirt,35836.24,5.0,40.0,,Delayed,3.2
ORD13007,2023-06-11,CUST1437,Aarna Mistry,Delhi,Delhi,PID352,Cricket Bat,Sports,Cricket Bat,26072.69,1.0,40.0,UPI,Returned,4.3
ORD11488,2023-01-25,CUST1154,Suhani Mukherjee,BANGALORE,Karnataka,PID201,Cricket Bat,Sports,Cricket Bat,12014.28,4.0,40.0,Credit Card,Delivered,4.3
ORD13051,2024-09-17,CUST1868,Kashvi Sanghvi,Kolkata,West Bengal,PID368,Yoga Mat,Sports,Yoga Mat,7447.94,2.0,5.0,Cash on Delivery,Delivered,4.5
ORD10375,2023-10-26,CUST1592,Odika Bali,pune,Maharashtra,PID275,Headphones,ELECTRONICS,Headphones,87266.28,3.0,0.0,Net Banking,Returned,1.1
ORD11214,2024-09-24,CUST1455,Ekalinga Mitra,JAIPUR,Rajasthan,PID339,Biography,Books,Biography,7318.81,1.0,0.0,Net Banking,Returned,4.5
ORD10545,2024-04-19,CUST1305,Nathaniel Johal, Indore ,Madhya Pradesh,PID281,T-Shirt,FASHION,T-Shirt,56861.2,5.0,0.0,UPI,Cancelled,
ORD11352,2023-11-22,CUST1099,Umang Ramanathan,mumbai,Maharashtra,PID106,Football,SPORTS,Football,27969.37,3.0,10.0,,Cancelled,1.3
ORD10292,2024-04-24,CUST1059,Saumya Loke,mumbai,Maharashtra,PID521,Comic,books,Comic,33066.91,2.0,5.0,Cash on Delivery,,1.2
ORD13391,2024-10-18,CUST1117,Yutika Dugar,jaipur,Rajasthan,PID451,Cricket Bat,Sports,Cricket Bat,44565.45,2.0,10.0,Credit Card,Delayed,4.7
ORD10390,2024-04-25,CUST1942,Harrison Babu,Delhi,Delhi,PID408,Cricket Bat,Sports,Cricket Bat,1839.76,2.0,0.0,,Delivered,
ORD14436,2024-09-24,CUST1308,Ekavir Kalla,KOLKATA,West Bengal,PID477,Tablet,electronics,Tablet,45633.57,5.0,40.0,Credit Card,Delayed,1.9
ORD12596,2024-02-03,CUST1961,Robert Pathak, Lucknow ,Uttar Pradesh,PID186,Jacket,Fashion,Jacket,35222.61,3.0,40.0,,Delivered,2.2
ORD11871,2023-04-02,CUST1347,Neelima Kaur,delhi,Delhi,PID463,Biography,BOOKS,Biography,9312.68,2.0,5.0,UPI,,1.7
ORD13422,2023-06-05,CUST1428,Yuvraj Sem,KOLKATA,West Bengal,PID304,Kurta,fashion,Kurta,55007.48,1.0,0.0,UPI,Delivered,
ORD10248,2024-08-18,CUST1915,Deepa Minhas,ahmedabad,Gujarat,PID376,Saree,fashion,Saree,23801.63,1.0,0.0,UPI,Cancelled,4.1
ORD13133,2023-05-11,CUST1368,Nakul Sarraf,indore,Madhya Pradesh,PID535,Yoga Mat,Sports,Yoga Mat,32559.43,4.0,30.0,Credit Card,Delivered,3.6
ORD12165,2024-05-10,CUST1100,Utkarsh Chadha,Delhi,Delhi,PID439,Textbook,Books,Textbook,15241.34,5.0,30.0,Debit Card,Cancelled,4.3
,,,,,,,,,,,,,,,
ORD13645,2023-09-30,CUST1000,Ekta Nagar,indore,Madhya Pradesh,PID313,Bedsheet,HOME & KITCHEN,Bedsheet,19733.86,5.0,15.0,,Delivered,4.7
ORD13923,2023-04-09,CUST1703,Dalbir Acharya,JAIPUR,Rajasthan,PID324,Biography,Books,Biography,70685.96,4.0,40.0,Credit Card,Returned,5.0
ORD10411,2024-01-07,CUST1678,Devansh Mangat,Chennai,Tamil Nadu,PID509,Cricket Bat,sports,Cricket Bat,49185.19,3.0,10.0,,Cancelled,2.5
ORD12006,2023-09-17,CUST1256,Ekani Gara, Kolkata ,West Bengal,PID333,Jeans,FASHION,Jeans,3422.42,4.0,20.0,,Cancelled,1.2
ORD14372,2023-08-09,CUST1486,Guneet Bose,hyderabad,Telangana,PID366,Jacket,fashion,Jacket,61650.67,5.0,5.0,Net Banking,Returned,
ORD11895,2023-07-10,CUST1482,Gautam Kohli,KOLKATA,West Bengal,PID522,Textbook,books,Textbook,12712.18,2.0,10.0,Credit Card,,3.3
ORD11185,2024-05-19,CUST1171,Max Tank,indore,Madhya Pradesh,PID103,Sunscreen,beauty,Sunscreen,77074.03,1.0,40.0,,Returned,3.6
ORD13567,2023-05-17,CUST1803,Veer Loyal,indore,Madhya Pradesh,PID496,Jacket,FASHION,Jacket,26739.57,3.0,5.0,Cash on Delivery,Cancelled,1.2
ORD10833,17/07/2024,CUST1289,Falak Nair,Mumbai,Maharashtra,PID265,Kurta,fashion,Kurta,11283.76,3.0,30.0,Credit Card,Delivered,2.7
ORD12228,29/08/2023,CUST1499,Guneet Mane,Bangalore,Karnataka,PID299,Sunscreen,Beauty,Sunscreen,16361.72,1.0,10.0,Cash on Delivery,Cancelled,1.5
ORD11804,23/11/2024,CUST1939,Indrajit Edwin, Bangalore ,Karnataka,PID469,Novel,Books,Novel,85233.1,4.0,25.0,UPI,Delayed,1.4
ORD10691,2023-09-04,CUST1324,Samaksh Madan,jaipur,Rajasthan,PID371,Laptop,electronics,Laptop,72680.01,3.0,5.0,Cash on Delivery,Delivered,2.5
ORD14162,06/06/2024,CUST1203,Aayush Johal,KOLKATA,West Bengal,PID332,Bedsheet,Home & Kitchen,Bedsheet,38066.84,4.0,15.0,UPI,Delivered,2.0
ORD12519,2023-03-24,CUST1865,Veer Nair,MUMBAI,Maharashtra,PID252,Saree,fashion,Saree,33886.33,4.0,40.0,Credit Card,Delayed,4.3
ORD13870,2024-02-26,CUST1201,Xiti Kumer, Pune ,Maharashtra,PID486,Dumbbells,Sports,Dumbbells,20664.13,2.0,5.0,Credit Card,Delivered,2.8
ORD14582,2024-10-21,CUST1770,Reva Swamy,Pune,Maharashtra,PID306,Yoga Mat,SPORTS,Yoga Mat,82224.51,1.0,20.0,Credit Card,,3.6
ORD14449,2023-03-10,CUST1012,Balendra Savant,LUCKNOW,Uttar Pradesh,PID170,Football,Sports,Football,24477.42,3.0,25.0,Credit Card,Returned,1.4
ORD14270,2024-10-17,CUST1689,Isaiah Ahluwalia, Surat ,Gujarat,PID263,Saree,fashion,Saree,57211.57,5.0,5.0,Credit Card,Returned,4.5
ORD11076,2024-11-18,CUST1554,Chaitaly Dhawan,Chennai,Tamil Nadu,PID444,Perfume,Beauty,Perfume,46018.13,4.0,5.0,Credit Card,,3.0
ORD14647,25/02/2023,CUST1050,Panini Kadakia,Ahmedabad,Gujarat,PID125,Sneakers,fashion,Sneakers,57011.76,5.0,0.0,UPI,Delivered,1.2
ORD13339,2023-03-20,CUST1161,Dev Chandran,Surat,Gujarat,PID174,Laptop,electronics,Laptop,69442.89,4.0,5.0,Cash on Delivery,Cancelled,3.9
ORD12440,2024-03-25,CUST1632,Neelima Buch, Delhi ,Delhi,PID462,Cookware Set,Home & Kitchen,Cookware Set,60909.63,5.0,0.0,Debit Card,Returned,4.6
ORD12112,2023-04-20,CUST1452,Brijesh Kashyap,hyderabad,Telangana,PID384,Shampoo,Beauty,Shampoo,59666.55,2.0,20.0,Cash on Delivery,Delayed,4.5
ORD10770,2024-03-07,CUST1655,Kevin Dhillon,lucknow,Uttar Pradesh,PID360,Bluetooth Speaker,ELECTRONICS,Bluetooth Speaker,86382.14,4.0,30.0,,Returned,1.4
ORD12865,2024-08-19,CUST1347,Abeer Oak,Bangalore,Karnataka,PID272,Biography,BOOKS,Biography,42097.77,1.0,25.0,Cash on Delivery,,4.8
ORD14152,2024-11-21,CUST1526,Ekavir Dash, Delhi ,Delhi,PID162,Smartwatch,electronics,Smartwatch,38943.16,3.0,25.0,Debit Card,Delayed,2.3
ORD11947,25/03/2024,CUST1568,Indrajit Sinha,AHMEDABAD,Gujarat,PID337,Novel,BOOKS,Novel,19412.61,5.0,0.0,Debit Card,Returned,2.8
ORD10555,2023-04-12,CUST1738,Yashasvi Lata,INDORE,Madhya Pradesh,PID178,Jacket,fashion,Jacket,54224.89,2.0,40.0,,Delayed,3.2
ORD10753,2024-03-01,CUST1114,Omkaar Bath,bangalore,Karnataka,PID583,Cricket Bat,sports,Cricket Bat,68131.08,5.0,25.0,Debit Card,Delayed,4.9
ORD13964,2023-11-14,CUST1972,Kala Parekh,lucknow,Uttar Pradesh,PID159,Yoga Mat,SPORTS,Yoga Mat,34159.91,4.0,0.0,Debit Card,Returned,3.7
ORD12606,2023-11-19,CUST1424,Rachita Din,DELHI,Delhi,PID211,Sunscreen,Beauty,Sunscreen,40382.14,2.0,40.0,Net Banking,Delivered,3.2
ORD11042,2023-11-04,CUST1773,Garima Patil,jaipur,Rajasthan,PID407,Lipstick,beauty,Lipstick,40148.91,5.0,5.0,,Delivered,5.0
ORD14038,2024-04-10,CUST1959,Meera Buch,DELHI,Delhi,PID451,Biography,Books,Biography,0.0,3.0,0.0,Net Banking,Delivered,
ORD14782,2024-09-01,CUST1285,Pushti Panchal,indore,Madhya Pradesh,PID383,Smartwatch,ELECTRONICS,Smartwatch,-28499.81,5.0,20.0,Net Banking,Delivered,3.1
ORD10364,2023-03-14,CUST1693,Wriddhish Bahri,DELHI,Delhi,PID559,Face Wash,beauty,Face Wash,66676.46,1.0,5.0,Debit Card,Delayed,3.9
ORD13996,2023-01-07,CUST1213,Udyati Ramachandran,PUNE,Maharashtra,PID577,Textbook,books,Textbook,18887.36,1.0,5.0,Net Banking,Delivered,2.3
ORD11136,2023-08-14,CUST1408,Upadhriti Datta,jaipur,Rajasthan,PID217,Cookware Set,home & kitchen,Cookware Set,85487.54,3.0,5.0,Net Banking,,1.7
ORD13382,2024-11-03,CUST1154,Deepa Wason,HYDERABAD,Telangana,PID127,Lipstick,BEAUTY,Lipstick,48755.43,3.0,20.0,Cash on Delivery,Returned,2.8
ORD11680,2023-07-13,CUST1592,Qushi Sankar, Delhi ,Delhi,PID106,Jacket,fashion,Jacket,27487.6,2.0,15.0,,Cancelled,2.3
ORD10551,2024-08-28,CUST1951,Raksha Taneja,kolkata,West Bengal,PID174,Lipstick,Beauty,Lipstick,63625.51,5.0,15.0,Cash on Delivery,Delivered,1.6
ORD14670,2023-06-13,CUST1156,Jeet Sengupta,ahmedabad,Gujarat,PID359,Face Wash,beauty,Face Wash,-13724.5,2.0,0.0,Debit Card,Cancelled,1.5
ORD12895,2024-08-24,CUST1632,Nakul Chaudry,Mumbai,Maharashtra,PID438,Face Wash,Beauty,Face Wash,13521.11,3.0,5.0,Cash on Delivery,Delayed,4.0
ORD11623,2023-11-16,CUST1861,Mitesh Gulati, Hyderabad ,Telangana,PID223,Novel,books,Novel,77973.45,5.0,10.0,Debit Card,Cancelled,1.4
ORD12521,2024-01-17,CUST1938,Anthony Murty,hyderabad,Telangana,PID250,Bluetooth Speaker,Electronics,Bluetooth Speaker,81116.31,5.0,20.0,UPI,,3.2
ORD14052,2024-11-08,CUST1994,Tanveer Mani,Chennai,Tamil Nadu,PID249,Bluetooth Speaker,electronics,Bluetooth Speaker,83906.04,2.0,15.0,Debit Card,Delayed,
ORD12840,2023-01-02,CUST1042,Amol Borde,LUCKNOW,Uttar Pradesh,PID134,Comic,Books,Comic,68702.3,2.0,40.0,Debit Card,Cancelled,3.1
ORD13844,2023-08-17,CUST1626,Udyati Chopra,KOLKATA,West Bengal,PID426,Face Wash,Beauty,Face Wash,13230.66,5.0,15.0,Net Banking,Delivered,5.0
ORD14598,2023-12-20,CUST1413,Radhika Bajaj,JAIPUR,Rajasthan,PID316,Headphones,ELECTRONICS,Headphones,36109.58,5.0,25.0,,Cancelled,
ORD10843,2023-03-30,CUST1023,Xalak Kapadia,surat,Gujarat,PID459,T-Shirt,FASHION,T-Shirt,67021.81,4.0,5.0,,Cancelled,2.8
ORD12496,2024-11-09,CUST1873,Daniel Tailor, Bangalore ,Karnataka,PID232,Headphones,ELECTRONICS,Headphones,16274.69,1.0,20.0,,,3.0
ORD12069,2023-01-22,CUST1124,Tanish Chad,Ahmedabad,Gujarat,PID220,Jacket,Fashion,Jacket,27714.8,3.0,0.0,,Delivered,
ORD14039,2023-08-20,CUST1950,Upkaar Sur, Surat ,Gujarat,PID158,Bedsheet,home & kitchen,Bedsheet,52295.59,5.0,30.0,,Delivered,2.2
ORD10880,2023-09-09,CUST1516,Anthony Kothari,Jaipur,Rajasthan,PID558,Cookware Set,home & kitchen,Cookware Set,11303.73,2.0,10.0,Debit Card,Cancelled,2.3
ORD14952,2023-09-21,CUST1698,Madhavi Parmer,jaipur,Rajasthan,PID482,Smartphone,ELECTRONICS,Smartphone,33207.86,2.0,30.0,Cash on Delivery,Delivered,4.1
ORD12806,2024-07-12,CUST1118,Sneha Lanka,Ahmedabad,Gujarat,PID101,Perfume,Beauty,Perfume,0.0,1.0,40.0,Cash on Delivery,Cancelled,
ORD10864,2024-10-18,CUST1856,Vasana Srivastava,delhi,Delhi,PID374,Air Fryer,HOME & KITCHEN,Air Fryer,39031.83,1.0,10.0,,,2.1
ORD13985,2023-07-15,CUST1960,Simon Kurian,BANGALORE,Karnataka,PID487,Textbook,books,Textbook,84038.65,4.0,30.0,UPI,,
ORD13336,2023-11-15,CUST1354,Devansh Puri, Surat ,Gujarat,PID145,Smartphone,electronics,Smartphone,68973.34,3.0,0.0,Net Banking,,4.3
ORD12403,2024-02-12,CUST1059,Vedika Sibal,AHMEDABAD,Gujarat,PID544,Jeans,fashion,Jeans,9297.55,1.0,5.0,Credit Card,Delayed,
ORD12060,2023-09-01,CUST1799,Rudra Minhas,Ahmedabad,Gujarat,PID521,Biography,books,Biography,70434.1,4.0,5.0,Net Banking,Delivered,1.0
ORD12867,2024-09-24,CUST1663,Pahal Wagle,Surat,Gujarat,PID224,Biography,books,Biography,60349.27,2.0,10.0,Cash on Delivery,Delivered,4.7
ORD11912,2023-08-26,CUST1702,Indali Dara,HYDERABAD,Telangana,PID282,Biography,Books,Biography,35486.32,3.0,20.0,Credit Card,Delivered,3.1
ORD12838,2023-11-01,CUST1008,Idika Mutti,kolkata,West Bengal,PID537,Shampoo,BEAUTY,Shampoo,58836.35,1.0,30.0,Debit Card,Delivered,3.2
ORD14154,2024-09-12,CUST1571,Radhika Rajagopal,KOLKATA,West Bengal,PID253,Saree,Fashion,Saree,14334.43,4.0,25.0,Credit Card,Delivered,1.9
ORD11074,2023-03-21,CUST1965,Atharv Subramanian,LUCKNOW,Uttar Pradesh,PID144,Dumbbells,Sports,Dumbbells,6677.41,4.0,40.0,Net Banking,Delivered,
ORD11754,2024-10-03,CUST1851,Bhanumati Salvi, Mumbai ,Maharashtra,PID333,Cookware Set,home & kitchen,Cookware Set,78897.6,5.0,30.0,,Delivered,2.4
ORD11160,2023-08-04,CUST1174,Tanvi Sarna,lucknow,Uttar Pradesh,PID220,Sneakers,FASHION,Sneakers,54955.01,1.0,25.0,Credit Card,Returned,4.8
ORD10059,2023-10-21,CUST1256,Tara Grover,MUMBAI,Maharashtra,PID447,Perfume,beauty,Perfume,50998.72,1.0,40.0,Credit Card,Returned,1.9
ORD11327,2023-03-02,CUST1885,Gayathri Dhawan,Mumbai,Maharashtra,PID305,Football,sports,Football,75969.25,2.0,40.0,,,4.4
ORD14318,2023-01-16,CUST1808,Bhavani Bhandari,jaipur,Rajasthan,PID218,Perfume,Beauty,Perfume,82645.5,2.0,40.0,,Cancelled,
ORD12295,2024-07-23,CUST1828,Lopa Ramachandran, Ahmedabad ,Gujarat,PID344,Sneakers,FASHION,Sneakers,27842.02,5.0,40.0,UPI,Delivered,2.7
ORD13016,2023-10-29,CUST1183,Januja Mukherjee,MUMBAI,Maharashtra,PID216,Water Bottle,HOME & KITCHEN,Water Bottle,29920.43,0.0,10.0,Cash on Delivery,Delivered,2.0
ORD11239,2023-04-25,CUST1595,Aarini Chaudhuri,surat,Gujarat,PID572,Cricket Bat,sports,Cricket Bat,12184.2,3.0,25.0,,Delivered,1.5
ORD12399,2023-06-08,CUST1444,Girish Chhabra, Delhi ,Delhi,PID551,Sunscreen,BEAUTY,Sunscreen,66037.29,2.0,15.0,,Delayed,1.5
ORD14821,2023-07-07,CUST1519,Wyatt Arya, Chennai ,Tamil Nadu,PID415,Sneakers,Fashion,Sneakers,33621.71,5.0,20.0,Debit Card,,1.3
ORD12530,2024-03-02,CUST1061,Hitesh Bobal,LUCKNOW,Uttar Pradesh,PID193,Sunscreen,BEAUTY,Sunscreen,4150.67,5.0,20.0,,Delayed,2.3
ORD14451,2023-01-11,CUST1611,Barkha Sachdeva, Mumbai ,Maharashtra,PID125,Saree,FASHION,Saree,17781.78,3.0,0.0,Net Banking,Cancelled,4.5
ORD13466,2024-08-18,CUST1407,Fitan Buch, Ahmedabad ,Gujarat,PID586,Football,Sports,Football,62708.94,2.0,25.0,UPI,Cancelled,4.6
ORD11514,2024-11-22,CUST1678,Teerth Goyal, Bangalore ,Karnataka,PID328,Face Wash,beauty,Face Wash,6725.52,3.0,20.0,UPI,Delivered,1.9
ORD12197,2023-03-11,CUST1613,Kamala Pathak,hyderabad,Telangana,PID462,Cookware Set,home & kitchen,Cookware Set,35394.25,4.0,30.0,Net Banking,Returned,2.4
ORD14747,2024-10-17,CUST1961,Ranbir Goda,bangalore,Karnataka,PID247,Air Fryer,home & kitchen,Air Fryer,56437.76,1.0,25.0,Debit Card,Delivered,3.8
ORD12777,2024-04-14,CUST1693,Timothy Batra,surat,Gujarat,PID449,Football,Sports,Football,34367.01,4.0,10.0,,Delivered,4.5
ORD11069,2024-05-09,CUST1322,Suhani Keer,JAIPUR,Rajasthan,PID258,Yoga Mat,Sports,Yoga Mat,26149.27,1.0,0.0,Net Banking,Returned,4.1
ORD12196,2024-06-01,CUST1284,Shivansh Narasimhan,bangalore,Karnataka,PID529,Comic,Books,Comic,33567.52,4.0,40.0,,Delivered,1.7
ORD13937,13/09/2023,CUST1147,Irya Karnik, Delhi ,Delhi,PID539,Sneakers,fashion,Sneakers,5392.65,1.0,0.0,Debit Card,Delivered,1.8
ORD10077,2023-01-22,CUST1447,Sanya Sarna,delhi,Delhi,PID532,Smartwatch,Electronics,Smartwatch,77610.58,4.0,30.0,Cash on Delivery,,1.7
ORD10517,2024-12-17,CUST1423,Gautami Chahal, Indore ,Madhya Pradesh,PID438,Dumbbells,sports,Dumbbells,75212.59,1.0,20.0,,Returned,2.0
ORD14423,2024-11-12,CUST1130,Oni Arora, Mumbai ,Maharashtra,PID522,Jeans,FASHION,Jeans,59930.9,3.0,40.0,Cash on Delivery,Delivered,4.6
ORD11800,2024-05-04,CUST1752,Ati Master,Delhi,Delhi,PID307,Shampoo,BEAUTY,Shampoo,68972.52,5.0,10.0,Cash on Delivery,Delivered,
ORD13665,2023-09-27,CUST1827,Qabil Dubey,ahmedabad,Gujarat,PID553,Kurta,fashion,Kurta,354.64,4.0,30.0,,Delivered,4.7
ORD14192,2023-01-12,CUST1917,Yug Gopal,Lucknow,Uttar Pradesh,PID384,T-Shirt,Fashion,T-Shirt,2849.17,3.0,20.0,Net Banking,Delayed,2.9
ORD12501,2024-09-02,CUST1257,Yahvi Chander,Jaipur,Rajasthan,PID162,Smartwatch,ELECTRONICS,Smartwatch,7141.14,5.0,15.0,,Delivered,4.1
ORD14905,2023-12-02,CUST1224,Jhalak Grover, Mumbai ,Maharashtra,PID453,Lipstick,Beauty,Lipstick,5619.78,3.0,5.0,,Delivered,4.8
ORD15000,2023-07-05,CUST1905,Kevin Chandran,lucknow,Uttar Pradesh,PID518,Air Fryer,Home & Kitchen,Air Fryer,52126.54,2.0,0.0,UPI,Delayed,1.3
ORD10193,2023-04-14,CUST1075,Saksham Bath,INDORE,Madhya Pradesh,PID509,Shampoo,BEAUTY,Shampoo,37855.84,4.0,30.0,,Delivered,4.2
ORD12841,2024-09-22,CUST1429,Jhalak Venkataraman, Chennai ,Tamil Nadu,PID423,Cookware Set,Home & Kitchen,Cookware Set,27699.47,2.0,40.0,Credit Card,Delayed,3.7
ORD11039,2023-07-06,CUST1385,Onkar Sharma,chennai,Tamil Nadu,PID296,Yoga Mat,sports,Yoga Mat,65099.45,4.0,30.0,Cash on Delivery,Returned,1.2
ORD12179,2024-08-14,CUST1416,Edhitha Kohli,hyderabad,Telangana,PID355,Novel,books,Novel,57179.59,2.0,5.0,Debit Card,,1.5
ORD11960,2024-09-24,CUST1343,Vrishti Chand,Chennai,Tamil Nadu,PID257,Kurta,fashion,Kurta,55897.42,3.0,40.0,UPI,Delivered,4.1
ORD14604,2023-03-02,CUST1982,Advay Badal,delhi,Delhi,PID230,Biography,Books,Biography,79321.67,1.0,20.0,Credit Card,Delivered,1.3
ORD14178,2023-05-03,CUST1033,Samesh Badami, Bangalore ,Karnataka,PID212,Textbook,BOOKS,Textbook,51389.51,2.0,0.0,Debit Card,Delivered,1.2
ORD12506,2024-06-28,CUST1366,Charita Jani,Delhi,Delhi,PID351,Novel,Books,Novel,15996.5,4.0,0.0,Net Banking,Cancelled,
ORD11304,2024-08-27,CUST1441,Orinder Merchant, Jaipur ,Rajasthan,PID352,Tablet,Electronics,Tablet,21378.59,3.0,5.0,Net Banking,Delayed,
ORD10627,2024-07-31,CUST1138,Karan Mital,PUNE,Maharashtra,PID313,Dumbbells,SPORTS,Dumbbells,36010.36,3.0,10.0,Credit Card,Returned,4.5
ORD13127,2023-01-18,CUST1022,Tristan Viswanathan,Indore,Madhya Pradesh,PID439,Sneakers,Fashion,Sneakers,15415.89,5.0,40.0,Debit Card,Delivered,3.9
ORD13214,2023-05-25,CUST1626,Alexander Sunder, Bangalore ,Karnataka,PID573,Dumbbells,SPORTS,Dumbbells,582.14,3.0,15.0,Debit Card,Delayed,2.9
ORD11100,06/09/2023,CUST1813,Mitesh Srinivas, Chennai ,Tamil Nadu,PID169,Face Wash,Beauty,Face Wash,22099.03,5.0,20.0,Cash on Delivery,Delayed,4.5
ORD14581,2024-04-19,CUST1504,Tara Krish,mumbai,Maharashtra,PID549,Laptop,electronics,Laptop,80985.81,4.0,5.0,Debit Card,Cancelled,3.1
ORD11909,2023-09-19,CUST1903,Yochana Sama, Hyderabad ,Telangana,PID129,Smartphone,electronics,Smartphone,31603.74,3.0,20.0,Credit Card,Cancelled,4.2
ORD14381,2023-06-06,CUST1880,Yagnesh Bala, Lucknow ,Uttar Pradesh,PID509,Perfume,BEAUTY,Perfume,69599.13,1.0,0.0,Debit Card,Delayed,4.7
ORD12733,2024-11-23,CUST1674,Anamika Apte,chennai,Tamil Nadu,PID180,Biography,books,Biography,18834.88,4.0,0.0,Cash on Delivery,Delayed,4.7
ORD13602,2024-12-30,CUST1919,Ikbal Gaba,Mumbai,Maharashtra,PID414,Lipstick,beauty,Lipstick,40804.8,2.0,40.0,Credit Card,Delivered,4.8
ORD11911,2024-09-25,CUST1046,Logan Yogi,KOLKATA,West Bengal,PID361,Textbook,Books,Textbook,24718.49,5.0,25.0,Debit Card,Delivered,1.2
ORD12199,2024-10-02,CUST1004,Sanaya Chowdhury,Surat,Gujarat,PID495,Sunscreen,BEAUTY,Sunscreen,48187.6,4.0,20.0,Debit Card,Returned,2.5
ORD14503,2023-03-29,CUST1808,Victor Mand,indore,Madhya Pradesh,PID580,Bluetooth Speaker,Electronics,Bluetooth Speaker,41308.72,2.0,10.0,UPI,Cancelled,3.1
ORD14380,2024-03-13,CUST1864,Mugdha Chana, Jaipur ,Rajasthan,PID106,Dumbbells,Sports,Dumbbells,66895.62,1.0,30.0,Net Banking,,4.7
ORD14972,2023-03-23,CUST1246,Vivaan Ben,Lucknow,Uttar Pradesh,PID131,Water Bottle,Home & Kitchen,Water Bottle,68810.47,2.0,15.0,Net Banking,Cancelled,4.2
ORD10310,2023-06-05,CUST1580,Janani Sharma,mumbai,Maharashtra,PID413,Jacket,fashion,Jacket,68924.34,4.0,20.0,Net Banking,Cancelled,1.4
ORD11413,2024-02-01,CUST1311,Indira Gopal, Delhi ,Delhi,PID411,Novel,books,Novel,4379.72,2.0,10.0,,Cancelled,4.6
ORD10776,2023-09-29,CUST1330,Suhani Parsa,DELHI,Delhi,PID108,Bluetooth Speaker,Electronics,Bluetooth Speaker,57604.74,2.0,15.0,Cash on Delivery,Delivered,2.9
ORD10485,2023-07-15,CUST1788,Saanvi Badal,delhi,Delhi,PID253,Smartphone,Electronics,Smartphone,32517.28,3.0,20.0,,Returned,5.0
ORD14671,2023-03-29,CUST1007,Ijaya Raju,INDORE,Madhya Pradesh,PID457,Saree,FASHION,Saree,50260.93,3.0,0.0,Credit Card,Returned,2.0
ORD10368,2024-03-03,CUST1403,Ayaan Tank, Ahmedabad ,Gujarat,PID345,Lipstick,beauty,Lipstick,29557.54,5.0,0.0,Net Banking,Delivered,1.2
ORD10571,2023-07-28,CUST1369,Gaurika Wadhwa,Jaipur,Rajasthan,PID534,Dumbbells,SPORTS,Dumbbells,52072.2,1.0,0.0,Credit Card,Delivered,1.1
ORD13109,2024-11-20,CUST1971,Daksha Sarkar,Bangalore,Karnataka,PID538,Yoga Mat,Sports,Yoga Mat,7397.27,1.0,30.0,,Cancelled,2.9
ORD10650,2024-06-17,CUST1240,Reva Balan,CHENNAI,Tamil Nadu,PID457,Smartphone,Electronics,Smartphone,81053.22,3.0,10.0,Debit Card,Returned,4.0
ORD12934,2023-06-30,CUST1493,Onveer Chahal,MUMBAI,Maharashtra,PID358,Football,Sports,Football,5902.65,3.0,40.0,Debit Card,Delivered,1.2
ORD10442,2024-03-25,CUST1175,Indira Gala,indore,Madhya Pradesh,PID143,Biography,books,Biography,78363.77,2.0,15.0,Cash on Delivery,Delivered,
ORD11594,2024-06-03,CUST1575,Manan Nagi,DELHI,Delhi,PID190,Perfume,beauty,Perfume,84525.52,5.0,0.0,Credit Card,Delivered,4.2
ORD12264,2024-08-16,CUST1647,Chameli Chandran,JAIPUR,Rajasthan,PID340,Bluetooth Speaker,Electronics,Bluetooth Speaker,67307.58,5.0,30.0,Cash on Delivery,Returned,4.8
ORD10897,2024-09-19,CUST1621,Om Bal,Pune,Maharashtra,PID214,Jeans,FASHION,Jeans,74203.55,3.0,5.0,Debit Card,Delivered,1.3
ORD13920,2024-05-12,CUST1569,Lakshmi Ramakrishnan, Mumbai ,Maharashtra,PID553,Sneakers,Fashion,Sneakers,80207.19,1.0,5.0,Debit Card,Delivered,4.9
ORD11542,07/06/2023,CUST1946,Prisha Raj, Pune ,Maharashtra,PID360,Lipstick,Beauty,Lipstick,74916.43,3.0,15.0,Debit Card,Cancelled,3.7
ORD11405,2024-06-12,CUST1186,Quincy Sachar, Pune ,Maharashtra,PID531,Water Bottle,HOME & KITCHEN,Water Bottle,64521.37,4.0,20.0,,Delivered,4.4
ORD13542,2024-04-08,CUST1486,Bhavika Dash,pune,Maharashtra,PID222,Saree,Fashion,Saree,48640.52,4.0,40.0,Credit Card,,1.9
ORD13202,2024-06-12,CUST1136,Agastya Dhingra,LUCKNOW,Uttar Pradesh,PID309,Sunscreen,BEAUTY,Sunscreen,773.29,1.0,5.0,Debit Card,Cancelled,4.1
ORD12182,2023-08-30,CUST1643,Arunima Saxena,MUMBAI,Maharashtra,PID471,Yoga Mat,Sports,Yoga Mat,55611.59,2.0,40.0,Cash on Delivery,Delivered,3.0
ORD13845,2023-02-21,CUST1629,Irya Sura,lucknow,Uttar Pradesh,PID368,Sneakers,FASHION,Sneakers,40915.4,1.0,10.0,Debit Card,Delayed,
ORD14999,2023-04-08,CUST1320,Nicholas Madan,MUMBAI,Maharashtra,PID387,Sunscreen,BEAUTY,Sunscreen,69646.11,1.0,15.0,Debit Card,Delivered,1.6
ORD12977,2023-12-31,CUST1360,Girish Sethi, Mumbai ,Maharashtra,PID250,Comic,Books,Comic,53152.57,5.0,20.0,,Cancelled,4.6
ORD12032,2024-01-14,CUST1221,Manan Kota, Kolkata ,West Bengal,PID120,Sneakers,fashion,Sneakers,10207.44,5.0,15.0,Credit Card,,1.2
ORD10946,2023-10-02,CUST1174,Michael Bobal,ahmedabad,Gujarat,PID367,Shampoo,beauty,Shampoo,46482.35,5.0,30.0,Cash on Delivery,Cancelled,3.7
ORD11690,2023-02-26,CUST1191,Aditya Loke, Lucknow ,Uttar Pradesh,PID438,Shampoo,Beauty,Shampoo,16658.83,4.0,5.0,UPI,Delivered,4.0
ORD14286,2023-01-26,CUST1978,Gabriel Pingle,kolkata,West Bengal,PID404,Shampoo,beauty,Shampoo,31135.17,4.0,40.0,Credit Card,Delayed,3.5
ORD10073,2023-05-27,CUST1543,Nathan Ramaswamy,Mumbai,Maharashtra,PID210,Football,sports,Football,16360.38,3.0,10.0,,Delivered,2.6
ORD14234,2024-01-19,CUST1832,Vrishti Sibal,Pune,Maharashtra,PID108,Cookware Set,Home & Kitchen,Cookware Set,40623.41,2.0,0.0,Credit Card,Delayed,
ORD14186,2023-04-22,CUST1703,Wyatt Tara, Mumbai ,Maharashtra,PID429,Dumbbells,SPORTS,Dumbbells,5351.62,1.0,20.0,Net Banking,Returned,4.2
ORD10995,2024-02-16,CUST1884,Panini Sachdeva,Kolkata,West Bengal,PID495,Yoga Mat,SPORTS,Yoga Mat,754.38,5.0,25.0,Cash on Delivery,Delayed,1.5
ORD10763,2024-04-13,CUST1463,Xavier Puri,delhi,Delhi,PID323,Comic,BOOKS,Comic,70408.59,5.0,15.0,Credit Card,,1.5
ORD12138,11/10/2023,CUST1688,Yadavi Sharaf,jaipur,Rajasthan,PID240,Mixer Grinder,Home & Kitchen,Mixer Grinder,14135.95,2.0,5.0,Debit Card,,1.2
ORD10174,2023-02-15,CUST1953,Mitesh Mallick,CHENNAI,Tamil Nadu,PID591,Textbook,Books,Textbook,14284.3,1.0,0.0,Debit Card,Delayed,
ORD12066,2023-01-28,CUST1560,Aishani Kumer, Ahmedabad ,Gujarat,PID587,Lipstick,BEAUTY,Lipstick,4987.36,5.0,0.0,UPI,Delivered,4.7
ORD11735,2023-09-12,CUST1228,Keya Loke,Jaipur,Rajasthan,PID260,Saree,FASHION,Saree,43126.19,0.0,20.0,UPI,Cancelled,
ORD14555,2024-10-02,CUST1858,Adweta Aggarwal, Kolkata ,West Bengal,PID189,Biography,BOOKS,Biography,62247.95,5.0,5.0,Cash on Delivery,Cancelled,1.3
ORD14026,2023-03-22,CUST1845,Sai Ghosh,Indore,Madhya Pradesh,PID217,Sunscreen,BEAUTY,Sunscreen,40772.94,3.0,15.0,Cash on Delivery,Returned,3.8
ORD12512,2023-10-19,CUST1567,Triveni Mannan,mumbai,Maharashtra,PID520,Biography,books,Biography,34635.6,2.0,0.0,,,4.5
ORD12927,2023-07-20,CUST1379,Hitesh Mandal,Bangalore,Karnataka,PID540,Sunscreen,BEAUTY,Sunscreen,12887.06,3.0,30.0,UPI,Delayed,1.7
ORD12352,2024-05-09,CUST1471,Harish Tata, Indore ,Madhya Pradesh,PID340,Dumbbells,SPORTS,Dumbbells,56916.51,4.0,10.0,Net Banking,Delivered,4.5
ORD11776,2023-01-19,CUST1550,Champak Batta,bangalore,Karnataka,PID493,Mixer Grinder,home & kitchen,Mixer Grinder,56279.8,1.0,0.0,UPI,Cancelled,
ORD11535,14/02/2023,CUST1970,Udant Pradhan,DELHI,Delhi,PID328,Biography,books,Biography,58398.6,4.0,25.0,Net Banking,Returned,3.4
ORD10839,2023-07-09,CUST1690,Faraj Pingle,surat,Gujarat,PID209,Face Wash,beauty,Face Wash,25791.55,5.0,15.0,Credit Card,Delivered,2.5
ORD10865,2024-04-25,CUST1644,Lila Kashyap,Hyderabad,Telangana,PID237,Comic,BOOKS,Comic,77005.79,5.0,10.0,Net Banking,Cancelled,3.8
ORD13433,2023-11-18,CUST1187,Pranit Sama, Lucknow ,Uttar Pradesh,PID184,Biography,Books,Biography,42516.75,1.0,30.0,,Delayed,2.4
ORD13528,2023-11-26,CUST1562,Ekani Sethi,ahmedabad,Gujarat,PID161,Face Wash,beauty,Face Wash,19612.33,2.0,10.0,Cash on Delivery,Delivered,4.0
ORD11904,2024-02-29,CUST1525,Alka Wadhwa, Lucknow ,Uttar Pradesh,PID351,Comic,Books,Comic,26119.38,3.0,20.0,Credit Card,Delivered,4.1
ORD10299,2023-02-25,CUST1051,Sudiksha Devi,DELHI,Delhi,PID444,Shampoo,Beauty,Shampoo,78300.32,5.0,30.0,Credit Card,Delivered,1.2
ORD10372,2023-09-02,CUST1779,Bimala Subramanian,CHENNAI,Tamil Nadu,PID215,Headphones,electronics,Headphones,15897.78,2.0,25.0,Net Banking,,3.6
ORD11900,2023-03-24,CUST1844,Sarthak Babu,lucknow,Uttar Pradesh,PID445,Laptop,electronics,Laptop,41194.76,5.0,15.0,Net Banking,Cancelled,1.1
ORD11294,2024-01-16,CUST1265,Ridhi Singhal,Lucknow,Uttar Pradesh,PID377,Cricket Bat,SPORTS,Cricket Bat,86390.77,2.0,5.0,Credit Card,Cancelled,4.8
ORD10267,2023-07-07,CUST1753,Theodore Sheth,DELHI,Delhi,PID223,Perfume,Beauty,Perfume,49976.45,2.0,20.0,Cash on Delivery,Returned,3.7
ORD13300,2024-03-17,CUST1479,Veda Kalla,Chennai,Tamil Nadu,PID342,Textbook,books,Textbook,71025.86,3.0,10.0,Debit Card,Delivered,1.9
ORD11785,2023-05-15,CUST1748,Brinda Natt,jaipur,Rajasthan,PID286,Water Bottle,home & kitchen,Water Bottle,778.33,5.0,20.0,,Delivered,5.0
ORD11030,2024-10-16,CUST1391,Arunima Sankar,Lucknow,Uttar Pradesh,PID408,Novel,BOOKS,Novel,26891.95,4.0,40.0,Cash on Delivery,Returned,1.3
ORD10520,2023-06-14,CUST1487,Teerth Butala,surat,Gujarat,PID587,Smartwatch,electronics,Smartwatch,48729.01,1.0,0.0,Debit Card,Delivered,2.3
ORD12721,2023-05-10,CUST1679,Urmi Nagar, Ahmedabad ,Gujarat,PID196,Textbook,Books,Textbook,31610.75,2.0,25.0,Net Banking,Delivered,4.8
ORD12447,2024-03-30,CUST1126,Yashica Menon,JAIPUR,Rajasthan,PID149,Smartwatch,electronics,Smartwatch,27248.41,2.0,15.0,,,4.9
ORD14328,2023-09-25,CUST1854,Warjas Purohit,INDORE,Madhya Pradesh,PID297,Tablet,Electronics,Tablet,40012.05,4.0,40.0,Cash on Delivery,Returned,1.6
ORD11915,2023-02-13,CUST1381,Eshana Babu,INDORE,Madhya Pradesh,PID167,Biography,Books,Biography,45318.35,5.0,0.0,Net Banking,Delivered,2.2
ORD12931,2024-04-17,CUST1902,Zaid Chandra, Indore ,Madhya Pradesh,PID326,Cookware Set,home & kitchen,Cookware Set,60325.65,1.0,20.0,Credit Card,Delivered,4.7
ORD13789,2024-08-03,CUST1351,Brijesh Andra,SURAT,Gujarat,PID384,Headphones,Electronics,Headphones,87154.76,2.0,30.0,,Returned,2.3
ORD11610,2024-05-06,CUST1090,Manthan Sunder,PUNE,Maharashtra,PID138,Sneakers,FASHION,Sneakers,41995.93,3.0,0.0,Cash on Delivery,Delivered,2.4
ORD12939,2024-04-17,CUST1821,Xalak Ahluwalia,Pune,Maharashtra,PID585,Cricket Bat,sports,Cricket Bat,59913.86,1.0,30.0,UPI,Returned,3.7
ORD14157,2023-09-15,CUST1667,Zashil Kurian,Hyderabad,Telangana,PID336,Saree,fashion,Saree,67913.98,5.0,0.0,Net Banking,Delivered,3.9
ORD10396,2024-12-31,CUST1682,Vrishti Swamy,ahmedabad,Gujarat,PID408,Kurta,FASHION,Kurta,53607.23,4.0,20.0,,Delayed,3.4
ORD10095,2024-07-12,CUST1734,Forum Bhasin, Hyderabad ,Telangana,PID318,Water Bottle,home & kitchen,Water Bottle,72133.16,5.0,10.0,Debit Card,Delivered,1.4
ORD12723,2023-11-17,CUST1469,Darika Ganesh,Lucknow,Uttar Pradesh,PID343,Lipstick,Beauty,Lipstick,57733.0,2.0,15.0,,Delivered,2.1
ORD14649,2024-01-13,CUST1678,Janya Wadhwa,Pune,Maharashtra,PID254,Smartphone,ELECTRONICS,Smartphone,15980.14,3.0,25.0,Cash on Delivery,Cancelled,
ORD11786,2024-09-05,CUST1816,Tanmayi Tella, Mumbai ,Maharashtra,PID380,Textbook,books,Textbook,29439.75,4.0,40.0,Credit Card,,4.4
ORD11984,2023-12-11,CUST1744,Aarna Chander, Chennai ,Tamil Nadu,PID536,Tablet,electronics,Tablet,16742.23,4.0,5.0,Net Banking,Delivered,3.4
ORD11937,2024-05-29,CUST1882,Balvan Mukherjee, Bangalore ,Karnataka,PID259,Sunscreen,Beauty,Sunscreen,20643.53,5.0,5.0,,Cancelled,
ORD10902,2023-09-03,CUST1039,Vrishti Chacko,BANGALORE,Karnataka,PID494,T-Shirt,FASHION,T-Shirt,85892.92,3.0,10.0,Credit Card,Returned,3.0
ORD14009,2024-02-13,CUST1851,Parth Buch,HYDERABAD,Telangana,PID252,Comic,BOOKS,Comic,82117.83,2.0,40.0,UPI,Delivered,1.8
ORD12788,2023-04-18,CUST1482,Ryan Sahni,KOLKATA,West Bengal,PID533,Sneakers,fashion,Sneakers,4799.78,2.0,5.0,,Delayed,
ORD12907,2023-09-17,CUST1004,Girik Pant,Delhi,Delhi,PID379,Mixer Grinder,HOME & KITCHEN,Mixer Grinder,35402.78,2.0,40.0,Debit Card,,1.3
ORD13295,2023-04-17,CUST1127,Darika Bhatti, Chennai ,Tamil Nadu,PID232,Bluetooth Speaker,ELECTRONICS,Bluetooth Speaker,60242.13,2.0,0.0,Debit Card,Delivered,4.8
ORD14770,2023-08-29,CUST1017,Bhanumati Oommen,Surat,Gujarat,PID553,Shampoo,BEAUTY,Shampoo,65805.73,4.0,40.0,Cash on Delivery,,2.7
ORD13287,2023-04-29,CUST1503,Oscar Trivedi, Ahmedabad ,Gujarat,PID417,Lipstick,Beauty,Lipstick,68270.06,5.0,25.0,Cash on Delivery,Delivered,3.3
ORD12984,2023-06-12,CUST1535,Yatin Sarna,Chennai,Tamil Nadu,PID277,Dumbbells,sports,Dumbbells,32170.55,2.0,15.0,Debit Card,Delivered,3.1
ORD14994,2024-02-28,CUST1112,Avni Chopra,chennai,Tamil Nadu,PID259,Sneakers,FASHION,Sneakers,74081.65,2.0,10.0,,Delivered,4.4
ORD10882,2024-07-17,CUST1591,Hredhaan Dani,pune,Maharashtra,PID467,Smartphone,electronics,Smartphone,12361.0,4.0,30.0,,Cancelled,2.6
ORD11432,2023-09-04,CUST1703,Omisha Swaminathan,Kolkata,West Bengal,PID346,Biography,BOOKS,Biography,12790.26,0.0,40.0,Debit Card,Delayed,1.3
ORD14276,07/10/2024,CUST1818,Irya Mann,mumbai,Maharashtra,PID442,Cookware Set,HOME & KITCHEN,Cookware Set,59362.64,4.0,20.0,,Returned,1.1
ORD13113,2024-09-26,CUST1685,Neelima Sheth,Kolkata,West Bengal,PID487,Comic,BOOKS,Comic,48709.98,4.0,20.0,Net Banking,Cancelled,4.7
ORD13072,2023-05-07,CUST1802,Diya Hayre,Ahmedabad,Gujarat,PID551,Lipstick,BEAUTY,Lipstick,7124.54,3.0,40.0,Cash on Delivery,Delivered,3.3
ORD10113,2024-07-28,CUST1350,Amrita Sule, Jaipur ,Rajasthan,PID379,Sneakers,fashion,Sneakers,69781.26,1.0,15.0,Debit Card,Delivered,3.6
ORD12366,2024-10-17,CUST1392,Manthan Dewan, Chennai ,Tamil Nadu,PID562,Saree,FASHION,Saree,16420.97,4.0,40.0,Net Banking,Delayed,1.6
ORD11322,2024-12-11,CUST1152,Lila Chacko,Pune,Maharashtra,PID331,Lipstick,Beauty,Lipstick,49877.72,1.0,20.0,Net Banking,Cancelled,2.5
ORD13388,2023-08-04,CUST1850,Sarthak Mistry,kolkata,West Bengal,PID335,Yoga Mat,SPORTS,Yoga Mat,47337.68,5.0,30.0,Credit Card,Delivered,
ORD12577,2023-08-10,CUST1456,Rehaan Bava,chennai,Tamil Nadu,PID491,Face Wash,BEAUTY,Face Wash,23272.31,3.0,15.0,UPI,Delivered,4.4
ORD10948,2024-11-22,CUST1086,Deepa Manne,Bangalore,Karnataka,PID340,Dumbbells,sports,Dumbbells,32017.65,1.0,15.0,Credit Card,,3.2
ORD14352,2023-01-03,CUST1209,Rajeshri Trivedi,Pune,Maharashtra,PID548,Cricket Bat,SPORTS,Cricket Bat,67473.64,4.0,0.0,Debit Card,Returned,1.3
ORD11588,2023-06-09,CUST1714,Yasti Reddy,surat,Gujarat,PID407,Novel,Books,Novel,71212.6,5.0,20.0,Debit Card,Delivered,3.7
ORD11178,2024-03-22,CUST1291,William Rout,Lucknow,Uttar Pradesh,PID183,Cricket Bat,Sports,Cricket Bat,39265.7,2.0,10.0,UPI,Delivered,1.7
ORD12642,2023-12-20,CUST1954,Nidra Mukhopadhyay,BANGALORE,Karnataka,PID189,Jacket,Fashion,Jacket,57263.03,1.0,25.0,,Cancelled,3.6
ORD13656,2024-10-28,CUST1675,Bhavini Raval,JAIPUR,Rajasthan,PID343,Cricket Bat,sports,Cricket Bat,44629.52,4.0,30.0,Debit Card,,
ORD12593,2024-02-23,CUST1651,Patrick Mahajan,CHENNAI,Tamil Nadu,PID581,Headphones,Electronics,Headphones,48533.51,2.0,5.0,UPI,Delivered,
ORD10631,2024-07-29,CUST1643,Varenya Kalita,MUMBAI,Maharashtra,PID259,Football,SPORTS,Football,11061.62,1.0,10.0,,Returned,3.0
ORD14229,2024-10-13,CUST1396,Varenya Chawla,Mumbai,Maharashtra,PID338,Tablet,Electronics,Tablet,10762.7,3.0,15.0,UPI,Delivered,2.3
ORD13610,2024-03-16,CUST1988,Sachi Palla,Hyderabad,Telangana,PID316,Textbook,BOOKS,Textbook,17532.46,2.0,0.0,Cash on Delivery,Delayed,3.8
ORD13312,2024-09-23,CUST1600,Om Tandon,Lucknow,Uttar Pradesh,PID266,Bedsheet,HOME & KITCHEN,Bedsheet,64276.46,1.0,20.0,UPI,Delivered,3.1
ORD12684,2023-02-14,CUST1715,Bina Samra,Jaipur,Rajasthan,PID548,Laptop,ELECTRONICS,Laptop,25642.73,1.0,20.0,,Delivered,2.1
ORD11615,2024-07-14,CUST1413,Aarna Sachdeva,JAIPUR,Rajasthan,PID275,Dumbbells,SPORTS,Dumbbells,-43894.44,5.0,30.0,Debit Card,Returned,
ORD13415,2023-07-19,CUST1728,Naveen Oza,Mumbai,Maharashtra,PID314,Perfume,BEAUTY,Perfume,47551.99,3.0,25.0,Net Banking,Cancelled,3.4
ORD11454,2024-12-03,CUST1745,Yahvi Issac,ahmedabad,Gujarat,PID131,Laptop,Electronics,Laptop,20961.4,4.0,15.0,Net Banking,Cancelled,4.2
ORD12157,2024-06-14,CUST1334,Ekalinga Chokshi,Ahmedabad,Gujarat,PID271,Water Bottle,home & kitchen,Water Bottle,0.0,5.0,15.0,Debit Card,Returned,1.6
ORD11743,2024-05-12,CUST1268,Gaurika Varkey,Indore,Madhya Pradesh,PID140,Textbook,Books,Textbook,28482.26,5.0,20.0,Debit Card,Delivered,3.2
ORD13847,2024-08-30,CUST1215,Jatin Palla,INDORE,Madhya Pradesh,PID137,Bedsheet,home & kitchen,Bedsheet,88368.32,2.0,0.0,Net Banking,Delivered,2.3
ORD13672,2023-08-11,CUST1758,Nikita Parmar,Delhi,Delhi,PID355,Textbook,BOOKS,Textbook,62870.52,5.0,0.0,Net Banking,Delivered,2.9
ORD11878,2024-03-21,CUST1910,Harrison Mital, Chennai ,Tamil Nadu,PID554,Sunscreen,beauty,Sunscreen,26537.48,4.0,25.0,UPI,Delivered,2.4
ORD13582,2023-09-01,CUST1739,Ishanvi Rama, Hyderabad ,Telangana,PID256,T-Shirt,fashion,T-Shirt,87216.12,3.0,10.0,Cash on Delivery,,2.1
ORD12090,2024-10-22,CUST1733,Jeevika Misra,Chennai,Tamil Nadu,PID440,Water Bottle,HOME & KITCHEN,Water Bottle,53445.59,2.0,25.0,Cash on Delivery,Delivered,3.1
ORD14519,2024-04-27,CUST1314,Siya Nath,Mumbai,Maharashtra,PID225,Mixer Grinder,HOME & KITCHEN,Mixer Grinder,13228.13,1.0,0.0,UPI,Returned,4.4
ORD12163,2023-04-04,CUST1098,Azad Dey, Kolkata ,West Bengal,PID356,Sneakers,Fashion,Sneakers,54281.73,5.0,0.0,UPI,Delivered,4.5
ORD13742,2024-01-05,CUST1180,Jason Vasa,Ahmedabad,Gujarat,PID410,Cricket Bat,sports,Cricket Bat,59789.09,5.0,30.0,Debit Card,Cancelled,2.9
ORD11924,2023-01-21,CUST1049,Brijesh Bhargava, Pune ,Maharashtra,PID595,T-Shirt,fashion,T-Shirt,70954.54,3.0,5.0,Net Banking,,3.8
ORD10288,2024-01-02,CUST1713,Mohammed Edwin,surat,Gujarat,PID350,Water Bottle,home & kitchen,Water Bottle,68139.27,2.0,30.0,,Delayed,
ORD12993,2024-01-10,CUST1606,Jack Aggarwal,Jaipur,Rajasthan,PID512,Lipstick,Beauty,Lipstick,24421.29,1.0,20.0,UPI,Delivered,4.5
ORD14399,2024-07-17,CUST1552,Bhavya Sarkar,bangalore,Karnataka,PID516,Comic,books,Comic,53383.59,5.0,30.0,Cash on Delivery,Returned,3.4
ORD14017,09/03/2024,CUST1876,Finn Uppal,kolkata,West Bengal,PID131,Bluetooth Speaker,ELECTRONICS,Bluetooth Speaker,62237.99,4.0,0.0,UPI,Delivered,3.9
ORD12370,2024-08-07,CUST1413,Urishilla Raman,Chennai,Tamil Nadu,PID569,Jacket,fashion,Jacket,55186.02,5.0,0.0,,Returned,4.2
ORD13795,2023-05-10,CUST1394,Maya Baral,SURAT,Gujarat,PID234,Football,SPORTS,Football,9392.26,3.0,40.0,,Delivered,2.4
ORD13278,2023-04-22,CUST1262,Nandini Kar, Jaipur ,Rajasthan,PID566,T-Shirt,fashion,T-Shirt,52498.63,2.0,30.0,Debit Card,Delivered,3.5
ORD11110,2024-03-26,CUST1786,Nimrat Nagy,PUNE,Maharashtra,PID136,Mixer Grinder,Home & Kitchen,Mixer Grinder,22923.89,1.0,15.0,UPI,Cancelled,2.4
ORD11225,2023-12-03,CUST1909,Wahab Raja, Lucknow ,Uttar Pradesh,PID200,Comic,BOOKS,Comic,45896.9,3.0,15.0,Cash on Delivery,Delivered,4.6
ORD14458,2023-08-02,CUST1720,Zilmil Ganesan, Bangalore ,Karnataka,PID364,Yoga Mat,Sports,Yoga Mat,5573.39,1.0,10.0,UPI,Returned,1.8
ORD13409,2024-02-21,CUST1944,Arin Acharya, Surat ,Gujarat,PID253,Shampoo,beauty,Shampoo,43722.35,4.0,5.0,Cash on Delivery,,1.0
ORD13772,2024-08-16,CUST1294,Wridesh Banik,AHMEDABAD,Gujarat,PID374,Headphones,ELECTRONICS,Headphones,41287.96,5.0,30.0,Debit Card,Cancelled,
ORD10526,2023-12-12,CUST1744,Unnati Apte,Indore,Madhya Pradesh,PID244,Sneakers,fashion,Sneakers,35353.94,2.0,30.0,Cash on Delivery,Delayed,2.9
ORD13440,2023-02-26,CUST1539,Darika Shan,lucknow,Uttar Pradesh,PID300,Tablet,electronics,Tablet,80564.17,5.0,0.0,Cash on Delivery,Cancelled,4.7
ORD14450,2023-12-02,CUST1694,Krisha Koshy,HYDERABAD,Telangana,PID363,Textbook,books,Textbook,52093.98,3.0,25.0,,,4.5
ORD13080,2024-06-28,CUST1219,Warjas Sinha, Kolkata ,West Bengal,PID102,Sunscreen,BEAUTY,Sunscreen,2453.2,3.0,40.0,,Returned,4.4
ORD10507,2024-03-13,CUST1744,Lekha Sampath,PUNE,Maharashtra,PID189,Shampoo,beauty,Shampoo,45550.54,4.0,30.0,Net Banking,Cancelled,4.0
ORD14958,2023-06-19,CUST1336,Barkha Arora,bangalore,Karnataka,PID143,Saree,fashion,Saree,27220.51,2.0,30.0,Debit Card,Cancelled,3.5
ORD12063,2023-05-18,CUST1203,Tripti Bedi,Indore,Madhya Pradesh,PID552,Headphones,electronics,Headphones,2884.9,2.0,20.0,Cash on Delivery,,3.8
ORD11224,2024-08-12,CUST1177,Shaurya Prakash,Kolkata,West Bengal,PID188,Football,sports,Football,10577.92,3.0,0.0,Cash on Delivery,Delivered,4.2
ORD12445,2023-09-12,CUST1632,Christopher Narula,MUMBAI,Maharashtra,PID186,Dumbbells,SPORTS,Dumbbells,84710.48,3.0,5.0,Net Banking,Delayed,4.9
ORD13469,2023-09-24,CUST1615,Caleb Gara,lucknow,Uttar Pradesh,PID266,Football,sports,Football,80228.95,3.0,15.0,Credit Card,Delivered,2.7
ORD12858,2024-11-29,CUST1333,Laksh Barad,mumbai,Maharashtra,PID184,Smartphone,electronics,Smartphone,87155.47,1.0,10.0,UPI,,2.0
ORD11696,2024-09-28,CUST1830,Parth Hayer,BANGALORE,Karnataka,PID341,Textbook,books,Textbook,11142.54,1.0,5.0,Cash on Delivery,Delivered,4.6
ORD11450,2024-08-29,CUST1766,Zashil Mahajan,lucknow,Uttar Pradesh,PID396,Perfume,Beauty,Perfume,18839.38,3.0,15.0,Credit Card,Delivered,4.1
ORD11627,2024-09-24,CUST1389,Krish Bal, Lucknow ,Uttar Pradesh,PID453,Sneakers,fashion,Sneakers,77213.18,1.0,5.0,UPI,Returned,
ORD11265,2023-04-12,CUST1775,Neelima Aggarwal,Mumbai,Maharashtra,PID298,Mixer Grinder,home & kitchen,Mixer Grinder,19005.62,1.0,40.0,Cash on Delivery,Delivered,2.9
ORD14477,2024-05-20,CUST1014,Jacob Chander,hyderabad,Telangana,PID459,Face Wash,Beauty,Face Wash,74199.31,4.0,20.0,Net Banking,Returned,2.7
ORD10878,2024-04-08,CUST1170,Zashil Munshi, Indore ,Madhya Pradesh,PID366,T-Shirt,FASHION,T-Shirt,82439.12,1.0,20.0,Credit Card,Delivered,1.6
ORD13524,2023-07-24,CUST1267,Neha Varma,surat,Gujarat,PID222,Lipstick,beauty,Lipstick,64324.01,2.0,10.0,Cash on Delivery,Delivered,4.1
ORD12790,2023-02-02,CUST1948,Aashi Ranganathan,KOLKATA,West Bengal,PID110,Cricket Bat,SPORTS,Cricket Bat,18126.13,1.0,25.0,,Returned,5.0
ORD10014,24/01/2024,CUST1980,Waida Bal, Ahmedabad ,Gujarat,PID474,Smartphone,electronics,Smartphone,15093.05,4.0,10.0,Cash on Delivery,Delivered,2.6
ORD10482,2024-10-15,CUST1405,Madhav Sengupta, Indore ,Madhya Pradesh,PID211,Kurta,Fashion,Kurta,33743.0,4.0,30.0,Credit Card,Delivered,
ORD13060,2024-03-07,CUST1837,Hamsini Johal,Pune,Maharashtra,PID355,Smartphone,ELECTRONICS,Smartphone,33272.69,5.0,40.0,,,2.5
ORD14251,2023-07-14,CUST1106,Chandran Dugal, Jaipur ,Rajasthan,PID211,Shampoo,Beauty,Shampoo,3028.1,5.0,5.0,Cash on Delivery,Delayed,4.0
ORD13397,2023-10-18,CUST1614,Aachal Bir, Kolkata ,West Bengal,PID528,Jeans,fashion,Jeans,87556.06,3.0,25.0,Cash on Delivery,Cancelled,4.6
ORD12425,2023-04-27,CUST1975,Ekapad Uppal,Kolkata,West Bengal,PID367,Cricket Bat,sports,Cricket Bat,36388.03,4.0,0.0,Credit Card,,1.5
ORD13223,2023-09-27,CUST1497,Shravya Varma,indore,Madhya Pradesh,PID387,Smartphone,electronics,Smartphone,30229.41,4.0,10.0,Credit Card,Returned,4.8
ORD13482,2024-04-25,CUST1750,Hritik D’Alia,delhi,Delhi,PID291,Sneakers,FASHION,Sneakers,10113.05,5.0,25.0,Net Banking,Cancelled,4.4
ORD14646,2024-08-22,CUST1029,Janani Sur,mumbai,Maharashtra,PID464,Jeans,FASHION,Jeans,63635.46,4.0,30.0,UPI,,1.6
ORD10858,2024-10-12,CUST1066,Thomas Peri, Kolkata ,West Bengal,PID144,Novel,Books,Novel,44728.69,5.0,25.0,Cash on Delivery,Cancelled,
ORD12552,2023-12-17,CUST1270,Jairaj Sanghvi,mumbai,Maharashtra,PID447,Biography,Books,Biography,87080.89,5.0,0.0,UPI,Delivered,2.9
ORD10047,2024-11-19,CUST1185,Tripti Minhas, Indore ,Madhya Pradesh,PID399,Smartwatch,ELECTRONICS,Smartwatch,29110.59,5.0,0.0,Credit Card,Delayed,3.3
ORD12315,2023-06-04,CUST1759,Reyansh Basu, Hyderabad ,Telangana,PID446,Smartwatch,Electronics,Smartwatch,61539.4,4.0,15.0,Debit Card,,1.5
ORD13527,2023-07-26,CUST1291,Owen Verma,Mumbai,Maharashtra,PID596,Water Bottle,home & kitchen,Water Bottle,52828.27,1.0,5.0,Cash on Delivery,Delivered,1.6
ORD12386,2024-05-11,CUST1683,Balvan Prakash,pune,Maharashtra,PID194,Textbook,books,Textbook,26465.38,3.0,5.0,UPI,,3.9
ORD10900,2024-12-27,CUST1067,Pranit Sunder,KOLKATA,West Bengal,PID125,Jacket,FASHION,Jacket,39264.83,5.0,20.0,Credit Card,Delayed,
ORD11023,2023-02-09,CUST1460,Victor Lad,HYDERABAD,Telangana,PID304,Laptop,Electronics,Laptop,-41637.87,1.0,5.0,Cash on Delivery,Cancelled,4.2
ORD10233,2023-10-21,CUST1833,Yash Bains,Mumbai,Maharashtra,PID331,Novel,BOOKS,Novel,34371.2,3.0,10.0,Debit Card,Delivered,
ORD10942,2023-02-11,CUST1386,Sneha Goswami,bangalore,Karnataka,PID276,Laptop,Electronics,Laptop,74218.48,1.0,40.0,UPI,Delivered,
ORD14724,2024-12-20,CUST1596,Orinder Bhalla, Hyderabad ,Telangana,PID513,Tablet,Electronics,Tablet,77071.24,4.0,20.0,Net Banking,Cancelled,1.7
ORD14794,2023-04-23,CUST1050,Ansh Devi,Kolkata,West Bengal,PID363,Textbook,Books,Textbook,52311.01,3.0,40.0,UPI,,3.8
ORD14936,2024-02-25,CUST1103,Chanakya Sur,lucknow,Uttar Pradesh,PID454,Saree,FASHION,Saree,13532.22,3.0,30.0,Credit Card,Cancelled,3.2
ORD13649,2024-06-08,CUST1241,Ekta Raja,pune,Maharashtra,PID513,Bluetooth Speaker,Electronics,Bluetooth Speaker,53397.67,3.0,5.0,Cash on Delivery,Delivered,1.2
ORD14473,2023-10-14,CUST1759,Rachana Nagi,lucknow,Uttar Pradesh,PID387,Shampoo,Beauty,Shampoo,65012.76,3.0,30.0,Net Banking,Delivered,4.2
ORD13204,2024-11-18,CUST1770,George Kadakia,LUCKNOW,Uttar Pradesh,PID521,Dumbbells,SPORTS,Dumbbells,9069.34,5.0,5.0,Debit Card,,1.4
ORD12222,2023-12-25,CUST1514,Hema Patel,INDORE,Madhya Pradesh,PID464,Mixer Grinder,home & kitchen,Mixer Grinder,43936.36,1.0,20.0,Debit Card,Returned,4.4
ORD11166,2023-10-26,CUST1601,Ishaan Tailor,surat,Gujarat,PID597,Cricket Bat,Sports,Cricket Bat,82482.32,1.0,40.0,Net Banking,Delivered,4.2
ORD10205,2024-01-17,CUST1167,Arin Bhalla,hyderabad,Telangana,PID528,Yoga Mat,SPORTS,Yoga Mat,33246.42,1.0,15.0,Cash on Delivery,Cancelled,2.8
ORD14159,2023-12-01,CUST1765,Ekta Kade,ahmedabad,Gujarat,PID357,Textbook,books,Textbook,87026.46,4.0,15.0,Net Banking,Delivered,1.2
ORD13783,2024-12-11,CUST1572,Chavvi Dhaliwal,BANGALORE,Karnataka,PID441,Perfume,beauty,Perfume,10641.4,4.0,0.0,UPI,,4.1
ORD14504,2023-07-13,CUST1025,Avni Ahuja, Delhi ,Delhi,PID575,Novel,Books,Novel,67959.48,4.0,25.0,Credit Card,Returned,2.2
ORD11163,2024-01-31,CUST1151,Krish Gandhi, Hyderabad ,Telangana,PID273,Perfume,beauty,Perfume,37340.71,2.0,0.0,Cash on Delivery,Delivered,3.2
ORD13771,2024-06-29,CUST1762,Anay Shukla, Hyderabad ,Telangana,PID503,Mixer Grinder,HOME & KITCHEN,Mixer Grinder,72526.91,1.0,0.0,Cash on Delivery,Returned,3.2
ORD12730,2024-11-09,CUST1903,Maanav Tripathi,KOLKATA,West Bengal,PID299,Yoga Mat,sports,Yoga Mat,66086.81,5.0,10.0,Credit Card,Delivered,1.9
ORD11601,2024-10-23,CUST1351,Pahal Naidu,LUCKNOW,Uttar Pradesh,PID259,Dumbbells,SPORTS,Dumbbells,-46613.49,3.0,0.0,Net Banking,,2.6
ORD10087,2023-02-23,CUST1085,Azaan Walla,Jaipur,Rajasthan,PID490,Sunscreen,BEAUTY,Sunscreen,37766.68,5.0,20.0,UPI,Returned,4.5
ORD11870,2024-03-25,CUST1074,Sachi Chandran, Mumbai ,Maharashtra,PID312,Comic,Books,Comic,46231.46,3.0,25.0,Credit Card,Returned,1.5
ORD12839,2023-02-03,CUST1070,Idika Palla,ahmedabad,Gujarat,PID249,Kurta,fashion,Kurta,21990.16,2.0,5.0,Cash on Delivery,Delayed,2.3
ORD13979,2023-05-29,CUST1932,Orinder Jain, Lucknow ,Uttar Pradesh,PID280,Laptop,ELECTRONICS,Laptop,17751.36,4.0,5.0,Cash on Delivery,Returned,2.7
ORD14314,2024-07-16,CUST1995,Yashawini Badal,Chennai,Tamil Nadu,PID355,Yoga Mat,Sports,Yoga Mat,12475.22,4.0,20.0,Debit Card,Delivered,1.9
ORD10622,2024-11-06,CUST1211,Varenya Panchal, Delhi ,Delhi,PID481,Biography,BOOKS,Biography,24403.88,2.0,15.0,Net Banking,Returned,
ORD14433,2024-11-05,CUST1665,Yamini Sankaran,pune,Maharashtra,PID466,T-Shirt,Fashion,T-Shirt,43838.64,5.0,5.0,UPI,Delivered,2.3
ORD12889,2024-08-13,CUST1815,Nidra Behl,indore,Madhya Pradesh,PID208,Mixer Grinder,home & kitchen,Mixer Grinder,86697.32,4.0,10.0,Credit Card,Delivered,2.3
ORD14621,2024-08-14,CUST1600,Edhitha Tiwari,INDORE,Madhya Pradesh,PID573,Saree,fashion,Saree,65958.98,4.0,0.0,Credit Card,Cancelled,2.8
ORD10365,2023-03-17,CUST1396,Gavin Jhaveri, Delhi ,Delhi,PID291,Cookware Set,Home & Kitchen,Cookware Set,29452.98,2.0,15.0,Credit Card,Delivered,2.9
ORD12950,2024-07-29,CUST1065,Guneet Chokshi, Pune ,Maharashtra,PID396,Perfume,Beauty,Perfume,14560.06,3.0,25.0,Cash on Delivery,Delivered,3.5
ORD14034,2023-05-08,CUST1160,Vansha Varma,Pune,Maharashtra,PID130,Comic,books,Comic,71785.47,1.0,30.0,UPI,Delivered,
ORD11293,2024-03-04,CUST1010,Vivaan Tandon,Mumbai,Maharashtra,PID440,Football,sports,Football,-40820.02,4.0,0.0,UPI,Delivered,5.0
ORD13037,2023-04-30,CUST1200,Tanmayi Bhakta,hyderabad,Telangana,PID310,Cookware Set,home & kitchen,Cookware Set,32689.23,1.0,5.0,,Delivered,2.4
ORD13006,2024-04-08,CUST1078,Rajeshri Doshi,SURAT,Gujarat,PID213,Water Bottle,HOME & KITCHEN,Water Bottle,34800.78,5.0,25.0,Net Banking,Returned,1.8
ORD13743,2024-08-02,CUST1848,Saksham Chaudhry,hyderabad,Telangana,PID470,Dumbbells,Sports,Dumbbells,29095.24,2.0,5.0,,Delivered,2.4
ORD14842,2023-07-08,CUST1517,Tripti Bhavsar,MUMBAI,Maharashtra,PID512,Biography,books,Biography,75555.54,2.0,15.0,Net Banking,Delivered,1.2
ORD11037,2024-08-15,CUST1044,Avi Dhaliwal,Lucknow,Uttar Pradesh,PID401,Cookware Set,HOME & KITCHEN,Cookware Set,60386.55,4.0,30.0,,Returned,3.7
ORD14545,2024-07-22,CUST1214,Vritti Talwar,hyderabad,Telangana,PID201,T-Shirt,fashion,T-Shirt,27497.64,3.0,5.0,Credit Card,Returned,4.3
ORD11654,2024-09-19,CUST1354,Ojas Mani,chennai,Tamil Nadu,PID207,Face Wash,Beauty,Face Wash,77405.13,2.0,20.0,,Delivered,1.2
ORD14563,2024-03-05,CUST1816,Charles Doshi,pune,Maharashtra,PID252,Face Wash,BEAUTY,Face Wash,62433.99,1.0,40.0,UPI,,4.7
ORD12886,2024-08-09,CUST1383,Gabriel Gola,AHMEDABAD,Gujarat,PID475,Shampoo,Beauty,Shampoo,39605.03,2.0,5.0,Credit Card,,3.9
ORD13106,2024-03-03,CUST1357,Chatresh Mane,mumbai,Maharashtra,PID416,Headphones,Electronics,Headphones,77336.71,2.0,0.0,UPI,,2.5
ORD12695,2024-09-17,CUST1914,Aashi Srivastava,delhi,Delhi,PID321,Cricket Bat,Sports,Cricket Bat,6220.94,4.0,10.0,Net Banking,,3.6
ORD12959,2024-07-15,CUST1081,Urishilla Upadhyay,Surat,Gujarat,PID247,Dumbbells,Sports,Dumbbells,61207.54,5.0,5.0,Cash on Delivery,Delivered,3.7
ORD12922,2023-11-18,CUST1909,Anamika Gola,lucknow,Uttar Pradesh,PID498,Lipstick,Beauty,Lipstick,17704.64,4.0,40.0,Debit Card,Delayed,4.7
ORD10221,2023-04-06,CUST1706,Bhavani Bhalla,bangalore,Karnataka,PID535,Smartphone,ELECTRONICS,Smartphone,59752.45,4.0,20.0,Cash on Delivery,Delayed,2.4
ORD12402,2023-04-20,CUST1696,Gaurang Comar,SURAT,Gujarat,PID373,Shampoo,beauty,Shampoo,45200.43,1.0,15.0,Debit Card,Delivered,3.4
ORD14518,2024-04-13,CUST1040,Onveer Pandit,delhi,Delhi,PID302,Air Fryer,HOME & KITCHEN,Air Fryer,73249.08,1.0,40.0,Net Banking,Delayed,4.8
ORD13975,2024-08-11,CUST1831,Pranit Buch,kolkata,West Bengal,PID535,Cricket Bat,Sports,Cricket Bat,19824.12,1.0,5.0,,Delivered,4.7
ORD13084,2024-09-19,CUST1517,Nilima Dasgupta,HYDERABAD,Telangana,PID200,Dumbbells,Sports,Dumbbells,10321.53,5.0,30.0,,Delivered,2.0
ORD13613,2023-12-21,CUST1278,Samarth Gokhale,Chennai,Tamil Nadu,PID169,Sunscreen,BEAUTY,Sunscreen,55727.53,1.0,30.0,Cash on Delivery,Delivered,3.5
ORD12008,2024-03-09,CUST1131,Daniel Varma,Mumbai,Maharashtra,PID206,Comic,BOOKS,Comic,48976.56,2.0,40.0,Cash on Delivery,Returned,5.0
ORD12166,2024-12-07,CUST1889,Urishilla Korpal, Surat ,Gujarat,PID275,Shampoo,BEAUTY,Shampoo,28919.98,0.0,0.0,,Delivered,3.3
ORD10040,2023-11-10,CUST1221,Yashoda Korpal,JAIPUR,Rajasthan,PID478,Sunscreen,Beauty,Sunscreen,31036.6,3.0,20.0,UPI,Returned,1.5
ORD11193,2024-11-12,CUST1609,Indrajit Bhargava,JAIPUR,Rajasthan,PID477,Bedsheet,home & kitchen,Bedsheet,9528.06,5.0,15.0,Net Banking,Cancelled,2.3
ORD13281,2024-02-07,CUST1519,Manbir Khosla, Delhi ,Delhi,PID420,Mixer Grinder,HOME & KITCHEN,Mixer Grinder,88438.18,4.0,0.0,,,3.5
ORD13512,2023-02-11,CUST1460,Nandini Kale,Lucknow,Uttar Pradesh,PID520,Football,Sports,Football,9082.1,1.0,20.0,Credit Card,Delivered,3.4
ORD10564,2023-05-16,CUST1980,Zilmil Mand,Lucknow,Uttar Pradesh,PID505,Cricket Bat,Sports,Cricket Bat,9110.74,1.0,0.0,,Cancelled,1.3
ORD13572,2023-04-18,CUST1510,Arjun Sundaram, Mumbai ,Maharashtra,PID199,Sunscreen,BEAUTY,Sunscreen,51462.01,3.0,10.0,Credit Card,Delivered,3.1
ORD12539,2024-01-17,CUST1948,Zilmil Pradhan, Bangalore ,Karnataka,PID140,Dumbbells,sports,Dumbbells,50735.23,1.0,30.0,Debit Card,Delivered,
ORD14593,12/11/2024,CUST1812,Chaitanya Prasad,lucknow,Uttar Pradesh,PID392,Cricket Bat,SPORTS,Cricket Bat,24118.01,5.0,25.0,UPI,Delivered,3.1
ORD13810,2024-03-18,CUST1594,Anirudh Nath,Kolkata,West Bengal,PID437,Novel,books,Novel,25687.25,4.0,10.0,,Delivered,4.2
ORD13643,2024-08-03,CUST1951,Raksha Ramakrishnan,INDORE,Madhya Pradesh,PID354,Dumbbells,sports,Dumbbells,53844.86,2.0,30.0,Cash on Delivery,Cancelled,2.4
ORD10523,2023-11-24,CUST1404,Gopal Tella,LUCKNOW,Uttar Pradesh,PID104,Air Fryer,Home & Kitchen,Air Fryer,66362.07,2.0,30.0,Credit Card,Cancelled,4.2
ORD10592,2023-10-19,CUST1825,Jacob Chana,Bangalore,Karnataka,PID528,Mixer Grinder,Home & Kitchen,Mixer Grinder,41375.3,2.0,30.0,Debit Card,Returned,3.8
ORD13458,2024-05-11,CUST1923,Daksh Bal,pune,Maharashtra,PID238,Dumbbells,SPORTS,Dumbbells,61780.55,1.0,30.0,,Returned,1.7
ORD14356,2023-09-22,CUST1814,Urvashi Bath,SURAT,Gujarat,PID260,Textbook,books,Textbook,38566.06,3.0,0.0,UPI,Cancelled,3.7
ORD12226,2024-10-18,CUST1497,Upasna Das, Bangalore ,Karnataka,PID383,Tablet,electronics,Tablet,33681.37,2.0,10.0,,Delivered,4.6
ORD12260,2023-03-18,CUST1676,Atharv Bedi,chennai,Tamil Nadu,PID311,Smartphone,Electronics,Smartphone,66262.83,2.0,25.0,Cash on Delivery,Delivered,2.7
ORD12958,2024-03-19,CUST1136,Girik Sinha,ahmedabad,Gujarat,PID381,Jacket,Fashion,Jacket,29934.97,5.0,5.0,,Returned,1.9
ORD13746,2023-04-29,CUST1952,Madhav Khosla,hyderabad,Telangana,PID291,Novel,BOOKS,Novel,32593.74,2.0,25.0,Cash on Delivery,Delivered,3.5
ORD14564,2024-06-25,CUST1124,Sudiksha Pillai,Chennai,Tamil Nadu,PID414,T-Shirt,Fashion,T-Shirt,3116.39,1.0,5.0,Cash on Delivery,Delivered,
ORD13820,2024-01-12,CUST1468,Vincent Dara,JAIPUR,Rajasthan,PID331,Bedsheet,home & kitchen,Bedsheet,48072.7,3.0,15.0,Cash on Delivery,Delivered,4.5
ORD12658,2023-01-07,CUST1351,Fitan Ramanathan,Kolkata,West Bengal,PID199,Bedsheet,home & kitchen,Bedsheet,19034.74,3.0,30.0,UPI,Delayed,4.0
ORD14611,2024-06-20,CUST1396,Saanvi Bandi,Pune,Maharashtra,PID110,Mixer Grinder,Home & Kitchen,Mixer Grinder,45756.89,3.0,5.0,Net Banking,,4.7
ORD13294,2024-07-17,CUST1556,Kevin Nair,HYDERABAD,Telangana,PID501,Yoga Mat,sports,Yoga Mat,65459.15,3.0,0.0,Debit Card,Delayed,3.4
ORD12527,2024-01-23,CUST1498,Aarna Mohan,Jaipur,Rajasthan,PID401,Textbook,Books,Textbook,58455.13,5.0,0.0,Net Banking,Returned,4.6
ORD14869,2023-08-11,CUST1725,Zinal Kala,mumbai,Maharashtra,PID592,Comic,books,Comic,36071.64,4.0,0.0,UPI,,4.5
ORD10577,2023-06-16,CUST1951,Lucky Desai,DELHI,Delhi,PID116,Kurta,fashion,Kurta,9530.35,3.0,20.0,Debit Card,Delivered,1.3
ORD11651,2024-09-13,CUST1098,Pavani Patel,jaipur,Rajasthan,PID506,Smartwatch,ELECTRONICS,Smartwatch,54914.5,3.0,5.0,UPI,Delivered,2.8
ORD13811,2024-04-21,CUST1955,Kai Sinha,SURAT,Gujarat,PID103,Lipstick,BEAUTY,Lipstick,70803.75,5.0,0.0,Debit Card,Delivered,2.7
ORD11961,2024-06-04,CUST1035,Lekha Boase, Kolkata ,West Bengal,PID575,Cricket Bat,Sports,Cricket Bat,60882.07,0.0,30.0,,Returned,3.0
ORD14779,2023-05-25,CUST1786,Jagvi Subramaniam, Indore ,Madhya Pradesh,PID436,Kurta,fashion,Kurta,28238.44,1.0,5.0,Debit Card,,1.9
ORD10552,2023-08-16,CUST1275,Jeremiah Dixit,lucknow,Uttar Pradesh,PID286,Face Wash,Beauty,Face Wash,18087.97,5.0,15.0,,Delivered,2.9
ORD11636,2023-08-08,CUST1600,Samuel Natarajan,lucknow,Uttar Pradesh,PID508,Air Fryer,home & kitchen,Air Fryer,25046.91,1.0,0.0,,Returned,1.8
ORD11275,2023-09-23,CUST1327,Nihal Chanda, Mumbai ,Maharashtra,PID341,Smartphone,Electronics,Smartphone,29427.77,3.0,30.0,Net Banking,,1.6
ORD11817,30/06/2023,CUST1702,Ijaya Randhawa, Mumbai ,Maharashtra,PID490,Novel,Books,Novel,60914.26,5.0,0.0,Debit Card,Cancelled,1.2
ORD10756,16/06/2023,CUST1328,Chakradev Doshi,bangalore,Karnataka,PID114,Sneakers,fashion,Sneakers,15841.18,2.0,5.0,Debit Card,,1.8
ORD13857,2024-03-14,CUST1694,Zinal Subramaniam,Indore,Madhya Pradesh,PID301,Kurta,fashion,Kurta,89830.38,5.0,5.0,Debit Card,Cancelled,4.2
ORD12635,2023-05-03,CUST1293,Kiaan Madan,Jaipur,Rajasthan,PID336,T-Shirt,fashion,T-Shirt,89577.69,3.0,40.0,UPI,Delivered,4.0
ORD11328,2024-08-14,CUST1859,Aadhya Pau,MUMBAI,Maharashtra,PID415,Dumbbells,sports,Dumbbells,36731.08,1.0,10.0,Cash on Delivery,Delivered,3.7
ORD10640,2024-10-06,CUST1581,Chameli Om,ahmedabad,Gujarat,PID379,Perfume,BEAUTY,Perfume,18227.17,2.0,0.0,Credit Card,Delivered,
ORD14702,2023-02-06,CUST1911,Bhavani Sathe,KOLKATA,West Bengal,PID366,Jeans,Fashion,Jeans,79333.95,5.0,25.0,UPI,Cancelled,3.3
ORD10044,2024-11-07,CUST1705,Daksh Taneja, Lucknow ,Uttar Pradesh,PID404,Perfume,BEAUTY,Perfume,55949.3,2.0,20.0,Credit Card,Delivered,2.0
ORD10008,2024-06-03,CUST1382,Sai Chander,DELHI,Delhi,PID490,Bedsheet,Home & Kitchen,Bedsheet,0.0,3.0,10.0,,Cancelled,4.5
ORD10481,2024-11-10,CUST1531,Anya Shetty,bangalore,Karnataka,PID337,Football,SPORTS,Football,76657.51,2.0,40.0,,,1.7
ORD14677,2024-04-30,CUST1288,Ayush Iyer,Pune,Maharashtra,PID437,Jacket,fashion,Jacket,67030.83,2.0,10.0,Debit Card,Delivered,
ORD10472,2023-08-27,CUST1901,Lohit Pant, Delhi ,Delhi,PID417,Dumbbells,SPORTS,Dumbbells,9299.21,4.0,30.0,Cash on Delivery,Delayed,4.1
ORD10422,2023-06-18,CUST1193,Gavin Dani, Pune ,Maharashtra,PID176,Bedsheet,Home & Kitchen,Bedsheet,25570.86,3.0,30.0,Credit Card,Cancelled,5.0
ORD13863,2024-05-17,CUST1992,Vrishti Ganguly, Jaipur ,Rajasthan,PID347,Air Fryer,HOME & KITCHEN,Air Fryer,72630.37,5.0,0.0,UPI,Delivered,1.9
ORD13735,2023-04-01,CUST1004,Radha Pant,Bangalore,Karnataka,PID345,Water Bottle,HOME & KITCHEN,Water Bottle,30349.04,2.0,30.0,Net Banking,Delayed,4.6
ORD13956,2023-11-14,CUST1104,Matthew Banerjee,Surat,Gujarat,PID111,Biography,Books,Biography,12405.19,4.0,15.0,Cash on Delivery,Delivered,3.0
ORD10655,26/03/2024,CUST1059,Leena Dhillon,DELHI,Delhi,PID396,Novel,BOOKS,Novel,27724.53,2.0,0.0,,,1.1
ORD13066,2024-07-09,CUST1234,Chakrika Chand,Bangalore,Karnataka,PID195,Yoga Mat,Sports,Yoga Mat,68608.95,4.0,30.0,Debit Card,Delivered,4.9
ORD14565,2023-11-12,CUST1720,Idika Raghavan, Pune ,Maharashtra,PID243,Novel,Books,Novel,74977.49,5.0,0.0,,,1.6
ORD13224,2023-05-08,CUST1284,Frederick Khalsa,Chennai,Tamil Nadu,PID407,Lipstick,beauty,Lipstick,10459.8,2.0,40.0,UPI,Delivered,3.6
ORD10465,2024-11-27,CUST1226,Jonathan Pal,delhi,Delhi,PID219,Cricket Bat,sports,Cricket Bat,41722.92,2.0,20.0,Net Banking,Returned,2.4
ORD13485,2023-01-23,CUST1380,Balendra Wali,Surat,Gujarat,PID469,Laptop,electronics,Laptop,35257.98,5.0,30.0,,Delayed,3.2
ORD11692,2024-12-25,CUST1349,Januja Mutti,INDORE,Madhya Pradesh,PID324,Smartwatch,Electronics,Smartwatch,80080.29,4.0,20.0,Debit Card,Returned,4.7
ORD11034,2024-11-08,CUST1547,Januja Chaudhary,bangalore,Karnataka,PID170,Biography,BOOKS,Biography,80785.6,1.0,20.0,Net Banking,Delayed,4.3
ORD10698,2023-07-06,CUST1222,Gauri Sahota,LUCKNOW,Uttar Pradesh,PID426,Air Fryer,Home & Kitchen,Air Fryer,75274.09,1.0,5.0,UPI,,1.7
ORD12231,2023-11-12,CUST1812,Ekbal Din,MUMBAI,Maharashtra,PID266,Bluetooth Speaker,electronics,Bluetooth Speaker,19655.35,1.0,10.0,,Delayed,1.7
ORD10760,2023-05-15,CUST1927,Yashica Zachariah,Surat,Gujarat,PID509,Jacket,fashion,Jacket,27204.57,5.0,20.0,,,2.5
ORD13706,30/05/2023,CUST1592,Wyatt Lalla,KOLKATA,West Bengal,PID326,Lipstick,Beauty,Lipstick,62486.27,1.0,40.0,Net Banking,Cancelled,3.8
ORD10066,2023-10-11,CUST1676,Bina Kala,LUCKNOW,Uttar Pradesh,PID543,Textbook,Books,Textbook,19553.23,2.0,0.0,Debit Card,,1.6
ORD13417,2023-12-14,CUST1290,Zashil Mall,kolkata,West Bengal,PID485,Bedsheet,HOME & KITCHEN,Bedsheet,25772.98,1.0,25.0,Net Banking,,3.0
ORD12986,2023-07-12,CUST1012,Samar Borah,LUCKNOW,Uttar Pradesh,PID238,Jacket,fashion,Jacket,67106.9,2.0,15.0,Net Banking,Delayed,3.7
ORD12481,2024-03-21,CUST1829,Azaan Batta,DELHI,Delhi,PID196,Laptop,Electronics,Laptop,89184.05,5.0,20.0,UPI,Returned,3.4
ORD11433,2024-08-26,CUST1597,Abhimanyu Vasa,ahmedabad,Gujarat,PID264,Water Bottle,Home & Kitchen,Water Bottle,13521.2,5.0,40.0,,Delivered,1.9
ORD13548,2024-11-26,CUST1479,Manthan Halder,hyderabad,Telangana,PID179,Shampoo,BEAUTY,Shampoo,15198.27,5.0,0.0,,,4.6
ORD13511,2023-03-08,CUST1559,Chandran Bal,kolkata,West Bengal,PID196,Football,Sports,Football,85833.87,2.0,25.0,Debit Card,Delayed,1.7
ORD14291,2024-09-07,CUST1320,Ranbir Sachdev,Chennai,Tamil Nadu,PID127,Water Bottle,HOME & KITCHEN,Water Bottle,43646.33,2.0,5.0,Net Banking,Delayed,1.5
ORD12093,2024-07-29,CUST1124,Ishwar Pandey,Surat,Gujarat,PID111,Jacket,Fashion,Jacket,41254.08,4.0,15.0,Cash on Delivery,Delivered,3.6
ORD13134,2023-06-09,CUST1277,Qabil Badal,LUCKNOW,Uttar Pradesh,PID418,Sunscreen,beauty,Sunscreen,17008.26,5.0,10.0,Cash on Delivery,Delivered,3.6
ORD10996,2024-06-06,CUST1602,Vedika Sibal,kolkata,West Bengal,PID316,Biography,books,Biography,48571.5,2.0,25.0,Net Banking,Returned,4.0
ORD12372,2023-01-28,CUST1999,Nikita Brahmbhatt,lucknow,Uttar Pradesh,PID105,Lipstick,BEAUTY,Lipstick,57764.17,4.0,30.0,Net Banking,,3.6
ORD14800,2023-04-06,CUST1606,Vrishti Mall,kolkata,West Bengal,PID423,Jeans,fashion,Jeans,4596.86,1.0,20.0,Credit Card,Delivered,4.1
ORD13191,2023-05-10,CUST1398,Pratyush Desai,Indore,Madhya Pradesh,PID393,Perfume,beauty,Perfume,48531.35,1.0,40.0,UPI,Cancelled,4.1
ORD14826,2023-05-23,CUST1425,Devika Kade,BANGALORE,Karnataka,PID522,Comic,BOOKS,Comic,70643.56,4.0,20.0,UPI,Delivered,3.9
ORD11781,03/01/2024,CUST1748,Kevin Narayan, Pune ,Maharashtra,PID468,Saree,Fashion,Saree,0.0,2.0,5.0,Cash on Delivery,Cancelled,4.3
ORD14008,2024-01-08,CUST1006,Udyati Bath,Kolkata,West Bengal,PID390,Bedsheet,Home & Kitchen,Bedsheet,75736.02,1.0,5.0,Net Banking,Delayed,3.2
ORD12110,2023-06-30,CUST1182,Yatin Narain,MUMBAI,Maharashtra,PID356,Comic,BOOKS,Comic,52954.93,3.0,40.0,,Delayed,2.6
ORD13290,2024-02-14,CUST1291,Ikbal Chakraborty, Delhi ,Delhi,PID429,Yoga Mat,sports,Yoga Mat,48324.24,5.0,5.0,Credit Card,Cancelled,1.5
ORD13463,2024-10-11,CUST1847,Chasmum Lad,SURAT,Gujarat,PID379,Bluetooth Speaker,electronics,Bluetooth Speaker,60148.6,1.0,0.0,UPI,Delivered,3.6
ORD10130,2023-09-04,CUST1570,Yash Bora, Jaipur ,Rajasthan,PID371,Air Fryer,HOME & KITCHEN,Air Fryer,28788.29,4.0,40.0,Cash on Delivery,Delivered,2.2
ORD13733,2023-09-21,CUST1303,Jacob Minhas,Indore,Madhya Pradesh,PID364,Air Fryer,HOME & KITCHEN,Air Fryer,10289.65,5.0,20.0,Cash on Delivery,Delivered,2.5
ORD13478,2023-07-02,CUST1566,Nathaniel Gaba,Jaipur,Rajasthan,PID322,Laptop,Electronics,Laptop,56458.29,5.0,40.0,Debit Card,Delivered,4.5
ORD10850,2023-01-01,CUST1972,Gavin Rajagopal,Indore,Madhya Pradesh,PID256,Dumbbells,sports,Dumbbells,67678.16,4.0,15.0,Cash on Delivery,Delivered,4.9
ORD13136,2024-10-18,CUST1295,Jagvi Merchant,DELHI,Delhi,PID446,Cricket Bat,SPORTS,Cricket Bat,15213.53,5.0,15.0,Debit Card,Delivered,4.1
ORD13700,2024-08-24,CUST1022,Ethan Gola,hyderabad,Telangana,PID123,Jacket,FASHION,Jacket,86781.91,5.0,30.0,,Returned,2.8
ORD14396,2023-06-04,CUST1303,Suhani Raman, Surat ,Gujarat,PID576,Cricket Bat,sports,Cricket Bat,72730.4,4.0,20.0,Net Banking,,1.3
ORD13236,2023-11-04,CUST1669,Maanas Sanghvi, Mumbai ,Maharashtra,PID408,Air Fryer,HOME & KITCHEN,Air Fryer,59718.8,4.0,10.0,,,3.9
ORD12286,2023-05-19,CUST1106,Xalak Pradhan, Kolkata ,West Bengal,PID175,Lipstick,BEAUTY,Lipstick,26545.36,4.0,40.0,Debit Card,,
ORD13713,2023-01-24,CUST1185,Chakradev Sundaram, Jaipur ,Rajasthan,PID147,Mixer Grinder,home & kitchen,Mixer Grinder,9592.27,4.0,5.0,,Delivered,4.3
ORD14462,2024-09-14,CUST1777,Jhalak Baria, Delhi ,Delhi,PID595,Football,SPORTS,Football,33735.46,4.0,25.0,Debit Card,Delivered,1.3
ORD14129,17/10/2024,CUST1698,Wyatt Buch,BANGALORE,Karnataka,PID167,Bedsheet,home & kitchen,Bedsheet,0.0,3.0,10.0,UPI,,2.5
ORD10078,2023-12-08,CUST1359,Anya Goel,PUNE,Maharashtra,PID472,Laptop,ELECTRONICS,Laptop,53060.09,3.0,15.0,Net Banking,Cancelled,1.3
ORD14857,2023-08-19,CUST1709,Reva Kumer,surat,Gujarat,PID126,Air Fryer,HOME & KITCHEN,Air Fryer,3650.55,5.0,5.0,UPI,Delayed,4.5
ORD11923,2023-07-20,CUST1737,Geetika Minhas, Delhi ,Delhi,PID568,Tablet,electronics,Tablet,80944.68,2.0,15.0,,Cancelled,2.3
ORD11514,2024-11-22,CUST1678,Teerth Goyal, Bangalore ,Karnataka,PID328,Face Wash,beauty,Face Wash,6725.52,3.0,20.0,UPI,Delivered,1.9
ORD14888,2023-11-18,CUST1594,Hitesh Bir,CHENNAI,Tamil Nadu,PID476,Lipstick,beauty,Lipstick,33133.38,3.0,25.0,Credit Card,Delivered,4.4
ORD12571,2024-12-20,CUST1857,Kai Rege, Indore ,Madhya Pradesh,PID292,Novel,Books,Novel,13797.39,3.0,30.0,UPI,,2.2
ORD14884,2023-06-14,CUST1698,Lajita Thakkar,Surat,Gujarat,PID253,Biography,Books,Biography,17271.01,2.0,20.0,Credit Card,Delivered,
ORD12103,2024-10-05,CUST1221,Laban Baral, Mumbai ,Maharashtra,PID547,Mixer Grinder,HOME & KITCHEN,Mixer Grinder,1220.97,2.0,15.0,Cash on Delivery,Cancelled,4.8
ORD13502,2023-11-14,CUST1024,Aradhana Sood, Chennai ,Tamil Nadu,PID291,Textbook,books,Textbook,80664.23,5.0,0.0,Debit Card,Delivered,
ORD14723,2024-08-09,CUST1954,Ekalinga Sahni,HYDERABAD,Telangana,PID356,Football,SPORTS,Football,65646.54,1.0,20.0,UPI,Delivered,
ORD13786,2023-03-11,CUST1066,Ayushman Narang,JAIPUR,Rajasthan,PID468,Comic,BOOKS,Comic,29136.43,3.0,25.0,Credit Card,Delivered,3.0
ORD14853,2023-06-27,CUST1795,Gabriel Jha,kolkata,West Bengal,PID252,Face Wash,Beauty,Face Wash,30457.88,3.0,10.0,,Cancelled,
ORD11482,2024-08-23,CUST1046,Zayyan Natarajan,AHMEDABAD,Gujarat,PID314,Smartwatch,Electronics,Smartwatch,88760.29,2.0,15.0,Debit Card,Delivered,1.2
ORD14238,2024-01-23,CUST1658,Yagnesh Ganesh,PUNE,Maharashtra,PID387,Perfume,Beauty,Perfume,89240.25,4.0,25.0,UPI,,4.0
ORD10383,2023-07-24,CUST1311,Aishani Handa,delhi,Delhi,PID352,Biography,books,Biography,744.71,2.0,10.0,UPI,,2.5
ORD13623,2024-06-12,CUST1185,Ekani Dave,BANGALORE,Karnataka,PID235,Shampoo,Beauty,Shampoo,16841.17,3.0,15.0,Net Banking,Delivered,1.2
ORD14484,2024-11-01,CUST1642,Nirja Khosla,chennai,Tamil Nadu,PID478,Jeans,fashion,Jeans,53616.11,5.0,25.0,Credit Card,Delivered,2.0
ORD14097,2023-04-13,CUST1532,Upkaar Ramakrishnan, Mumbai ,Maharashtra,PID580,Sneakers,fashion,Sneakers,52063.81,5.0,25.0,Net Banking,Cancelled,1.1
ORD14897,2024-03-05,CUST1924,Vinaya Raj,AHMEDABAD,Gujarat,PID439,Cookware Set,Home & Kitchen,Cookware Set,13534.41,1.0,0.0,Credit Card,Delayed,2.1
ORD14426,2023-12-13,CUST1183,Fiyaz Boase,jaipur,Rajasthan,PID257,Saree,Fashion,Saree,25403.61,2.0,10.0,Net Banking,Delivered,4.2
ORD10559,2023-02-22,CUST1355,Krish Zacharia,Jaipur,Rajasthan,PID423,T-Shirt,fashion,T-Shirt,21553.78,3.0,20.0,Net Banking,Delivered,2.0
ORD10836,2023-06-06,CUST1522,Charan Yogi, Mumbai ,Maharashtra,PID491,Novel,Books,Novel,57914.79,1.0,15.0,Cash on Delivery,,1.6
ORD10030,2024-07-07,CUST1424,Champak Venkatesh,SURAT,Gujarat,PID308,Biography,Books,Biography,21646.24,2.0,25.0,Credit Card,Returned,1.6
ORD10464,2024-11-19,CUST1859,Aryan Deshmukh, Pune ,Maharashtra,PID493,Dumbbells,Sports,Dumbbells,48501.11,1.0,40.0,Net Banking,Delivered,4.9
ORD13612,2024-07-15,CUST1669,Tarak Nair, Surat ,Gujarat,PID360,Smartwatch,electronics,Smartwatch,9809.94,4.0,10.0,Debit Card,Delivered,
ORD10917,2023-04-20,CUST1162,Diya Jayaraman,Pune,Maharashtra,PID402,Headphones,ELECTRONICS,Headphones,8503.13,2.0,0.0,Cash on Delivery,Cancelled,1.2
ORD11826,2024-07-15,CUST1995,Nihal Parekh,chennai,Tamil Nadu,PID449,Headphones,ELECTRONICS,Headphones,26791.13,5.0,40.0,UPI,,3.9
ORD11300,2024-02-15,CUST1873,Jagrati Shere,BANGALORE,Karnataka,PID360,Tablet,electronics,Tablet,16395.91,1.0,15.0,Cash on Delivery,Delivered,2.7
ORD13921,2024-08-14,CUST1755,Falan Thakur,Kolkata,West Bengal,PID539,Smartwatch,ELECTRONICS,Smartwatch,89599.76,5.0,40.0,,Returned,
ORD14601,14/09/2023,CUST1561,Ishanvi Malhotra, Lucknow ,Uttar Pradesh,PID235,Yoga Mat,SPORTS,Yoga Mat,61758.53,5.0,10.0,Cash on Delivery,Cancelled,4.2
ORD14341,2024-02-19,CUST1449,Yatin Master, Indore ,Madhya Pradesh,PID126,Sunscreen,BEAUTY,Sunscreen,8185.91,2.0,5.0,Credit Card,Cancelled,3.1
ORD13824,2024-11-27,CUST1948,Lohit Bera,ahmedabad,Gujarat,PID264,Smartphone,ELECTRONICS,Smartphone,0.0,2.0,25.0,Cash on Delivery,Delayed,4.9
ORD10519,2023-05-11,CUST1917,Kai Arora, Indore ,Madhya Pradesh,PID328,Face Wash,Beauty,Face Wash,34729.54,5.0,0.0,Net Banking,,1.3
ORD14937,2024-08-18,CUST1450,Ridhi Sekhon,Chennai,Tamil Nadu,PID108,Bedsheet,HOME & KITCHEN,Bedsheet,24652.49,4.0,25.0,Net Banking,Delivered,1.9
ORD13029,2024-10-05,CUST1892,Guneet Dash,MUMBAI,Maharashtra,PID301,Jeans,Fashion,Jeans,61008.54,2.0,30.0,Credit Card,Delayed,1.0
ORD11873,2024-08-03,CUST1094,Christopher Rau,Hyderabad,Telangana,PID407,Laptop,Electronics,Laptop,78974.06,3.0,25.0,UPI,Delivered,2.6
ORD13193,2024-08-21,CUST1069,Jason Jha,PUNE,Maharashtra,PID557,Jacket,Fashion,Jacket,13871.66,0.0,20.0,,Returned,2.2
ORD10596,2023-05-12,CUST1236,Yashawini Raghavan,AHMEDABAD,Gujarat,PID150,Biography,BOOKS,Biography,50083.2,4.0,30.0,Cash on Delivery,Delivered,2.6
ORD10470,2023-04-21,CUST1794,Balendra Shanker,MUMBAI,Maharashtra,PID407,Cricket Bat,Sports,Cricket Bat,43274.98,3.0,15.0,Debit Card,Cancelled,4.8
ORD14768,2024-07-09,CUST1622,Yashvi Jha, Jaipur ,Rajasthan,PID123,Cricket Bat,Sports,Cricket Bat,89567.3,2.0,15.0,Debit Card,,2.1
ORD14783,2024-12-31,CUST1015,Azaan Nanda,hyderabad,Telangana,PID475,Smartphone,electronics,Smartphone,65773.56,5.0,0.0,Credit Card,Delivered,4.3
ORD13852,2024-02-18,CUST1348,Frado Ganesan, Chennai ,Tamil Nadu,PID416,Smartphone,Electronics,Smartphone,35769.63,3.0,25.0,Cash on Delivery,Returned,4.4
ORD12416,2023-12-01,CUST1703,Jyoti Brar, Mumbai ,Maharashtra,PID390,Smartphone,Electronics,Smartphone,7643.14,5.0,15.0,Credit Card,,4.4
ORD12294,2024-11-24,CUST1473,Hitesh Dar,delhi,Delhi,PID192,Yoga Mat,sports,Yoga Mat,80821.16,4.0,5.0,UPI,Delayed,4.8
ORD13038,2023-08-14,CUST1973,Jairaj Jani,LUCKNOW,Uttar Pradesh,PID450,Kurta,FASHION,Kurta,56933.27,4.0,20.0,Cash on Delivery,Delivered,4.5
ORD11555,2024-07-20,CUST1785,Atharv Bajwa, Bangalore ,Karnataka,PID289,T-Shirt,FASHION,T-Shirt,33331.37,3.0,10.0,Debit Card,Delivered,3.9
ORD10098,2023-07-10,CUST1456,Girish Pathak,bangalore,Karnataka,PID209,Tablet,electronics,Tablet,47721.97,2.0,0.0,Debit Card,,2.5
ORD13850,2024-07-31,CUST1163,Frederick Bhatt,jaipur,Rajasthan,PID225,Lipstick,BEAUTY,Lipstick,49839.98,0.0,25.0,UPI,,2.4
ORD13977,2023-12-18,CUST1803,Wahab Badami,lucknow,Uttar Pradesh,PID407,Textbook,Books,Textbook,20860.96,1.0,25.0,Debit Card,Returned,3.9
ORD12213,2023-08-29,CUST1668,Ekta Garde,DELHI,Delhi,PID584,Mixer Grinder,Home & Kitchen,Mixer Grinder,81171.58,5.0,15.0,Credit Card,Delivered,3.1
ORD12430,2023-10-04,CUST1098,Ethan Goyal,hyderabad,Telangana,PID453,Smartwatch,Electronics,Smartwatch,38308.22,2.0,30.0,Debit Card,Returned,2.3
ORD12246,2024-07-16,CUST1529,Priya Sule,Hyderabad,Telangana,PID595,Smartwatch,ELECTRONICS,Smartwatch,-65363.41,3.0,30.0,,Returned,3.0
ORD13901,2024-09-16,CUST1375,Qushi Jani,bangalore,Karnataka,PID569,Yoga Mat,SPORTS,Yoga Mat,31844.63,4.0,10.0,Cash on Delivery,Delayed,3.9
ORD12077,2024-04-24,CUST1780,Patrick Sule,MUMBAI,Maharashtra,PID573,Bedsheet,Home & Kitchen,Bedsheet,40598.28,5.0,40.0,Net Banking,Delivered,3.0
ORD10448,2023-12-25,CUST1386,Urmi Gera,KOLKATA,West Bengal,PID366,Cricket Bat,sports,Cricket Bat,30607.38,5.0,15.0,Net Banking,Returned,3.7
ORD14210,2024-05-25,CUST1839,Yashasvi Pathak, Mumbai ,Maharashtra,PID595,Laptop,Electronics,Laptop,85896.85,3.0,30.0,Debit Card,Returned,1.2
ORD11734,2024-11-12,CUST1646,Nakul Vaidya, Chennai ,Tamil Nadu,PID334,Bedsheet,HOME & KITCHEN,Bedsheet,2286.19,5.0,0.0,Net Banking,,4.7
ORD11898,2023-11-11,CUST1635,Upma Karpe,LUCKNOW,Uttar Pradesh,PID442,Shampoo,BEAUTY,Shampoo,59336.45,4.0,25.0,Debit Card,Delayed,4.3
ORD11018,2024-12-12,CUST1282,Dev Samra,Indore,Madhya Pradesh,PID197,Bluetooth Speaker,Electronics,Bluetooth Speaker,59015.8,5.0,10.0,Credit Card,Delayed,4.3
ORD12869,2024-03-10,CUST1694,Ekaraj Khosla, Hyderabad ,Telangana,PID547,Laptop,electronics,Laptop,76509.79,1.0,20.0,Credit Card,Delayed,2.2
ORD10015,2023-02-28,CUST1082,Baghyawati Bahl,Bangalore,Karnataka,PID535,Biography,books,Biography,17212.32,5.0,25.0,Net Banking,Delivered,2.9
ORD14023,2024-06-18,CUST1647,Ikbal Balasubramanian, Delhi ,Delhi,PID469,Headphones,electronics,Headphones,9639.19,1.0,25.0,Net Banking,Delivered,3.9
ORD14815,2023-02-19,CUST1762,Maanav Chacko,Indore,Madhya Pradesh,PID213,Smartphone,Electronics,Smartphone,50266.99,0.0,25.0,,Cancelled,1.2
ORD11216,2024-08-21,CUST1137,Yashodhara Bath, Surat ,Gujarat,PID430,Cricket Bat,SPORTS,Cricket Bat,28759.76,1.0,15.0,Credit Card,,2.0
ORD14735,2024-02-28,CUST1625,Zilmil Ravel,lucknow,Uttar Pradesh,PID435,Tablet,Electronics,Tablet,64478.42,3.0,0.0,Credit Card,Delivered,3.3
ORD13664,2023-05-03,CUST1560,Anthony Kari,bangalore,Karnataka,PID352,Football,Sports,Football,28986.24,3.0,25.0,Cash on Delivery,Delivered,1.4
ORD12131,2023-12-31,CUST1468,Aryan Bansal, Jaipur ,Rajasthan,PID579,Bedsheet,home & kitchen,Bedsheet,47930.17,3.0,20.0,Debit Card,Delivered,2.6
ORD14644,2023-05-30,CUST1663,Fiyaz Bains,LUCKNOW,Uttar Pradesh,PID495,Football,sports,Football,27028.06,3.0,20.0,,Delayed,1.2
ORD12770,2024-04-10,CUST1286,Yug Handa,BANGALORE,Karnataka,PID321,Sneakers,Fashion,Sneakers,52954.84,5.0,40.0,Debit Card,Delivered,3.9
ORD14311,2023-05-13,CUST1173,Harish Dugal,MUMBAI,Maharashtra,PID112,Bluetooth Speaker,Electronics,Bluetooth Speaker,26145.37,0.0,0.0,Net Banking,Delayed,3.7
ORD13322,2024-10-21,CUST1603,Radha Chana,kolkata,West Bengal,PID403,Cricket Bat,SPORTS,Cricket Bat,81075.98,3.0,20.0,UPI,,1.1
ORD14814,2024-07-11,CUST1520,Krishna Khurana,CHENNAI,Tamil Nadu,PID582,T-Shirt,Fashion,T-Shirt,53838.0,1.0,5.0,Net Banking,Delayed,2.3
ORD10287,2024-10-02,CUST1499,Agastya Sidhu,Indore,Madhya Pradesh,PID219,Biography,Books,Biography,53719.67,2.0,25.0,Net Banking,,2.4
ORD14048,2024-04-13,CUST1763,Jagrati Loyal, Lucknow ,Uttar Pradesh,PID568,Kurta,FASHION,Kurta,5892.29,5.0,20.0,Credit Card,Cancelled,4.1
ORD12313,2024-12-12,CUST1342,Lopa Singhal,pune,Maharashtra,PID211,Smartphone,electronics,Smartphone,58386.92,3.0,40.0,Cash on Delivery,Cancelled,1.3
ORD13245,2023-05-10,CUST1864,Guneet Pall,bangalore,Karnataka,PID564,Mixer Grinder,Home & Kitchen,Mixer Grinder,62031.45,4.0,15.0,,Returned,4.1
ORD10780,2023-09-27,CUST1981,Aahana Badami,surat,Gujarat,PID454,Biography,Books,Biography,51854.8,3.0,25.0,Credit Card,Delivered,2.5
ORD14875,2023-05-21,CUST1825,Anusha Kumer,LUCKNOW,Uttar Pradesh,PID451,Face Wash,beauty,Face Wash,9893.73,4.0,30.0,Debit Card,Delivered,3.0
ORD14755,23/02/2023,CUST1008,Warinder Narayan,INDORE,Madhya Pradesh,PID132,Bedsheet,Home & Kitchen,Bedsheet,-46773.66,4.0,40.0,Debit Card,Delivered,1.3
ORD12053,30/01/2024,CUST1723,Keya Mann, Hyderabad ,Telangana,PID565,Cookware Set,home & kitchen,Cookware Set,14429.5,1.0,40.0,,Delivered,4.1
ORD10429,2024-05-22,CUST1307,Manthan Korpal,Delhi,Delhi,PID176,Shampoo,BEAUTY,Shampoo,3783.36,2.0,10.0,Cash on Delivery,Delayed,3.6
ORD13508,2024-05-27,CUST1128,Manya Kamdar,Ahmedabad,Gujarat,PID408,Mixer Grinder,HOME & KITCHEN,Mixer Grinder,81052.41,3.0,5.0,Credit Card,Delivered,3.7
ORD14187,2023-10-30,CUST1527,Krishna Talwar,AHMEDABAD,Gujarat,PID468,Perfume,Beauty,Perfume,80454.45,4.0,30.0,,Delayed,2.8
ORD11468,2023-10-07,CUST1381,Vrinda Raghavan,Bangalore,Karnataka,PID555,Perfume,Beauty,Perfume,47411.89,5.0,0.0,Cash on Delivery,Cancelled,3.9
ORD14274,2023-09-25,CUST1461,Jagrati Rajan,CHENNAI,Tamil Nadu,PID460,Bluetooth Speaker,Electronics,Bluetooth Speaker,-20479.27,5.0,25.0,Debit Card,Returned,4.3
ORD14833,2023-05-09,CUST1183,Banjeet Krishnan,hyderabad,Telangana,PID176,Jeans,fashion,Jeans,12506.49,4.0,30.0,Credit Card,,2.0
ORD14574,2024-11-03,CUST1977,Qabil Natarajan,AHMEDABAD,Gujarat,PID423,Biography,books,Biography,89103.86,4.0,10.0,Net Banking,Delivered,1.5
ORD14835,2023-11-06,CUST1014,Logan Kapadia,lucknow,Uttar Pradesh,PID416,Yoga Mat,sports,Yoga Mat,25443.31,5.0,15.0,UPI,Cancelled,1.6
ORD10351,2023-09-21,CUST1264,Divya Jaggi,kolkata,West Bengal,PID589,Bedsheet,Home & Kitchen,Bedsheet,59493.93,3.0,25.0,Cash on Delivery,Delayed,1.3
ORD10166,2023-04-16,CUST1543,Aachal Jha,PUNE,Maharashtra,PID388,Mixer Grinder,Home & Kitchen,Mixer Grinder,62508.69,1.0,5.0,Credit Card,Returned,4.5
ORD13279,2023-09-11,CUST1763,Vansha Vig, Pune ,Maharashtra,PID417,Headphones,ELECTRONICS,Headphones,75212.09,1.0,10.0,Net Banking,Delivered,4.7
ORD10661,2023-12-03,CUST1246,Alka Sahota,Surat,Gujarat,PID327,Biography,books,Biography,47271.66,5.0,15.0,Cash on Delivery,Delivered,4.1
ORD12296,2024-05-17,CUST1591,Victor Ramakrishnan,JAIPUR,Rajasthan,PID589,Yoga Mat,SPORTS,Yoga Mat,74897.58,5.0,10.0,Net Banking,Delivered,3.5
ORD11340,2023-05-17,CUST1782,Girik Varughese,SURAT,Gujarat,PID317,Biography,books,Biography,-68529.9,3.0,25.0,Debit Card,Delivered,4.6
ORD12948,2023-06-26,CUST1219,Zaitra Sem,KOLKATA,West Bengal,PID337,Jacket,FASHION,Jacket,11941.97,2.0,40.0,Debit Card,Delivered,4.3
ORD13316,2024-06-06,CUST1480,Dhruv Saraf,Pune,Maharashtra,PID421,Dumbbells,Sports,Dumbbells,66003.19,2.0,40.0,Net Banking,Cancelled,1.6
ORD12619,2023-10-31,CUST1643,Bina Aggarwal,Delhi,Delhi,PID416,Dumbbells,Sports,Dumbbells,61807.59,3.0,5.0,Net Banking,Delivered,
ORD12207,2024-12-12,CUST1722,Praneel Bera, Bangalore ,Karnataka,PID226,Cricket Bat,SPORTS,Cricket Bat,25565.74,4.0,15.0,,Cancelled,1.3
ORD10384,2024-03-03,CUST1993,Prisha Nayak,ahmedabad,Gujarat,PID134,Biography,BOOKS,Biography,-2561.58,4.0,20.0,UPI,Delivered,4.6
ORD13146,2023-10-07,CUST1145,Yadavi Kamdar,Surat,Gujarat,PID248,Tablet,Electronics,Tablet,11231.35,5.0,40.0,UPI,Cancelled,1.7
ORD12217,2024-07-03,CUST1366,Imaran Varkey,chennai,Tamil Nadu,PID587,Jacket,fashion,Jacket,45726.17,1.0,10.0,UPI,Cancelled,4.9
ORD12189,2024-10-19,CUST1259,Unnati Chada, Delhi ,Delhi,PID325,Headphones,Electronics,Headphones,14653.59,4.0,40.0,Debit Card,Delivered,4.6
ORD10466,2023-04-24,CUST1602,Widisha Sampath,MUMBAI,Maharashtra,PID165,Perfume,Beauty,Perfume,25375.96,0.0,30.0,Net Banking,Delivered,3.3
ORD14020,2023-03-07,CUST1391,Rayaan Batta,Pune,Maharashtra,PID564,Perfume,Beauty,Perfume,6380.58,3.0,25.0,Credit Card,Cancelled,2.5
ORD11133,2023-05-26,CUST1157,Eesha Guha,hyderabad,Telangana,PID277,Air Fryer,HOME & KITCHEN,Air Fryer,11922.52,2.0,10.0,,Delivered,4.7
ORD10300,2023-06-01,CUST1087,Aishani Walla, Kolkata ,West Bengal,PID304,Dumbbells,SPORTS,Dumbbells,67792.69,4.0,30.0,UPI,Cancelled,1.3
ORD12446,12/06/2024,CUST1639,Joshua Toor,delhi,Delhi,PID218,Laptop,Electronics,Laptop,38268.94,2.0,0.0,Cash on Delivery,Delivered,5.0
ORD11616,2023-01-04,CUST1284,Gaurav Parmer,Mumbai,Maharashtra,PID529,Comic,BOOKS,Comic,47478.85,2.0,15.0,Cash on Delivery,Delivered,3.3
ORD13829,2024-04-20,CUST1703,Ayush Gera,Bangalore,Karnataka,PID309,Jeans,fashion,Jeans,24326.37,1.0,15.0,Net Banking,Delivered,
ORD14050,2023-11-05,CUST1099,Upkaar Chauhan, Surat ,Gujarat,PID144,Sunscreen,Beauty,Sunscreen,22876.55,5.0,15.0,,Delivered,2.8
ORD14529,2024-08-01,CUST1847,Aarush Jha,bangalore,Karnataka,PID533,Cookware Set,Home & Kitchen,Cookware Set,8506.37,1.0,40.0,,Delayed,4.8
ORD12318,02/10/2023,CUST1858,Jeremiah Buch,Jaipur,Rajasthan,PID479,Water Bottle,home & kitchen,Water Bottle,72607.6,5.0,5.0,UPI,Delivered,1.9
ORD14469,2024-02-27,CUST1676,Nachiket Banerjee,delhi,Delhi,PID132,Headphones,electronics,Headphones,31884.8,1.0,5.0,Debit Card,Cancelled,4.3
ORD13324,2024-03-01,CUST1001,Sanya Date,INDORE,Madhya Pradesh,PID143,Biography,BOOKS,Biography,46115.09,2.0,30.0,Credit Card,Delivered,4.4
ORD11938,2024-01-06,CUST1218,Sara Andra,CHENNAI,Tamil Nadu,PID492,Sneakers,FASHION,Sneakers,89405.15,4.0,25.0,Debit Card,,2.8
ORD14851,2023-10-25,CUST1829,Azaan Som,PUNE,Maharashtra,PID177,Mixer Grinder,Home & Kitchen,Mixer Grinder,28080.44,5.0,20.0,Cash on Delivery,Returned,3.6
ORD12702,2024-06-25,CUST1004,Jeevika Lad,Lucknow,Uttar Pradesh,PID247,Smartphone,electronics,Smartphone,68521.48,2.0,40.0,Credit Card,Delivered,3.9
ORD13651,2023-04-19,CUST1832,Daksh Buch,BANGALORE,Karnataka,PID458,Cricket Bat,Sports,Cricket Bat,20192.57,1.0,10.0,Net Banking,Delivered,3.2
ORD11049,2023-09-12,CUST1381,Karan Ahluwalia,ahmedabad,Gujarat,PID406,Face Wash,BEAUTY,Face Wash,74952.28,4.0,25.0,Net Banking,Cancelled,3.8
ORD14479,2023-07-05,CUST1016,Bhavya Morar,delhi,Delhi,PID555,Jeans,fashion,Jeans,67902.53,5.0,10.0,Net Banking,,3.8
ORD14165,2023-01-31,CUST1163,Nitesh Garde,ahmedabad,Gujarat,PID493,Smartphone,ELECTRONICS,Smartphone,74247.87,1.0,30.0,UPI,Returned,1.1
ORD11529,25/10/2024,CUST1887,Dhriti Gola, Bangalore ,Karnataka,PID150,Football,sports,Football,60103.85,4.0,25.0,Cash on Delivery,Delayed,3.9
ORD10053,2024-01-31,CUST1514,Advaith Lal,Lucknow,Uttar Pradesh,PID594,Yoga Mat,Sports,Yoga Mat,34559.93,3.0,30.0,Credit Card,Delayed,4.2
ORD10847,2024-01-04,CUST1477,Manan Karan,kolkata,West Bengal,PID330,Perfume,beauty,Perfume,88518.62,4.0,30.0,Credit Card,Delivered,1.3
ORD10252,2024-05-28,CUST1153,Ronith Setty,pune,Maharashtra,PID195,Saree,Fashion,Saree,31857.89,4.0,0.0,Net Banking,Returned,2.8
ORD13035,2023-08-31,CUST1763,Jagrati Gera,Pune,Maharashtra,PID443,Biography,Books,Biography,84026.1,2.0,15.0,,,4.2
ORD11028,2023-03-11,CUST1038,Charita Desai,Mumbai,Maharashtra,PID110,Smartphone,ELECTRONICS,Smartphone,88187.08,3.0,0.0,,Delayed,1.2
ORD11669,2024-12-05,CUST1943,Henry Divan,BANGALORE,Karnataka,PID330,Yoga Mat,SPORTS,Yoga Mat,33824.4,1.0,5.0,Debit Card,Delivered,4.4
ORD10807,2024-09-30,CUST1442,Ganga Saraf, Surat ,Gujarat,PID192,Perfume,beauty,Perfume,27724.87,5.0,20.0,Credit Card,Returned,1.8
ORD11553,2024-12-30,CUST1720,Nihal Dyal,LUCKNOW,Uttar Pradesh,PID470,Saree,fashion,Saree,30342.04,1.0,0.0,Credit Card,,3.5
ORD10032,2023-06-19,CUST1577,Daksha Sidhu, Kolkata ,West Bengal,PID439,Textbook,books,Textbook,19865.03,3.0,30.0,Net Banking,Delivered,4.7
ORD10716,2024-12-11,CUST1513,Aarush Rao,DELHI,Delhi,PID443,Smartwatch,ELECTRONICS,Smartwatch,71458.98,5.0,15.0,Cash on Delivery,Delivered,2.5
ORD12385,2024-12-13,CUST1403,Chaaya Ranganathan,SURAT,Gujarat,PID208,Novel,books,Novel,34690.76,2.0,25.0,UPI,Returned,3.6
ORD13698,2023-03-24,CUST1523,Nandini Lad,JAIPUR,Rajasthan,PID128,Smartwatch,ELECTRONICS,Smartwatch,70695.6,5.0,5.0,Net Banking,Delayed,4.1
ORD14799,2023-07-02,CUST1033,Udant Behl,HYDERABAD,Telangana,PID543,Headphones,electronics,Headphones,70720.98,2.0,20.0,Credit Card,Returned,3.9
ORD14854,2023-05-13,CUST1036,Meghana Gera, Lucknow ,Uttar Pradesh,PID582,Lipstick,beauty,Lipstick,60930.82,2.0,25.0,Cash on Delivery,Delivered,3.3
ORD14791,2023-02-23,CUST1003,William Basu,Indore,Madhya Pradesh,PID158,Football,Sports,Football,2259.83,1.0,5.0,UPI,Cancelled,3.6
ORD14951,18/11/2024,CUST1019,Ira Saraf,hyderabad,Telangana,PID245,Laptop,ELECTRONICS,Laptop,56968.44,5.0,30.0,Net Banking,Cancelled,2.0
ORD14324,2023-10-19,CUST1075,Varsha Chaudhuri,lucknow,Uttar Pradesh,PID458,Sunscreen,BEAUTY,Sunscreen,72606.6,1.0,5.0,Cash on Delivery,Returned,3.2
ORD13751,2023-07-10,CUST1254,Anya Kapoor, Mumbai ,Maharashtra,PID433,Jeans,Fashion,Jeans,29027.95,4.0,5.0,Net Banking,Delayed,3.6
ORD11045,2024-12-17,CUST1472,Charita Pandey,Pune,Maharashtra,PID526,Biography,BOOKS,Biography,76084.75,1.0,10.0,,Delivered,3.2
ORD12328,2024-07-28,CUST1881,Meghana Sami,Delhi,Delhi,PID332,Kurta,Fashion,Kurta,47988.24,3.0,40.0,Credit Card,Cancelled,
ORD12021,2024-05-20,CUST1070,Luke Grewal,Pune,Maharashtra,PID129,Comic,books,Comic,47697.37,3.0,5.0,Net Banking,Delivered,1.9
ORD11760,2023-04-24,CUST1072,Anmol Datta,Chennai,Tamil Nadu,PID533,Novel,BOOKS,Novel,2293.24,0.0,5.0,Debit Card,Delayed,4.0
ORD12145,2024-03-07,CUST1090,Jairaj Pai,chennai,Tamil Nadu,PID123,Football,sports,Football,41657.06,2.0,5.0,,Delayed,1.7
ORD12490,2024-11-11,CUST1821,Megha Baria, Ahmedabad ,Gujarat,PID355,Shampoo,Beauty,Shampoo,85902.11,1.0,5.0,Cash on Delivery,Delivered,2.1
ORD12357,2024-06-23,CUST1496,Chaitaly Mani, Indore ,Madhya Pradesh,PID582,Saree,FASHION,Saree,16083.63,3.0,40.0,Credit Card,Delivered,1.4
ORD13211,2024-10-02,CUST1023,Charan Comar,chennai,Tamil Nadu,PID112,Jacket,FASHION,Jacket,36446.52,4.0,0.0,Cash on Delivery,,
ORD13091,2023-08-05,CUST1478,Yahvi Chowdhury,JAIPUR,Rajasthan,PID306,Tablet,ELECTRONICS,Tablet,24745.87,4.0,5.0,Debit Card,Delayed,2.2
ORD14486,2024-05-09,CUST1969,Fiyaz Butala, Jaipur ,Rajasthan,PID356,Sneakers,fashion,Sneakers,579.53,3.0,30.0,Net Banking,Delivered,3.8
ORD13555,2024-02-29,CUST1807,Unni Savant,LUCKNOW,Uttar Pradesh,PID531,Water Bottle,Home & Kitchen,Water Bottle,56028.44,5.0,0.0,Net Banking,Cancelled,3.9
ORD10331,2023-12-07,CUST1134,Libni Sanghvi, Pune ,Maharashtra,PID147,Smartwatch,electronics,Smartwatch,16231.62,4.0,20.0,Net Banking,Delivered,3.9
ORD13498,2023-09-03,CUST1147,Guneet Keer,DELHI,Delhi,PID278,Tablet,ELECTRONICS,Tablet,1102.51,4.0,10.0,,,
ORD14550,2023-01-20,CUST1855,Yash Boase, Jaipur ,Rajasthan,PID367,Air Fryer,HOME & KITCHEN,Air Fryer,81256.0,3.0,10.0,UPI,Delayed,3.6
ORD11639,2023-06-12,CUST1223,Lekha Desai,Pune,Maharashtra,PID178,Perfume,beauty,Perfume,62035.68,3.0,10.0,UPI,,1.7
ORD11516,2023-06-05,CUST1729,Yashoda Zachariah, Jaipur ,Rajasthan,PID286,Biography,books,Biography,76944.29,1.0,25.0,Credit Card,Returned,4.3
ORD10862,2024-10-02,CUST1891,Bhanumati Palla, Delhi ,Delhi,PID264,Textbook,Books,Textbook,43070.3,2.0,30.0,UPI,,1.9
ORD14534,2023-06-14,CUST1755,Aahana Ramesh,indore,Madhya Pradesh,PID582,Football,Sports,Football,66266.11,1.0,40.0,Net Banking,Delivered,4.1
ORD10989,2023-07-02,CUST1226,Rohan Singh, Surat ,Gujarat,PID544,Mixer Grinder,home & kitchen,Mixer Grinder,61295.57,3.0,40.0,Net Banking,Delivered,2.4
ORD11199,2023-12-01,CUST1500,Chakrika Manne,hyderabad,Telangana,PID525,Shampoo,Beauty,Shampoo,48775.37,5.0,30.0,Net Banking,Delivered,4.4
ORD11112,2023-05-02,CUST1861,Reyansh Nayak,delhi,Delhi,PID596,Football,SPORTS,Football,55864.97,1.0,15.0,Cash on Delivery,Cancelled,
ORD10328,2024-12-04,CUST1591,Wriddhish Agate,mumbai,Maharashtra,PID488,Jacket,Fashion,Jacket,41424.25,1.0,0.0,UPI,Delivered,4.5
ORD11089,2024-06-03,CUST1721,Ati Dani,surat,Gujarat,PID582,Mixer Grinder,HOME & KITCHEN,Mixer Grinder,89111.64,1.0,40.0,UPI,Delivered,1.4
ORD13987,2023-07-16,CUST1598,Imaran Doctor,HYDERABAD,Telangana,PID109,Dumbbells,SPORTS,Dumbbells,74626.57,4.0,10.0,Net Banking,Delayed,4.1
ORD12516,2023-05-06,CUST1525,Ranveer Mital,delhi,Delhi,PID112,Air Fryer,Home & Kitchen,Air Fryer,8404.61,0.0,25.0,UPI,Cancelled,4.5
ORD10004,2023-08-03,CUST1746,Balendra Saha,AHMEDABAD,Gujarat,PID225,Mixer Grinder,home & kitchen,Mixer Grinder,78003.56,3.0,25.0,UPI,Cancelled,3.8
ORD12643,2024-04-29,CUST1014,Naksh Sood,pune,Maharashtra,PID341,Laptop,electronics,Laptop,43878.41,2.0,5.0,Net Banking,Delayed,
ORD13171,2024-04-07,CUST1582,Gunbir Sawhney,Surat,Gujarat,PID107,Face Wash,BEAUTY,Face Wash,84216.64,2.0,25.0,Debit Card,,1.2
ORD11491,2024-07-02,CUST1350,Chakradhar Raju, Lucknow ,Uttar Pradesh,PID391,Perfume,BEAUTY,Perfume,59334.7,5.0,40.0,Credit Card,,1.4
ORD12460,2023-06-24,CUST1405,Bhavika Chaudhuri,LUCKNOW,Uttar Pradesh,PID317,Bedsheet,HOME & KITCHEN,Bedsheet,41657.29,5.0,25.0,Net Banking,Cancelled,1.1
ORD14684,2024-02-07,CUST1001,Upadhriti Tandon,Hyderabad,Telangana,PID549,T-Shirt,FASHION,T-Shirt,24229.6,5.0,0.0,Net Banking,Delivered,4.5
ORD10550,2024-09-24,CUST1253,Ekaja Wali,indore,Madhya Pradesh,PID441,Sunscreen,beauty,Sunscreen,871.4,1.0,15.0,UPI,,3.0
ORD10557,2024-05-21,CUST1798,Dalbir Narasimhan, Hyderabad ,Telangana,PID299,Yoga Mat,sports,Yoga Mat,4233.25,2.0,30.0,Credit Card,Delayed,4.5
ORD12203,2023-02-08,CUST1917,Bhavini Raval,bangalore,Karnataka,PID214,Kurta,FASHION,Kurta,72129.12,4.0,25.0,,Delivered,3.9
ORD12590,2023-11-30,CUST1012,Janya Shankar,delhi,Delhi,PID315,Cookware Set,Home & Kitchen,Cookware Set,66527.83,4.0,30.0,Credit Card,Delivered,
ORD11486,2023-07-20,CUST1438,Ishanvi Bail, Indore ,Madhya Pradesh,PID596,Air Fryer,HOME & KITCHEN,Air Fryer,26021.4,1.0,25.0,UPI,Returned,3.8
ORD13871,2023-04-28,CUST1157,Oliver Sibal,Chennai,Tamil Nadu,PID412,Saree,FASHION,Saree,35730.13,3.0,0.0,Debit Card,Delivered,1.1
ORD10265,2024-12-11,CUST1697,Kashish Gera,delhi,Delhi,PID335,Tablet,ELECTRONICS,Tablet,45359.75,5.0,20.0,Credit Card,,2.5
ORD13390,2024-03-26,CUST1104,Oeshi Toor,Delhi,Delhi,PID358,Water Bottle,home & kitchen,Water Bottle,10932.05,3.0,10.0,Cash on Delivery,Delivered,1.7
ORD11472,2024-05-24,CUST1571,Warda Wason,JAIPUR,Rajasthan,PID399,Bluetooth Speaker,ELECTRONICS,Bluetooth Speaker,60721.0,4.0,25.0,UPI,Returned,3.2
ORD11235,03/05/2023,CUST1417,Xiti Palan,mumbai,Maharashtra,PID505,Sunscreen,beauty,Sunscreen,66930.51,4.0,10.0,,,4.3
ORD11155,2023-09-29,CUST1593,Chakrika Mody, Surat ,Gujarat,PID312,Lipstick,beauty,Lipstick,66716.42,3.0,10.0,Credit Card,Returned,
ORD11402,2024-04-24,CUST1470,Jatin Mangal, Lucknow ,Uttar Pradesh,PID341,Water Bottle,home & kitchen,Water Bottle,87749.91,5.0,0.0,UPI,Cancelled,
ORD13262,2023-11-24,CUST1278,Yashica Krishna,Bangalore,Karnataka,PID427,Mixer Grinder,home & kitchen,Mixer Grinder,4936.29,4.0,20.0,,Cancelled,5.0
ORD10919,2023-08-05,CUST1997,Bahadurjit Lal,LUCKNOW,Uttar Pradesh,PID402,Comic,BOOKS,Comic,71550.29,5.0,30.0,Debit Card,Delivered,2.6
ORD14769,2024-10-17,CUST1465,Saanvi Mittal,Delhi,Delhi,PID170,Jeans,Fashion,Jeans,59346.87,3.0,30.0,Cash on Delivery,Delayed,2.8
ORD11065,2023-09-17,CUST1258,Zansi Kara, Kolkata ,West Bengal,PID189,Bedsheet,home & kitchen,Bedsheet,52152.95,3.0,10.0,,Cancelled,1.1
ORD12349,2024-11-03,CUST1341,Teerth Varghese,INDORE,Madhya Pradesh,PID301,Dumbbells,SPORTS,Dumbbells,61106.84,4.0,15.0,Net Banking,Delayed,4.7
ORD14336,2023-06-10,CUST1174,Nikita Kuruvilla,Delhi,Delhi,PID159,Sneakers,FASHION,Sneakers,43403.42,5.0,0.0,Debit Card,Delivered,1.1
ORD13916,2023-02-17,CUST1884,Vasudha Koshy,chennai,Tamil Nadu,PID259,Sunscreen,Beauty,Sunscreen,84222.77,2.0,10.0,Debit Card,Returned,1.4
ORD12602,2023-09-25,CUST1177,Chanakya Kumer,Pune,Maharashtra,PID320,Laptop,Electronics,Laptop,46093.79,5.0,20.0,Cash on Delivery,Delivered,2.1
ORD11513,2023-05-12,CUST1062,Warjas Grewal,Indore,Madhya Pradesh,PID104,Shampoo,beauty,Shampoo,85518.86,5.0,25.0,Cash on Delivery,Delivered,2.9
ORD11822,2023-12-12,CUST1271,Darpan Thakkar, Jaipur ,Rajasthan,PID269,Biography,BOOKS,Biography,45896.22,1.0,15.0,,Delivered,1.7
ORD10468,2023-10-08,CUST1229,Omya Mahajan,Pune,Maharashtra,PID124,Face Wash,beauty,Face Wash,57740.82,3.0,30.0,Net Banking,,3.1
ORD10345,2023-09-25,CUST1086,Manthan Dhaliwal,Delhi,Delhi,PID595,Bluetooth Speaker,ELECTRONICS,Bluetooth Speaker,54403.37,4.0,10.0,Net Banking,,1.9
ORD14973,2024-08-20,CUST1107,Rajata Randhawa, Indore ,Madhya Pradesh,PID479,Perfume,BEAUTY,Perfume,31382.47,4.0,20.0,Debit Card,Returned,2.2
ORD11493,2023-09-12,CUST1480,Yamini Radhakrishnan, Delhi ,Delhi,PID310,Kurta,fashion,Kurta,72522.57,3.0,15.0,Debit Card,,4.3
ORD14265,2023-08-05,CUST1280,Neel Aggarwal,lucknow,Uttar Pradesh,PID397,Novel,BOOKS,Novel,24222.4,4.0,15.0,Net Banking,Cancelled,4.1
ORD14047,2024-08-02,CUST1699,Dayita Bakshi, Lucknow ,Uttar Pradesh,PID511,Perfume,Beauty,Perfume,57117.83,5.0,20.0,,Delayed,
ORD11418,2023-08-26,CUST1298,Jatin Goel, Lucknow ,Uttar Pradesh,PID234,Cricket Bat,sports,Cricket Bat,57552.48,4.0,10.0,Debit Card,Delivered,2.2
ORD10608,2023-10-19,CUST1660,Nitara Tank,Lucknow,Uttar Pradesh,PID108,Comic,BOOKS,Comic,34549.75,5.0,40.0,Net Banking,Cancelled,
ORD13470,2024-05-13,CUST1781,Yahvi Panchal,delhi,Delhi,PID321,Perfume,beauty,Perfume,30218.82,2.0,20.0,Cash on Delivery,Returned,2.4
ORD11449,2023-01-05,CUST1917,Girish Chowdhury,Mumbai,Maharashtra,PID171,Laptop,electronics,Laptop,44814.69,1.0,10.0,Cash on Delivery,Cancelled,2.1
ORD14953,2024-04-01,CUST1290,Mugdha Ravel,Surat,Gujarat,PID118,Smartphone,Electronics,Smartphone,60150.16,5.0,0.0,Net Banking,,4.7
ORD14074,2023-04-16,CUST1227,Hemangini Aurora,Hyderabad,Telangana,PID518,Cricket Bat,sports,Cricket Bat,47131.34,4.0,30.0,UPI,Returned,3.5
ORD11889,2023-10-07,CUST1311,Idika Dyal, Ahmedabad ,Gujarat,PID376,Sunscreen,beauty,Sunscreen,14905.29,1.0,15.0,,Delayed,3.4
ORD13860,2023-06-17,CUST1965,Mekhala Date, Surat ,Gujarat,PID232,Smartwatch,Electronics,Smartwatch,69877.36,2.0,40.0,,Delayed,3.7
ORD11710,2023-06-21,CUST1608,Simon Dua,lucknow,Uttar Pradesh,PID178,Mixer Grinder,HOME & KITCHEN,Mixer Grinder,6063.52,4.0,20.0,Credit Card,Delivered,3.8
ORD13366,2023-01-09,CUST1659,Wishi Madan, Bangalore ,Karnataka,PID502,Novel,books,Novel,66542.69,5.0,40.0,Net Banking,Delivered,1.1
ORD13129,2023-09-26,CUST1475,Aayush Wali,Bangalore,Karnataka,PID219,Lipstick,BEAUTY,Lipstick,18724.58,5.0,0.0,UPI,Delivered,1.6
ORD12488,2023-09-13,CUST1541,Aradhana Khosla,indore,Madhya Pradesh,PID572,Mixer Grinder,HOME & KITCHEN,Mixer Grinder,80639.15,1.0,20.0,Credit Card,Delayed,
ORD12025,01/05/2023,CUST1664,Jalsa Pandit,Surat,Gujarat,PID134,Jacket,fashion,Jacket,34564.8,1.0,0.0,Credit Card,Delayed,3.4
ORD13581,2024-05-02,CUST1551,Ayush Varma, Hyderabad ,Telangana,PID499,Smartphone,ELECTRONICS,Smartphone,34329.41,1.0,10.0,Debit Card,,1.9
ORD10022,2023-07-24,CUST1197,Waida Memon,Hyderabad,Telangana,PID304,Yoga Mat,sports,Yoga Mat,14453.93,1.0,15.0,Credit Card,Delivered,2.8
ORD14576,2023-06-09,CUST1710,Vedika Muni,Mumbai,Maharashtra,PID389,Dumbbells,sports,Dumbbells,40352.84,2.0,10.0,UPI,Delayed,
ORD14164,2023-11-22,CUST1131,Abdul Grewal,BANGALORE,Karnataka,PID168,Bluetooth Speaker,Electronics,Bluetooth Speaker,43995.58,4.0,10.0,Net Banking,Delivered,
ORD11080,2023-06-14,CUST1964,Shivansh Saxena,Indore,Madhya Pradesh,PID578,Comic,BOOKS,Comic,79710.27,4.0,10.0,Credit Card,Delayed,3.9
ORD12429,2023-04-11,CUST1326,Harish Shan, Pune ,Maharashtra,PID175,Smartphone,ELECTRONICS,Smartphone,82862.79,5.0,25.0,Debit Card,Returned,2.4
ORD13465,2024-07-09,CUST1820,Bakhshi D’Alia,pune,Maharashtra,PID261,Cookware Set,HOME & KITCHEN,Cookware Set,78447.01,3.0,40.0,Credit Card,Returned,2.3
ORD13695,2023-08-20,CUST1758,Kritika Sastry, Lucknow ,Uttar Pradesh,PID139,Bluetooth Speaker,electronics,Bluetooth Speaker,41754.39,3.0,5.0,,Cancelled,3.2
ORD12404,2023-07-18,CUST1930,Forum Bedi, Ahmedabad ,Gujarat,PID148,Tablet,electronics,Tablet,45140.87,5.0,25.0,,Delivered,2.4
ORD13405,2024-09-28,CUST1382,Vidhi Sur,hyderabad,Telangana,PID579,Tablet,Electronics,Tablet,73211.76,5.0,20.0,Debit Card,Delivered,2.4
ORD13594,2023-07-26,CUST1368,Upadhriti Keer,Jaipur,Rajasthan,PID379,Jacket,FASHION,Jacket,6633.34,3.0,10.0,UPI,Delivered,4.5
ORD13516,2024-10-22,CUST1643,Patrick Ramesh,jaipur,Rajasthan,PID387,Jeans,Fashion,Jeans,42644.27,5.0,25.0,Credit Card,Delivered,3.8
ORD12536,2023-06-03,CUST1621,Ayush Rana,SURAT,Gujarat,PID128,Sunscreen,beauty,Sunscreen,28597.54,3.0,20.0,Cash on Delivery,Delivered,3.2
ORD12278,2023-09-18,CUST1576,Aradhana Majumdar,Jaipur,Rajasthan,PID570,Headphones,Electronics,Headphones,30682.66,1.0,5.0,,,4.0
ORD11048,2024-01-05,CUST1485,Arunima Mukhopadhyay,Delhi,Delhi,PID140,Smartphone,Electronics,Smartphone,55290.68,1.0,40.0,UPI,Delivered,4.7
ORD14929,2023-08-08,CUST1349,Shivani Dugar,Pune,Maharashtra,PID344,Football,sports,Football,63039.92,3.0,0.0,Debit Card,Delivered,2.6
ORD12335,2024-01-13,CUST1718,Harsh Batta, Mumbai ,Maharashtra,PID587,Cookware Set,home & kitchen,Cookware Set,68267.11,3.0,15.0,Cash on Delivery,Delivered,4.2
ORD13722,2023-11-06,CUST1170,Nihal Mallick,Pune,Maharashtra,PID254,Shampoo,Beauty,Shampoo,35798.94,5.0,15.0,,Delivered,1.4
ORD11978,2023-06-08,CUST1853,Advay Sha,BANGALORE,Karnataka,PID566,Laptop,Electronics,Laptop,87458.84,3.0,25.0,,Delivered,
ORD13304,2024-07-07,CUST1841,Jeremiah Mammen,JAIPUR,Rajasthan,PID390,Biography,books,Biography,25243.69,2.0,40.0,Debit Card,Delivered,2.7
ORD10811,2024-04-29,CUST1598,Vrinda Dutt,surat,Gujarat,PID392,T-Shirt,FASHION,T-Shirt,85094.35,1.0,30.0,,,
ORD14434,2023-08-11,CUST1966,Avi Srivastava, Chennai ,Tamil Nadu,PID585,Jeans,fashion,Jeans,73270.28,3.0,10.0,Cash on Delivery,Delivered,5.0
ORD12480,2024-09-17,CUST1922,Zayyan Chhabra,lucknow,Uttar Pradesh,PID234,Kurta,FASHION,Kurta,25434.39,4.0,25.0,Net Banking,,1.5
ORD14968,2023-07-17,CUST1989,Aayush Mittal,MUMBAI,Maharashtra,PID257,Perfume,BEAUTY,Perfume,1241.77,4.0,0.0,Debit Card,Delivered,1.4
ORD14298,2024-08-13,CUST1338,Aachal Saini,Mumbai,Maharashtra,PID146,Cricket Bat,SPORTS,Cricket Bat,54356.89,5.0,5.0,,Returned,2.5
ORD11866,2024-12-03,CUST1635,Zayan Chaudhuri,Lucknow,Uttar Pradesh,PID493,Novel,Books,Novel,44435.94,3.0,10.0,Debit Card,Delivered,4.8
ORD11369,2023-08-25,CUST1733,Falan Deo,Indore,Madhya Pradesh,PID373,Cookware Set,home & kitchen,Cookware Set,18122.78,5.0,25.0,Cash on Delivery,Delivered,3.3
ORD12669,2024-09-16,CUST1054,Panini Rau,HYDERABAD,Telangana,PID331,Novel,BOOKS,Novel,11129.84,1.0,20.0,Cash on Delivery,Delivered,2.1
ORD13577,2023-01-11,CUST1182,Dominic Tata,AHMEDABAD,Gujarat,PID581,Dumbbells,sports,Dumbbells,1478.39,1.0,30.0,Debit Card,Delivered,4.5
ORD11521,2024-03-09,CUST1878,Naksh Kothari,mumbai,Maharashtra,PID555,Jeans,FASHION,Jeans,78912.19,4.0,30.0,Cash on Delivery,Cancelled,4.1
ORD14752,2024-01-24,CUST1339,Vasana Rao, Ahmedabad ,Gujarat,PID176,Cricket Bat,Sports,Cricket Bat,46439.63,4.0,15.0,Debit Card,Returned,3.0
ORD10937,2024-07-05,CUST1551,Ranbir Hans,Jaipur,Rajasthan,PID382,Cricket Bat,Sports,Cricket Bat,43217.05,2.0,10.0,UPI,Cancelled,4.2
ORD11206,2024-03-31,CUST1831,Arin Patel,MUMBAI,Maharashtra,PID512,Lipstick,BEAUTY,Lipstick,25778.91,1.0,5.0,Credit Card,Delivered,2.6
ORD11203,2023-05-25,CUST1121,Chaaya Bora,Kolkata,West Bengal,PID282,Headphones,ELECTRONICS,Headphones,40951.61,3.0,25.0,,Delivered,4.5
ORD13143,2024-03-31,CUST1300,Tanish Kannan,Ahmedabad,Gujarat,PID274,Cricket Bat,SPORTS,Cricket Bat,17424.05,2.0,25.0,,Cancelled,2.8
ORD13449,2023-03-23,CUST1172,Champak Walla,delhi,Delhi,PID431,Novel,BOOKS,Novel,43996.62,2.0,0.0,,Delivered,4.5
ORD14054,2023-03-16,CUST1750,Balendra Sani, Jaipur ,Rajasthan,PID590,Comic,books,Comic,7455.4,4.0,5.0,,Delivered,4.6
ORD10131,2024-07-02,CUST1192,Radha Rajagopal,Ahmedabad,Gujarat,PID511,Sneakers,Fashion,Sneakers,23061.36,4.0,5.0,,Cancelled,1.8
ORD10522,2023-10-25,CUST1376,Rajeshri Bera,Surat,Gujarat,PID165,Dumbbells,sports,Dumbbells,57842.88,2.0,5.0,Credit Card,Returned,1.4
ORD10956,2023-09-03,CUST1763,Lavanya D’Alia,Bangalore,Karnataka,PID538,Lipstick,beauty,Lipstick,73372.94,5.0,5.0,UPI,Delivered,2.3
ORD10914,2023-06-06,CUST1315,Shaurya Srinivasan,Delhi,Delhi,PID478,Mixer Grinder,HOME & KITCHEN,Mixer Grinder,5083.93,2.0,30.0,Net Banking,Delivered,4.4
ORD10860,2023-01-12,CUST1543,Gaurika Bhardwaj,lucknow,Uttar Pradesh,PID104,Yoga Mat,sports,Yoga Mat,37281.03,2.0,30.0,Net Banking,Returned,
ORD12034,2023-10-25,CUST1592,Upasna Bhakta,JAIPUR,Rajasthan,PID213,Air Fryer,Home & Kitchen,Air Fryer,11281.52,5.0,15.0,Credit Card,,1.5
ORD11652,2024-06-16,CUST1450,Indira Borah, Bangalore ,Karnataka,PID327,Water Bottle,HOME & KITCHEN,Water Bottle,30613.93,3.0,10.0,,Delivered,4.0
ORD11316,2024-05-21,CUST1293,Damini Dada,Delhi,Delhi,PID386,Air Fryer,Home & Kitchen,Air Fryer,42683.33,5.0,5.0,,Delivered,3.3
ORD12400,2024-10-17,CUST1621,Arya Ahluwalia,jaipur,Rajasthan,PID412,Comic,BOOKS,Comic,71445.3,3.0,40.0,Credit Card,Cancelled,4.0
ORD12960,2023-11-19,CUST1869,Ekavir Ramakrishnan, Ahmedabad ,Gujarat,PID152,Biography,books,Biography,19014.03,5.0,0.0,Debit Card,Cancelled,2.1
ORD12176,2023-01-12,CUST1916,Aadi Kohli,Indore,Madhya Pradesh,PID200,Lipstick,BEAUTY,Lipstick,12508.45,5.0,10.0,Credit Card,Delivered,1.4
ORD11810,2023-08-11,CUST1452,Naveen Kale,bangalore,Karnataka,PID101,Air Fryer,Home & Kitchen,Air Fryer,62575.49,3.0,40.0,Cash on Delivery,Cancelled,2.9
ORD12333,2024-04-11,CUST1823,Gabriel Hans,Bangalore,Karnataka,PID366,Saree,fashion,Saree,12183.83,4.0,10.0,UPI,Delivered,2.4
ORD14259,2024-02-22,CUST1812,Warda Munshi,SURAT,Gujarat,PID385,Dumbbells,sports,Dumbbells,22278.75,1.0,40.0,UPI,Returned,3.2
ORD13027,2024-01-21,CUST1839,Harsh Chander,jaipur,Rajasthan,PID480,Headphones,ELECTRONICS,Headphones,41718.82,1.0,5.0,Debit Card,Delivered,3.4
ORD10624,2023-10-23,CUST1989,Libni Chakraborty,JAIPUR,Rajasthan,PID248,Tablet,electronics,Tablet,63209.93,4.0,25.0,Credit Card,Delayed,1.0
ORD10689,2023-10-14,CUST1589,Bhanumati Kalla, Jaipur ,Rajasthan,PID495,Perfume,BEAUTY,Perfume,48760.38,2.0,15.0,Net Banking,Cancelled,3.3
ORD13955,2023-12-03,CUST1599,Leena Choudhury, Bangalore ,Karnataka,PID191,Textbook,books,Textbook,5630.68,5.0,30.0,UPI,Delivered,
ORD11367,2024-03-20,CUST1648,Azad Sanghvi,Mumbai,Maharashtra,PID319,Biography,books,Biography,29858.37,1.0,15.0,Net Banking,Returned,2.5
ORD13198,2024-06-12,CUST1838,Yashawini Oak,AHMEDABAD,Gujarat,PID229,Yoga Mat,Sports,Yoga Mat,31347.47,5.0,0.0,,Returned,3.0
ORD13044,2023-12-29,CUST1527,Adya Golla,INDORE,Madhya Pradesh,PID588,Football,sports,Football,11148.14,5.0,30.0,Cash on Delivery,Returned,1.8
ORD13869,2023-05-16,CUST1376,Jairaj Trivedi,CHENNAI,Tamil Nadu,PID475,Novel,BOOKS,Novel,77380.15,1.0,25.0,,Delayed,4.1
ORD13976,2023-06-02,CUST1841,Anthony Iyengar,Pune,Maharashtra,PID503,Saree,Fashion,Saree,88308.47,3.0,15.0,Debit Card,Cancelled,3.5
ORD10611,2024-12-05,CUST1129,Mason Patla, Hyderabad ,Telangana,PID263,Cricket Bat,Sports,Cricket Bat,79516.24,3.0,25.0,Credit Card,Delivered,4.2
ORD12507,2023-09-04,CUST1108,Ridhi Hora,delhi,Delhi,PID262,Cricket Bat,sports,Cricket Bat,76513.75,1.0,30.0,Debit Card,Cancelled,1.9
ORD14513,2024-11-23,CUST1044,Bishakha Batra,KOLKATA,West Bengal,PID187,Tablet,electronics,Tablet,15963.83,2.0,0.0,Net Banking,Returned,4.8
ORD14686,2024-12-08,CUST1597,Hemangini Subramanian, Indore ,Madhya Pradesh,PID134,Biography,Books,Biography,46291.09,3.0,20.0,,Returned,2.0
ORD10463,2024-10-23,CUST1569,Nitesh Lala,CHENNAI,Tamil Nadu,PID558,Jacket,FASHION,Jacket,30845.44,1.0,10.0,UPI,Returned,
ORD11574,2023-02-14,CUST1556,Wishi Kohli,Surat,Gujarat,PID331,Bluetooth Speaker,Electronics,Bluetooth Speaker,15214.89,5.0,5.0,,Delivered,1.2
ORD10793,2024-10-18,CUST1987,Jacob Jayaraman,JAIPUR,Rajasthan,PID375,Mixer Grinder,HOME & KITCHEN,Mixer Grinder,74838.46,5.0,10.0,Debit Card,Delayed,
ORD12553,2023-10-09,CUST1873,Rishi Tara,Chennai,Tamil Nadu,PID433,Air Fryer,HOME & KITCHEN,Air Fryer,86519.08,2.0,20.0,Net Banking,,4.5
ORD10309,2024-11-02,CUST1325,Ekiya Kala,Bangalore,Karnataka,PID529,Textbook,Books,Textbook,27913.51,2.0,10.0,Net Banking,Cancelled,4.7
ORD12122,2023-10-25,CUST1370,Zilmil Shanker, Indore ,Madhya Pradesh,PID551,Mixer Grinder,home & kitchen,Mixer Grinder,29354.35,4.0,10.0,Debit Card,Delivered,3.9
ORD12412,2024-05-16,CUST1369,Tamanna Vaidya, Chennai ,Tamil Nadu,PID407,Lipstick,BEAUTY,Lipstick,23144.61,2.0,20.0,UPI,Cancelled,2.5
ORD10580,2024-05-28,CUST1297,Tristan Tripathi,DELHI,Delhi,PID284,Bluetooth Speaker,ELECTRONICS,Bluetooth Speaker,85760.72,2.0,10.0,Debit Card,Delayed,3.9
ORD10106,2023-12-02,CUST1900,Zehaan Shroff, Ahmedabad ,Gujarat,PID257,Air Fryer,HOME & KITCHEN,Air Fryer,12807.86,5.0,10.0,Credit Card,Delayed,3.9
ORD11706,2024-07-28,CUST1615,Rishi Kaul,KOLKATA,West Bengal,PID140,Perfume,BEAUTY,Perfume,27347.95,3.0,20.0,Credit Card,Delayed,4.3
ORD11000,2024-01-13,CUST1556,Bachittar Morar,INDORE,Madhya Pradesh,PID513,Dumbbells,sports,Dumbbells,85458.76,1.0,10.0,Credit Card,,
ORD13181,2023-06-29,CUST1368,Laban Goel,kolkata,West Bengal,PID576,Football,Sports,Football,64116.35,4.0,10.0,UPI,Returned,3.9
ORD12556,2023-01-26,CUST1684,Yuvraj Viswanathan,KOLKATA,West Bengal,PID211,Textbook,BOOKS,Textbook,57262.89,3.0,40.0,,Delayed,4.8
ORD11012,2024-10-20,CUST1024,Meghana Edwin,ahmedabad,Gujarat,PID147,Cookware Set,home & kitchen,Cookware Set,78499.79,1.0,10.0,Net Banking,Returned,4.1
ORD14072,2024-02-15,CUST1051,Xalak Toor, Delhi ,Delhi,PID427,Water Bottle,Home & Kitchen,Water Bottle,51373.82,1.0,15.0,UPI,Returned,
ORD12995,2024-11-23,CUST1344,Baghyawati Sethi,bangalore,Karnataka,PID588,Sneakers,FASHION,Sneakers,21037.89,4.0,10.0,Credit Card,Delivered,4.5
ORD13272,2024-02-12,CUST1032,Faras Shah, Indore ,Madhya Pradesh,PID324,Laptop,electronics,Laptop,69849.27,3.0,40.0,Net Banking,Delivered,1.9
ORD11035,2024-06-03,CUST1553,Pooja Sampath,Kolkata,West Bengal,PID123,T-Shirt,FASHION,T-Shirt,85220.26,2.0,40.0,UPI,,4.7
ORD14858,2023-06-13,CUST1345,Xavier Balasubramanian, Ahmedabad ,Gujarat,PID198,Face Wash,beauty,Face Wash,1853.04,5.0,25.0,UPI,,1.5
ORD13444,2024-01-20,CUST1223,Ansh Shanker,bangalore,Karnataka,PID474,T-Shirt,Fashion,T-Shirt,22922.35,4.0,15.0,Cash on Delivery,Delivered,
ORD11337,2024-03-07,CUST1390,Abha Kakar,bangalore,Karnataka,PID422,Tablet,electronics,Tablet,75684.37,1.0,10.0,Debit Card,Delivered,4.6
ORD12038,2023-01-05,CUST1792,Triya Borra,lucknow,Uttar Pradesh,PID572,Lipstick,Beauty,Lipstick,23203.9,5.0,40.0,Cash on Delivery,Cancelled,3.1
ORD13930,2023-04-30,CUST1064,Udyati Warrior,Indore,Madhya Pradesh,PID528,T-Shirt,fashion,T-Shirt,31419.33,5.0,40.0,,Delivered,1.1
ORD12382,2024-10-06,CUST1378,Tarak Bassi,jaipur,Rajasthan,PID130,Bedsheet,Home & Kitchen,Bedsheet,40362.73,3.0,40.0,UPI,Delivered,3.1
ORD13648,2023-03-13,CUST1277,Hamsini Sandal, Ahmedabad ,Gujarat,PID599,Jacket,fashion,Jacket,48391.99,1.0,30.0,,,4.5
ORD12860,2023-04-23,CUST1038,Champak Sachdev,ahmedabad,Gujarat,PID406,Tablet,electronics,Tablet,59571.38,3.0,30.0,Credit Card,Delivered,4.5
ORD12237,2024-12-18,CUST1364,Hamsini Dhillon,Mumbai,Maharashtra,PID181,Yoga Mat,sports,Yoga Mat,33318.45,4.0,10.0,Net Banking,Delivered,2.6
ORD13781,2024-03-02,CUST1025,Baghyawati Chatterjee,BANGALORE,Karnataka,PID538,Bedsheet,HOME & KITCHEN,Bedsheet,8681.37,3.0,25.0,Debit Card,Delayed,
ORD12096,2023-10-01,CUST1092,Mohammed Shanker,SURAT,Gujarat,PID502,Jacket,FASHION,Jacket,88070.87,5.0,20.0,Credit Card,Returned,2.8
ORD10871,2023-08-14,CUST1023,Nachiket Yohannan,MUMBAI,Maharashtra,PID383,Cricket Bat,Sports,Cricket Bat,10162.17,3.0,15.0,Net Banking,Delivered,3.3
ORD13932,2023-10-19,CUST1282,Varenya Uppal,Lucknow,Uttar Pradesh,PID289,Laptop,Electronics,Laptop,5090.35,4.0,5.0,UPI,Cancelled,2.0
ORD13050,2023-04-19,CUST1693,Yutika Dey,MUMBAI,Maharashtra,PID397,Face Wash,beauty,Face Wash,630.31,0.0,40.0,UPI,Cancelled,1.9
ORD14944,2023-07-26,CUST1205,Zaid Bahl,pune,Maharashtra,PID396,Sunscreen,BEAUTY,Sunscreen,85022.52,5.0,10.0,Net Banking,Delivered,1.1
ORD13370,2024-04-06,CUST1918,Dhriti Chander,jaipur,Rajasthan,PID251,Sunscreen,beauty,Sunscreen,4275.37,1.0,10.0,Cash on Delivery,Cancelled,2.7
ORD13343,29/07/2024,CUST1404,Diya Rao, Kolkata ,West Bengal,PID182,Smartwatch,electronics,Smartwatch,39809.8,5.0,40.0,Credit Card,Delivered,4.4
ORD13939,2023-08-31,CUST1178,Indrajit Karpe, Mumbai ,Maharashtra,PID312,Bedsheet,HOME & KITCHEN,Bedsheet,67219.6,3.0,20.0,Net Banking,Delivered,2.0
ORD10977,2023-04-15,CUST1849,Karan Sarin,mumbai,Maharashtra,PID351,T-Shirt,fashion,T-Shirt,75081.11,5.0,10.0,Cash on Delivery,Delivered,2.0
ORD12968,2024-10-06,CUST1815,Garima D’Alia,JAIPUR,Rajasthan,PID342,Jacket,Fashion,Jacket,66232.09,1.0,5.0,UPI,Delivered,3.8
ORD11708,2024-01-06,CUST1915,Warinder Halder,hyderabad,Telangana,PID365,Football,Sports,Football,56093.84,5.0,30.0,,,2.4
ORD13766,2023-01-06,CUST1610,Chandran Dyal,indore,Madhya Pradesh,PID433,Saree,FASHION,Saree,22872.62,5.0,15.0,Cash on Delivery,,3.8
ORD11819,2023-12-21,CUST1288,Ayushman Radhakrishnan,CHENNAI,Tamil Nadu,PID142,Biography,Books,Biography,53611.02,3.0,10.0,,Delivered,3.7
ORD12911,2023-05-22,CUST1106,Mason Saini,lucknow,Uttar Pradesh,PID533,Novel,books,Novel,34211.46,4.0,10.0,,Cancelled,2.1
ORD11174,2023-08-17,CUST1876,Ekavir Palla,JAIPUR,Rajasthan,PID180,Water Bottle,home & kitchen,Water Bottle,2582.05,2.0,5.0,Debit Card,Cancelled,
ORD11341,2024-02-14,CUST1360,Rachita Chopra,DELHI,Delhi,PID547,Water Bottle,Home & Kitchen,Water Bottle,63037.12,3.0,15.0,Net Banking,Cancelled,2.1
ORD13790,05/04/2023,CUST1355,Krishna Sura,Kolkata,West Bengal,PID480,Tablet,electronics,Tablet,62405.93,3.0,30.0,,Returned,1.3
ORD13725,2023-09-19,CUST1673,Watika Ghose,chennai,Tamil Nadu,PID577,Shampoo,Beauty,Shampoo,18524.79,1.0,15.0,UPI,Cancelled,3.2
ORD14161,2024-06-27,CUST1144,Nandini Krish,Hyderabad,Telangana,PID417,Sneakers,fashion,Sneakers,41769.36,1.0,10.0,,Cancelled,1.2
ORD11510,2023-01-05,CUST1922,Meera Char,CHENNAI,Tamil Nadu,PID522,Bluetooth Speaker,Electronics,Bluetooth Speaker,48617.41,5.0,15.0,Net Banking,Delivered,
ORD11930,2024-02-02,CUST1008,Devika Edwin, Jaipur ,Rajasthan,PID493,Dumbbells,SPORTS,Dumbbells,28917.17,4.0,40.0,,Cancelled,4.0
ORD10206,2024-11-24,CUST1662,Viraj Balasubramanian, Hyderabad ,Telangana,PID188,Mixer Grinder,Home & Kitchen,Mixer Grinder,2616.43,2.0,15.0,,Delivered,3.6
ORD14197,2024-09-01,CUST1324,Odika Parekh, Hyderabad ,Telangana,PID428,Headphones,ELECTRONICS,Headphones,30455.32,5.0,5.0,Credit Card,Cancelled,2.8
ORD10354,2024-01-29,CUST1698,Edhitha Manda,pune,Maharashtra,PID255,Shampoo,BEAUTY,Shampoo,36441.56,1.0,0.0,Net Banking,Cancelled,4.3
ORD13083,2024-11-27,CUST1323,Kala Behl,BANGALORE,Karnataka,PID369,Lipstick,BEAUTY,Lipstick,72744.31,1.0,10.0,UPI,Delivered,1.2
ORD14584,2023-09-15,CUST1951,Hemani Goyal,PUNE,Maharashtra,PID168,Face Wash,Beauty,Face Wash,54691.5,5.0,20.0,UPI,Delayed,3.3
ORD10732,2023-06-29,CUST1211,Qabil Vora,JAIPUR,Rajasthan,PID214,Comic,BOOKS,Comic,33786.48,2.0,40.0,UPI,Delivered,2.5
ORD11446,2023-11-01,CUST1762,Madhav Rana, Indore ,Madhya Pradesh,PID420,Comic,Books,Comic,22598.27,4.0,10.0,Cash on Delivery,,2.9
ORD10703,2023-06-16,CUST1408,Sudiksha Sachdeva, Pune ,Maharashtra,PID342,Laptop,electronics,Laptop,42873.31,2.0,20.0,Net Banking,Delayed,
ORD12727,2024-11-16,CUST1253,Idika Shere,Bangalore,Karnataka,PID100,Air Fryer,home & kitchen,Air Fryer,89163.65,1.0,0.0,Net Banking,Delivered,4.5
ORD14675,2023-06-26,CUST1365,Warhi Goel,HYDERABAD,Telangana,PID245,Jeans,fashion,Jeans,76135.1,3.0,20.0,UPI,Returned,
ORD12663,2023-10-29,CUST1870,Kritika Dash,SURAT,Gujarat,PID465,Jeans,FASHION,Jeans,66855.94,5.0,20.0,UPI,,4.8
ORD10161,2023-09-11,CUST1424,Rudra Ahuja,hyderabad,Telangana,PID292,Face Wash,beauty,Face Wash,78054.23,2.0,25.0,Net Banking,Returned,3.7
ORD14745,2024-05-31,CUST1942,Abhiram Nayak,delhi,Delhi,PID177,Face Wash,Beauty,Face Wash,-48548.42,4.0,0.0,UPI,Returned,2.0
ORD11725,2024-08-30,CUST1750,Bishakha Rout,Kolkata,West Bengal,PID210,Biography,Books,Biography,78972.21,4.0,0.0,Cash on Delivery,Returned,1.2
ORD13201,2024-11-19,CUST1698,Aishani Munshi,Pune,Maharashtra,PID569,Headphones,Electronics,Headphones,-30054.63,4.0,0.0,Debit Card,Cancelled,
ORD13530,2024-04-03,CUST1018,Avi Deep,INDORE,Madhya Pradesh,PID349,Comic,BOOKS,Comic,9591.48,5.0,10.0,Cash on Delivery,Delivered,3.6
ORD13186,2024-09-22,CUST1046,Oliver Halder, Surat ,Gujarat,PID278,Sunscreen,beauty,Sunscreen,49994.35,4.0,5.0,Cash on Delivery,Returned,4.8
ORD11386,2024-10-11,CUST1587,Wyatt Jaggi,Bangalore,Karnataka,PID329,Smartwatch,ELECTRONICS,Smartwatch,1389.34,2.0,25.0,Debit Card,Delayed,4.2
ORD14363,2024-04-28,CUST1544,Zayyan Salvi,Kolkata,West Bengal,PID254,Textbook,Books,Textbook,17561.53,1.0,10.0,,Cancelled,4.9
ORD10502,2024-05-30,CUST1242,Robert Badami,Surat,Gujarat,PID477,Football,SPORTS,Football,43469.41,5.0,15.0,Net Banking,,5.0
ORD14403,2024-02-19,CUST1820,Ekantika Brahmbhatt,pune,Maharashtra,PID259,Shampoo,beauty,Shampoo,44190.36,4.0,0.0,,,2.4
ORD11133,2023-05-26,CUST1157,Eesha Guha,hyderabad,Telangana,PID277,Air Fryer,HOME & KITCHEN,Air Fryer,11922.52,2.0,10.0,,Delivered,4.7
ORD12105,2023-10-09,CUST1706,Laksh Konda,KOLKATA,West Bengal,PID332,Jeans,fashion,Jeans,40518.9,2.0,15.0,UPI,,4.0
ORD13310,2023-06-12,CUST1682,Ria Bala,mumbai,Maharashtra,PID363,Smartphone,Electronics,Smartphone,80754.39,3.0,15.0,Net Banking,,4.1
ORD12234,2024-02-06,CUST1252,Vanya Dubey,Lucknow,Uttar Pradesh,PID181,Shampoo,beauty,Shampoo,2847.3,4.0,15.0,Credit Card,Cancelled,4.8
ORD14222,2024-07-14,CUST1728,Yadavi Gupta,Delhi,Delhi,PID271,Lipstick,beauty,Lipstick,44042.75,5.0,15.0,Debit Card,,3.6
ORD14711,2023-02-10,CUST1893,Baghyawati Bhasin,MUMBAI,Maharashtra,PID243,Yoga Mat,sports,Yoga Mat,21461.15,2.0,30.0,Debit Card,Delivered,4.3
ORD12666,2023-10-05,CUST1321,Isaiah Sampath, Chennai ,Tamil Nadu,PID268,Sunscreen,BEAUTY,Sunscreen,72438.14,2.0,10.0,UPI,Cancelled,2.5
ORD11008,2024-06-23,CUST1593,Samesh Merchant,mumbai,Maharashtra,PID587,Biography,Books,Biography,16933.51,1.0,40.0,,,3.9
ORD14077,2023-06-04,CUST1137,Chavvi Bassi,KOLKATA,West Bengal,PID468,Cookware Set,home & kitchen,Cookware Set,2987.33,1.0,5.0,Credit Card,Delivered,3.6
ORD14780,2024-08-18,CUST1633,Januja Bawa,hyderabad,Telangana,PID251,Water Bottle,HOME & KITCHEN,Water Bottle,6865.99,2.0,20.0,Debit Card,Delayed,1.9
ORD13280,2023-11-12,CUST1183,Jagdish Gaba,SURAT,Gujarat,PID560,Headphones,ELECTRONICS,Headphones,37048.1,4.0,30.0,Debit Card,Delivered,
ORD12172,2023-09-20,CUST1629,Chakradev Khanna,INDORE,Madhya Pradesh,PID393,Dumbbells,Sports,Dumbbells,12342.59,1.0,30.0,UPI,Delivered,2.7
ORD11891,2023-02-11,CUST1998,Bhavya Pal,JAIPUR,Rajasthan,PID191,Textbook,BOOKS,Textbook,9401.21,4.0,0.0,Credit Card,Delivered,2.3
ORD11288,2023-03-15,CUST1946,Devansh Sarna,Hyderabad,Telangana,PID199,Smartphone,ELECTRONICS,Smartphone,16716.97,1.0,0.0,Credit Card,,4.5
ORD10369,2024-01-03,CUST1720,Udant Zachariah,kolkata,West Bengal,PID335,Cricket Bat,Sports,Cricket Bat,44651.36,4.0,10.0,Cash on Delivery,Returned,3.6
ORD13217,2023-05-28,CUST1563,Neha Babu,Surat,Gujarat,PID339,Sunscreen,Beauty,Sunscreen,11600.46,3.0,25.0,Credit Card,Delivered,3.1
ORD13327,2023-12-15,CUST1197,Pahal Andra, Jaipur ,Rajasthan,PID451,Face Wash,BEAUTY,Face Wash,83179.86,2.0,5.0,Cash on Delivery,Delivered,3.8
ORD11319,2024-05-08,CUST1798,Lavanya Rau,MUMBAI,Maharashtra,PID402,Bluetooth Speaker,ELECTRONICS,Bluetooth Speaker,-88135.87,5.0,25.0,,Delivered,2.1
ORD10494,2024-07-20,CUST1461,Nidhi Gaba,surat,Gujarat,PID184,Comic,BOOKS,Comic,82479.23,2.0,30.0,Net Banking,,2.5
ORD11964,2023-10-09,CUST1024,Pranit Zachariah,HYDERABAD,Telangana,PID496,Sunscreen,BEAUTY,Sunscreen,73760.94,1.0,15.0,,Delivered,4.6
ORD14239,2023-05-10,CUST1010,Samuel Mannan,SURAT,Gujarat,PID447,Football,sports,Football,48206.08,5.0,40.0,Credit Card,Cancelled,1.9
ORD14761,2024-11-03,CUST1351,Tristan Deshpande,JAIPUR,Rajasthan,PID167,Biography,BOOKS,Biography,75906.87,1.0,25.0,Cash on Delivery,Delivered,4.2
ORD10334,2023-08-02,CUST1710,Vaishnavi Brar,pune,Maharashtra,PID220,Sunscreen,beauty,Sunscreen,21585.99,4.0,25.0,Cash on Delivery,Cancelled,3.4
ORD11476,2023-08-14,CUST1627,Pranav Munshi,PUNE,Maharashtra,PID534,Laptop,electronics,Laptop,59799.81,5.0,25.0,,Delayed,3.0
ORD10680,2023-07-18,CUST1280,Kavya Malhotra,Mumbai,Maharashtra,PID334,Dumbbells,SPORTS,Dumbbells,1474.55,2.0,30.0,Cash on Delivery,Cancelled,4.4
ORD12837,2024-07-24,CUST1842,Jackson Dhawan,Delhi,Delhi,PID113,Air Fryer,HOME & KITCHEN,Air Fryer,86771.74,2.0,5.0,UPI,,3.3
ORD11139,2024-09-29,CUST1075,Yashvi Borde,MUMBAI,Maharashtra,PID581,Smartwatch,ELECTRONICS,Smartwatch,-73036.63,2.0,5.0,,Delivered,3.0
ORD11222,2023-12-09,CUST1998,Qarin Ahluwalia,delhi,Delhi,PID291,Smartphone,Electronics,Smartphone,56167.15,3.0,15.0,Cash on Delivery,,4.3
ORD13892,2023-10-11,CUST1279,Yash Varughese,DELHI,Delhi,PID197,Sneakers,Fashion,Sneakers,2632.93,2.0,0.0,Cash on Delivery,,5.0
ORD12899,2024-11-26,CUST1443,Peter Bhandari,CHENNAI,Tamil Nadu,PID107,Biography,BOOKS,Biography,71189.29,1.0,25.0,Debit Card,,1.6
ORD10381,2024-01-14,CUST1745,Harrison Oak,Lucknow,Uttar Pradesh,PID554,Perfume,Beauty,Perfume,54516.24,3.0,30.0,Debit Card,Delayed,1.0
ORD14179,2023-07-15,CUST1006,Neelima Nanda, Pune ,Maharashtra,PID159,Cricket Bat,sports,Cricket Bat,79631.26,5.0,40.0,Net Banking,Returned,
ORD14536,2023-05-04,CUST1405,Ekavir Bal,Pune,Maharashtra,PID196,Comic,Books,Comic,8732.9,2.0,0.0,UPI,Delivered,4.9
ORD10068,2023-03-04,CUST1920,Wahab Konda, Ahmedabad ,Gujarat,PID141,Sunscreen,Beauty,Sunscreen,85095.6,5.0,0.0,UPI,Delayed,4.4
ORD13369,2024-01-04,CUST1736,Laban Setty,AHMEDABAD,Gujarat,PID264,Lipstick,beauty,Lipstick,74525.25,3.0,40.0,,Delivered,1.2
ORD14501,2023-04-16,CUST1372,Ishita Kibe,kolkata,West Bengal,PID477,Biography,Books,Biography,25553.41,4.0,25.0,UPI,Delivered,
ORD11883,2023-03-08,CUST1954,Utkarsh Samra,surat,Gujarat,PID469,Perfume,Beauty,Perfume,41152.57,1.0,10.0,UPI,Returned,4.5
ORD10478,2023-07-22,CUST1200,Mohini Sen,KOLKATA,West Bengal,PID111,Kurta,Fashion,Kurta,17617.15,1.0,15.0,Credit Card,Delivered,1.9
ORD14963,2024-10-04,CUST1039,Saumya Mitter,Delhi,Delhi,PID153,Football,SPORTS,Football,82151.44,2.0,30.0,Net Banking,Cancelled,3.8
ORD14925,2023-08-22,CUST1766,Barkha Chandran,HYDERABAD,Telangana,PID256,Textbook,BOOKS,Textbook,56948.41,2.0,40.0,Net Banking,Returned,4.2
ORD12383,2023-03-30,CUST1291,Vyanjana Bhardwaj,LUCKNOW,Uttar Pradesh,PID108,Perfume,beauty,Perfume,22135.86,1.0,5.0,Cash on Delivery,Delivered,2.5
ORD11173,2024-09-29,CUST1343,Gavin Date, Pune ,Maharashtra,PID439,Water Bottle,Home & Kitchen,Water Bottle,21048.34,2.0,10.0,UPI,Delayed,3.7
ORD14834,2023-08-12,CUST1590,Bimala Pandit,Surat,Gujarat,PID502,Laptop,electronics,Laptop,14156.54,4.0,40.0,Net Banking,Delayed,3.3
ORD12360,2024-04-02,CUST1804,Hemal Dhillon,KOLKATA,West Bengal,PID424,Dumbbells,SPORTS,Dumbbells,53569.49,4.0,15.0,Cash on Delivery,Delayed,4.1
ORD13330,2023-05-18,CUST1199,Raagini Chahal,INDORE,Madhya Pradesh,PID248,T-Shirt,fashion,T-Shirt,74153.84,4.0,5.0,UPI,Cancelled,4.0
ORD10426,2023-08-05,CUST1974,Henry Sengupta,Chennai,Tamil Nadu,PID408,Novel,books,Novel,87283.88,3.0,10.0,UPI,Returned,4.2
ORD12256,2023-02-04,CUST1034,Indira Ranganathan, Kolkata ,West Bengal,PID283,Shampoo,BEAUTY,Shampoo,44472.37,5.0,10.0,Cash on Delivery,Delivered,1.2
ORD11334,2024-04-01,CUST1163,Deepa Contractor,Delhi,Delhi,PID305,Face Wash,BEAUTY,Face Wash,42914.47,4.0,0.0,Net Banking,Delivered,1.8
ORD10200,2024-07-19,CUST1424,Isha Bhavsar, Surat ,Gujarat,PID176,Lipstick,Beauty,Lipstick,13436.86,1.0,30.0,UPI,,2.1
ORD12358,2023-11-25,CUST1563,Arunima Pathak,Jaipur,Rajasthan,PID585,Sneakers,Fashion,Sneakers,59827.36,4.0,25.0,Credit Card,Delivered,3.7
ORD13356,2024-10-30,CUST1046,Gauri Acharya,DELHI,Delhi,PID547,Dumbbells,Sports,Dumbbells,85378.15,4.0,15.0,Debit Card,Returned,2.8
ORD11939,2023-11-19,CUST1069,Upasna Patel,jaipur,Rajasthan,PID560,Football,Sports,Football,47112.66,4.0,10.0,Debit Card,Delivered,4.0
ORD14517,2023-10-27,CUST1401,Utkarsh Sharaf,CHENNAI,Tamil Nadu,PID202,Kurta,FASHION,Kurta,85025.66,5.0,20.0,UPI,Delivered,3.8
ORD10144,2024-08-08,CUST1149,Urvi Dalal,mumbai,Maharashtra,PID132,Air Fryer,HOME & KITCHEN,Air Fryer,26372.48,5.0,15.0,Debit Card,Delivered,3.7
ORD14947,2023-10-11,CUST1891,Widisha Rajagopalan, Surat ,Gujarat,PID155,Bluetooth Speaker,Electronics,Bluetooth Speaker,58944.75,5.0,5.0,Cash on Delivery,Delivered,3.1
ORD10250,2023-08-13,CUST1929,Dalaja Puri,LUCKNOW,Uttar Pradesh,PID505,Jeans,fashion,Jeans,85391.76,4.0,0.0,Credit Card,Delivered,1.9
ORD13993,2024-12-11,CUST1233,Tanmayi Virk,CHENNAI,Tamil Nadu,PID519,Sneakers,Fashion,Sneakers,66955.08,3.0,40.0,Cash on Delivery,,
ORD11455,2023-01-11,CUST1048,Radhika Master,Kolkata,West Bengal,PID534,Smartwatch,Electronics,Smartwatch,54104.51,5.0,30.0,,Returned,3.3
ORD14049,2024-07-21,CUST1823,Yash Parsa,Lucknow,Uttar Pradesh,PID128,Shampoo,beauty,Shampoo,-18926.34,2.0,40.0,Credit Card,Delayed,3.6
ORD10418,2024-11-24,CUST1632,Gauri Ramakrishnan,hyderabad,Telangana,PID330,Jeans,Fashion,Jeans,26023.38,2.0,20.0,UPI,Delivered,1.7
ORD10912,2023-01-18,CUST1882,Ayush Chopra,Surat,Gujarat,PID337,Perfume,BEAUTY,Perfume,33293.04,0.0,25.0,Cash on Delivery,Returned,4.7
ORD14640,2023-08-07,CUST1272,Shivani Loyal,KOLKATA,West Bengal,PID126,Textbook,BOOKS,Textbook,49663.05,2.0,25.0,Debit Card,Delivered,1.8
ORD12597,2023-05-15,CUST1076,Yashica Chaudhry,Jaipur,Rajasthan,PID386,T-Shirt,FASHION,T-Shirt,86828.59,4.0,20.0,Credit Card,Cancelled,3.7
ORD14707,2023-04-03,CUST1956,Abhiram Jhaveri,HYDERABAD,Telangana,PID274,Novel,Books,Novel,86789.91,3.0,5.0,,,
ORD13553,2024-03-07,CUST1151,Jeremiah Murty,INDORE,Madhya Pradesh,PID361,Kurta,FASHION,Kurta,28286.16,4.0,15.0,Net Banking,Returned,3.4
ORD12310,2023-12-07,CUST1365,Samesh Chahal, Jaipur ,Rajasthan,PID270,Smartwatch,ELECTRONICS,Smartwatch,59947.82,2.0,0.0,Cash on Delivery,,1.7
ORD12113,2023-10-05,CUST1656,Aadhya Gill, Lucknow ,Uttar Pradesh,PID177,Dumbbells,SPORTS,Dumbbells,46040.26,3.0,40.0,Cash on Delivery,Returned,4.8
ORD14713,2023-09-13,CUST1205,Rachana Mohan,Mumbai,Maharashtra,PID595,Bluetooth Speaker,ELECTRONICS,Bluetooth Speaker,56141.49,5.0,5.0,Credit Card,Delivered,1.7
ORD14233,2023-05-17,CUST1229,Elijah Upadhyay,Ahmedabad,Gujarat,PID567,Textbook,BOOKS,Textbook,64899.22,3.0,20.0,Cash on Delivery,Cancelled,4.7
ORD13177,02/08/2023,CUST1919,Zilmil Ratti,Jaipur,Rajasthan,PID143,Tablet,ELECTRONICS,Tablet,63317.29,5.0,5.0,,Delivered,1.0
ORD12696,2023-12-21,CUST1253,Aadhya Hans,Pune,Maharashtra,PID154,Bluetooth Speaker,electronics,Bluetooth Speaker,37447.53,1.0,15.0,,Returned,2.4
ORD11289,2024-04-14,CUST1163,Patrick Jaggi,Chennai,Tamil Nadu,PID388,Face Wash,BEAUTY,Face Wash,61719.79,2.0,30.0,Credit Card,,4.7
ORD11656,2024-02-15,CUST1097,Wridesh Loyal, Indore ,Madhya Pradesh,PID301,Football,SPORTS,Football,48359.88,3.0,25.0,,Returned,1.9
ORD10913,2023-05-03,CUST1841,Nitara Biswas,delhi,Delhi,PID317,Laptop,electronics,Laptop,53579.17,2.0,25.0,Debit Card,Delivered,1.1
ORD14445,2024-11-11,CUST1978,Balhaar De,hyderabad,Telangana,PID421,Jacket,fashion,Jacket,78996.26,0.0,10.0,UPI,Delayed,4.3
ORD12132,2024-10-27,CUST1978,Chavvi Prabhu,kolkata,West Bengal,PID317,Bedsheet,HOME & KITCHEN,Bedsheet,63719.89,4.0,15.0,Credit Card,Delivered,3.9
ORD10766,2023-08-02,CUST1147,Tanmayi Parmer, Kolkata ,West Bengal,PID346,Biography,Books,Biography,42200.17,1.0,20.0,UPI,,3.5
ORD14813,2023-01-06,CUST1887,Saumya Dubey,KOLKATA,West Bengal,PID421,Biography,books,Biography,10280.59,2.0,15.0,Credit Card,Delivered,2.4
ORD10147,2024-08-29,CUST1214,Zilmil Narula, Ahmedabad ,Gujarat,PID324,Sunscreen,beauty,Sunscreen,29430.88,3.0,15.0,UPI,Returned,1.7
ORD11134,2024-02-19,CUST1050,Lajita Khare,indore,Madhya Pradesh,PID560,Textbook,books,Textbook,73439.46,2.0,25.0,Debit Card,Delivered,1.7
ORD12657,2024-12-02,CUST1060,Yatan Shukla,chennai,Tamil Nadu,PID546,Bedsheet,HOME & KITCHEN,Bedsheet,42808.83,2.0,0.0,UPI,,3.0
ORD10395,2023-05-03,CUST1372,Krish Garg,MUMBAI,Maharashtra,PID599,Cookware Set,Home & Kitchen,Cookware Set,89885.29,4.0,5.0,UPI,Returned,2.6
ORD13702,2024-03-08,CUST1452,Pratyush Purohit,indore,Madhya Pradesh,PID318,Headphones,Electronics,Headphones,41967.17,1.0,10.0,Debit Card,,3.3
ORD10046,2023-05-08,CUST1082,Kiaan Jhaveri, Bangalore ,Karnataka,PID406,Kurta,FASHION,Kurta,6566.17,5.0,40.0,Debit Card,Cancelled,2.2
ORD13270,2023-12-12,CUST1003,Manbir Bose,ahmedabad,Gujarat,PID480,Saree,FASHION,Saree,25222.22,2.0,30.0,Net Banking,Delivered,2.8
ORD13384,2024-12-27,CUST1018,Yashoda Vyas,Indore,Madhya Pradesh,PID514,Shampoo,Beauty,Shampoo,27434.32,5.0,0.0,,Delayed,1.5
ORD13960,2024-06-22,CUST1462,Samaksh Ramaswamy,DELHI,Delhi,PID321,Lipstick,beauty,Lipstick,61108.74,5.0,30.0,UPI,Delivered,4.2
ORD10322,02/05/2023,CUST1046,Lucky Seshadri, Kolkata ,West Bengal,PID270,Biography,BOOKS,Biography,72747.04,3.0,0.0,Credit Card,,3.5
ORD12160,2024-01-23,CUST1990,Widisha Ghose, Chennai ,Tamil Nadu,PID186,Smartphone,electronics,Smartphone,9146.69,4.0,0.0,Net Banking,Delayed,2.6
ORD14632,2023-10-01,CUST1168,Saksham Rajagopal, Jaipur ,Rajasthan,PID235,Cricket Bat,sports,Cricket Bat,41993.03,4.0,15.0,Debit Card,Delayed,1.2
ORD11958,2023-08-18,CUST1682,Sanaya Naidu, Surat ,Gujarat,PID218,Headphones,ELECTRONICS,Headphones,88272.22,1.0,40.0,Net Banking,Cancelled,4.7
ORD13919,2023-04-16,CUST1648,Harita Acharya,surat,Gujarat,PID501,Headphones,ELECTRONICS,Headphones,27115.47,1.0,25.0,UPI,Delivered,
ORD12428,2023-10-09,CUST1129,Ansh More, Hyderabad ,Telangana,PID480,Smartphone,ELECTRONICS,Smartphone,79086.31,4.0,10.0,UPI,Returned,3.1
ORD14004,2023-05-18,CUST1738,Rushil Ghose,Chennai,Tamil Nadu,PID482,Cookware Set,Home & Kitchen,Cookware Set,14381.0,3.0,40.0,Credit Card,Delivered,3.0
ORD12185,2024-02-04,CUST1798,Januja Bhalla,KOLKATA,West Bengal,PID130,Jeans,FASHION,Jeans,22516.21,2.0,0.0,Cash on Delivery,Delivered,1.2
ORD13533,2024-06-16,CUST1799,Aradhana Pathak, Lucknow ,Uttar Pradesh,PID101,Bedsheet,HOME & KITCHEN,Bedsheet,18127.85,2.0,0.0,Net Banking,Cancelled,1.2
ORD12702,2024-06-25,CUST1004,Jeevika Lad,Lucknow,Uttar Pradesh,PID247,Smartphone,electronics,Smartphone,68521.48,2.0,40.0,Credit Card,Delivered,3.9
ORD14060,2023-04-19,CUST1276,Tara Brar,Chennai,Tamil Nadu,PID236,Mixer Grinder,Home & Kitchen,Mixer Grinder,27126.16,1.0,30.0,Credit Card,Delayed,2.5
ORD12072,2024-09-21,CUST1039,Turvi Sheth, Kolkata ,West Bengal,PID240,Saree,Fashion,Saree,41905.03,5.0,15.0,Debit Card,Cancelled,3.5
ORD11368,2023-06-18,CUST1622,Sai Nayak,LUCKNOW,Uttar Pradesh,PID234,Mixer Grinder,Home & Kitchen,Mixer Grinder,49119.93,5.0,5.0,Credit Card,Delivered,4.0
ORD13096,2024-03-05,CUST1708,Yutika Rout,MUMBAI,Maharashtra,PID119,T-Shirt,fashion,T-Shirt,-13426.2,3.0,40.0,,Delayed,4.9
ORD12365,2023-04-26,CUST1940,Matthew Bansal, Indore ,Madhya Pradesh,PID322,Water Bottle,Home & Kitchen,Water Bottle,53664.37,3.0,15.0,Debit Card,Delivered,3.4
ORD10931,2024-07-08,CUST1908,Ridhi Luthra,DELHI,Delhi,PID269,Novel,BOOKS,Novel,72516.61,2.0,20.0,Cash on Delivery,,4.0
ORD12269,2024-10-02,CUST1020,Anirudh Rama,MUMBAI,Maharashtra,PID395,Football,Sports,Football,47277.14,5.0,20.0,,Cancelled,
ORD12976,2023-12-07,CUST1941,Gaurang Mahal, Surat ,Gujarat,PID452,Football,sports,Football,73573.41,2.0,15.0,Debit Card,Delivered,4.4
ORD13308,2024-09-03,CUST1594,Qabil Madan,delhi,Delhi,PID271,T-Shirt,fashion,T-Shirt,75990.6,5.0,20.0,,Delayed,1.5
ORD14063,2023-07-15,CUST1960,Sudiksha Bhasin, Indore ,Madhya Pradesh,PID510,Cricket Bat,Sports,Cricket Bat,12282.19,3.0,25.0,Cash on Delivery,Delayed,4.2
ORD13142,2023-07-10,CUST1424,Raksha Chander,surat,Gujarat,PID412,Smartphone,ELECTRONICS,Smartphone,11350.55,2.0,20.0,Credit Card,Delivered,1.7
ORD11946,2024-05-26,CUST1924,Ekbal Merchant,KOLKATA,West Bengal,PID247,Novel,BOOKS,Novel,46129.42,2.0,10.0,Credit Card,Cancelled,1.9
ORD14292,2023-06-16,CUST1822,Yuvraj Halder,kolkata,West Bengal,PID459,Novel,Books,Novel,4598.71,4.0,25.0,Net Banking,Delivered,3.2
ORD12582,2024-10-17,CUST1917,Amol Anand,Lucknow,Uttar Pradesh,PID427,Sunscreen,BEAUTY,Sunscreen,5033.09,4.0,0.0,Debit Card,Delivered,
ORD10436,24/06/2024,CUST1119,Kritika De, Lucknow ,Uttar Pradesh,PID353,Sunscreen,BEAUTY,Sunscreen,65256.58,4.0,0.0,Debit Card,Returned,3.3
ORD10607,2023-07-21,CUST1463,Geetika Murthy,Lucknow,Uttar Pradesh,PID187,Novel,Books,Novel,80355.86,3.0,15.0,Debit Card,Delayed,
ORD10075,2024-06-23,CUST1308,Yatan Hayre,Ahmedabad,Gujarat,PID584,Perfume,Beauty,Perfume,67981.64,3.0,40.0,Net Banking,Delivered,1.2
ORD11765,2023-09-07,CUST1183,Harinakshi Bail,CHENNAI,Tamil Nadu,PID275,Textbook,books,Textbook,82188.52,4.0,0.0,,Cancelled,4.1
ORD13616,2024-11-21,CUST1432,Ekalinga Chada,Jaipur,Rajasthan,PID508,Perfume,Beauty,Perfume,20452.57,5.0,0.0,Debit Card,Cancelled,1.4
ORD13239,2024-10-11,CUST1240,Chakradev Saran,Ahmedabad,Gujarat,PID381,Sneakers,Fashion,Sneakers,61361.34,1.0,40.0,UPI,Returned,1.6
ORD11323,2024-10-27,CUST1034,Manan Rege, Lucknow ,Uttar Pradesh,PID272,Lipstick,BEAUTY,Lipstick,-75904.63,3.0,40.0,Credit Card,Delivered,
ORD11577,2023-08-05,CUST1096,Alexander Contractor, Jaipur ,Rajasthan,PID308,Novel,Books,Novel,55840.02,1.0,40.0,,Delivered,3.7
ORD13853,2024-04-13,CUST1703,Luke Salvi,jaipur,Rajasthan,PID301,Jacket,FASHION,Jacket,17686.24,2.0,40.0,Cash on Delivery,,1.4
ORD10114,2023-10-23,CUST1124,Manbir Sastry,lucknow,Uttar Pradesh,PID393,Bedsheet,HOME & KITCHEN,Bedsheet,43653.58,3.0,20.0,Cash on Delivery,Delivered,3.8
ORD10987,2023-09-15,CUST1846,Nachiket Master,SURAT,Gujarat,PID517,Smartphone,ELECTRONICS,Smartphone,11365.57,3.0,20.0,Cash on Delivery,Delivered,3.1
ORD14627,2023-09-27,CUST1700,Widisha Agrawal,delhi,Delhi,PID320,Cricket Bat,Sports,Cricket Bat,89265.95,1.0,40.0,Credit Card,Delivered,4.9
ORD10748,2023-03-16,CUST1338,Sneha Verma,JAIPUR,Rajasthan,PID137,Textbook,books,Textbook,76190.0,5.0,15.0,Cash on Delivery,Returned,2.7
ORD11864,2023-01-28,CUST1255,Harinakshi Gulati, Indore ,Madhya Pradesh,PID193,Jeans,Fashion,Jeans,41589.95,3.0,0.0,,Delivered,
ORD10223,2023-04-26,CUST1889,Tanay Sharaf,Mumbai,Maharashtra,PID447,Water Bottle,home & kitchen,Water Bottle,77652.43,2.0,40.0,,Delivered,
ORD12567,2024-10-24,CUST1661,Sneha Arya,chennai,Tamil Nadu,PID564,Cricket Bat,Sports,Cricket Bat,40624.45,4.0,0.0,Net Banking,Delivered,2.3
ORD11349,2023-12-04,CUST1851,Osha Pathak,HYDERABAD,Telangana,PID218,Dumbbells,SPORTS,Dumbbells,14505.24,2.0,0.0,Net Banking,Delivered,3.8
ORD11503,2023-08-10,CUST1261,Vasudha Halder,Pune,Maharashtra,PID426,Bedsheet,HOME & KITCHEN,Bedsheet,10008.74,1.0,0.0,,Returned,3.9
ORD14201,2024-05-23,CUST1356,Daniel Toor,delhi,Delhi,PID568,Biography,books,Biography,16483.77,3.0,40.0,Debit Card,Delivered,2.9
ORD11666,2023-12-17,CUST1797,Balhaar Shroff,surat,Gujarat,PID509,Kurta,fashion,Kurta,39410.22,4.0,10.0,,Delayed,5.0
ORD14058,2024-04-07,CUST1980,Lajita Kala, Kolkata ,West Bengal,PID109,Water Bottle,home & kitchen,Water Bottle,3837.97,1.0,10.0,Debit Card,Delivered,3.9
ORD14320,2024-11-03,CUST1999,Balvan Pathak,pune,Maharashtra,PID345,Football,Sports,Football,69389.7,4.0,40.0,Debit Card,Returned,4.3
ORD13168,2023-04-07,CUST1617,Lopa Chand, Ahmedabad ,Gujarat,PID390,Bluetooth Speaker,Electronics,Bluetooth Speaker,18670.21,5.0,10.0,Cash on Delivery,Returned,1.0
ORD10036,2023-12-22,CUST1842,Aadhya Mishra,Delhi,Delhi,PID350,Textbook,BOOKS,Textbook,62792.79,1.0,0.0,,Delivered,
ORD10831,2024-12-18,CUST1667,Zaitra Vohra,Indore,Madhya Pradesh,PID429,Mixer Grinder,Home & Kitchen,Mixer Grinder,79646.74,2.0,30.0,Credit Card,Delivered,1.0
ORD13619,2024-11-17,CUST1089,Zilmil Devan, Kolkata ,West Bengal,PID213,Bluetooth Speaker,Electronics,Bluetooth Speaker,51042.55,3.0,5.0,Cash on Delivery,Delivered,4.3
ORD14245,2023-06-04,CUST1308,Raagini Pal, Surat ,Gujarat,PID522,Bluetooth Speaker,Electronics,Bluetooth Speaker,57803.46,2.0,15.0,Cash on Delivery,,3.7
ORD11762,2023-05-11,CUST1127,Sachi Mistry,surat,Gujarat,PID352,Comic,books,Comic,87440.49,5.0,40.0,Debit Card,Returned,
ORD12864,2024-03-22,CUST1026,Xiti De,CHENNAI,Tamil Nadu,PID458,Cricket Bat,Sports,Cricket Bat,65751.26,3.0,5.0,Cash on Delivery,Delayed,2.6
ORD10348,2023-12-10,CUST1767,Ayush Murthy, Delhi ,Delhi,PID223,Novel,books,Novel,82606.44,4.0,20.0,Net Banking,Delayed,4.2
ORD10168,08/12/2024,CUST1401,Devika Srivastava,AHMEDABAD,Gujarat,PID251,Cookware Set,home & kitchen,Cookware Set,25035.54,5.0,20.0,Credit Card,Cancelled,4.4
ORD14730,2023-12-31,CUST1614,Siya Chaudhari,PUNE,Maharashtra,PID107,Shampoo,Beauty,Shampoo,47822.78,3.0,5.0,UPI,Delivered,4.6
ORD10117,2023-11-25,CUST1756,Vritti Kota,SURAT,Gujarat,PID470,Sneakers,fashion,Sneakers,84162.63,2.0,20.0,,Cancelled,1.2
ORD10531,2023-11-02,CUST1020,Jairaj Raval, Indore ,Madhya Pradesh,PID301,Perfume,beauty,Perfume,67120.53,4.0,30.0,Net Banking,Delivered,
ORD11395,2023-09-18,CUST1533,Gunbir Dhar, Chennai ,Tamil Nadu,PID502,Perfume,BEAUTY,Perfume,67681.97,1.0,10.0,Cash on Delivery,Cancelled,
ORD12591,2024-09-19,CUST1374,Vincent Ramanathan, Indore ,Madhya Pradesh,PID476,Football,Sports,Football,29413.78,3.0,10.0,Net Banking,Delivered,1.2
ORD12369,2024-09-16,CUST1380,Damyanti Mannan,PUNE,Maharashtra,PID549,Kurta,Fashion,Kurta,11442.8,1.0,15.0,Cash on Delivery,Delivered,4.8
ORD11029,10/08/2024,CUST1261,Amol Seshadri,LUCKNOW,Uttar Pradesh,PID412,Football,Sports,Football,21350.28,5.0,20.0,UPI,Delivered,2.0
ORD11642,2023-10-11,CUST1908,Leena Gill, Lucknow ,Uttar Pradesh,PID575,Football,sports,Football,56621.46,4.0,40.0,Debit Card,Cancelled,3.7
ORD12522,2023-08-22,CUST1829,Urishilla Yogi,surat,Gujarat,PID522,Lipstick,Beauty,Lipstick,83628.45,5.0,30.0,Credit Card,Delivered,
ORD14081,2023-10-28,CUST1109,Yamini Dhillon,LUCKNOW,Uttar Pradesh,PID154,Football,sports,Football,62455.04,1.0,25.0,Credit Card,Delayed,2.5
ORD13052,2024-12-30,CUST1611,Veda Natarajan,INDORE,Madhya Pradesh,PID500,Smartwatch,ELECTRONICS,Smartwatch,0.0,5.0,30.0,Credit Card,Delayed,4.4
ORD14899,2023-08-10,CUST1039,Christopher Seshadri,LUCKNOW,Uttar Pradesh,PID141,Sunscreen,Beauty,Sunscreen,7213.24,3.0,15.0,UPI,Returned,1.4
ORD14930,2023-07-21,CUST1176,Kashish Badami,hyderabad,Telangana,PID130,Cookware Set,Home & Kitchen,Cookware Set,42242.16,2.0,15.0,Cash on Delivery,Delivered,3.3
ORD14199,05/06/2023,CUST1774,Megha Roy, Bangalore ,Karnataka,PID333,Air Fryer,HOME & KITCHEN,Air Fryer,12146.92,3.0,0.0,Cash on Delivery,Cancelled,2.8
ORD14617,2023-12-01,CUST1420,Anirudh Raghavan,SURAT,Gujarat,PID569,Tablet,electronics,Tablet,22071.33,2.0,5.0,Credit Card,Delivered,2.0
ORD14269,2023-11-03,CUST1179,Watika Lall,Pune,Maharashtra,PID427,Football,sports,Football,70620.04,1.0,25.0,Net Banking,,1.5
ORD14805,2023-12-26,CUST1222,Anita Bhalla,kolkata,West Bengal,PID128,Cricket Bat,sports,Cricket Bat,0.0,1.0,10.0,Net Banking,Cancelled,1.5
ORD13205,2023-11-26,CUST1528,Nachiket Sha, Chennai ,Tamil Nadu,PID591,Face Wash,BEAUTY,Face Wash,3579.79,3.0,0.0,Net Banking,Delivered,2.1
ORD14302,2023-09-02,CUST1841,Siddharth Goyal,Jaipur,Rajasthan,PID432,Kurta,FASHION,Kurta,59235.64,1.0,5.0,,Cancelled,4.9
ORD11780,2023-10-25,CUST1416,Prisha More,Delhi,Delhi,PID253,Smartwatch,ELECTRONICS,Smartwatch,39315.09,1.0,20.0,Debit Card,Returned,
ORD11026,2024-03-12,CUST1203,Bhanumati Ghosh,Mumbai,Maharashtra,PID443,T-Shirt,FASHION,T-Shirt,50927.04,5.0,40.0,Credit Card,Delivered,3.4
ORD14319,2024-03-11,CUST1146,Dev Borra, Lucknow ,Uttar Pradesh,PID238,Football,Sports,Football,23966.11,4.0,0.0,Credit Card,Returned,1.9
ORD14287,13/08/2023,CUST1300,Waida Shenoy,Ahmedabad,Gujarat,PID319,Headphones,Electronics,Headphones,84541.11,3.0,25.0,Cash on Delivery,,4.7
ORD10082,2024-01-17,CUST1662,Samarth Kumer,Mumbai,Maharashtra,PID271,Yoga Mat,sports,Yoga Mat,22409.77,5.0,25.0,,Cancelled,2.5
ORD13601,2024-04-27,CUST1766,Dev Sathe,Chennai,Tamil Nadu,PID421,Mixer Grinder,HOME & KITCHEN,Mixer Grinder,39570.35,1.0,5.0,Cash on Delivery,,1.6
ORD12031,2023-02-06,CUST1591,Upkaar Khanna, Ahmedabad ,Gujarat,PID163,Saree,fashion,Saree,33650.01,1.0,10.0,Cash on Delivery,Delivered,
ORD13831,2024-06-08,CUST1260,Pahal Mann,SURAT,Gujarat,PID100,Bedsheet,HOME & KITCHEN,Bedsheet,70800.68,4.0,0.0,Debit Card,Delivered,3.6
ORD14195,2023-08-07,CUST1208,Anmol Chhabra,SURAT,Gujarat,PID473,Jacket,FASHION,Jacket,9251.81,2.0,30.0,Debit Card,Delivered,4.8
ORD11477,2024-06-28,CUST1524,Utkarsh Chander,HYDERABAD,Telangana,PID102,Perfume,BEAUTY,Perfume,27221.26,2.0,0.0,Debit Card,Delivered,1.7
ORD12717,2023-05-14,CUST1272,Jagat Nayar, Bangalore ,Karnataka,PID103,Sneakers,Fashion,Sneakers,39511.32,2.0,5.0,Cash on Delivery,Delayed,4.8
ORD14223,2023-05-23,CUST1605,Suhani Kalla, Ahmedabad ,Gujarat,PID108,Biography,Books,Biography,28921.39,2.0,30.0,,Delayed,3.3
ORD13563,2023-12-04,CUST1957,Jacob Mittal,Hyderabad,Telangana,PID152,Sunscreen,beauty,Sunscreen,11272.03,3.0,40.0,Cash on Delivery,Delivered,1.9
ORD14804,2023-05-06,CUST1190,Yuvraj Joshi,lucknow,Uttar Pradesh,PID511,Headphones,electronics,Headphones,86739.35,2.0,20.0,,Delivered,
ORD12674,05/09/2023,CUST1838,Gunbir Kade,delhi,Delhi,PID414,Biography,books,Biography,36427.33,5.0,5.0,Cash on Delivery,Delivered,1.8
ORD11478,2024-09-06,CUST1178,Anmol Mahajan,Delhi,Delhi,PID527,Headphones,ELECTRONICS,Headphones,40975.07,3.0,30.0,Debit Card,,3.1
ORD14704,2024-06-01,CUST1854,Hredhaan Ramesh, Jaipur ,Rajasthan,PID108,Cookware Set,HOME & KITCHEN,Cookware Set,66893.98,1.0,10.0,Credit Card,Delivered,
ORD12484,2023-03-18,CUST1434,Ekaja Chaudhuri,BANGALORE,Karnataka,PID327,Bluetooth Speaker,Electronics,Bluetooth Speaker,78696.88,1.0,15.0,Debit Card,Delivered,2.4
ORD12564,2023-07-11,CUST1078,Zarna Dyal,SURAT,Gujarat,PID482,Dumbbells,Sports,Dumbbells,51862.78,4.0,30.0,Cash on Delivery,Delivered,4.6
ORD13403,2024-06-09,CUST1629,Odika Date,bangalore,Karnataka,PID412,Cricket Bat,Sports,Cricket Bat,26352.98,4.0,40.0,Credit Card,Cancelled,1.8
ORD14950,2024-09-26,CUST1192,Qabil Chakraborty,bangalore,Karnataka,PID163,Headphones,electronics,Headphones,53479.77,1.0,15.0,,Cancelled,2.8
ORD12158,2023-08-04,CUST1250,Vasana Mody,CHENNAI,Tamil Nadu,PID423,Textbook,BOOKS,Textbook,70873.6,2.0,10.0,,,4.1
ORD11887,2023-07-28,CUST1314,Vincent Bahl,Lucknow,Uttar Pradesh,PID306,Novel,BOOKS,Novel,36907.59,2.0,25.0,Debit Card,Delayed,1.9
ORD11957,2023-01-03,CUST1720,Ridhi Kala,kolkata,West Bengal,PID410,Perfume,BEAUTY,Perfume,55719.94,5.0,5.0,Cash on Delivery,,3.1
ORD11630,2024-07-18,CUST1676,Onkar Hora,Indore,Madhya Pradesh,PID337,Cricket Bat,sports,Cricket Bat,498.82,3.0,10.0,Credit Card,Delivered,1.2
ORD12699,2024-06-25,CUST1061,Orinder Shenoy,Mumbai,Maharashtra,PID335,Smartwatch,Electronics,Smartwatch,71196.89,2.0,40.0,UPI,Cancelled,
ORD11646,09/10/2023,CUST1891,Utkarsh Mohanty,Lucknow,Uttar Pradesh,PID212,Novel,BOOKS,Novel,56614.39,1.0,0.0,Net Banking,Delivered,1.8
ORD10041,2023-08-21,CUST1566,Oliver Yohannan,Indore,Madhya Pradesh,PID249,Perfume,Beauty,Perfume,53124.38,1.0,20.0,Credit Card,Delivered,2.2
ORD11705,2024-03-15,CUST1925,Mitali Sant,JAIPUR,Rajasthan,PID503,Headphones,Electronics,Headphones,86825.29,3.0,5.0,UPI,Delivered,4.2
ORD12694,03/10/2023,CUST1668,Forum Wable,Hyderabad,Telangana,PID419,Water Bottle,home & kitchen,Water Bottle,43278.94,1.0,20.0,Net Banking,Delayed,2.9
ORD14767,2023-07-11,CUST1090,Anmol Lal,MUMBAI,Maharashtra,PID155,Yoga Mat,sports,Yoga Mat,24205.6,4.0,40.0,,,4.1
ORD13303,2024-05-27,CUST1149,Netra Choudhury,Delhi,Delhi,PID261,Mixer Grinder,Home & Kitchen,Mixer Grinder,70166.06,1.0,20.0,Debit Card,Cancelled,2.0
ORD14427,2023-12-26,CUST1818,Pushti Mannan,SURAT,Gujarat,PID420,Face Wash,beauty,Face Wash,34020.88,0.0,25.0,Net Banking,Returned,1.1
ORD13174,2024-04-25,CUST1564,Jacob Toor,LUCKNOW,Uttar Pradesh,PID339,Jeans,FASHION,Jeans,48753.72,1.0,40.0,Cash on Delivery,Cancelled,2.0
ORD13137,2024-07-29,CUST1877,Upasna Tandon,Hyderabad,Telangana,PID198,Air Fryer,home & kitchen,Air Fryer,50816.23,5.0,15.0,Debit Card,Delivered,2.4
ORD10312,2023-07-01,CUST1908,Adweta Cheema,hyderabad,Telangana,PID226,Face Wash,BEAUTY,Face Wash,85525.29,2.0,5.0,Cash on Delivery,Returned,4.9
ORD11632,2023-02-14,CUST1801,Noah Mani,Indore,Madhya Pradesh,PID283,Cricket Bat,SPORTS,Cricket Bat,83687.83,4.0,30.0,Credit Card,Delivered,1.1
ORD13970,2024-04-28,CUST1982,Eta Dalal,HYDERABAD,Telangana,PID549,Mixer Grinder,Home & Kitchen,Mixer Grinder,53346.96,1.0,10.0,,Delivered,1.1
ORD12068,2023-01-12,CUST1507,Triya Viswanathan,kolkata,West Bengal,PID230,Sunscreen,beauty,Sunscreen,57791.42,1.0,40.0,Credit Card,Returned,
ORD11427,2023-05-17,CUST1921,Kala Acharya,Chennai,Tamil Nadu,PID206,Laptop,Electronics,Laptop,67232.5,1.0,10.0,Net Banking,Cancelled,4.9
ORD12003,2023-02-24,CUST1723,Michael Mishra, Bangalore ,Karnataka,PID552,Lipstick,BEAUTY,Lipstick,81312.93,4.0,20.0,Net Banking,Delayed,
ORD10358,2023-11-11,CUST1509,Jeremiah Doshi,Kolkata,West Bengal,PID404,Cricket Bat,Sports,Cricket Bat,81660.02,0.0,0.0,Net Banking,Delivered,1.4
ORD12409,2023-02-25,CUST1018,Hemangini Mani,SURAT,Gujarat,PID199,Sunscreen,beauty,Sunscreen,83967.07,2.0,15.0,Debit Card,,4.9
ORD11130,2023-05-13,CUST1929,Ojas Varughese, Hyderabad ,Telangana,PID125,T-Shirt,Fashion,T-Shirt,32818.61,2.0,15.0,UPI,Delayed,2.7
ORD13618,2024-12-12,CUST1454,Nicholas Wadhwa,lucknow,Uttar Pradesh,PID254,Lipstick,beauty,Lipstick,51690.07,3.0,5.0,Net Banking,Delivered,1.0
ORD12338,2023-06-27,CUST1218,Vanya Warrior,lucknow,Uttar Pradesh,PID353,Football,SPORTS,Football,12285.84,5.0,40.0,UPI,Delivered,3.5
ORD11828,2024-09-28,CUST1554,Benjamin Dalal, Kolkata ,West Bengal,PID368,Face Wash,beauty,Face Wash,16607.06,3.0,10.0,Cash on Delivery,Cancelled,1.7
ORD12441,2023-08-20,CUST1705,Barkha Agarwal,bangalore,Karnataka,PID534,Comic,BOOKS,Comic,30912.8,5.0,25.0,UPI,,4.6
ORD10129,2023-03-04,CUST1507,Yauvani Iyengar, Ahmedabad ,Gujarat,PID124,Comic,books,Comic,27263.53,2.0,20.0,Credit Card,Returned,3.4
ORD11010,2023-12-24,CUST1242,Balhaar Nagy,lucknow,Uttar Pradesh,PID426,Biography,Books,Biography,73003.33,5.0,40.0,Debit Card,Returned,3.8
ORD11814,2023-01-19,CUST1020,Max Sami,jaipur,Rajasthan,PID367,Cookware Set,home & kitchen,Cookware Set,61671.4,3.0,30.0,Net Banking,Returned,3.4
ORD13882,2024-06-17,CUST1809,Wyatt Nadkarni, Lucknow ,Uttar Pradesh,PID465,Dumbbells,SPORTS,Dumbbells,58430.02,5.0,5.0,Net Banking,Delivered,
ORD10658,2023-03-15,CUST1998,Charles Yadav,jaipur,Rajasthan,PID308,Smartphone,ELECTRONICS,Smartphone,40026.57,3.0,30.0,Debit Card,Cancelled,4.5
ORD11247,2023-09-13,CUST1535,Libni Dara,Ahmedabad,Gujarat,PID551,Air Fryer,Home & Kitchen,Air Fryer,3800.65,5.0,15.0,Credit Card,Delayed,4.6
ORD14880,2023-12-24,CUST1065,Wridesh Salvi, Pune ,Maharashtra,PID345,Comic,BOOKS,Comic,29157.7,4.0,15.0,Net Banking,Returned,1.5
ORD12772,2023-10-12,CUST1830,Gagan Bakshi,SURAT,Gujarat,PID289,Sneakers,FASHION,Sneakers,2612.47,1.0,5.0,Credit Card,Delivered,1.7
ORD10202,2024-12-08,CUST1318,Gaurang Panchal,hyderabad,Telangana,PID243,Laptop,ELECTRONICS,Laptop,36357.21,4.0,25.0,Debit Card,Delivered,4.0
ORD13345,14/12/2023,CUST1424,Kavya Kala,Chennai,Tamil Nadu,PID168,Jacket,FASHION,Jacket,1332.01,5.0,25.0,Debit Card,Delivered,1.1
ORD14923,2023-10-16,CUST1171,Ubika D’Alia, Bangalore ,Karnataka,PID202,Biography,books,Biography,79029.64,4.0,30.0,Cash on Delivery,Delayed,2.8
ORD11422,2023-08-01,CUST1744,Damyanti Oommen, Surat ,Gujarat,PID162,Comic,Books,Comic,66537.12,4.0,40.0,,Delivered,4.2
ORD11818,2024-01-09,CUST1235,Gabriel Bhardwaj,indore,Madhya Pradesh,PID544,Yoga Mat,sports,Yoga Mat,61488.59,2.0,40.0,,Delayed,4.2
ORD10955,2023-04-22,CUST1142,Gaurang Dugar,Mumbai,Maharashtra,PID487,Cookware Set,home & kitchen,Cookware Set,7001.24,5.0,20.0,Cash on Delivery,Delivered,1.9
ORD13049,2024-11-21,CUST1597,Arin Chakraborty,HYDERABAD,Telangana,PID503,Air Fryer,HOME & KITCHEN,Air Fryer,77928.35,2.0,0.0,Net Banking,Delivered,2.0
ORD12419,2024-09-04,CUST1245,Sathvik Kalla,kolkata,West Bengal,PID433,Air Fryer,Home & Kitchen,Air Fryer,71843.55,4.0,25.0,Debit Card,Delivered,2.9
ORD13808,2024-08-26,CUST1182,Zinal Srivastava,hyderabad,Telangana,PID554,Smartphone,Electronics,Smartphone,78214.35,2.0,25.0,Debit Card,,2.5
ORD12362,2023-09-08,CUST1327,Nihal Krishnamurthy,chennai,Tamil Nadu,PID565,Novel,Books,Novel,196.59,5.0,40.0,Credit Card,Delivered,2.3
ORD13360,2024-02-18,CUST1793,Yamini Krishnamurthy,surat,Gujarat,PID428,Cricket Bat,SPORTS,Cricket Bat,5816.5,1.0,40.0,,Cancelled,1.9
ORD10997,2023-03-26,CUST1043,Ati Gola,Indore,Madhya Pradesh,PID179,Bedsheet,Home & Kitchen,Bedsheet,75765.63,3.0,5.0,Credit Card,,2.7
ORD10594,2024-02-27,CUST1519,Qasim Yogi,pune,Maharashtra,PID245,Sunscreen,Beauty,Sunscreen,10437.92,3.0,40.0,Cash on Delivery,Delivered,3.6
ORD10971,2024-02-05,CUST1687,Eesha Seshadri, Indore ,Madhya Pradesh,PID166,T-Shirt,FASHION,T-Shirt,33247.24,4.0,20.0,Credit Card,Returned,3.9
ORD10203,2024-09-11,CUST1888,Ria Korpal, Ahmedabad ,Gujarat,PID291,Face Wash,beauty,Face Wash,12224.54,3.0,30.0,Cash on Delivery,Returned,1.8
ORD14634,2024-01-20,CUST1993,Chanchal Deol, Pune ,Maharashtra,PID594,Water Bottle,home & kitchen,Water Bottle,74272.01,2.0,15.0,Net Banking,Delivered,2.8
ORD11975,2024-03-27,CUST1861,Hema Thaman,mumbai,Maharashtra,PID493,Perfume,beauty,Perfume,44711.82,5.0,20.0,UPI,Delivered,2.1
ORD10983,2024-10-24,CUST1670,Ekavir Shroff,Hyderabad,Telangana,PID325,Yoga Mat,sports,Yoga Mat,79441.83,5.0,5.0,Net Banking,Delayed,2.4
ORD14911,2023-03-07,CUST1055,Jagdish Rajan,Pune,Maharashtra,PID193,Bedsheet,HOME & KITCHEN,Bedsheet,5028.66,4.0,5.0,Debit Card,Delayed,4.2
ORD13319,2023-12-20,CUST1305,Janya Amble,bangalore,Karnataka,PID547,Bedsheet,HOME & KITCHEN,Bedsheet,23803.77,1.0,10.0,UPI,Delivered,4.5
ORD14333,2023-05-19,CUST1614,Forum Char,Indore,Madhya Pradesh,PID526,Yoga Mat,SPORTS,Yoga Mat,89131.73,2.0,25.0,,Returned,2.7
ORD13763,2024-10-28,CUST1424,Harita Modi,Indore,Madhya Pradesh,PID474,Lipstick,Beauty,Lipstick,13307.47,3.0,20.0,UPI,Delivered,1.3
ORD11981,2024-12-10,CUST1033,Yoshita Soman,Mumbai,Maharashtra,PID390,Mixer Grinder,home & kitchen,Mixer Grinder,26404.73,5.0,0.0,UPI,Delivered,4.7
ORD12381,2023-12-29,CUST1643,Imaran Sarma,Delhi,Delhi,PID376,Bedsheet,Home & Kitchen,Bedsheet,73007.92,4.0,10.0,,,2.2
ORD12487,2023-04-13,CUST1292,Pratyush Ray,LUCKNOW,Uttar Pradesh,PID110,Lipstick,Beauty,Lipstick,34037.33,3.0,20.0,Net Banking,Delivered,
ORD12375,2024-07-20,CUST1687,Vanya Palla,Delhi,Delhi,PID356,Face Wash,beauty,Face Wash,41374.33,4.0,25.0,Net Banking,Delayed,4.5
ORD14168,2024-11-10,CUST1744,Luke Parekh,AHMEDABAD,Gujarat,PID393,Mixer Grinder,HOME & KITCHEN,Mixer Grinder,53140.3,2.0,20.0,Net Banking,Delayed,4.4
ORD14844,2024-03-01,CUST1387,Siddharth Mallick,INDORE,Madhya Pradesh,PID211,Biography,books,Biography,30424.18,4.0,5.0,Debit Card,Cancelled,3.8
ORD13098,2024-08-22,CUST1966,Anya Kadakia,lucknow,Uttar Pradesh,PID323,Sunscreen,BEAUTY,Sunscreen,61614.52,3.0,15.0,Debit Card,Delivered,1.6
ORD14600,08/03/2023,CUST1719,Kala Handa,delhi,Delhi,PID410,Smartphone,ELECTRONICS,Smartphone,33002.98,2.0,5.0,Net Banking,Delivered,4.6
ORD13090,2024-12-27,CUST1398,David Wable, Hyderabad ,Telangana,PID279,Dumbbells,Sports,Dumbbells,4004.86,2.0,0.0,,Delayed,1.6
ORD14495,2024-10-02,CUST1532,Kavya Boase,Jaipur,Rajasthan,PID479,Novel,BOOKS,Novel,42948.27,4.0,15.0,UPI,Delivered,1.5
ORD11188,2023-12-18,CUST1755,Farhan Jani,Delhi,Delhi,PID252,Water Bottle,HOME & KITCHEN,Water Bottle,12582.17,5.0,10.0,,Returned,3.4
ORD12330,2024-12-18,CUST1652,Ishaan Verma, Surat ,Gujarat,PID125,Mixer Grinder,home & kitchen,Mixer Grinder,25476.41,2.0,15.0,,Delayed,3.1
ORD12343,2024-08-23,CUST1777,Karan Bhardwaj,lucknow,Uttar Pradesh,PID582,Yoga Mat,Sports,Yoga Mat,26872.38,3.0,5.0,,Delivered,
ORD10352,2023-04-22,CUST1265,Tristan Varkey, Kolkata ,West Bengal,PID152,Cookware Set,home & kitchen,Cookware Set,6385.45,4.0,40.0,,Delivered,4.1
ORD13404,2024-06-27,CUST1576,Adya Pandey, Chennai ,Tamil Nadu,PID414,Sneakers,FASHION,Sneakers,7371.34,5.0,20.0,Net Banking,Returned,3.9
ORD11756,2023-09-25,CUST1916,Ishani Menon,LUCKNOW,Uttar Pradesh,PID491,Cookware Set,Home & Kitchen,Cookware Set,13936.03,5.0,5.0,Debit Card,Cancelled,5.0
ORD11596,2023-11-27,CUST1127,Teerth Jayaraman,ahmedabad,Gujarat,PID510,Face Wash,BEAUTY,Face Wash,51303.24,4.0,15.0,Debit Card,Delivered,4.4
ORD10043,2024-09-12,CUST1880,Wazir Shukla, Bangalore ,Karnataka,PID401,Novel,BOOKS,Novel,13555.4,2.0,30.0,Cash on Delivery,Delayed,3.5
ORD14808,2024-07-17,CUST1268,Idika Mangal, Chennai ,Tamil Nadu,PID163,Sunscreen,Beauty,Sunscreen,56492.14,1.0,40.0,Debit Card,Delayed,3.2
ORD12150,2023-12-09,CUST1208,Vinaya Pall,chennai,Tamil Nadu,PID260,Air Fryer,HOME & KITCHEN,Air Fryer,58418.37,5.0,5.0,UPI,Delayed,2.6
ORD13348,2024-07-27,CUST1566,Adweta Kata,DELHI,Delhi,PID393,Mixer Grinder,Home & Kitchen,Mixer Grinder,11391.4,5.0,20.0,Debit Card,Cancelled,1.3
ORD14596,2023-02-23,CUST1916,Yasti Konda,BANGALORE,Karnataka,PID583,Kurta,fashion,Kurta,3374.38,4.0,5.0,Credit Card,Delivered,3.4
ORD12495,2024-03-03,CUST1483,Harrison Arora,INDORE,Madhya Pradesh,PID279,Textbook,BOOKS,Textbook,77637.29,4.0,30.0,Debit Card,Delayed,2.3
ORD13740,2024-08-27,CUST1716,Advay Vasa,Ahmedabad,Gujarat,PID174,Cookware Set,HOME & KITCHEN,Cookware Set,80147.61,5.0,15.0,Net Banking,Delayed,3.7
ORD11274,2024-07-17,CUST1317,Anmol Cheema,chennai,Tamil Nadu,PID381,Smartphone,Electronics,Smartphone,77254.93,1.0,25.0,Credit Card,Delivered,3.8
ORD12183,2024-08-12,CUST1293,Advik Kalita,surat,Gujarat,PID373,Air Fryer,HOME & KITCHEN,Air Fryer,56487.38,1.0,15.0,Net Banking,,3.7
ORD10575,2024-12-27,CUST1760,Tarak Patla, Surat ,Gujarat,PID208,Shampoo,Beauty,Shampoo,85349.54,3.0,20.0,UPI,Cancelled,4.7
ORD11921,2023-06-08,CUST1940,Maanas Luthra,Surat,Gujarat,PID558,Sneakers,fashion,Sneakers,6712.8,5.0,30.0,Cash on Delivery,Delivered,
ORD12925,2024-10-23,CUST1632,Sara Bera,LUCKNOW,Uttar Pradesh,PID417,Cricket Bat,Sports,Cricket Bat,31834.18,1.0,25.0,Credit Card,Delivered,3.0
ORD14706,2024-09-22,CUST1120,Qadim Sani,Chennai,Tamil Nadu,PID179,Smartphone,electronics,Smartphone,41798.16,1.0,0.0,UPI,Returned,2.6
ORD10857,2024-12-31,CUST1758,Vaishnavi Shroff,PUNE,Maharashtra,PID584,Yoga Mat,Sports,Yoga Mat,4092.14,5.0,15.0,UPI,Delivered,3.8
ORD12177,2024-02-15,CUST1821,Upasna Viswanathan,mumbai,Maharashtra,PID139,Sunscreen,BEAUTY,Sunscreen,6708.69,1.0,0.0,,,1.3
ORD13568,2023-12-09,CUST1216,Nakul Saran, Delhi ,Delhi,PID237,T-Shirt,Fashion,T-Shirt,3349.62,2.0,5.0,,Delivered,2.6
ORD12796,2023-07-15,CUST1184,Timothy Korpal,Hyderabad,Telangana,PID443,Textbook,books,Textbook,86463.34,3.0,15.0,Net Banking,Delivered,1.4
ORD12048,2024-12-11,CUST1422,Qasim Jayaraman,jaipur,Rajasthan,PID264,Comic,Books,Comic,0.0,1.0,25.0,Net Banking,Delivered,4.6
ORD11809,2024-05-17,CUST1436,Bina Panchal,Hyderabad,Telangana,PID553,Novel,books,Novel,23392.96,5.0,20.0,,,4.4
ORD12621,2024-11-11,CUST1115,Akshay Gera, Lucknow ,Uttar Pradesh,PID351,Novel,BOOKS,Novel,46935.6,5.0,30.0,Cash on Delivery,Delivered,1.2
ORD14625,2024-04-19,CUST1130,Ubika Babu, Jaipur ,Rajasthan,PID109,Comic,Books,Comic,61814.59,3.0,5.0,Net Banking,Cancelled,3.6
ORD11899,2024-06-18,CUST1822,Pallavi Nair,HYDERABAD,Telangana,PID392,Sneakers,fashion,Sneakers,2856.05,4.0,30.0,Credit Card,Cancelled,3.5
ORD11847,2023-11-30,CUST1785,Vasatika Rao,SURAT,Gujarat,PID335,Tablet,electronics,Tablet,1669.24,2.0,15.0,Cash on Delivery,Delayed,1.1
ORD14539,2023-06-21,CUST1629,Nachiket Guha,AHMEDABAD,Gujarat,PID220,T-Shirt,FASHION,T-Shirt,75203.24,1.0,15.0,UPI,Returned,4.3
ORD10876,2024-04-08,CUST1446,Chaitaly Oak,Lucknow,Uttar Pradesh,PID470,Sneakers,FASHION,Sneakers,79014.09,5.0,5.0,Debit Card,Delayed,1.1
ORD10104,2024-10-19,CUST1074,Jackson Dyal,surat,Gujarat,PID452,Football,SPORTS,Football,19091.13,1.0,20.0,,Delayed,2.9
ORD13785,2024-06-18,CUST1036,Akshay Ganesh,pune,Maharashtra,PID122,Sunscreen,beauty,Sunscreen,69770.74,2.0,25.0,UPI,Returned,4.1
ORD12459,2023-01-06,CUST1422,Xavier Doctor,delhi,Delhi,PID230,Tablet,electronics,Tablet,75884.92,4.0,20.0,UPI,Delivered,1.1
ORD14137,2023-07-07,CUST1450,Yatin Tandon, Ahmedabad ,Gujarat,PID529,Perfume,BEAUTY,Perfume,-70496.51,5.0,15.0,Credit Card,Returned,1.7
ORD13227,2023-11-20,CUST1054,Frederick Keer,JAIPUR,Rajasthan,PID420,Cricket Bat,SPORTS,Cricket Bat,24547.76,4.0,40.0,Cash on Delivery,Delivered,4.0
ORD13410,2023-06-23,CUST1409,Dakshesh Bawa,Indore,Madhya Pradesh,PID135,Tablet,Electronics,Tablet,52114.56,2.0,10.0,Debit Card,Cancelled,3.9
ORD10605,2023-04-28,CUST1672,Lakshit Bahri,Pune,Maharashtra,PID290,Water Bottle,Home & Kitchen,Water Bottle,26518.6,5.0,0.0,Debit Card,Delivered,2.3
ORD10989,2023-07-02,CUST1226,Rohan Singh, Surat ,Gujarat,PID544,Mixer Grinder,home & kitchen,Mixer Grinder,61295.57,3.0,40.0,Net Banking,Delivered,2.4
ORD11234,2023-04-02,CUST1209,Jatin Mitra,Chennai,Tamil Nadu,PID376,Jeans,Fashion,Jeans,85985.05,4.0,40.0,Credit Card,Delivered,4.1
ORD10067,2023-05-10,CUST1607,Nirja Vig,mumbai,Maharashtra,PID155,Laptop,electronics,Laptop,32338.07,1.0,0.0,Cash on Delivery,Delayed,3.1
ORD11434,2024-05-29,CUST1211,Arin Narula,Kolkata,West Bengal,PID398,Cookware Set,HOME & KITCHEN,Cookware Set,44674.91,2.0,25.0,Cash on Delivery,Delivered,1.4
ORD10385,2024-01-18,CUST1327,Leela Bali,Lucknow,Uttar Pradesh,PID336,Comic,Books,Comic,43321.66,4.0,5.0,Credit Card,Cancelled,3.3
ORD10894,2024-08-25,CUST1163,Yatin Bansal,CHENNAI,Tamil Nadu,PID406,Headphones,ELECTRONICS,Headphones,10772.64,4.0,30.0,Credit Card,Cancelled,2.7
ORD10057,2024-04-15,CUST1452,Vritti Dutta,LUCKNOW,Uttar Pradesh,PID583,Biography,Books,Biography,61529.64,2.0,20.0,Debit Card,Returned,1.0
ORD10712,2024-03-21,CUST1910,Hiral Seshadri,bangalore,Karnataka,PID406,Face Wash,Beauty,Face Wash,775.06,3.0,40.0,Cash on Delivery,Delayed,2.1
ORD12373,2023-06-10,CUST1951,Agastya Bhatia,Surat,Gujarat,PID326,Bluetooth Speaker,Electronics,Bluetooth Speaker,26416.42,4.0,30.0,,Delivered,4.6
ORD12127,2023-12-04,CUST1638,Ayush Dixit,jaipur,Rajasthan,PID375,T-Shirt,fashion,T-Shirt,60458.6,2.0,20.0,Debit Card,Delivered,
ORD12589,2024-04-18,CUST1285,Ekaraj Cherian,AHMEDABAD,Gujarat,PID220,Jeans,Fashion,Jeans,-42429.13,5.0,5.0,,Returned,1.7
ORD10356,2023-01-26,CUST1546,Indira Thaker,indore,Madhya Pradesh,PID594,Bluetooth Speaker,ELECTRONICS,Bluetooth Speaker,32429.61,2.0,15.0,UPI,,3.4
ORD13566,2024-05-26,CUST1525,Falak Pathak,KOLKATA,West Bengal,PID317,Tablet,ELECTRONICS,Tablet,60703.45,3.0,30.0,UPI,Returned,2.0
ORD11843,2023-11-01,CUST1764,Naveen Das, Pune ,Maharashtra,PID216,Perfume,BEAUTY,Perfume,78269.64,3.0,0.0,Debit Card,Returned,2.1
ORD12408,2024-06-27,CUST1095,Prisha Bedi, Mumbai ,Maharashtra,PID490,Novel,books,Novel,50855.16,2.0,30.0,Net Banking,Delivered,
ORD11019,2023-09-23,CUST1432,Jagvi Sachdeva, Jaipur ,Rajasthan,PID163,Perfume,Beauty,Perfume,29498.51,2.0,0.0,UPI,Delivered,4.6
ORD11315,2023-02-02,CUST1998,Eshana Basu,BANGALORE,Karnataka,PID123,Sneakers,fashion,Sneakers,41833.39,3.0,30.0,Net Banking,Delivered,3.8
ORD13297,2024-04-30,CUST1594,Rishi Oommen,BANGALORE,Karnataka,PID523,Sunscreen,Beauty,Sunscreen,65573.42,1.0,0.0,Net Banking,Delivered,4.4
ORD12964,2023-04-13,CUST1320,Ansh Solanki, Pune ,Maharashtra,PID497,Bluetooth Speaker,electronics,Bluetooth Speaker,8476.95,1.0,25.0,Net Banking,Delivered,3.2
ORD10308,2024-03-12,CUST1141,Bhavya Joshi,DELHI,Delhi,PID397,Lipstick,beauty,Lipstick,65730.59,2.0,10.0,Net Banking,Delivered,4.6
ORD13462,2023-12-14,CUST1166,Amol Nadig,ahmedabad,Gujarat,PID193,Novel,Books,Novel,20820.48,2.0,0.0,Cash on Delivery,Returned,3.0
ORD10814,2024-11-06,CUST1389,Bhanumati Deshmukh,Ahmedabad,Gujarat,PID202,Bluetooth Speaker,ELECTRONICS,Bluetooth Speaker,63091.26,3.0,40.0,Net Banking,Delivered,3.2
ORD10042,2024-03-27,CUST1503,Janaki Raghavan,Surat,Gujarat,PID137,Yoga Mat,SPORTS,Yoga Mat,78181.24,5.0,40.0,Cash on Delivery,Delivered,4.9
ORD13668,2024-06-22,CUST1649,Reyansh Narayanan,jaipur,Rajasthan,PID351,Tablet,ELECTRONICS,Tablet,31965.78,3.0,5.0,Cash on Delivery,Delivered,
ORD11406,2024-04-24,CUST1576,Kashvi Jain,surat,Gujarat,PID259,Textbook,BOOKS,Textbook,86999.59,1.0,5.0,Cash on Delivery,,1.6
ORD13685,2023-06-24,CUST1456,Lopa Ramachandran,mumbai,Maharashtra,PID421,Jeans,fashion,Jeans,54368.25,5.0,20.0,Cash on Delivery,Delivered,3.2
ORD11682,2023-08-02,CUST1475,Veda Dube, Mumbai ,Maharashtra,PID543,Dumbbells,SPORTS,Dumbbells,29796.87,2.0,25.0,Net Banking,Delayed,2.5
ORD10883,2023-07-31,CUST1384,Eshana Mane, Hyderabad ,Telangana,PID253,Dumbbells,SPORTS,Dumbbells,47183.82,4.0,0.0,UPI,Cancelled,5.0
ORD13709,2023-08-31,CUST1954,Faqid Devi,MUMBAI,Maharashtra,PID269,Sneakers,Fashion,Sneakers,71438.56,5.0,0.0,UPI,Delivered,1.8
ORD10699,2023-11-14,CUST1231,Chaman Krishna,delhi,Delhi,PID527,Air Fryer,HOME & KITCHEN,Air Fryer,78966.28,2.0,10.0,Credit Card,Cancelled,3.8
ORD14949,2024-07-14,CUST1161,Vasana Sastry,pune,Maharashtra,PID564,Jacket,FASHION,Jacket,50509.05,5.0,0.0,UPI,Delayed,4.1
ORD14094,2024-08-06,CUST1144,Saanvi Nazareth,AHMEDABAD,Gujarat,PID273,Perfume,BEAUTY,Perfume,63578.53,3.0,30.0,Cash on Delivery,,1.4
ORD12052,2023-09-15,CUST1010,Janya Tank,AHMEDABAD,Gujarat,PID171,Textbook,Books,Textbook,26190.3,1.0,10.0,UPI,Returned,4.8
ORD13968,2024-12-02,CUST1066,Inaya Khosla,KOLKATA,West Bengal,PID304,Comic,BOOKS,Comic,21582.45,4.0,0.0,Net Banking,Delivered,1.3
ORD10216,2023-05-07,CUST1049,Bachittar Solanki,Ahmedabad,Gujarat,PID438,Face Wash,beauty,Face Wash,20305.27,1.0,10.0,,Delivered,
ORD13025,2023-04-26,CUST1688,Ekani Munshi,Hyderabad,Telangana,PID333,Football,SPORTS,Football,54490.55,2.0,0.0,Cash on Delivery,Delivered,4.2
ORD12147,2023-11-23,CUST1493,Brijesh Agrawal,surat,Gujarat,PID154,Cricket Bat,sports,Cricket Bat,5215.24,4.0,15.0,Net Banking,Delayed,3.0
ORD12323,2023-11-07,CUST1277,Sudiksha Savant,Surat,Gujarat,PID280,Sunscreen,BEAUTY,Sunscreen,8825.11,5.0,0.0,Cash on Delivery,Delivered,3.0
ORD13683,2023-07-27,CUST1684,Leena Som,indore,Madhya Pradesh,PID534,Bluetooth Speaker,electronics,Bluetooth Speaker,79804.98,5.0,5.0,Cash on Delivery,Cancelled,
ORD12483,2024-01-30,CUST1752,Aarav Gera,chennai,Tamil Nadu,PID224,Dumbbells,Sports,Dumbbells,79266.02,3.0,20.0,,Cancelled,3.9
ORD11371,2024-07-15,CUST1407,Bakhshi Narang,indore,Madhya Pradesh,PID307,Comic,BOOKS,Comic,25785.4,1.0,5.0,Credit Card,Delivered,2.4
ORD11567,2024-09-29,CUST1631,George Gole, Delhi ,Delhi,PID302,Comic,Books,Comic,16350.26,1.0,5.0,Debit Card,Delayed,3.6
ORD12193,2023-11-13,CUST1978,Bishakha Aurora, Delhi ,Delhi,PID458,Dumbbells,sports,Dumbbells,65326.63,4.0,40.0,UPI,Cancelled,4.5
ORD13597,2023-06-14,CUST1629,Chameli Savant,Mumbai,Maharashtra,PID359,Air Fryer,HOME & KITCHEN,Air Fryer,15295.13,4.0,0.0,Credit Card,Cancelled,3.4
ORD13321,2023-05-29,CUST1999,Zehaan Chaudhuri,CHENNAI,Tamil Nadu,PID553,Novel,books,Novel,27421.35,5.0,25.0,Net Banking,Delayed,2.7
ORD14134,2023-10-08,CUST1489,Yug Upadhyay, Indore ,Madhya Pradesh,PID317,Cricket Bat,Sports,Cricket Bat,43050.05,4.0,5.0,Cash on Delivery,Delivered,2.9
ORD14495,2024-10-02,CUST1532,Kavya Boase,Jaipur,Rajasthan,PID479,Novel,BOOKS,Novel,42948.27,4.0,15.0,UPI,Delivered,1.5
ORD13942,2024-08-08,CUST1567,Amaira Mammen,JAIPUR,Rajasthan,PID252,Dumbbells,SPORTS,Dumbbells,40122.55,5.0,10.0,Cash on Delivery,Delayed,
ORD11517,2023-09-07,CUST1687,Henry Sant,lucknow,Uttar Pradesh,PID224,Sneakers,FASHION,Sneakers,18146.12,1.0,20.0,Debit Card,Returned,3.8
ORD12749,2024-04-15,CUST1083,Ethan Kari,indore,Madhya Pradesh,PID504,Textbook,Books,Textbook,45582.1,1.0,40.0,,Delivered,4.9
ORD12504,2024-01-07,CUST1432,Robert Keer,LUCKNOW,Uttar Pradesh,PID588,Kurta,Fashion,Kurta,77792.51,5.0,5.0,Net Banking,Delayed,4.8
ORD13045,31/01/2023,CUST1500,Krishna Mani, Surat ,Gujarat,PID340,Face Wash,beauty,Face Wash,60363.81,3.0,15.0,,,3.6
ORD11767,2024-10-06,CUST1316,Fariq Batra,Lucknow,Uttar Pradesh,PID500,Cookware Set,Home & Kitchen,Cookware Set,37390.52,5.0,15.0,Net Banking,Delivered,3.8
ORD14995,2024-07-23,CUST1961,Rehaan Ramanathan, Ahmedabad ,Gujarat,PID291,Kurta,Fashion,Kurta,58528.85,5.0,0.0,Cash on Delivery,Cancelled,2.9
ORD12187,2023-07-28,CUST1271,Brinda Sagar, Kolkata ,West Bengal,PID555,Kurta,FASHION,Kurta,3039.08,1.0,20.0,UPI,Delivered,2.2
ORD14900,2023-09-19,CUST1678,Chandresh Rattan,chennai,Tamil Nadu,PID239,Bluetooth Speaker,electronics,Bluetooth Speaker,49736.13,1.0,20.0,,Delivered,2.2
ORD13309,2023-04-01,CUST1559,Tripti Din,Ahmedabad,Gujarat,PID129,Smartwatch,electronics,Smartwatch,21064.96,5.0,15.0,,Delivered,2.8
ORD14090,2024-07-30,CUST1118,Bhavini Saraf,jaipur,Rajasthan,PID274,Smartphone,ELECTRONICS,Smartphone,4952.87,0.0,10.0,Debit Card,,2.7
ORD11038,2024-03-13,CUST1915,Aahana Arya,indore,Madhya Pradesh,PID513,Cookware Set,home & kitchen,Cookware Set,10744.57,5.0,25.0,Credit Card,Delayed,4.6
ORD12438,21/12/2023,CUST1126,Upkaar Kapur,bangalore,Karnataka,PID317,Textbook,BOOKS,Textbook,18988.61,4.0,10.0,Net Banking,,3.8
ORD13000,2024-10-16,CUST1355,Inaya Singhal,Chennai,Tamil Nadu,PID111,Air Fryer,Home & Kitchen,Air Fryer,21224.47,2.0,5.0,Credit Card,Delivered,3.7
ORD11511,2024-10-15,CUST1436,Aashi Nayar,kolkata,West Bengal,PID154,Lipstick,BEAUTY,Lipstick,67892.39,2.0,5.0,Debit Card,Delivered,
ORD10412,2024-07-01,CUST1958,Keya Vala,surat,Gujarat,PID521,Bluetooth Speaker,Electronics,Bluetooth Speaker,21684.87,3.0,5.0,Cash on Delivery,Delivered,4.4
ORD14416,2023-10-27,CUST1172,Janani Kaul,Kolkata,West Bengal,PID496,Comic,books,Comic,67339.28,2.0,30.0,UPI,Delivered,3.6
ORD14809,2024-04-06,CUST1942,Yash Borah,bangalore,Karnataka,PID454,Dumbbells,sports,Dumbbells,33668.34,1.0,15.0,,Delivered,1.9
ORD11302,2023-12-06,CUST1595,Atharv Deshmukh,CHENNAI,Tamil Nadu,PID427,Comic,Books,Comic,78729.21,1.0,15.0,,,2.3
ORD13260,2024-09-14,CUST1802,Mitesh Karan, Jaipur ,Rajasthan,PID207,Tablet,electronics,Tablet,31416.69,5.0,5.0,Credit Card,Delayed,4.6
ORD11297,04/07/2024,CUST1851,Girish Narula,Bangalore,Karnataka,PID594,Jeans,Fashion,Jeans,26614.71,5.0,0.0,,Delivered,3.3
ORD14193,2024-04-30,CUST1406,Neha Hegde, Kolkata ,West Bengal,PID174,Bluetooth Speaker,Electronics,Bluetooth Speaker,8910.81,5.0,0.0,Credit Card,Delivered,2.0
ORD13317,2023-01-24,CUST1987,Gaurang Dey,INDORE,Madhya Pradesh,PID467,Dumbbells,Sports,Dumbbells,56501.91,5.0,15.0,,Delayed,4.1
ORD13476,2023-06-20,CUST1471,Jonathan Dua,HYDERABAD,Telangana,PID115,Face Wash,beauty,Face Wash,11923.55,3.0,10.0,Net Banking,Cancelled,2.3
ORD10778,2023-11-28,CUST1506,Divya Chad,chennai,Tamil Nadu,PID214,Water Bottle,Home & Kitchen,Water Bottle,35798.59,3.0,5.0,Net Banking,Delivered,
ORD14150,2023-03-20,CUST1505,Rohan Dugar,KOLKATA,West Bengal,PID471,Tablet,electronics,Tablet,44092.72,5.0,20.0,Net Banking,Delivered,2.5
ORD14418,2024-08-30,CUST1817,Gayathri Bhasin,Indore,Madhya Pradesh,PID268,Novel,books,Novel,42650.27,2.0,30.0,Cash on Delivery,Cancelled,1.4
ORD12550,2023-04-16,CUST1032,Tanvi Jain,Bangalore,Karnataka,PID405,Biography,Books,Biography,70870.67,2.0,20.0,,,1.0
ORD14939,2024-12-30,CUST1100,Sarthak Venkataraman,lucknow,Uttar Pradesh,PID319,Bedsheet,home & kitchen,Bedsheet,20458.34,4.0,40.0,,Returned,3.2
ORD10759,2023-08-19,CUST1231,Mahika Jani,Kolkata,West Bengal,PID228,Smartwatch,Electronics,Smartwatch,67422.39,2.0,10.0,Debit Card,Cancelled,4.0
ORD12368,2023-11-26,CUST1310,Chakradev Saini,CHENNAI,Tamil Nadu,PID573,Smartphone,ELECTRONICS,Smartphone,53089.12,1.0,30.0,Net Banking,Delivered,2.1
ORD12477,2024-03-06,CUST1438,Praneel Murty,KOLKATA,West Bengal,PID397,Sneakers,fashion,Sneakers,78379.7,2.0,5.0,UPI,Delayed,
ORD13692,2023-11-08,CUST1985,Darpan Grover,HYDERABAD,Telangana,PID507,Biography,books,Biography,14002.28,1.0,5.0,Credit Card,,4.6
ORD11318,2024-03-04,CUST1723,Victor Deshmukh, Chennai ,Tamil Nadu,PID236,Laptop,electronics,Laptop,78692.06,2.0,10.0,Credit Card,Delivered,1.2
ORD13185,2024-02-13,CUST1597,Wishi Chauhan, Mumbai ,Maharashtra,PID192,Headphones,electronics,Headphones,48475.89,3.0,5.0,Cash on Delivery,Delivered,
ORD10074,2023-06-09,CUST1621,Finn Banik, Kolkata ,West Bengal,PID326,Shampoo,BEAUTY,Shampoo,30779.5,5.0,0.0,Debit Card,Delayed,3.5
ORD10026,2024-04-21,CUST1527,Gaurangi Apte,Lucknow,Uttar Pradesh,PID439,Saree,FASHION,Saree,0.0,3.0,25.0,,Delivered,3.7
ORD13908,2024-02-17,CUST1296,Girindra Balasubramanian,Surat,Gujarat,PID172,Sneakers,Fashion,Sneakers,1767.63,2.0,10.0,Credit Card,Delivered,1.6
ORD13393,22/02/2024,CUST1928,Devika Vyas,chennai,Tamil Nadu,PID325,Shampoo,beauty,Shampoo,71547.01,4.0,20.0,Cash on Delivery,Returned,1.8
ORD13687,2024-07-07,CUST1033,Rohan Radhakrishnan, Chennai ,Tamil Nadu,PID360,Smartphone,ELECTRONICS,Smartphone,11570.75,5.0,25.0,,Cancelled,1.7
ORD11127,2023-05-03,CUST1781,Samar Yogi,Surat,Gujarat,PID303,Sneakers,Fashion,Sneakers,16159.6,3.0,15.0,Net Banking,Returned,3.4
ORD13578,2024-03-10,CUST1409,Harita Pandey,mumbai,Maharashtra,PID135,Football,Sports,Football,25647.82,1.0,25.0,Credit Card,Returned,5.0
ORD11140,2024-02-20,CUST1914,Anthony Nath, Ahmedabad ,Gujarat,PID347,Saree,FASHION,Saree,67708.01,4.0,40.0,UPI,Delivered,4.8
ORD10506,2024-08-13,CUST1386,Aayush Nori,hyderabad,Telangana,PID185,Shampoo,BEAUTY,Shampoo,14899.67,5.0,20.0,Cash on Delivery,Delivered,3.5
ORD11561,2023-11-14,CUST1779,Siddharth Balasubramanian, Indore ,Madhya Pradesh,PID303,Dumbbells,SPORTS,Dumbbells,72651.46,5.0,15.0,Debit Card,Cancelled,4.5
ORD14763,2023-08-15,CUST1309,Vanya Dash,INDORE,Madhya Pradesh,PID117,Bedsheet,HOME & KITCHEN,Bedsheet,6248.88,5.0,15.0,Net Banking,Delayed,1.5
ORD14205,2024-01-30,CUST1241,Qasim Bajwa,HYDERABAD,Telangana,PID332,Mixer Grinder,home & kitchen,Mixer Grinder,73653.76,1.0,0.0,Net Banking,Delivered,2.9
ORD14901,2023-07-21,CUST1692,Shravya Korpal, Indore ,Madhya Pradesh,PID314,Headphones,ELECTRONICS,Headphones,34934.45,3.0,30.0,Cash on Delivery,Delivered,2.8
ORD14998,2024-01-09,CUST1941,Ekapad Subramaniam, Indore ,Madhya Pradesh,PID296,Dumbbells,sports,Dumbbells,77209.57,2.0,40.0,Net Banking,Delayed,2.4
ORD13531,2024-01-18,CUST1054,Falak Sandhu, Ahmedabad ,Gujarat,PID355,Lipstick,Beauty,Lipstick,42833.34,3.0,15.0,UPI,Delivered,1.9
ORD13724,2024-03-08,CUST1928,Sarthak Kapadia,Lucknow,Uttar Pradesh,PID216,Kurta,fashion,Kurta,4004.81,1.0,15.0,UPI,Delivered,4.1
ORD11121,2023-05-20,CUST1125,Hemal Bose,KOLKATA,West Bengal,PID577,Perfume,BEAUTY,Perfume,16477.89,4.0,20.0,UPI,Delivered,4.1
ORD11113,2024-01-06,CUST1988,Ekalinga Dhaliwal,Mumbai,Maharashtra,PID320,Shampoo,BEAUTY,Shampoo,34577.35,1.0,30.0,Debit Card,Delivered,2.2
ORD10587,2023-11-02,CUST1850,Nicholas Tak,pune,Maharashtra,PID127,Bluetooth Speaker,Electronics,Bluetooth Speaker,24395.85,1.0,5.0,Credit Card,Returned,2.8
ORD10602,2023-08-14,CUST1356,Umang Gera,JAIPUR,Rajasthan,PID462,Tablet,Electronics,Tablet,68522.34,2.0,10.0,Debit Card,Delayed,3.8
ORD10612,2023-10-15,CUST1084,Bimala Bajwa,pune,Maharashtra,PID280,Saree,fashion,Saree,57375.79,2.0,40.0,Debit Card,,3.9
ORD13187,2023-07-09,CUST1305,Janaki Mitter,Surat,Gujarat,PID529,Smartphone,electronics,Smartphone,73652.23,2.0,0.0,UPI,Returned,1.7
ORD12474,2023-01-11,CUST1398,Jasmit Bhavsar,BANGALORE,Karnataka,PID392,Bedsheet,HOME & KITCHEN,Bedsheet,439.68,5.0,15.0,Cash on Delivery,Delivered,1.6
ORD12697,2023-12-05,CUST1392,Shravya Sem,Mumbai,Maharashtra,PID548,Yoga Mat,sports,Yoga Mat,58680.05,5.0,5.0,Cash on Delivery,Delivered,
ORD11090,2023-08-28,CUST1914,Jagrati Om,MUMBAI,Maharashtra,PID142,Shampoo,Beauty,Shampoo,61853.37,4.0,25.0,UPI,Returned,4.7
ORD12738,2024-05-10,CUST1917,Onveer Guha,Bangalore,Karnataka,PID433,Cricket Bat,SPORTS,Cricket Bat,70268.7,2.0,20.0,Debit Card,Delivered,1.0
ORD11536,2023-01-19,CUST1519,Vedant Kulkarni,Chennai,Tamil Nadu,PID300,Biography,books,Biography,57604.76,1.0,15.0,,Delivered,3.9
ORD11409,2024-07-11,CUST1067,Falak Din, Delhi ,Delhi,PID280,Football,sports,Football,56496.72,3.0,5.0,,Delivered,3.7
ORD12614,2024-10-10,CUST1880,Owen Sampath,hyderabad,Telangana,PID480,Cricket Bat,SPORTS,Cricket Bat,-35310.88,1.0,20.0,Net Banking,Returned,2.5
ORD10349,11/03/2023,CUST1290,Laksh Mander,JAIPUR,Rajasthan,PID228,Yoga Mat,sports,Yoga Mat,30465.98,0.0,0.0,Cash on Delivery,Delivered,1.4
ORD10886,2023-07-18,CUST1025,Samar Hayre,jaipur,Rajasthan,PID360,Water Bottle,Home & Kitchen,Water Bottle,43018.16,4.0,25.0,UPI,Delivered,
ORD14993,2024-12-06,CUST1639,Dalbir De,Jaipur,Rajasthan,PID289,Water Bottle,Home & Kitchen,Water Bottle,89276.02,3.0,30.0,UPI,Returned,1.1
ORD14595,2023-11-27,CUST1840,Xalak Batta, Indore ,Madhya Pradesh,PID201,Yoga Mat,sports,Yoga Mat,-13904.3,3.0,0.0,,Cancelled,2.7
ORD10783,2024-02-10,CUST1583,Patrick Rout,lucknow,Uttar Pradesh,PID508,Football,Sports,Football,22793.28,5.0,10.0,,Delivered,2.8
ORD14726,2024-07-20,CUST1191,Dev Nadkarni,hyderabad,Telangana,PID320,Yoga Mat,SPORTS,Yoga Mat,36920.0,3.0,20.0,Net Banking,Cancelled,2.1
ORD14098,2024-04-05,CUST1159,Benjamin Goda, Chennai ,Tamil Nadu,PID169,Lipstick,BEAUTY,Lipstick,53617.19,4.0,30.0,Cash on Delivery,Delivered,2.0
ORD10630,2023-03-28,CUST1579,Siddharth Tandon,Pune,Maharashtra,PID346,Lipstick,BEAUTY,Lipstick,60356.62,5.0,0.0,Debit Card,Cancelled,4.3
ORD14181,2023-04-05,CUST1730,Andrew Yogi, Mumbai ,Maharashtra,PID464,Comic,Books,Comic,17865.83,5.0,20.0,Net Banking,Delivered,1.1
ORD14685,2023-08-11,CUST1215,Maya Gade,KOLKATA,West Bengal,PID145,Tablet,electronics,Tablet,83938.53,2.0,40.0,Net Banking,Delivered,
ORD12549,2023-10-30,CUST1280,Manbir Brahmbhatt, Jaipur ,Rajasthan,PID567,Air Fryer,home & kitchen,Air Fryer,38658.56,3.0,0.0,Credit Card,Delivered,4.6
ORD13822,2024-08-18,CUST1731,Ranveer Chanda, Surat ,Gujarat,PID116,Smartphone,electronics,Smartphone,51483.09,4.0,15.0,,Delivered,1.7
ORD12458,2024-10-04,CUST1645,Sanaya Panchal,Chennai,Tamil Nadu,PID345,Shampoo,BEAUTY,Shampoo,54187.43,1.0,20.0,,Cancelled,4.5
ORD10409,2024-06-18,CUST1243,Manthan Bose, Chennai ,Tamil Nadu,PID407,Smartwatch,Electronics,Smartwatch,60499.74,2.0,5.0,Net Banking,Delivered,3.3
ORD13392,2024-12-18,CUST1162,Arunima Swaminathan,KOLKATA,West Bengal,PID313,Cookware Set,home & kitchen,Cookware Set,70105.24,2.0,5.0,Cash on Delivery,,2.1
ORD10165,2024-12-21,CUST1008,Abeer Ravi, Mumbai ,Maharashtra,PID456,Yoga Mat,Sports,Yoga Mat,35761.29,2.0,5.0,Net Banking,Delivered,
ORD13266,2024-12-05,CUST1965,Vasatika Rao,KOLKATA,West Bengal,PID367,Water Bottle,Home & Kitchen,Water Bottle,27964.78,5.0,40.0,UPI,,1.7
ORD14717,2024-06-21,CUST1815,Hritik Setty, Chennai ,Tamil Nadu,PID396,Football,Sports,Football,70429.92,5.0,0.0,Debit Card,,2.6
ORD12337,2023-08-09,CUST1735,Daksha Shankar,surat,Gujarat,PID248,Shampoo,beauty,Shampoo,40785.19,5.0,30.0,Credit Card,,
ORD12039,2024-08-30,CUST1109,Avi Murthy,Hyderabad,Telangana,PID535,Comic,Books,Comic,72197.61,1.0,40.0,Net Banking,Delivered,3.5
ORD11970,2024-06-30,CUST1902,Noah Jha,delhi,Delhi,PID336,Comic,books,Comic,4945.5,4.0,40.0,Cash on Delivery,Delivered,4.5
ORD13509,2024-08-06,CUST1068,Ikbal Dhar,JAIPUR,Rajasthan,PID190,Kurta,Fashion,Kurta,59772.07,5.0,5.0,Cash on Delivery,Delivered,4.1
ORD13571,2024-09-28,CUST1039,Girik Patla,Lucknow,Uttar Pradesh,PID174,Cookware Set,HOME & KITCHEN,Cookware Set,70614.55,5.0,20.0,Debit Card,,3.2
ORD11650,2023-07-06,CUST1766,Turvi Sastry,kolkata,West Bengal,PID302,Bluetooth Speaker,ELECTRONICS,Bluetooth Speaker,40940.89,1.0,30.0,Cash on Delivery,Delayed,1.9
ORD14496,2024-11-13,CUST1599,Sai Chaudhari,Mumbai,Maharashtra,PID233,Lipstick,BEAUTY,Lipstick,42540.24,5.0,40.0,,Returned,3.7
ORD12427,2023-05-06,CUST1724,Viraj Chhabra,indore,Madhya Pradesh,PID531,Face Wash,beauty,Face Wash,80506.74,2.0,5.0,,Delivered,2.1
ORD11088,2024-08-31,CUST1644,Warjas Warrior,Chennai,Tamil Nadu,PID458,Comic,BOOKS,Comic,7343.54,5.0,0.0,Debit Card,Delivered,4.7
ORD14942,20/02/2023,CUST1843,Michael Mall,Bangalore,Karnataka,PID489,Cricket Bat,Sports,Cricket Bat,20548.13,2.0,10.0,Debit Card,Delivered,1.4
ORD14367,2024-02-15,CUST1894,Chatura Taneja,CHENNAI,Tamil Nadu,PID568,Biography,Books,Biography,45593.39,1.0,20.0,,Delivered,3.2
ORD13140,2024-07-22,CUST1642,Upadhriti Sandhu, Bangalore ,Karnataka,PID168,Mixer Grinder,Home & Kitchen,Mixer Grinder,8823.64,2.0,10.0,Credit Card,Delivered,2.0
ORD13989,2023-04-14,CUST1898,Rajeshri Peri,AHMEDABAD,Gujarat,PID526,Biography,books,Biography,10725.03,3.0,15.0,,Delivered,
ORD14106,2023-05-05,CUST1330,Chavvi Gokhale, Surat ,Gujarat,PID275,Jeans,Fashion,Jeans,37098.83,5.0,25.0,Cash on Delivery,Delivered,4.6
ORD11755,2023-10-07,CUST1385,Chameli Zacharia,kolkata,West Bengal,PID539,T-Shirt,fashion,T-Shirt,19598.56,4.0,10.0,Credit Card,,3.9
ORD10295,2024-10-10,CUST1784,Nirja Batra,LUCKNOW,Uttar Pradesh,PID381,Saree,FASHION,Saree,39954.64,3.0,30.0,Net Banking,Cancelled,3.9
ORD14093,2023-03-07,CUST1960,Manya Bedi, Jaipur ,Rajasthan,PID125,Yoga Mat,SPORTS,Yoga Mat,35998.37,2.0,5.0,UPI,Returned,1.5
ORD10966,16/12/2023,CUST1692,Urvashi Chauhan,mumbai,Maharashtra,PID175,Headphones,electronics,Headphones,80767.98,1.0,30.0,Cash on Delivery,Cancelled,4.2
ORD11823,2023-05-29,CUST1530,Jagvi Radhakrishnan,Lucknow,Uttar Pradesh,PID290,Tablet,electronics,Tablet,52043.66,3.0,25.0,UPI,Delivered,3.9
ORD11910,2024-07-20,CUST1607,Lipika Yohannan, Bangalore ,Karnataka,PID370,Football,Sports,Football,45180.43,4.0,5.0,,Delayed,3.2
ORD12915,2024-12-14,CUST1952,Samesh Choudhury, Ahmedabad ,Gujarat,PID512,Mixer Grinder,Home & Kitchen,Mixer Grinder,28706.77,3.0,5.0,,Delivered,1.3
ORD12861,2024-07-31,CUST1065,Quincy Patla,Bangalore,Karnataka,PID184,Perfume,Beauty,Perfume,83838.13,1.0,30.0,,Delivered,1.4
ORD13793,2023-12-02,CUST1559,Advika Ben,DELHI,Delhi,PID332,Dumbbells,Sports,Dumbbells,86778.32,1.0,5.0,,,1.6
ORD12364,2024-02-03,CUST1461,Vrinda Pathak,lucknow,Uttar Pradesh,PID512,Comic,books,Comic,10469.41,3.0,15.0,Net Banking,Cancelled,1.8
ORD10529,2023-09-04,CUST1814,Vasana Gaba, Jaipur ,Rajasthan,PID443,Smartphone,electronics,Smartphone,58561.29,4.0,5.0,Credit Card,Returned,2.2
ORD13203,2024-12-27,CUST1807,Nisha Bala,delhi,Delhi,PID192,Biography,books,Biography,37259.38,4.0,40.0,,Cancelled,1.7
ORD13226,2024-03-01,CUST1601,Gaurangi Kara,AHMEDABAD,Gujarat,PID362,Novel,BOOKS,Novel,11596.36,5.0,15.0,Net Banking,Cancelled,4.2
ORD11969,2024-08-07,CUST1977,Urvashi Prabhu,Indore,Madhya Pradesh,PID488,Shampoo,beauty,Shampoo,3505.24,2.0,15.0,Credit Card,,2.1
ORD12238,2024-08-24,CUST1086,Adya Dora, Jaipur ,Rajasthan,PID309,Yoga Mat,sports,Yoga Mat,0.0,1.0,20.0,UPI,Delivered,3.0
ORD10028,2023-06-30,CUST1136,Imaran Kala,Kolkata,West Bengal,PID510,Dumbbells,SPORTS,Dumbbells,36058.81,1.0,15.0,Net Banking,Delivered,3.8
ORD14115,2024-06-01,CUST1405,Tarak Chander,CHENNAI,Tamil Nadu,PID566,Water Bottle,home & kitchen,Water Bottle,53406.09,5.0,40.0,UPI,Delivered,4.7
ORD11674,2024-11-01,CUST1627,Aachal Kota,Jaipur,Rajasthan,PID142,Mixer Grinder,home & kitchen,Mixer Grinder,35185.3,2.0,20.0,Cash on Delivery,Delivered,2.6
ORD10275,2023-03-23,CUST1660,Jack Dani,bangalore,Karnataka,PID302,Yoga Mat,sports,Yoga Mat,57706.17,5.0,5.0,Debit Card,Returned,1.9
ORD11073,2024-09-13,CUST1541,Ladli Kar,Jaipur,Rajasthan,PID449,Kurta,FASHION,Kurta,12803.28,5.0,30.0,Cash on Delivery,Cancelled,1.1
ORD11075,25/01/2024,CUST1963,Damyanti Shere,indore,Madhya Pradesh,PID137,Sneakers,Fashion,Sneakers,68795.45,5.0,10.0,UPI,,4.9
ORD14866,2024-11-26,CUST1551,Saksham Loyal,Chennai,Tamil Nadu,PID545,Comic,BOOKS,Comic,18046.11,1.0,5.0,,Cancelled,2.2
ORD14514,2023-10-25,CUST1316,Maanas Lanka,PUNE,Maharashtra,PID538,Bedsheet,Home & Kitchen,Bedsheet,60368.17,2.0,40.0,,Cancelled,2.3
ORD13718,2023-06-27,CUST1058,Ucchal Soman,bangalore,Karnataka,PID313,Water Bottle,HOME & KITCHEN,Water Bottle,-74355.81,5.0,20.0,Debit Card,Delivered,4.4
ORD14022,2023-02-13,CUST1095,Dayamai Saxena,SURAT,Gujarat,PID328,Novel,books,Novel,24856.36,3.0,0.0,Cash on Delivery,,3.6
ORD14508,2023-03-10,CUST1283,Tristan Modi,kolkata,West Bengal,PID374,Cricket Bat,sports,Cricket Bat,6440.35,2.0,25.0,Cash on Delivery,Delayed,2.0
ORD12303,18/12/2024,CUST1300,Vincent Dhillon,Delhi,Delhi,PID161,Shampoo,Beauty,Shampoo,50308.34,1.0,15.0,Debit Card,Delayed,1.2
ORD13383,2023-12-07,CUST1044,Sathvik Mani,indore,Madhya Pradesh,PID555,Smartwatch,Electronics,Smartwatch,62444.43,4.0,25.0,Cash on Delivery,Delivered,2.8
ORD14401,2023-08-24,CUST1003,Keya Krishna, Mumbai ,Maharashtra,PID165,Smartwatch,electronics,Smartwatch,27107.62,5.0,40.0,UPI,Returned,3.0
ORD11291,2023-06-13,CUST1998,Chanchal Rajan,Lucknow,Uttar Pradesh,PID495,Jacket,FASHION,Jacket,20354.24,4.0,5.0,Debit Card,Returned,1.5
ORD13705,2024-05-14,CUST1959,Krisha Minhas,Lucknow,Uttar Pradesh,PID135,Textbook,books,Textbook,23542.9,1.0,30.0,Net Banking,,2.2
ORD10586,2024-09-07,CUST1216,Zinal Parikh,KOLKATA,West Bengal,PID544,Headphones,Electronics,Headphones,3589.67,2.0,0.0,Cash on Delivery,Delayed,1.2
ORD10838,2024-06-07,CUST1919,Mugdha Bhardwaj,AHMEDABAD,Gujarat,PID233,Sneakers,FASHION,Sneakers,-13830.19,5.0,25.0,Debit Card,Delivered,4.3
ORD10711,2024-05-29,CUST1434,Advay Dewan,Mumbai,Maharashtra,PID372,Shampoo,Beauty,Shampoo,27370.46,5.0,40.0,Net Banking,Delivered,2.9
ORD14398,2024-10-30,CUST1490,Luke Bora,HYDERABAD,Telangana,PID471,Novel,Books,Novel,74428.17,4.0,40.0,Net Banking,Delayed,4.4
ORD12616,2024-02-04,CUST1906,Anvi Divan, Kolkata ,West Bengal,PID300,Novel,Books,Novel,68942.48,1.0,10.0,UPI,Delivered,2.8
ORD11251,2024-04-23,CUST1973,Gaurang Dua,mumbai,Maharashtra,PID576,Lipstick,Beauty,Lipstick,47849.43,3.0,10.0,Credit Card,Delayed,4.7
ORD14305,2024-12-23,CUST1951,Yatin Bandi,AHMEDABAD,Gujarat,PID291,Novel,books,Novel,17921.45,2.0,40.0,UPI,Delivered,
ORD12966,2023-03-20,CUST1112,Turvi Virk, Surat ,Gujarat,PID271,Tablet,electronics,Tablet,16152.34,2.0,25.0,Debit Card,Delivered,1.1
ORD11438,2023-03-19,CUST1914,Ijaya Manda, Delhi ,Delhi,PID227,Cricket Bat,SPORTS,Cricket Bat,26141.46,4.0,25.0,UPI,Delivered,4.0
ORD13910,2023-09-13,CUST1339,Ria Roy,CHENNAI,Tamil Nadu,PID450,Cookware Set,HOME & KITCHEN,Cookware Set,53150.91,5.0,30.0,Net Banking,Cancelled,4.5
ORD11554,2024-06-27,CUST1298,Krishna Purohit,Ahmedabad,Gujarat,PID432,Shampoo,beauty,Shampoo,60951.38,2.0,15.0,Net Banking,Delivered,
ORD10817,2024-10-08,CUST1940,Janya Panchal,MUMBAI,Maharashtra,PID481,Smartphone,Electronics,Smartphone,65121.17,5.0,40.0,UPI,Delivered,4.1
ORD11244,12/08/2023,CUST1731,Ishani Bhatti,surat,Gujarat,PID306,Dumbbells,sports,Dumbbells,84501.22,0.0,15.0,Cash on Delivery,Delivered,1.1
ORD14053,2023-04-22,CUST1940,Kevin Nadig, Hyderabad ,Telangana,PID111,Shampoo,beauty,Shampoo,3164.04,5.0,0.0,UPI,,3.5
ORD10958,2024-09-14,CUST1328,Zaitra Ramanathan, Mumbai ,Maharashtra,PID581,Face Wash,Beauty,Face Wash,84954.74,2.0,30.0,Credit Card,Returned,
ORD10303,2024-09-27,CUST1460,Jagat Prakash,Surat,Gujarat,PID341,Jeans,FASHION,Jeans,33737.8,1.0,15.0,UPI,Delivered,4.5
ORD12620,2023-05-19,CUST1976,Anjali Saxena,Indore,Madhya Pradesh,PID501,Smartwatch,Electronics,Smartwatch,52508.85,3.0,20.0,Credit Card,Delayed,3.8
ORD14756,2024-12-01,CUST1830,Xavier Kibe,chennai,Tamil Nadu,PID151,Lipstick,Beauty,Lipstick,40187.08,3.0,10.0,Cash on Delivery,Cancelled,3.4
ORD14112,2023-01-16,CUST1377,Farhan Kari,PUNE,Maharashtra,PID337,Perfume,Beauty,Perfume,51634.93,4.0,10.0,UPI,Delayed,3.1
ORD12679,2023-09-05,CUST1095,Anay Kota,SURAT,Gujarat,PID382,Face Wash,Beauty,Face Wash,72999.83,5.0,15.0,Net Banking,Delivered,4.3
ORD13560,2024-07-29,CUST1448,Ekiya Natarajan,Chennai,Tamil Nadu,PID430,Dumbbells,SPORTS,Dumbbells,49243.46,2.0,20.0,Credit Card,Delivered,1.3
ORD12486,2024-05-06,CUST1018,Kevin Madan,Lucknow,Uttar Pradesh,PID326,Football,SPORTS,Football,7271.35,4.0,40.0,Net Banking,Delivered,4.2
ORD14986,2024-07-11,CUST1064,Teerth Dugal,bangalore,Karnataka,PID554,Dumbbells,sports,Dumbbells,60399.74,5.0,25.0,Debit Card,Cancelled,
ORD13816,2024-08-27,CUST1224,Watika Guha, Delhi ,Delhi,PID238,Sneakers,fashion,Sneakers,58258.7,1.0,5.0,Credit Card,Delayed,1.7
ORD11064,2024-07-05,CUST1613,Niharika Jaggi,AHMEDABAD,Gujarat,PID131,Football,sports,Football,57981.9,5.0,20.0,Cash on Delivery,Cancelled,4.2
ORD10873,2024-11-18,CUST1102,Leena Arora,KOLKATA,West Bengal,PID533,Jeans,Fashion,Jeans,54923.21,3.0,15.0,Cash on Delivery,Delayed,3.3
ORD14974,2023-04-29,CUST1257,Charan Suri,KOLKATA,West Bengal,PID334,Comic,books,Comic,79421.4,5.0,30.0,UPI,Delivered,3.0
ORD12820,2024-10-27,CUST1000,Faraj Ganesh,jaipur,Rajasthan,PID117,Cookware Set,HOME & KITCHEN,Cookware Set,75997.78,3.0,0.0,Cash on Delivery,Delayed,1.2
ORD14116,2024-03-28,CUST1418,Vihaan Chander,Kolkata,West Bengal,PID326,Shampoo,Beauty,Shampoo,-41087.55,4.0,15.0,Credit Card,Cancelled,2.6
ORD10953,2023-08-02,CUST1562,Faras Pau, Pune ,Maharashtra,PID165,Sunscreen,Beauty,Sunscreen,70135.36,0.0,10.0,UPI,Delivered,
ORD10160,2023-10-24,CUST1985,Chakrika Gulati,Mumbai,Maharashtra,PID484,Jeans,Fashion,Jeans,51371.18,2.0,20.0,,,4.8
ORD10907,06/05/2024,CUST1263,Rayaan Kurian,indore,Madhya Pradesh,PID312,Sunscreen,beauty,Sunscreen,29673.58,4.0,15.0,Debit Card,Delivered,1.5
ORD10924,2024-04-29,CUST1205,Mohini Aggarwal,PUNE,Maharashtra,PID452,Cookware Set,HOME & KITCHEN,Cookware Set,10070.92,2.0,0.0,Debit Card,Delivered,3.1
ORD12771,2023-07-21,CUST1028,Avi Kala,bangalore,Karnataka,PID297,Saree,fashion,Saree,15042.98,2.0,5.0,Credit Card,Delivered,4.7
ORD10060,2023-05-15,CUST1897,Fariq Narang,SURAT,Gujarat,PID597,Yoga Mat,sports,Yoga Mat,8880.18,4.0,25.0,Credit Card,Delivered,2.2
ORD12923,2023-01-02,CUST1865,Chatresh Mammen,BANGALORE,Karnataka,PID475,Tablet,electronics,Tablet,57491.12,4.0,25.0,Debit Card,Returned,4.4
ORD14683,2024-05-07,CUST1057,Bishakha Gole,bangalore,Karnataka,PID280,Biography,books,Biography,32162.49,4.0,0.0,Net Banking,Returned,1.5
ORD14837,2023-08-22,CUST1447,Aryan Mohan,ahmedabad,Gujarat,PID228,Lipstick,beauty,Lipstick,-38892.02,5.0,30.0,Net Banking,,
ORD11976,2024-09-27,CUST1567,Advaith Swaminathan,Ahmedabad,Gujarat,PID544,Air Fryer,HOME & KITCHEN,Air Fryer,39042.43,1.0,20.0,UPI,Delivered,
ORD10024,2024-12-26,CUST1441,Harrison Lal,PUNE,Maharashtra,PID135,Football,SPORTS,Football,54617.87,5.0,0.0,,Returned,3.1
ORD14110,2023-03-19,CUST1900,Mohini Ram,BANGALORE,Karnataka,PID127,Perfume,beauty,Perfume,58823.37,4.0,40.0,UPI,Delivered,2.4
ORD12626,2023-01-09,CUST1692,Anita Palan,CHENNAI,Tamil Nadu,PID539,Textbook,books,Textbook,-42245.36,2.0,5.0,UPI,Delivered,2.4
ORD10684,2024-10-29,CUST1435,Lila Tiwari,Mumbai,Maharashtra,PID458,Biography,Books,Biography,24242.82,4.0,25.0,Net Banking,,2.8
ORD13736,2024-01-31,CUST1774,Riya Behl,Indore,Madhya Pradesh,PID408,T-Shirt,Fashion,T-Shirt,66427.25,5.0,25.0,Cash on Delivery,Delivered,2.0
ORD13064,2024-05-27,CUST1101,Lipika Bath, Indore ,Madhya Pradesh,PID249,Biography,Books,Biography,81550.72,5.0,25.0,Debit Card,Delayed,3.9
ORD12395,2023-06-27,CUST1447,Jagdish Hegde,Jaipur,Rajasthan,PID233,Textbook,BOOKS,Textbook,72746.5,3.0,20.0,Cash on Delivery,Delivered,
ORD14386,2023-08-27,CUST1714,Vincent Acharya,Ahmedabad,Gujarat,PID342,Novel,BOOKS,Novel,64454.28,1.0,15.0,Cash on Delivery,Returned,2.0
ORD13716,2023-01-18,CUST1639,Yasti Pillay,Jaipur,Rajasthan,PID139,Tablet,electronics,Tablet,51310.82,3.0,10.0,Debit Card,Delayed,2.1
ORD13604,2023-04-19,CUST1566,Dhriti Bala, Hyderabad ,Telangana,PID542,Sunscreen,Beauty,Sunscreen,74439.11,1.0,20.0,Debit Card,Delivered,2.5
ORD12141,2024-03-24,CUST1948,Xiti More,surat,Gujarat,PID154,Shampoo,beauty,Shampoo,57929.78,3.0,5.0,Debit Card,Delivered,2.4
ORD12057,2024-04-15,CUST1666,Bina Radhakrishnan,jaipur,Rajasthan,PID548,Novel,Books,Novel,15357.96,4.0,10.0,,Delivered,
ORD12703,03/02/2023,CUST1457,Bhavna Pall,ahmedabad,Gujarat,PID277,Cookware Set,HOME & KITCHEN,Cookware Set,23921.09,5.0,40.0,Cash on Delivery,Delivered,1.6
ORD10229,25/05/2024,CUST1799,Divya Varughese, Mumbai ,Maharashtra,PID571,Smartwatch,electronics,Smartwatch,83407.39,4.0,10.0,Cash on Delivery,,3.9
ORD10490,2023-06-25,CUST1760,Warda Sood, Hyderabad ,Telangana,PID135,Smartwatch,ELECTRONICS,Smartwatch,18649.42,4.0,0.0,UPI,Delivered,4.6
ORD11238,2023-11-20,CUST1837,Nilima Om, Bangalore ,Karnataka,PID253,Shampoo,beauty,Shampoo,33918.11,4.0,25.0,UPI,Returned,4.7
ORD13714,2023-03-11,CUST1365,Utkarsh Chanda,HYDERABAD,Telangana,PID482,Sunscreen,beauty,Sunscreen,42287.18,4.0,20.0,Debit Card,Delivered,4.7
ORD10830,2023-10-07,CUST1619,Ladli Konda,AHMEDABAD,Gujarat,PID161,Smartwatch,electronics,Smartwatch,-20216.5,5.0,10.0,Net Banking,Delivered,2.9
ORD13815,2023-10-17,CUST1705,Maya Yogi,Bangalore,Karnataka,PID543,Sunscreen,beauty,Sunscreen,42370.99,1.0,5.0,Debit Card,Delivered,4.2
ORD10386,2024-06-26,CUST1770,Tanmayi Doshi,Chennai,Tamil Nadu,PID185,Yoga Mat,sports,Yoga Mat,14823.3,3.0,20.0,,Delivered,1.3
ORD13836,2024-08-31,CUST1821,Vyanjana Choudhury,lucknow,Uttar Pradesh,PID571,Biography,BOOKS,Biography,70966.98,2.0,5.0,UPI,Delivered,4.0
ORD12498,2023-02-17,CUST1996,Varenya Wason,KOLKATA,West Bengal,PID573,Bedsheet,home & kitchen,Bedsheet,3927.17,5.0,25.0,Debit Card,Delivered,3.9
ORD12284,2024-09-21,CUST1109,Jagvi Chaudhry,CHENNAI,Tamil Nadu,PID454,Novel,books,Novel,10744.97,4.0,0.0,Net Banking,Returned,2.0
ORD10016,2024-09-26,CUST1733,Chatura Kibe,LUCKNOW,Uttar Pradesh,PID260,T-Shirt,fashion,T-Shirt,6256.28,5.0,0.0,Debit Card,Delivered,3.6
ORD14920,2024-12-02,CUST1892,Oliver Kaul,jaipur,Rajasthan,PID415,Bluetooth Speaker,electronics,Bluetooth Speaker,16401.93,4.0,40.0,Credit Card,Delivered,4.6
ORD13163,2023-12-30,CUST1122,Ganga Bhardwaj,indore,Madhya Pradesh,PID442,Cookware Set,Home & Kitchen,Cookware Set,53663.46,3.0,30.0,,Delivered,2.8
ORD14921,2024-07-07,CUST1235,Jyoti Butala,pune,Maharashtra,PID213,Yoga Mat,SPORTS,Yoga Mat,29297.5,5.0,25.0,Debit Card,Delayed,3.8
ORD11389,2024-11-07,CUST1016,Nisha Dixit,AHMEDABAD,Gujarat,PID102,Jacket,FASHION,Jacket,87786.07,2.0,5.0,Net Banking,Delivered,1.4
ORD14560,2024-10-09,CUST1728,Vidhi Din, Chennai ,Tamil Nadu,PID404,Water Bottle,home & kitchen,Water Bottle,73775.31,3.0,25.0,Credit Card,Delivered,4.0
ORD11589,2023-12-11,CUST1506,Indali Din,Pune,Maharashtra,PID279,Air Fryer,HOME & KITCHEN,Air Fryer,31690.7,5.0,5.0,Net Banking,Delivered,2.1
ORD13272,2024-02-12,CUST1032,Faras Shah, Indore ,Madhya Pradesh,PID324,Laptop,electronics,Laptop,69849.27,3.0,40.0,Net Banking,Delivered,1.9
ORD13349,2023-06-18,CUST1449,Tanish Sampath, Mumbai ,Maharashtra,PID123,Textbook,books,Textbook,89748.3,2.0,0.0,Cash on Delivery,Delayed,4.7
ORD14859,2023-09-11,CUST1128,Indrajit Raja,Kolkata,West Bengal,PID554,Mixer Grinder,Home & Kitchen,Mixer Grinder,7360.62,5.0,5.0,Cash on Delivery,Returned,1.5
ORD11752,2023-06-24,CUST1286,Nicholas Gala, Delhi ,Delhi,PID216,Smartwatch,ELECTRONICS,Smartwatch,51700.04,1.0,0.0,Debit Card,Delivered,2.1
ORD13275,2023-04-17,CUST1182,Divya Uppal, Pune ,Maharashtra,PID236,Cookware Set,HOME & KITCHEN,Cookware Set,33723.28,1.0,20.0,,,1.6
ORD11151,2024-01-15,CUST1043,Chanakya Rege,MUMBAI,Maharashtra,PID254,Smartwatch,Electronics,Smartwatch,43181.88,3.0,30.0,Credit Card,Delivered,4.2
ORD13427,2023-04-29,CUST1105,Jeet Kar, Jaipur ,Rajasthan,PID528,Smartwatch,Electronics,Smartwatch,68350.3,2.0,15.0,Net Banking,Delayed,4.4
ORD11305,2023-12-29,CUST1555,Rachit Thakur, Lucknow ,Uttar Pradesh,PID440,Dumbbells,sports,Dumbbells,17964.94,2.0,30.0,Credit Card,Delivered,4.5
ORD11232,2023-01-13,CUST1032,Jagdish Gopal,MUMBAI,Maharashtra,PID404,Novel,Books,Novel,17438.84,4.0,40.0,Credit Card,Delivered,2.6
ORD12745,2024-05-08,CUST1106,Michael Ahluwalia,Indore,Madhya Pradesh,PID402,Bluetooth Speaker,electronics,Bluetooth Speaker,28126.44,4.0,15.0,UPI,,3.4
ORD11793,2024-09-17,CUST1831,Januja Wali,Delhi,Delhi,PID410,Water Bottle,HOME & KITCHEN,Water Bottle,62089.83,3.0,15.0,Net Banking,Returned,4.8
ORD14688,2023-11-17,CUST1405,Yahvi Acharya,jaipur,Rajasthan,PID357,Kurta,fashion,Kurta,35415.55,4.0,40.0,,Returned,
ORD13556,2023-09-17,CUST1321,Qabil Vig, Mumbai ,Maharashtra,PID375,Face Wash,beauty,Face Wash,23318.15,1.0,30.0,Cash on Delivery,Returned,
ORD11270,2023-08-07,CUST1616,William Mukhopadhyay,Mumbai,Maharashtra,PID442,Novel,BOOKS,Novel,15399.02,2.0,10.0,UPI,Delayed,4.9
ORD13161,2023-12-31,CUST1090,Yatan Varma, Ahmedabad ,Gujarat,PID206,Novel,BOOKS,Novel,57836.49,5.0,5.0,,Delayed,3.6
ORD13489,2023-04-05,CUST1506,Kamala Viswanathan,MUMBAI,Maharashtra,PID422,Yoga Mat,sports,Yoga Mat,27306.31,2.0,0.0,,Cancelled,1.8
ORD10964,2024-02-22,CUST1782,Falguni Garde,Ahmedabad,Gujarat,PID313,Laptop,ELECTRONICS,Laptop,26604.68,4.0,0.0,Credit Card,Delayed,1.1
ORD13155,2024-10-02,CUST1582,Advay Parsa,SURAT,Gujarat,PID150,Kurta,Fashion,Kurta,21470.53,4.0,25.0,Cash on Delivery,Cancelled,4.2
ORD10498,2023-07-24,CUST1685,Wridesh Rao,LUCKNOW,Uttar Pradesh,PID132,Face Wash,beauty,Face Wash,569.22,2.0,15.0,Debit Card,,2.7
ORD10353,2023-02-08,CUST1724,Kamala Sabharwal,Delhi,Delhi,PID581,Smartphone,electronics,Smartphone,51485.31,4.0,0.0,Cash on Delivery,Cancelled,2.1
ORD11839,2023-08-16,CUST1248,Rachita Balay,ahmedabad,Gujarat,PID275,Sunscreen,BEAUTY,Sunscreen,74829.89,1.0,15.0,,Returned,3.5
ORD14043,2023-12-20,CUST1009,Xalak Issac, Lucknow ,Uttar Pradesh,PID133,Water Bottle,HOME & KITCHEN,Water Bottle,86634.3,2.0,30.0,Debit Card,Delivered,3.4
ORD12491,2023-08-30,CUST1676,Varenya Naidu,Bangalore,Karnataka,PID551,T-Shirt,Fashion,T-Shirt,84943.24,4.0,15.0,UPI,Delivered,2.9
ORD10002,2023-10-12,CUST1867,Priya Mody,Ahmedabad,Gujarat,PID276,Dumbbells,SPORTS,Dumbbells,40511.43,2.0,25.0,UPI,Delayed,4.8
ORD14338,2024-08-11,CUST1395,Oeshi Venkataraman,surat,Gujarat,PID518,Perfume,Beauty,Perfume,34820.47,3.0,30.0,Credit Card,Cancelled,4.1
ORD10286,29/11/2023,CUST1992,Daksha Shan,CHENNAI,Tamil Nadu,PID121,Cookware Set,Home & Kitchen,Cookware Set,79893.63,1.0,30.0,Cash on Delivery,,4.2
ORD14879,2023-10-10,CUST1325,Abeer Sane,LUCKNOW,Uttar Pradesh,PID158,Bedsheet,HOME & KITCHEN,Bedsheet,64554.37,3.0,15.0,,Delivered,1.6
ORD11647,2023-12-01,CUST1041,Falak Naik,CHENNAI,Tamil Nadu,PID414,Lipstick,BEAUTY,Lipstick,71541.26,4.0,25.0,Credit Card,Cancelled,
ORD10784,2024-12-30,CUST1423,Laksh Rajan,Bangalore,Karnataka,PID473,Biography,books,Biography,69002.08,1.0,0.0,UPI,Cancelled,3.3
ORD12909,2023-05-18,CUST1269,Amaira Bassi,Pune,Maharashtra,PID598,Dumbbells,sports,Dumbbells,66986.8,1.0,15.0,Net Banking,Delivered,2.8
ORD14101,2024-06-04,CUST1118,Kavya Pall,DELHI,Delhi,PID487,Bedsheet,home & kitchen,Bedsheet,60421.53,2.0,40.0,Debit Card,Delivered,4.9
ORD14985,2023-01-08,CUST1034,Omisha Subramaniam, Lucknow ,Uttar Pradesh,PID157,T-Shirt,FASHION,T-Shirt,83792.46,2.0,25.0,Debit Card,,2.2
ORD12397,2024-10-05,CUST1515,Urvi Chaudry, Indore ,Madhya Pradesh,PID426,Mixer Grinder,home & kitchen,Mixer Grinder,0.0,3.0,10.0,UPI,Delivered,1.6
ORD10069,2024-09-03,CUST1666,Alexander Chad,Bangalore,Karnataka,PID549,Water Bottle,home & kitchen,Water Bottle,6051.55,5.0,30.0,UPI,,2.8
ORD10404,2023-10-07,CUST1843,Keya Sane,Pune,Maharashtra,PID254,Water Bottle,home & kitchen,Water Bottle,72443.58,5.0,25.0,Credit Card,Delivered,4.2
ORD13435,2023-05-26,CUST1473,Deepa Cheema,lucknow,Uttar Pradesh,PID548,Dumbbells,Sports,Dumbbells,0.0,4.0,40.0,,Delivered,2.3
ORD12803,2024-03-25,CUST1192,Samarth Nori,Kolkata,West Bengal,PID522,Smartwatch,ELECTRONICS,Smartwatch,25225.63,1.0,30.0,,,1.1
ORD10798,2023-10-19,CUST1568,Tanveer Ganesh,INDORE,Madhya Pradesh,PID533,Cookware Set,Home & Kitchen,Cookware Set,23196.45,4.0,20.0,Cash on Delivery,,2.0
ORD13099,2023-10-14,CUST1087,Lopa Malhotra,ahmedabad,Gujarat,PID565,Cookware Set,home & kitchen,Cookware Set,16457.56,5.0,20.0,Net Banking,Cancelled,1.8
ORD12917,2024-08-06,CUST1951,Kamya Pau,Lucknow,Uttar Pradesh,PID362,Sunscreen,Beauty,Sunscreen,86758.18,4.0,10.0,Debit Card,,3.4
ORD14547,2023-05-30,CUST1211,Veda Munshi,bangalore,Karnataka,PID597,Comic,BOOKS,Comic,82167.42,0.0,15.0,Debit Card,Delayed,3.6
ORD12024,2024-03-11,CUST1026,Janani Lad,MUMBAI,Maharashtra,PID489,Perfume,BEAUTY,Perfume,51952.96,4.0,25.0,UPI,Cancelled,4.8
ORD10178,2024-12-29,CUST1997,Pratyush Ravel,delhi,Delhi,PID482,Football,SPORTS,Football,18586.71,1.0,10.0,Net Banking,Delayed,1.2
ORD10954,2024-09-02,CUST1376,Krisha Pall,AHMEDABAD,Gujarat,PID412,Novel,BOOKS,Novel,62002.44,4.0,20.0,UPI,Cancelled,3.9
ORD13429,2024-03-31,CUST1908,Chaman Naidu, Ahmedabad ,Gujarat,PID284,Textbook,Books,Textbook,54917.31,2.0,10.0,Debit Card,Returned,1.1
ORD12140,2024-04-24,CUST1774,Vrishti Nayak,MUMBAI,Maharashtra,PID545,Biography,Books,Biography,12703.29,2.0,0.0,,Delivered,3.7
ORD11201,2024-09-24,CUST1598,Harrison Ganguly,SURAT,Gujarat,PID442,Yoga Mat,Sports,Yoga Mat,87296.46,3.0,15.0,Net Banking,Delivered,2.3
ORD14384,13/01/2023,CUST1779,Amara Dhillon,DELHI,Delhi,PID419,Jeans,Fashion,Jeans,14658.09,4.0,30.0,Credit Card,Delivered,2.2
ORD12916,2023-09-06,CUST1496,Praneel Agate,hyderabad,Telangana,PID510,Kurta,Fashion,Kurta,40244.62,3.0,15.0,Credit Card,Delivered,3.5
ORD14006,2023-05-06,CUST1282,Anthony Radhakrishnan,lucknow,Uttar Pradesh,PID481,Mixer Grinder,HOME & KITCHEN,Mixer Grinder,0.0,4.0,40.0,Net Banking,Cancelled,1.2
ORD12301,2024-02-22,CUST1922,Yash Gulati,chennai,Tamil Nadu,PID527,Textbook,books,Textbook,10474.43,4.0,30.0,Cash on Delivery,Returned,4.5
ORD11757,2024-05-04,CUST1139,Harshil Arora,Pune,Maharashtra,PID273,Sunscreen,BEAUTY,Sunscreen,0.0,3.0,5.0,Credit Card,Delivered,4.3
ORD13487,2023-12-12,CUST1771,Matthew Rau, Kolkata ,West Bengal,PID207,Novel,books,Novel,25748.18,2.0,30.0,Credit Card,Returned,2.5
ORD12607,2023-01-10,CUST1616,Turvi Oommen,Delhi,Delhi,PID437,Headphones,ELECTRONICS,Headphones,34387.78,4.0,5.0,UPI,,1.9
ORD11578,2024-02-29,CUST1587,Varenya Mangal,Bangalore,Karnataka,PID529,T-Shirt,Fashion,T-Shirt,53734.53,3.0,10.0,Credit Card,Delayed,3.4
ORD12720,2024-06-14,CUST1047,Panini Suresh, Surat ,Gujarat,PID353,Perfume,BEAUTY,Perfume,30027.4,4.0,40.0,UPI,Delivered,1.9
ORD12242,2023-03-31,CUST1235,Shivansh Agrawal,lucknow,Uttar Pradesh,PID309,Comic,books,Comic,68131.85,1.0,20.0,UPI,Cancelled,2.8
ORD11929,2023-02-15,CUST1480,Mekhala Dass, Kolkata ,West Bengal,PID250,Football,Sports,Football,36650.34,5.0,15.0,Cash on Delivery,Delivered,4.8
ORD12775,2023-12-20,CUST1005,Jhalak Thakkar,SURAT,Gujarat,PID346,Tablet,Electronics,Tablet,67050.64,5.0,10.0,,Returned,2.9
ORD11508,2024-01-19,CUST1450,Agastya Badami, Kolkata ,West Bengal,PID461,Face Wash,BEAUTY,Face Wash,78300.19,3.0,15.0,Net Banking,Delivered,2.4
ORD11498,2023-09-06,CUST1065,Tanmayi Kala,ahmedabad,Gujarat,PID467,Face Wash,BEAUTY,Face Wash,20831.52,3.0,10.0,,Delivered,3.6
ORD13750,2023-07-06,CUST1862,Nimrat Kar,chennai,Tamil Nadu,PID245,Comic,BOOKS,Comic,14216.96,4.0,0.0,Debit Card,Cancelled,3.3
ORD12293,2023-10-28,CUST1032,Avi Handa,jaipur,Rajasthan,PID342,Sneakers,Fashion,Sneakers,81368.86,1.0,0.0,Debit Card,Delayed,3.8
ORD12494,2024-08-08,CUST1493,Maya Chakrabarti,Hyderabad,Telangana,PID307,Smartphone,Electronics,Smartphone,30605.72,2.0,5.0,,Delayed,3.4
ORD14300,2024-07-10,CUST1603,Eesha Dey,surat,Gujarat,PID410,Smartphone,Electronics,Smartphone,65475.83,0.0,5.0,UPI,Returned,
ORD10539,2024-05-03,CUST1387,Yamini Atwal,CHENNAI,Tamil Nadu,PID390,Lipstick,Beauty,Lipstick,72576.74,5.0,30.0,,Delivered,2.0
ORD11331,14/07/2023,CUST1934,Raagini Thaker,KOLKATA,West Bengal,PID362,Biography,books,Biography,2556.55,5.0,40.0,Credit Card,Delivered,2.0
ORD12304,2024-03-24,CUST1449,Vrishti Sundaram, Pune ,Maharashtra,PID320,T-Shirt,Fashion,T-Shirt,61434.65,2.0,0.0,,Returned,1.6
ORD12500,2023-10-29,CUST1669,Wyatt Mitra,Kolkata,West Bengal,PID105,Water Bottle,HOME & KITCHEN,Water Bottle,4013.58,5.0,5.0,Cash on Delivery,Returned,
ORD11613,2023-11-12,CUST1705,Mohini Jha,Mumbai,Maharashtra,PID491,Cricket Bat,sports,Cricket Bat,23531.52,1.0,15.0,Cash on Delivery,Delivered,4.0
ORD11489,2024-10-24,CUST1620,Chanakya Aggarwal,delhi,Delhi,PID259,Dumbbells,Sports,Dumbbells,48592.72,2.0,20.0,UPI,Delivered,2.7
ORD12019,2023-05-03,CUST1805,Bhavya Wable,INDORE,Madhya Pradesh,PID336,Perfume,Beauty,Perfume,27343.56,1.0,20.0,Cash on Delivery,Delivered,5.0
ORD11745,2023-02-18,CUST1217,Advika Sahni, Surat ,Gujarat,PID135,Sunscreen,beauty,Sunscreen,350.05,3.0,20.0,Debit Card,Returned,4.6
ORD11853,2024-08-12,CUST1850,Balendra Varma,indore,Madhya Pradesh,PID437,Mixer Grinder,home & kitchen,Mixer Grinder,63245.43,4.0,0.0,Net Banking,Delivered,1.7
ORD14025,2023-05-05,CUST1893,Aashi Ram,Lucknow,Uttar Pradesh,PID259,T-Shirt,FASHION,T-Shirt,59647.33,2.0,15.0,Credit Card,Delivered,2.2
ORD14781,2024-09-02,CUST1527,Chaitanya Dhar, Jaipur ,Rajasthan,PID143,Headphones,ELECTRONICS,Headphones,41621.92,1.0,10.0,,Cancelled,4.0
ORD10121,2024-02-20,CUST1938,Jalsa Chacko,Hyderabad,Telangana,PID581,Cricket Bat,sports,Cricket Bat,58883.45,1.0,10.0,Debit Card,Returned,4.7
ORD14231,2024-05-23,CUST1562,Urishilla Tiwari, Ahmedabad ,Gujarat,PID404,Lipstick,BEAUTY,Lipstick,27443.4,5.0,40.0,,Delivered,4.1
ORD14959,2023-01-15,CUST1624,Hamsini Devan,Indore,Madhya Pradesh,PID136,Headphones,electronics,Headphones,80424.71,3.0,0.0,Debit Card,Delayed,1.0
ORD10949,2023-08-20,CUST1339,Yashawini Bora,PUNE,Maharashtra,PID471,Perfume,BEAUTY,Perfume,71319.63,5.0,0.0,Net Banking,Cancelled,2.5
ORD10511,2024-10-21,CUST1169,Vedant De,HYDERABAD,Telangana,PID524,Yoga Mat,SPORTS,Yoga Mat,22380.22,0.0,5.0,UPI,Cancelled,2.5
ORD11394,2023-11-23,CUST1949,Qasim Wagle, Bangalore ,Karnataka,PID367,Tablet,electronics,Tablet,37633.7,1.0,25.0,Debit Card,Delivered,3.7
ORD11509,2023-10-17,CUST1572,Ubika Brar, Chennai ,Tamil Nadu,PID122,Saree,FASHION,Saree,22335.2,5.0,10.0,Cash on Delivery,,2.6
ORD14007,2024-11-12,CUST1135,Advaith Tak,pune,Maharashtra,PID305,Novel,Books,Novel,35100.94,4.0,0.0,UPI,Delayed,4.1
ORD14390,2024-04-26,CUST1661,Ishanvi Chawla, Jaipur ,Rajasthan,PID592,Laptop,ELECTRONICS,Laptop,-78853.79,5.0,40.0,Net Banking,Delivered,1.3
ORD11332,2024-02-29,CUST1227,Baljiwan Chauhan,surat,Gujarat,PID447,Football,sports,Football,70803.52,1.0,5.0,,Delayed,
ORD11310,2024-08-17,CUST1734,Peter Prabhakar,Mumbai,Maharashtra,PID218,Dumbbells,Sports,Dumbbells,12223.94,3.0,0.0,Debit Card,Returned,
ORD13988,2024-06-24,CUST1710,Ayaan Parikh,Mumbai,Maharashtra,PID236,Tablet,Electronics,Tablet,470.05,2.0,0.0,,Delivered,4.4
ORD14967,29/12/2023,CUST1317,Balveer Ganesan, Mumbai ,Maharashtra,PID329,Shampoo,Beauty,Shampoo,47921.08,4.0,10.0,UPI,Delivered,1.8
ORD12974,2023-06-09,CUST1413,Urmi Tata,ahmedabad,Gujarat,PID189,Novel,BOOKS,Novel,36854.24,1.0,25.0,Cash on Delivery,Cancelled,4.7
ORD13801,2023-09-30,CUST1555,Dhruv Jayaraman, Jaipur ,Rajasthan,PID227,Textbook,Books,Textbook,50807.62,5.0,5.0,,,4.1
ORD14322,2024-03-08,CUST1030,Lila Dash,MUMBAI,Maharashtra,PID178,Sneakers,FASHION,Sneakers,37795.35,4.0,0.0,,Delivered,
ORD14002,2023-12-07,CUST1684,Nidhi Bansal,kolkata,West Bengal,PID385,Sneakers,FASHION,Sneakers,62891.13,3.0,10.0,Credit Card,Delivered,4.2
ORD14957,2023-09-27,CUST1140,Hardik Rege,delhi,Delhi,PID576,Mixer Grinder,home & kitchen,Mixer Grinder,20407.07,3.0,30.0,UPI,Returned,4.6
ORD11932,2023-03-30,CUST1349,Ayushman Sehgal,mumbai,Maharashtra,PID523,Football,Sports,Football,14358.62,4.0,15.0,Credit Card,Delivered,1.6
ORD12813,2023-10-20,CUST1409,Lucky Kumar,JAIPUR,Rajasthan,PID470,T-Shirt,FASHION,T-Shirt,64422.09,5.0,10.0,Debit Card,Delivered,1.7
ORD12540,2023-02-02,CUST1651,Yashica Saxena,lucknow,Uttar Pradesh,PID523,Football,SPORTS,Football,14609.7,0.0,30.0,Cash on Delivery,,1.3
ORD12670,2023-09-16,CUST1092,Bina Merchant, Hyderabad ,Telangana,PID546,Kurta,FASHION,Kurta,24651.59,4.0,25.0,Debit Card,Delivered,3.6
ORD14194,2023-06-20,CUST1792,Ridhi Narayan,indore,Madhya Pradesh,PID273,T-Shirt,fashion,T-Shirt,29872.1,1.0,40.0,Credit Card,Delivered,2.6
ORD13936,2024-05-01,CUST1918,Chaitaly Hegde, Jaipur ,Rajasthan,PID321,Football,SPORTS,Football,84579.6,5.0,40.0,Cash on Delivery,Delivered,4.9
ORD13720,2024-02-09,CUST1749,Jasmit Das,Surat,Gujarat,PID571,Cookware Set,Home & Kitchen,Cookware Set,25383.69,3.0,30.0,UPI,,2.9
ORD13749,2024-01-10,CUST1682,Janani Sarkar,Surat,Gujarat,PID419,Tablet,electronics,Tablet,86288.81,3.0,0.0,Debit Card,Cancelled,3.3
ORD11118,2024-12-07,CUST1790,Zayyan Bose,kolkata,West Bengal,PID582,Water Bottle,home & kitchen,Water Bottle,36599.25,3.0,30.0,Cash on Delivery,Delayed,2.1
ORD13249,2024-03-23,CUST1542,Kritika Mishra,Mumbai,Maharashtra,PID559,Bedsheet,Home & Kitchen,Bedsheet,10537.21,4.0,30.0,UPI,Delivered,
ORD14546,2023-09-24,CUST1800,Ansh Badal, Jaipur ,Rajasthan,PID419,Mixer Grinder,home & kitchen,Mixer Grinder,83657.88,1.0,40.0,Cash on Delivery,Delivered,4.7
ORD10664,2024-12-07,CUST1130,Triveni Prashad, Indore ,Madhya Pradesh,PID305,Water Bottle,HOME & KITCHEN,Water Bottle,83721.75,1.0,0.0,Net Banking,Delayed,1.3
ORD12823,2023-07-27,CUST1685,Harrison Chanda,Chennai,Tamil Nadu,PID230,Water Bottle,HOME & KITCHEN,Water Bottle,6906.14,3.0,40.0,Cash on Delivery,Delivered,2.5
ORD10574,2023-10-21,CUST1164,Meera Kuruvilla,INDORE,Madhya Pradesh,PID105,Lipstick,beauty,Lipstick,47541.39,3.0,0.0,Net Banking,,1.2
ORD13653,2023-07-22,CUST1331,Neel Chawla,LUCKNOW,Uttar Pradesh,PID232,Air Fryer,home & kitchen,Air Fryer,66717.16,5.0,20.0,Debit Card,Delivered,3.6
ORD10697,2024-12-06,CUST1359,Vivaan Swaminathan,jaipur,Rajasthan,PID160,Laptop,electronics,Laptop,13404.13,1.0,15.0,UPI,Delivered,1.7
ORD13958,2024-07-08,CUST1845,Advay Kant,Hyderabad,Telangana,PID326,Sunscreen,Beauty,Sunscreen,36916.7,3.0,25.0,Net Banking,Delivered,2.1
ORD14737,20/12/2024,CUST1602,Upadhriti Chopra,ahmedabad,Gujarat,PID265,T-Shirt,FASHION,T-Shirt,79380.89,5.0,15.0,Cash on Delivery,Delivered,1.4
ORD14523,2023-04-09,CUST1236,Anmol Banerjee, Indore ,Madhya Pradesh,PID254,Mixer Grinder,Home & Kitchen,Mixer Grinder,-68126.27,5.0,5.0,Cash on Delivery,Delayed,
ORD13170,2024-08-02,CUST1935,Rachana Varghese,Pune,Maharashtra,PID294,Cookware Set,home & kitchen,Cookware Set,2778.03,2.0,40.0,UPI,,2.6
ORD14992,2024-06-13,CUST1326,Pavani Chaudhary, Jaipur ,Rajasthan,PID175,Bluetooth Speaker,ELECTRONICS,Bluetooth Speaker,55537.58,5.0,25.0,Cash on Delivery,Delayed,
ORD11072,2024-09-25,CUST1429,Champak Bhatnagar,HYDERABAD,Telangana,PID380,Yoga Mat,SPORTS,Yoga Mat,292.47,4.0,20.0,Net Banking,,
ORD14119,2024-07-08,CUST1778,Suhani Chadha,Lucknow,Uttar Pradesh,PID198,Bedsheet,home & kitchen,Bedsheet,65954.4,2.0,0.0,,Returned,3.1
ORD12188,2024-10-08,CUST1243,Abhiram Kari,hyderabad,Telangana,PID358,Comic,BOOKS,Comic,89247.66,2.0,5.0,,,3.9
ORD14343,2023-04-20,CUST1553,Warda Chandran,JAIPUR,Rajasthan,PID432,Cookware Set,HOME & KITCHEN,Cookware Set,37365.03,1.0,25.0,UPI,Delivered,2.1
ORD12046,2024-12-14,CUST1382,Pranav Sinha,Bangalore,Karnataka,PID472,Cricket Bat,sports,Cricket Bat,46682.29,1.0,30.0,,Cancelled,2.3
ORD10283,2023-12-17,CUST1082,Rachit Bora,Bangalore,Karnataka,PID531,Bedsheet,HOME & KITCHEN,Bedsheet,64410.36,0.0,15.0,Debit Card,Delayed,4.1
ORD10259,2023-09-25,CUST1423,Alka Merchant, Indore ,Madhya Pradesh,PID382,Yoga Mat,Sports,Yoga Mat,72415.2,4.0,20.0,Debit Card,Returned,2.7
ORD12665,2023-04-22,CUST1977,Dominic Tandon, Kolkata ,West Bengal,PID294,Perfume,BEAUTY,Perfume,77737.13,1.0,25.0,Cash on Delivery,Delayed,1.2
ORD11812,2023-09-21,CUST1342,Oni Prasad, Bangalore ,Karnataka,PID298,Tablet,Electronics,Tablet,46211.56,1.0,30.0,Cash on Delivery,Delivered,1.1
ORD11798,2024-05-13,CUST1365,Anay Samra,HYDERABAD,Telangana,PID260,Lipstick,beauty,Lipstick,53542.06,2.0,40.0,UPI,Cancelled,2.7
ORD10600,2023-08-04,CUST1305,Lavanya Pradhan,PUNE,Maharashtra,PID105,Cookware Set,Home & Kitchen,Cookware Set,9195.35,4.0,5.0,Cash on Delivery,,2.5
ORD13234,2023-10-12,CUST1210,Raagini Rau,AHMEDABAD,Gujarat,PID147,Shampoo,BEAUTY,Shampoo,5103.0,2.0,30.0,Net Banking,Delivered,3.4
ORD10726,2024-11-29,CUST1904,Laban Sarma, Chennai ,Tamil Nadu,PID466,Tablet,ELECTRONICS,Tablet,78506.88,0.0,0.0,Cash on Delivery,Delivered,4.5
ORD11637,2023-09-23,CUST1131,Bhavika Sampath,jaipur,Rajasthan,PID387,Cookware Set,HOME & KITCHEN,Cookware Set,15288.69,1.0,5.0,Debit Card,Delivered,
ORD12919,2024-02-29,CUST1326,Ekani Devan, Chennai ,Tamil Nadu,PID239,Dumbbells,Sports,Dumbbells,9118.21,4.0,15.0,Cash on Delivery,Delivered,2.2
ORD10678,2024-01-18,CUST1104,Kashvi Mukhopadhyay,Jaipur,Rajasthan,PID356,Kurta,fashion,Kurta,17979.82,2.0,10.0,UPI,Delivered,1.9
ORD11330,2023-03-31,CUST1289,David Nadig,Lucknow,Uttar Pradesh,PID283,Sneakers,Fashion,Sneakers,26380.51,5.0,15.0,,Returned,1.9
ORD11153,2024-10-05,CUST1624,Jonathan Varty,Pune,Maharashtra,PID211,Perfume,beauty,Perfume,77809.08,2.0,25.0,Cash on Delivery,,
ORD11347,2024-09-23,CUST1891,Kevin Nagarajan,DELHI,Delhi,PID245,Smartphone,Electronics,Smartphone,26169.92,4.0,10.0,Debit Card,Returned,4.8
ORD10056,2024-01-03,CUST1179,Wyatt Vora,KOLKATA,West Bengal,PID140,Cricket Bat,Sports,Cricket Bat,15097.88,3.0,20.0,Net Banking,Returned,1.6
ORD14125,2023-07-29,CUST1706,Baghyawati Seshadri, Lucknow ,Uttar Pradesh,PID487,Cookware Set,home & kitchen,Cookware Set,36663.8,4.0,30.0,UPI,Delivered,2.5
ORD10826,17/05/2024,CUST1124,Abha Manda, Indore ,Madhya Pradesh,PID406,Headphones,electronics,Headphones,42981.52,4.0,30.0,,Delivered,2.2
ORD11412,2024-06-07,CUST1732,Sathvik Bahri, Bangalore ,Karnataka,PID489,Novel,BOOKS,Novel,83566.59,4.0,5.0,Cash on Delivery,Delivered,
ORD11547,2024-09-27,CUST1145,Hemal Babu,Kolkata,West Bengal,PID222,Laptop,Electronics,Laptop,53756.76,2.0,40.0,,Returned,4.0
ORD13337,2024-08-10,CUST1314,Wridesh Agarwal,JAIPUR,Rajasthan,PID237,Laptop,Electronics,Laptop,75791.39,2.0,15.0,Debit Card,,
ORD12215,2024-03-23,CUST1261,Krish Sundaram,CHENNAI,Tamil Nadu,PID438,Mixer Grinder,home & kitchen,Mixer Grinder,56956.95,3.0,40.0,Cash on Delivery,Delivered,4.7
ORD10086,2023-11-13,CUST1787,Odika Handa, Surat ,Gujarat,PID244,Perfume,BEAUTY,Perfume,64804.77,4.0,15.0,Credit Card,Delivered,4.1
ORD12921,2024-09-28,CUST1091,Bhavani Suresh,Kolkata,West Bengal,PID383,T-Shirt,FASHION,T-Shirt,71080.72,1.0,30.0,Cash on Delivery,Delivered,1.6
ORD11362,2023-04-05,CUST1343,Max Sastry,Lucknow,Uttar Pradesh,PID375,Cricket Bat,Sports,Cricket Bat,62981.34,3.0,5.0,Cash on Delivery,Delayed,4.4
ORD12936,2023-08-01,CUST1213,Yasti Bumb,jaipur,Rajasthan,PID121,Jacket,Fashion,Jacket,49031.69,4.0,0.0,Net Banking,Delivered,3.2
ORD10889,2024-03-03,CUST1067,Vrishti Dhingra,PUNE,Maharashtra,PID183,Perfume,Beauty,Perfume,19938.34,2.0,15.0,Net Banking,Delivered,4.5
ORD12955,2023-04-15,CUST1654,Vasana Chaudhary,AHMEDABAD,Gujarat,PID414,Dumbbells,Sports,Dumbbells,45723.54,5.0,20.0,,Returned,4.1
ORD11688,2024-08-27,CUST1223,Nidra Chanda, Surat ,Gujarat,PID365,Comic,Books,Comic,34313.27,1.0,30.0,,Returned,1.7
ORD11820,2023-04-06,CUST1808,Ekanta Thakkar,DELHI,Delhi,PID316,Perfume,BEAUTY,Perfume,31527.59,1.0,25.0,Net Banking,,5.0
ORD13704,2024-04-28,CUST1735,Tanay Tandon,CHENNAI,Tamil Nadu,PID305,Cricket Bat,Sports,Cricket Bat,84439.09,2.0,15.0,,Delivered,2.5
ORD11973,2023-05-11,CUST1104,Lila Sarraf,bangalore,Karnataka,PID458,Cricket Bat,sports,Cricket Bat,54034.32,1.0,5.0,,Cancelled,2.8
ORD12547,2023-06-17,CUST1825,Bimala Pall,CHENNAI,Tamil Nadu,PID541,Dumbbells,Sports,Dumbbells,50805.64,1.0,25.0,Credit Card,,4.9
ORD10715,2023-12-12,CUST1668,Arya Nori,bangalore,Karnataka,PID480,Mixer Grinder,home & kitchen,Mixer Grinder,54900.41,1.0,5.0,UPI,Delivered,4.0
ORD14827,2024-01-13,CUST1935,Omisha Borah, Bangalore ,Karnataka,PID504,T-Shirt,FASHION,T-Shirt,56932.51,0.0,25.0,,Cancelled,4.7
ORD11057,2024-10-12,CUST1687,Nirja Oza,AHMEDABAD,Gujarat,PID385,Perfume,Beauty,Perfume,38793.02,5.0,25.0,Credit Card,Delivered,4.9
ORD12287,2023-12-31,CUST1313,Oeshi Sawhney,delhi,Delhi,PID210,Tablet,Electronics,Tablet,48959.32,2.0,10.0,Net Banking,Returned,1.5
ORD14760,2023-05-28,CUST1619,Faris Raj,pune,Maharashtra,PID522,Comic,Books,Comic,74263.92,5.0,5.0,Cash on Delivery,Delivered,3.4
ORD12514,2024-07-09,CUST1163,Ikbal Sinha,Lucknow,Uttar Pradesh,PID361,Smartphone,ELECTRONICS,Smartphone,49155.91,3.0,15.0,Cash on Delivery,Delivered,1.0
ORD12208,2023-10-05,CUST1078,Vasudha Virk,lucknow,Uttar Pradesh,PID135,Cookware Set,HOME & KITCHEN,Cookware Set,25696.17,4.0,0.0,Credit Card,Delivered,
ORD11095,2023-12-21,CUST1370,Jagdish Ahluwalia,AHMEDABAD,Gujarat,PID298,Novel,Books,Novel,89145.14,2.0,25.0,Net Banking,Delivered,2.0
ORD14145,2024-12-12,CUST1570,Aarnav Andra,MUMBAI,Maharashtra,PID585,Novel,BOOKS,Novel,6210.27,4.0,15.0,Debit Card,Returned,2.1
ORD14838,2024-01-26,CUST1613,David Khurana, Bangalore ,Karnataka,PID211,Perfume,beauty,Perfume,73121.88,2.0,25.0,Debit Card,Delivered,2.3
ORD12849,12/02/2024,CUST1774,Viraj Munshi,Mumbai,Maharashtra,PID142,Textbook,Books,Textbook,81802.83,3.0,15.0,UPI,Delayed,
ORD10618,2023-07-28,CUST1515,Naveen Bir,Pune,Maharashtra,PID564,Biography,Books,Biography,35450.76,3.0,10.0,,Delivered,2.2
ORD13654,2024-04-12,CUST1180,Umang Shukla,kolkata,West Bengal,PID287,Lipstick,beauty,Lipstick,0.0,2.0,20.0,Credit Card,Delivered,3.7
ORD14474,2024-01-20,CUST1160,Vamakshi Pai,DELHI,Delhi,PID410,Saree,FASHION,Saree,80778.1,3.0,10.0,UPI,Delayed,4.9
ORD10124,2024-11-19,CUST1074,Victor Bansal,KOLKATA,West Bengal,PID123,Tablet,electronics,Tablet,72810.98,4.0,40.0,UPI,Returned,3.9
ORD14873,2024-02-23,CUST1607,Guneet Tiwari,lucknow,Uttar Pradesh,PID326,Yoga Mat,sports,Yoga Mat,4411.45,3.0,10.0,Credit Card,Returned,1.8
ORD12043,2023-09-23,CUST1538,Widisha Sawhney,KOLKATA,West Bengal,PID536,Face Wash,beauty,Face Wash,22263.89,4.0,25.0,Cash on Delivery,Delivered,1.2
ORD10335,2023-11-30,CUST1833,Chavvi Dara,Surat,Gujarat,PID405,Jacket,fashion,Jacket,7148.81,4.0,40.0,Cash on Delivery,Delivered,4.3
ORD14690,2024-05-14,CUST1997,Lohit Sodhi, Delhi ,Delhi,PID516,Biography,Books,Biography,52131.26,5.0,5.0,Cash on Delivery,Delayed,2.3
ORD11363,2023-04-25,CUST1018,Ridhi Nayak,CHENNAI,Tamil Nadu,PID260,Water Bottle,Home & Kitchen,Water Bottle,50544.82,2.0,5.0,Cash on Delivery,,2.6
ORD10305,2024-11-09,CUST1389,Chatura Dhar, Indore ,Madhya Pradesh,PID360,Cookware Set,Home & Kitchen,Cookware Set,55674.14,1.0,20.0,UPI,Delivered,3.6
ORD12773,2024-12-15,CUST1658,Prisha Kapadia,SURAT,Gujarat,PID588,Shampoo,Beauty,Shampoo,2511.51,2.0,15.0,Credit Card,Returned,1.1
ORD10981,2023-12-02,CUST1440,Jairaj Gole,hyderabad,Telangana,PID419,Bluetooth Speaker,Electronics,Bluetooth Speaker,36533.38,2.0,10.0,UPI,Cancelled,4.9
ORD13737,2023-11-12,CUST1367,Pallavi Mani,INDORE,Madhya Pradesh,PID411,Dumbbells,sports,Dumbbells,16190.07,5.0,25.0,UPI,Delivered,
ORD11408,2024-07-09,CUST1594,Radhika Palla, Surat ,Gujarat,PID265,Sneakers,FASHION,Sneakers,74503.08,4.0,20.0,Net Banking,Delivered,2.8
ORD13166,2023-11-01,CUST1700,Nachiket Kapadia, Chennai ,Tamil Nadu,PID260,Bluetooth Speaker,ELECTRONICS,Bluetooth Speaker,11414.44,2.0,30.0,Credit Card,,4.7
ORD12967,2023-07-25,CUST1709,Bhavika Ahluwalia,indore,Madhya Pradesh,PID143,Lipstick,beauty,Lipstick,23593.76,3.0,30.0,,Returned,2.4
ORD14594,2024-01-15,CUST1575,Laksh Gokhale,INDORE,Madhya Pradesh,PID111,Air Fryer,home & kitchen,Air Fryer,74737.4,1.0,30.0,,Delivered,4.4
ORD10176,2023-01-09,CUST1377,Lavanya Khurana,DELHI,Delhi,PID402,Smartwatch,ELECTRONICS,Smartwatch,78947.66,3.0,40.0,,Cancelled,2.2
ORD10582,2023-12-28,CUST1665,Daksha Murthy,delhi,Delhi,PID573,Smartwatch,ELECTRONICS,Smartwatch,41014.49,1.0,25.0,Debit Card,Delayed,1.7
ORD14041,2023-08-08,CUST1270,Hemangini Shukla,jaipur,Rajasthan,PID561,Bluetooth Speaker,ELECTRONICS,Bluetooth Speaker,74621.07,4.0,15.0,Debit Card,Returned,3.1
ORD11617,2023-08-10,CUST1888,Nathaniel Jaggi,lucknow,Uttar Pradesh,PID224,Lipstick,BEAUTY,Lipstick,48222.44,3.0,5.0,Debit Card,Delayed,3.1
ORD14480,2023-05-30,CUST1583,Veer Lad,Hyderabad,Telangana,PID157,Dumbbells,Sports,Dumbbells,51741.69,1.0,15.0,Debit Card,Delivered,4.0
ORD14526,2023-07-16,CUST1927,Isaiah Kohli, Chennai ,Tamil Nadu,PID455,Textbook,Books,Textbook,43580.95,3.0,0.0,,Delayed,3.1
ORD11195,2024-08-01,CUST1053,Warhi Mahal, Surat ,Gujarat,PID357,Comic,books,Comic,18417.02,4.0,20.0,Debit Card,Delayed,2.8
ORD12877,2024-06-15,CUST1541,Alka Ratta,Kolkata,West Bengal,PID232,Textbook,BOOKS,Textbook,6366.64,4.0,0.0,,Delivered,2.4
ORD14934,2023-03-10,CUST1349,Elijah Nagy, Jaipur ,Rajasthan,PID527,Bluetooth Speaker,ELECTRONICS,Bluetooth Speaker,8121.36,4.0,5.0,Debit Card,Returned,4.5
ORD14278,2024-06-29,CUST1860,Zayan Parmar,Mumbai,Maharashtra,PID248,Cookware Set,home & kitchen,Cookware Set,69052.8,3.0,5.0,Net Banking,Cancelled,4.9
ORD13244,2024-04-18,CUST1244,Wazir Kumer, Mumbai ,Maharashtra,PID524,Saree,Fashion,Saree,71180.44,4.0,25.0,Credit Card,Delivered,4.1
ORD11825,2023-06-09,CUST1954,Ikshita Suri, Kolkata ,West Bengal,PID168,Bluetooth Speaker,electronics,Bluetooth Speaker,65130.69,0.0,0.0,Debit Card,Cancelled,4.4
ORD11880,2023-02-24,CUST1671,Umang Mukhopadhyay,pune,Maharashtra,PID272,Jeans,fashion,Jeans,25173.04,1.0,0.0,UPI,Delivered,1.1
ORD11982,2024-09-06,CUST1337,Triya Mahal,chennai,Tamil Nadu,PID426,T-Shirt,fashion,T-Shirt,26864.36,5.0,40.0,,Delivered,1.8
ORD11862,2024-10-29,CUST1977,Oeshi Sampath, Delhi ,Delhi,PID196,Lipstick,Beauty,Lipstick,35584.5,5.0,5.0,UPI,Delivered,3.7
ORD11351,2024-04-04,CUST1156,Bhavika Agate,bangalore,Karnataka,PID487,Sunscreen,BEAUTY,Sunscreen,79159.31,2.0,0.0,Cash on Delivery,Cancelled,2.6
ORD13576,2024-02-03,CUST1694,Ansh Anand, Mumbai ,Maharashtra,PID397,Comic,BOOKS,Comic,13242.75,1.0,5.0,UPI,Delivered,
ORD13607,2023-09-30,CUST1858,Lajita Rao, Kolkata ,West Bengal,PID276,Perfume,beauty,Perfume,9976.69,4.0,15.0,Net Banking,Returned,2.7
ORD14803,2023-03-31,CUST1115,Logan Dewan,JAIPUR,Rajasthan,PID543,Biography,books,Biography,30545.38,3.0,5.0,UPI,Delivered,3.0
ORD12975,2023-04-19,CUST1736,Amol Buch, Pune ,Maharashtra,PID425,Smartphone,ELECTRONICS,Smartphone,-85783.17,2.0,10.0,,Delayed,2.1
ORD10410,2023-05-28,CUST1546,Mugdha Nagarajan,Chennai,Tamil Nadu,PID291,Headphones,ELECTRONICS,Headphones,74935.22,2.0,15.0,Cash on Delivery,Delivered,1.9
ORD10676,2023-10-02,CUST1226,Aachal Wason, Surat ,Gujarat,PID393,Bedsheet,HOME & KITCHEN,Bedsheet,28688.01,4.0,0.0,UPI,Delivered,1.9
ORD10298,2024-09-01,CUST1356,Waida D’Alia,Indore,Madhya Pradesh,PID550,Textbook,BOOKS,Textbook,7086.56,4.0,5.0,Cash on Delivery,Delivered,1.1
ORD10926,2023-03-06,CUST1953,Logan Doshi,HYDERABAD,Telangana,PID384,Water Bottle,home & kitchen,Water Bottle,62138.22,3.0,0.0,Debit Card,Delivered,4.5
ORD10023,2023-01-29,CUST1444,Bimala Balay,Delhi,Delhi,PID276,Bedsheet,home & kitchen,Bedsheet,87024.99,4.0,25.0,Debit Card,Delivered,4.9
ORD14680,2023-02-08,CUST1510,Hiral Sawhney,LUCKNOW,Uttar Pradesh,PID281,Lipstick,beauty,Lipstick,68164.67,2.0,15.0,UPI,,2.3
ORD12116,2023-08-14,CUST1144,Hritik Mohanty, Chennai ,Tamil Nadu,PID286,Biography,Books,Biography,35543.02,5.0,0.0,Credit Card,Delivered,4.8
ORD10729,2023-12-05,CUST1534,Mugdha Yohannan,KOLKATA,West Bengal,PID247,Mixer Grinder,Home & Kitchen,Mixer Grinder,80942.7,3.0,40.0,Net Banking,Delivered,3.8
ORD13670,2024-01-04,CUST1887,Ayushman Sandal, Lucknow ,Uttar Pradesh,PID323,Bedsheet,HOME & KITCHEN,Bedsheet,46831.79,3.0,30.0,UPI,Cancelled,2.2
ORD14249,2023-12-27,CUST1561,Oni Madan,HYDERABAD,Telangana,PID372,Air Fryer,Home & Kitchen,Air Fryer,62973.48,2.0,40.0,Debit Card,,4.1
ORD11308,2024-11-10,CUST1421,Rajata Hayre,JAIPUR,Rajasthan,PID196,Lipstick,beauty,Lipstick,14438.3,1.0,25.0,Debit Card,Delayed,2.6
ORD12942,2024-05-01,CUST1658,Amara Brahmbhatt,Bangalore,Karnataka,PID112,Bluetooth Speaker,electronics,Bluetooth Speaker,20954.03,2.0,5.0,UPI,Cancelled,3.5
ORD10672,2024-04-26,CUST1896,Rachita Kala,SURAT,Gujarat,PID145,Cricket Bat,sports,Cricket Bat,56511.56,2.0,20.0,Debit Card,Delivered,4.3
ORD11673,2024-10-13,CUST1050,Advaith Karpe, Pune ,Maharashtra,PID436,Sneakers,fashion,Sneakers,0.0,4.0,5.0,UPI,Delivered,4.8
ORD11200,2024-02-08,CUST1945,Frederick Apte, Hyderabad ,Telangana,PID498,Laptop,Electronics,Laptop,30071.57,5.0,15.0,UPI,Returned,1.7
ORD12230,2024-09-27,CUST1818,Zarna Chowdhury,Chennai,Tamil Nadu,PID252,Lipstick,Beauty,Lipstick,37633.51,4.0,30.0,Debit Card,,1.7
ORD13798,2024-11-18,CUST1734,Aditya Goswami, Ahmedabad ,Gujarat,PID452,Jacket,FASHION,Jacket,1119.51,2.0,5.0,Credit Card,Returned,2.0
ORD14997,2023-02-23,CUST1881,Charles Mani, Indore ,Madhya Pradesh,PID319,Kurta,FASHION,Kurta,53819.78,5.0,0.0,Net Banking,,4.6
ORD10294,2024-12-20,CUST1345,Mahika Gopal, Indore ,Madhya Pradesh,PID436,Saree,fashion,Saree,50299.02,5.0,40.0,Credit Card,Cancelled,4.5
ORD12250,2023-05-27,CUST1811,Jonathan Golla,delhi,Delhi,PID463,Laptop,electronics,Laptop,51757.78,4.0,15.0,Credit Card,Returned,4.8
ORD12691,2024-02-18,CUST1889,Banjeet Barman,jaipur,Rajasthan,PID314,Cricket Bat,SPORTS,Cricket Bat,54285.54,5.0,20.0,Cash on Delivery,,3.5
ORD10127,2023-02-02,CUST1103,Utkarsh Barad,JAIPUR,Rajasthan,PID404,Dumbbells,Sports,Dumbbells,34227.99,2.0,5.0,UPI,Delivered,2.7
ORD12580,2023-01-27,CUST1612,Fitan Palla,chennai,Tamil Nadu,PID234,Novel,BOOKS,Novel,9692.8,4.0,0.0,Cash on Delivery,Returned,
ORD13480,2024-02-12,CUST1179,Banjeet Sibal,ahmedabad,Gujarat,PID141,Yoga Mat,Sports,Yoga Mat,76725.74,5.0,40.0,Cash on Delivery,Delivered,3.7
ORD12248,2024-09-14,CUST1461,Isha Sood,Mumbai,Maharashtra,PID207,Water Bottle,Home & Kitchen,Water Bottle,27631.08,4.0,25.0,UPI,Delivered,
ORD13546,2024-02-24,CUST1928,Devika Keer,Indore,Madhya Pradesh,PID211,Face Wash,BEAUTY,Face Wash,37278.84,3.0,30.0,Cash on Delivery,,4.4
ORD14589,2024-11-24,CUST1666,Chanakya Goswami, Ahmedabad ,Gujarat,PID451,Textbook,BOOKS,Textbook,14074.36,4.0,20.0,Credit Card,Delivered,2.3
ORD14104,2023-11-03,CUST1648,Anika Dara,surat,Gujarat,PID443,Cookware Set,home & kitchen,Cookware Set,8248.58,2.0,30.0,Credit Card,Delivered,1.7
ORD10693,2023-01-11,CUST1932,Chaaya Tiwari,surat,Gujarat,PID288,Air Fryer,Home & Kitchen,Air Fryer,31237.34,2.0,10.0,Net Banking,Delivered,2.4
ORD12983,2024-04-11,CUST1193,Veda Balakrishnan,pune,Maharashtra,PID595,Cricket Bat,sports,Cricket Bat,21373.29,5.0,40.0,UPI,Cancelled,4.8
ORD10687,2023-01-11,CUST1710,Ekaja Raju,AHMEDABAD,Gujarat,PID148,Shampoo,Beauty,Shampoo,84267.79,2.0,40.0,UPI,Delivered,1.7
ORD10818,2024-02-01,CUST1723,Theodore Anand, Delhi ,Delhi,PID195,Laptop,electronics,Laptop,64685.16,2.0,5.0,Credit Card,Returned,3.1
ORD10217,2024-12-19,CUST1532,Meera Sachdeva,Mumbai,Maharashtra,PID238,Bluetooth Speaker,electronics,Bluetooth Speaker,4483.92,1.0,40.0,Debit Card,Delayed,3.8
ORD13839,2024-09-25,CUST1318,Dalaja Mani, Mumbai ,Maharashtra,PID511,Cookware Set,home & kitchen,Cookware Set,66933.39,4.0,40.0,UPI,Delivered,4.5
ORD13326,2024-12-01,CUST1316,Wahab Thaker, Ahmedabad ,Gujarat,PID108,Textbook,books,Textbook,18322.48,1.0,25.0,,Delayed,2.1
ORD10153,2023-07-30,CUST1333,Pratyush Lad,MUMBAI,Maharashtra,PID200,Shampoo,BEAUTY,Shampoo,66404.35,4.0,15.0,Net Banking,Delivered,3.8
ORD10707,2023-04-09,CUST1839,Balendra Baral,surat,Gujarat,PID445,Sunscreen,BEAUTY,Sunscreen,35555.15,4.0,15.0,Cash on Delivery,,2.3
ORD11993,2023-01-08,CUST1052,Aarush Kale, Indore ,Madhya Pradesh,PID250,Dumbbells,sports,Dumbbells,87353.0,1.0,25.0,UPI,Cancelled,4.2
ORD13890,2023-03-26,CUST1705,Yamini Sastry,bangalore,Karnataka,PID463,Laptop,ELECTRONICS,Laptop,77906.42,2.0,30.0,Net Banking,,2.1
ORD14661,2023-04-18,CUST1942,Gauri Gala,BANGALORE,Karnataka,PID363,Tablet,ELECTRONICS,Tablet,83691.46,5.0,15.0,Debit Card,Delivered,2.8
ORD14849,2023-09-02,CUST1544,Devansh Tella,bangalore,Karnataka,PID387,Smartphone,ELECTRONICS,Smartphone,48044.8,4.0,40.0,Debit Card,Delivered,3.3
ORD12009,2024-05-17,CUST1470,Logan Dutt,delhi,Delhi,PID560,Saree,FASHION,Saree,290.51,5.0,5.0,UPI,Cancelled,2.5
ORD10479,2023-11-09,CUST1066,Bhavna Bumb, Delhi ,Delhi,PID160,Kurta,fashion,Kurta,2036.29,1.0,15.0,Credit Card,Cancelled,2.5
ORD11283,2024-04-30,CUST1974,Gaurav Misra, Ahmedabad ,Gujarat,PID231,Bedsheet,HOME & KITCHEN,Bedsheet,23484.79,5.0,10.0,Debit Card,Cancelled,2.7
ORD11605,2024-10-20,CUST1536,Kashvi Sur, Lucknow ,Uttar Pradesh,PID292,Biography,BOOKS,Biography,30111.7,0.0,20.0,,Delayed,4.4
ORD14622,2023-02-17,CUST1673,Finn Sant,surat,Gujarat,PID445,Cricket Bat,SPORTS,Cricket Bat,39859.54,2.0,25.0,UPI,,1.7
ORD11667,2024-11-19,CUST1887,Aditya Pillay,JAIPUR,Rajasthan,PID181,Laptop,ELECTRONICS,Laptop,77778.9,5.0,10.0,UPI,Delivered,1.8
ORD14511,2024-09-18,CUST1683,Tristan Shan,Jaipur,Rajasthan,PID572,Bedsheet,Home & Kitchen,Bedsheet,72867.4,5.0,0.0,Cash on Delivery,Delivered,
ORD13199,2023-05-14,CUST1922,Rishi Kunda,BANGALORE,Karnataka,PID398,Kurta,Fashion,Kurta,14620.46,4.0,15.0,UPI,Returned,1.5
ORD10813,2024-01-09,CUST1927,Charles Grewal, Chennai ,Tamil Nadu,PID185,Cricket Bat,SPORTS,Cricket Bat,54312.71,5.0,10.0,Net Banking,Delivered,1.8
ORD13338,2024-02-13,CUST1433,Kevin De,Kolkata,West Bengal,PID220,Novel,BOOKS,Novel,69599.79,4.0,40.0,Net Banking,Delivered,1.9
ORD13603,2024-01-16,CUST1822,Watika Som,lucknow,Uttar Pradesh,PID383,Sunscreen,Beauty,Sunscreen,27534.61,2.0,20.0,,Cancelled,2.3
ORD10251,2023-09-27,CUST1257,Nandini Dalal,Kolkata,West Bengal,PID292,Air Fryer,home & kitchen,Air Fryer,82623.49,3.0,20.0,Cash on Delivery,Delivered,3.3
ORD10844,2024-03-18,CUST1726,Veer Bhardwaj,Delhi,Delhi,PID244,Biography,BOOKS,Biography,65869.35,4.0,40.0,Net Banking,Delivered,2.6
ORD12126,2024-01-17,CUST1575,Bachittar Bedi, Chennai ,Tamil Nadu,PID280,Football,Sports,Football,39699.38,4.0,30.0,Debit Card,Delayed,3.9
ORD13313,2024-08-26,CUST1049,Udarsh Mall,JAIPUR,Rajasthan,PID328,Sunscreen,beauty,Sunscreen,8540.77,2.0,40.0,Debit Card,Delivered,1.7
ORD13057,2023-08-11,CUST1556,Kashish Pandey,pune,Maharashtra,PID580,Football,sports,Football,63031.22,2.0,40.0,Credit Card,Delivered,3.2
ORD12376,2023-07-20,CUST1968,Madhavi Raju,KOLKATA,West Bengal,PID289,Mixer Grinder,home & kitchen,Mixer Grinder,29740.37,5.0,25.0,Credit Card,Delayed,2.4
ORD14070,2023-04-19,CUST1023,Harrison Pandit,indore,Madhya Pradesh,PID424,Smartphone,electronics,Smartphone,29646.85,4.0,20.0,,Delivered,2.5
ORD12033,2023-12-04,CUST1979,Harinakshi Parsa,jaipur,Rajasthan,PID351,Air Fryer,home & kitchen,Air Fryer,12064.53,4.0,15.0,UPI,Delivered,1.7
ORD10968,2024-06-05,CUST1006,Faqid Dugar,HYDERABAD,Telangana,PID441,Mixer Grinder,Home & Kitchen,Mixer Grinder,75921.21,2.0,20.0,Credit Card,Delayed,4.6
ORD12417,2023-04-07,CUST1486,Advaith Nair,Pune,Maharashtra,PID143,T-Shirt,Fashion,T-Shirt,66930.22,2.0,30.0,Credit Card,Delivered,4.6
ORD10081,2023-11-26,CUST1086,Ira Chakraborty,lucknow,Uttar Pradesh,PID358,Tablet,electronics,Tablet,45710.04,1.0,15.0,Cash on Delivery,Delivered,3.0
ORD10973,2024-01-02,CUST1949,Falguni Narain, Delhi ,Delhi,PID140,Comic,books,Comic,87331.18,1.0,25.0,Cash on Delivery,Delivered,1.7
ORD11897,2024-07-14,CUST1693,Pahal Kashyap,jaipur,Rajasthan,PID158,Yoga Mat,sports,Yoga Mat,25391.63,1.0,40.0,Cash on Delivery,Delivered,1.1
ORD12236,2024-12-06,CUST1832,Idika Bose,surat,Gujarat,PID512,Yoga Mat,Sports,Yoga Mat,66842.61,3.0,10.0,UPI,Cancelled,3.8
ORD10247,2024-04-01,CUST1879,Chakradev Bhatnagar,Indore,Madhya Pradesh,PID523,Jacket,FASHION,Jacket,57729.34,3.0,40.0,Credit Card,Returned,2.2
ORD12705,2023-01-30,CUST1910,Yutika Radhakrishnan,Bangalore,Karnataka,PID453,Water Bottle,home & kitchen,Water Bottle,8212.36,4.0,15.0,,Delivered,4.6
ORD12204,2023-06-24,CUST1865,Kiaan Khalsa, Jaipur ,Rajasthan,PID427,Perfume,beauty,Perfume,73145.74,2.0,10.0,Debit Card,Delayed,4.8
ORD14991,2023-11-15,CUST1949,Omya Khatri, Hyderabad ,Telangana,PID114,Shampoo,beauty,Shampoo,37543.28,2.0,30.0,Debit Card,Delivered,3.5
ORD14435,2023-08-02,CUST1750,Raghav Char, Bangalore ,Karnataka,PID565,Sunscreen,beauty,Sunscreen,85767.42,1.0,0.0,Cash on Delivery,,3.8
ORD14739,2023-05-13,CUST1975,Pallavi Merchant,kolkata,West Bengal,PID549,Face Wash,beauty,Face Wash,88139.93,1.0,5.0,Credit Card,Delayed,1.4
ORD13375,2024-11-17,CUST1772,Oni Sahni,hyderabad,Telangana,PID539,Cricket Bat,SPORTS,Cricket Bat,68206.22,5.0,10.0,Credit Card,Cancelled,3.7
ORD14167,2023-02-12,CUST1362,Saumya Deshpande,CHENNAI,Tamil Nadu,PID307,Mixer Grinder,HOME & KITCHEN,Mixer Grinder,20096.34,2.0,15.0,,Cancelled,
ORD12332,2024-10-21,CUST1216,Agastya Iyengar,PUNE,Maharashtra,PID402,Textbook,BOOKS,Textbook,1753.25,4.0,25.0,Debit Card,Delivered,4.5
ORD14441,2023-10-22,CUST1298,Tara Basak, Delhi ,Delhi,PID442,Textbook,books,Textbook,54825.31,1.0,20.0,,Delayed,
ORD14207,2024-12-19,CUST1249,Oscar Bail,hyderabad,Telangana,PID364,Laptop,Electronics,Laptop,2023.03,4.0,30.0,Cash on Delivery,Delivered,3.5
ORD14424,2023-09-01,CUST1828,Rajeshri Bahl, Hyderabad ,Telangana,PID313,Jeans,fashion,Jeans,84767.87,5.0,20.0,Debit Card,Delivered,2.9
ORD12952,2024-05-24,CUST1740,Wakeeta Dani, Chennai ,Tamil Nadu,PID102,Yoga Mat,SPORTS,Yoga Mat,86524.52,3.0,20.0,Debit Card,Returned,3.3
ORD11346,2023-12-02,CUST1412,Abha Anne,MUMBAI,Maharashtra,PID105,Textbook,Books,Textbook,47164.67,5.0,5.0,Net Banking,Delivered,3.1
ORD10976,2024-02-12,CUST1525,Manbir Mahajan, Pune ,Maharashtra,PID187,Smartphone,electronics,Smartphone,24893.95,2.0,5.0,Cash on Delivery,Returned,1.4
ORD14293,2024-10-16,CUST1663,Rohan Sharaf, Chennai ,Tamil Nadu,PID398,Football,sports,Football,30993.29,4.0,20.0,Net Banking,,2.4
ORD10510,2024-01-06,CUST1466,Vihaan Sharaf,indore,Madhya Pradesh,PID583,Football,sports,Football,5334.76,2.0,0.0,,Delivered,3.7
ORD10123,2024-08-09,CUST1597,Lila Chada,JAIPUR,Rajasthan,PID350,Novel,books,Novel,40290.31,5.0,15.0,Cash on Delivery,Delivered,1.7
ORD14530,2023-09-25,CUST1222,Kamya Kanda, Bangalore ,Karnataka,PID134,Sunscreen,Beauty,Sunscreen,88569.79,5.0,10.0,Credit Card,Cancelled,3.0
ORD14562,2023-01-30,CUST1518,Pooja Baria,Indore,Madhya Pradesh,PID176,Sunscreen,Beauty,Sunscreen,22439.69,4.0,40.0,UPI,Delivered,3.6
ORD11711,2024-10-06,CUST1966,Neel Mukherjee,PUNE,Maharashtra,PID463,Laptop,Electronics,Laptop,70402.83,1.0,20.0,Credit Card,Delayed,4.6
ORD12101,2024-03-28,CUST1215,Suhani Iyer,SURAT,Gujarat,PID262,Football,sports,Football,57333.32,5.0,10.0,Debit Card,Delivered,4.6
ORD10870,2023-10-12,CUST1040,Zaitra Ravi, Chennai ,Tamil Nadu,PID556,Shampoo,Beauty,Shampoo,10882.11,1.0,5.0,UPI,Returned,3.1
ORD14569,2024-11-19,CUST1119,Urvashi Balakrishnan,indore,Madhya Pradesh,PID581,Sunscreen,beauty,Sunscreen,20224.68,3.0,10.0,UPI,,2.6
ORD11031,2024-05-11,CUST1187,Faras Ratta,delhi,Delhi,PID207,Comic,BOOKS,Comic,37068.22,2.0,0.0,Credit Card,,2.1
ORD13464,2023-05-09,CUST1425,Raghav Chhabra, Jaipur ,Rajasthan,PID389,Lipstick,BEAUTY,Lipstick,27258.71,3.0,0.0,Net Banking,Delivered,3.7
ORD11999,2024-12-01,CUST1608,Maya Srinivasan,INDORE,Madhya Pradesh,PID501,Cookware Set,HOME & KITCHEN,Cookware Set,73483.06,3.0,15.0,Cash on Delivery,Delayed,4.0
ORD13591,2024-06-17,CUST1937,Zarna Mani, Pune ,Maharashtra,PID300,Tablet,ELECTRONICS,Tablet,42577.31,5.0,20.0,Cash on Delivery,Delivered,2.5
ORD11157,2023-03-01,CUST1834,Atharv Sharaf,HYDERABAD,Telangana,PID386,Shampoo,Beauty,Shampoo,5937.35,3.0,25.0,Debit Card,Delivered,3.1
ORD13157,2024-09-29,CUST1138,Chaaya Muni, Indore ,Madhya Pradesh,PID443,Sunscreen,Beauty,Sunscreen,1525.33,1.0,25.0,Credit Card,Delivered,2.9
ORD11576,2023-06-15,CUST1427,Parth Choudhry, Lucknow ,Uttar Pradesh,PID282,Comic,BOOKS,Comic,43014.23,5.0,25.0,UPI,Delivered,1.5
ORD14740,2023-03-06,CUST1512,Ridhi Sidhu,JAIPUR,Rajasthan,PID591,Dumbbells,Sports,Dumbbells,68938.22,2.0,20.0,Cash on Delivery,,3.6
ORD10062,2023-04-21,CUST1064,Zehaan Upadhyay,HYDERABAD,Telangana,PID425,Face Wash,beauty,Face Wash,48361.02,3.0,25.0,Net Banking,Delivered,2.9
ORD10473,2023-04-21,CUST1521,Indrajit Sathe,CHENNAI,Tamil Nadu,PID231,Novel,books,Novel,58635.29,5.0,15.0,Credit Card,Cancelled,
ORD13455,2024-01-02,CUST1919,Adya Nanda,Mumbai,Maharashtra,PID537,Air Fryer,HOME & KITCHEN,Air Fryer,86312.6,3.0,15.0,Debit Card,Returned,4.2
ORD10866,2023-11-10,CUST1674,Harita Bakshi, Lucknow ,Uttar Pradesh,PID196,Bedsheet,home & kitchen,Bedsheet,46289.58,2.0,25.0,Debit Card,Delivered,2.3
ORD13584,15/01/2024,CUST1085,Watika Sagar,PUNE,Maharashtra,PID564,Football,SPORTS,Football,1955.28,2.0,20.0,Net Banking,Delivered,2.5
ORD14802,2023-08-01,CUST1494,Chaaya Gera,BANGALORE,Karnataka,PID476,Comic,books,Comic,79693.99,5.0,0.0,UPI,Delivered,1.4
ORD13615,2024-09-17,CUST1041,Abha Talwar,PUNE,Maharashtra,PID235,Dumbbells,Sports,Dumbbells,47314.93,5.0,40.0,Cash on Delivery,Delivered,1.5
ORD14883,2023-03-14,CUST1040,Advik Dayal, Delhi ,Delhi,PID147,Biography,books,Biography,19347.22,2.0,40.0,Credit Card,Delivered,1.4
ORD13389,2024-07-12,CUST1279,Wahab Gopal, Ahmedabad ,Gujarat,PID522,Biography,BOOKS,Biography,81715.63,4.0,20.0,,Cancelled,1.2
ORD12181,2023-08-24,CUST1882,Xiti Gopal,MUMBAI,Maharashtra,PID197,Shampoo,BEAUTY,Shampoo,11734.93,1.0,25.0,Cash on Delivery,Returned,3.0
ORD13282,2023-10-09,CUST1017,Hredhaan Suri,Hyderabad,Telangana,PID442,Laptop,electronics,Laptop,5945.9,3.0,30.0,Credit Card,Delivered,1.3
ORD14184,2024-04-27,CUST1135,Nidhi Goda, Chennai ,Tamil Nadu,PID453,Textbook,books,Textbook,2956.42,3.0,0.0,Credit Card,Cancelled,2.1
ORD11629,2024-09-25,CUST1586,Maanav Gulati,delhi,Delhi,PID509,Jacket,FASHION,Jacket,57008.85,4.0,30.0,Net Banking,Delivered,2.5
ORD12439,2024-05-23,CUST1716,Isaac Saran, Kolkata ,West Bengal,PID350,Jacket,Fashion,Jacket,62982.46,2.0,10.0,Debit Card,Returned,3.0
ORD11150,2023-04-13,CUST1707,Jack Som,JAIPUR,Rajasthan,PID188,Comic,Books,Comic,37898.52,2.0,20.0,Net Banking,Delayed,
ORD11161,2023-03-11,CUST1166,Dalbir Mangal, Hyderabad ,Telangana,PID590,Laptop,electronics,Laptop,64548.99,2.0,40.0,UPI,Delivered,4.2
ORD10257,2023-02-14,CUST1603,Oviya Bhagat, Jaipur ,Rajasthan,PID511,Saree,FASHION,Saree,74502.83,4.0,25.0,Cash on Delivery,,2.7
ORD12599,2024-12-18,CUST1012,Varsha Ahluwalia,LUCKNOW,Uttar Pradesh,PID284,Lipstick,beauty,Lipstick,46539.26,2.0,25.0,Credit Card,Delayed,4.2
ORD14541,2024-12-28,CUST1912,Isaac Sarkar,mumbai,Maharashtra,PID428,Comic,Books,Comic,35002.2,2.0,5.0,UPI,Delivered,1.2
ORD11106,2023-02-24,CUST1001,Yamini Deep, Jaipur ,Rajasthan,PID127,Textbook,Books,Textbook,81789.05,5.0,20.0,,,5.0
ORD14215,2024-02-27,CUST1704,Gaurang Thaker,SURAT,Gujarat,PID405,Tablet,ELECTRONICS,Tablet,52481.6,5.0,25.0,,Delayed,3.9
ORD13408,2024-04-08,CUST1243,Pranav Sani, Surat ,Gujarat,PID416,Bedsheet,Home & Kitchen,Bedsheet,70142.89,1.0,0.0,Cash on Delivery,Delayed,3.2
ORD10558,2024-05-30,CUST1121,Dalbir Raval,hyderabad,Telangana,PID187,Sunscreen,beauty,Sunscreen,-18742.17,5.0,40.0,Credit Card,Delivered,3.1
ORD11851,2023-11-24,CUST1394,Shravya Kala, Lucknow ,Uttar Pradesh,PID491,Smartphone,electronics,Smartphone,56679.34,3.0,20.0,,Delivered,
ORD12089,2023-10-04,CUST1136,Hemangini Mannan,BANGALORE,Karnataka,PID199,Water Bottle,Home & Kitchen,Water Bottle,36222.63,3.0,5.0,Debit Card,Delivered,3.3
ORD12900,2024-04-28,CUST1424,Rajeshri Mallick,JAIPUR,Rajasthan,PID367,Sunscreen,BEAUTY,Sunscreen,19583.5,5.0,15.0,Debit Card,,2.6
ORD13221,2024-11-23,CUST1048,Amrita Hayer, Chennai ,Tamil Nadu,PID372,Dumbbells,sports,Dumbbells,69505.12,1.0,5.0,Net Banking,Cancelled,3.8
ORD10262,2023-06-29,CUST1034,Kritika Ghose,indore,Madhya Pradesh,PID501,Novel,Books,Novel,34681.69,5.0,0.0,,,2.8
ORD14368,2024-03-24,CUST1477,Vedhika Goyal,Delhi,Delhi,PID427,Smartwatch,ELECTRONICS,Smartwatch,31864.14,1.0,5.0,Net Banking,Delivered,4.7
ORD10628,2024-03-23,CUST1362,Jeremiah Ray,hyderabad,Telangana,PID318,Textbook,BOOKS,Textbook,27553.9,4.0,30.0,Net Banking,Returned,3.1
ORD11890,2023-12-15,CUST1791,Udant Panchal,surat,Gujarat,PID406,Shampoo,Beauty,Shampoo,15963.82,4.0,20.0,Cash on Delivery,Delivered,2.8
ORD13043,2024-02-07,CUST1173,Indali Sabharwal, Hyderabad ,Telangana,PID218,Football,Sports,Football,86793.42,2.0,0.0,Credit Card,,
ORD12079,2024-07-19,CUST1129,Hemani Madan,JAIPUR,Rajasthan,PID494,Air Fryer,HOME & KITCHEN,Air Fryer,62402.62,1.0,20.0,Debit Card,Delivered,2.9
ORD13586,2023-10-23,CUST1056,Harinakshi Dara,Kolkata,West Bengal,PID231,Perfume,BEAUTY,Perfume,39308.92,3.0,5.0,Credit Card,Delayed,3.7
ORD11607,2023-04-01,CUST1308,Rohan Tara,Delhi,Delhi,PID243,Jeans,FASHION,Jeans,48418.94,2.0,30.0,Cash on Delivery,Delivered,4.4
ORD11021,2023-08-16,CUST1371,Eesha Verma,Surat,Gujarat,PID564,Water Bottle,home & kitchen,Water Bottle,85071.95,2.0,0.0,UPI,Delivered,
ORD10609,2023-03-23,CUST1869,Dayamai Jhaveri, Delhi ,Delhi,PID428,Smartwatch,ELECTRONICS,Smartwatch,74712.04,3.0,30.0,Cash on Delivery,Delivered,2.3
ORD11404,2023-04-19,CUST1754,Idika Narang, Lucknow ,Uttar Pradesh,PID429,Textbook,Books,Textbook,28902.0,5.0,20.0,Credit Card,Delivered,1.6
ORD13255,12/12/2024,CUST1412,Warinder Keer,pune,Maharashtra,PID542,Perfume,BEAUTY,Perfume,76461.01,5.0,30.0,Cash on Delivery,Delivered,1.5
ORD12097,2024-12-29,CUST1197,Balhaar Manne, Hyderabad ,Telangana,PID471,Sunscreen,beauty,Sunscreen,51356.31,3.0,25.0,UPI,Delivered,4.4
ORD10210,2024-11-04,CUST1827,Vrishti Shan,jaipur,Rajasthan,PID386,Jacket,fashion,Jacket,57502.48,3.0,10.0,Credit Card,Returned,1.7
ORD13799,2023-06-05,CUST1748,Falan Balan,JAIPUR,Rajasthan,PID125,Novel,books,Novel,16359.8,3.0,10.0,Net Banking,Delivered,1.5
ORD13540,2023-11-04,CUST1631,Suhani Keer,mumbai,Maharashtra,PID446,Cricket Bat,SPORTS,Cricket Bat,31890.88,5.0,20.0,UPI,Delivered,2.6
ORD10154,2024-08-24,CUST1604,Deepa Basak,hyderabad,Telangana,PID143,Face Wash,beauty,Face Wash,60412.52,3.0,30.0,Credit Card,,2.4
ORD11591,2023-02-06,CUST1679,Gayathri Nayak, Mumbai ,Maharashtra,PID579,Cricket Bat,sports,Cricket Bat,57923.93,3.0,10.0,,Delayed,1.7
ORD12443,2023-02-21,CUST1414,Mason Sengupta,LUCKNOW,Uttar Pradesh,PID598,Laptop,ELECTRONICS,Laptop,13500.64,1.0,15.0,,Delivered,2.9
ORD11148,2023-08-15,CUST1583,Chatresh Manda,Surat,Gujarat,PID575,Air Fryer,HOME & KITCHEN,Air Fryer,39201.01,3.0,20.0,Debit Card,Cancelled,
ORD13428,2023-11-02,CUST1701,Warhi Sura, Delhi ,Delhi,PID395,Perfume,beauty,Perfume,57512.46,2.0,5.0,Cash on Delivery,Returned,2.1
ORD11968,2023-07-30,CUST1708,Wahab Thakur, Bangalore ,Karnataka,PID503,Bluetooth Speaker,ELECTRONICS,Bluetooth Speaker,36773.88,4.0,30.0,Debit Card,Returned,2.2
ORD13207,2023-01-18,CUST1860,Jagvi Chhabra,AHMEDABAD,Gujarat,PID325,Comic,BOOKS,Comic,49756.72,1.0,20.0,Cash on Delivery,Returned,1.7
ORD12434,2023-04-29,CUST1018,Xalak Mani,chennai,Tamil Nadu,PID477,Dumbbells,sports,Dumbbells,4533.01,2.0,5.0,,Delayed,3.5
ORD11634,2023-08-14,CUST1435,Ekiya Ganguly, Ahmedabad ,Gujarat,PID456,Football,SPORTS,Football,3319.65,3.0,10.0,Net Banking,Delayed,3.0
ORD13293,2023-07-06,CUST1855,Falguni Chada,hyderabad,Telangana,PID237,Kurta,FASHION,Kurta,7154.71,1.0,25.0,,Delivered,1.9
ORD10598,2023-07-11,CUST1798,Chatura Chaudhuri,LUCKNOW,Uttar Pradesh,PID513,Novel,books,Novel,34509.08,4.0,25.0,Net Banking,,4.6
ORD13138,2024-01-24,CUST1261,Jasmit Bail,CHENNAI,Tamil Nadu,PID340,Cookware Set,home & kitchen,Cookware Set,15683.21,2.0,20.0,Cash on Delivery,Cancelled,4.4
ORD11657,2024-07-03,CUST1764,Manan Dada,surat,Gujarat,PID406,Comic,BOOKS,Comic,33762.22,2.0,10.0,,Returned,2.5
ORD14349,2023-05-20,CUST1066,Shaurya Varkey,Surat,Gujarat,PID586,Saree,fashion,Saree,63687.99,4.0,40.0,,Delivered,1.1
ORD13298,2023-07-20,CUST1160,Wyatt Amble,Bangalore,Karnataka,PID350,Kurta,fashion,Kurta,-56406.46,5.0,10.0,UPI,Delivered,3.7
ORD11566,2023-01-10,CUST1687,Upma Sachar,Mumbai,Maharashtra,PID372,Smartphone,electronics,Smartphone,31919.9,1.0,40.0,Debit Card,,2.7
ORD11519,2024-09-04,CUST1512,Ekta Barad,bangalore,Karnataka,PID465,Novel,books,Novel,36209.12,3.0,25.0,Credit Card,Delivered,3.2
ORD14264,2023-05-28,CUST1191,Wahab Kaul,Bangalore,Karnataka,PID173,Lipstick,beauty,Lipstick,48451.75,5.0,15.0,Cash on Delivery,Delivered,
ORD10226,2023-04-16,CUST1575,Advika Apte,delhi,Delhi,PID205,Biography,books,Biography,77114.54,4.0,0.0,UPI,,1.1
ORD12518,2024-04-03,CUST1378,Chakradhar Krishnan,PUNE,Maharashtra,PID191,Sneakers,fashion,Sneakers,63059.14,5.0,20.0,UPI,Cancelled,2.9
ORD14909,2023-11-10,CUST1201,Kritika Saxena,MUMBAI,Maharashtra,PID527,Water Bottle,Home & Kitchen,Water Bottle,4230.81,3.0,20.0,Net Banking,Cancelled,1.2
ORD12394,2023-08-13,CUST1138,Harinakshi Baria, Hyderabad ,Telangana,PID110,Sunscreen,BEAUTY,Sunscreen,65596.77,5.0,5.0,Debit Card,Cancelled,4.3
ORD11761,2023-05-23,CUST1782,Simon Tata,AHMEDABAD,Gujarat,PID198,Biography,books,Biography,50632.05,5.0,5.0,,Returned,
ORD11361,2024-03-18,CUST1172,Lohit Varughese,Mumbai,Maharashtra,PID121,Jeans,fashion,Jeans,83938.77,3.0,0.0,Net Banking,Delayed,3.0
ORD13305,2024-08-18,CUST1614,Anya Randhawa, Surat ,Gujarat,PID515,Football,Sports,Football,55933.65,3.0,5.0,UPI,Delivered,3.7
ORD12325,2024-07-11,CUST1251,Viraj Baral,DELHI,Delhi,PID259,Sneakers,fashion,Sneakers,80350.15,3.0,25.0,Debit Card,,
ORD13559,2023-05-07,CUST1034,Nitara Pillay,SURAT,Gujarat,PID557,Jeans,Fashion,Jeans,81707.75,5.0,20.0,Credit Card,,4.3
ORD14337,2024-10-30,CUST1555,Ekbal Rao, Lucknow ,Uttar Pradesh,PID587,Tablet,electronics,Tablet,74602.24,4.0,25.0,Cash on Delivery,Delivered,3.8
ORD11834,2024-02-09,CUST1410,Jagat Prashad,jaipur,Rajasthan,PID292,Laptop,electronics,Laptop,62912.79,5.0,0.0,Debit Card,Cancelled,2.3
ORD13662,2024-04-19,CUST1152,Nidra Chadha,JAIPUR,Rajasthan,PID206,T-Shirt,FASHION,T-Shirt,83187.01,1.0,25.0,UPI,Returned,3.0
ORD12010,29/04/2024,CUST1220,Quincy Kade,Lucknow,Uttar Pradesh,PID262,Football,SPORTS,Football,74894.72,1.0,10.0,Cash on Delivery,Delivered,1.7
ORD13658,2024-10-23,CUST1304,Oviya Chacko,mumbai,Maharashtra,PID149,Shampoo,Beauty,Shampoo,5216.87,0.0,5.0,Net Banking,Delivered,1.4
ORD14188,2023-07-11,CUST1904,Dominic Rajagopalan, Indore ,Madhya Pradesh,PID145,Cricket Bat,sports,Cricket Bat,24131.97,1.0,20.0,,Cancelled,
ORD13858,2024-04-07,CUST1677,Arya Banerjee, Hyderabad ,Telangana,PID186,Tablet,Electronics,Tablet,34479.64,0.0,25.0,UPI,Delivered,2.2
ORD10694,2023-10-08,CUST1177,Wahab Sathe, Mumbai ,Maharashtra,PID342,Water Bottle,HOME & KITCHEN,Water Bottle,54668.68,4.0,20.0,,Delayed,4.9
ORD14830,2024-06-01,CUST1124,Triya Tata,Ahmedabad,Gujarat,PID476,Headphones,Electronics,Headphones,68241.9,1.0,20.0,Debit Card,Delivered,3.9
ORD12613,2023-04-15,CUST1531,Hardik Dar,delhi,Delhi,PID223,Saree,FASHION,Saree,52985.75,1.0,20.0,UPI,Delivered,3.7
ORD11187,2024-12-19,CUST1626,Jeet Bora, Jaipur ,Rajasthan,PID545,Yoga Mat,Sports,Yoga Mat,62396.2,1.0,10.0,Cash on Delivery,Cancelled,2.5
ORD11370,2023-09-21,CUST1765,Raagini Contractor,bangalore,Karnataka,PID385,Face Wash,BEAUTY,Face Wash,77694.16,4.0,25.0,Credit Card,Delivered,4.9
ORD11908,2024-09-05,CUST1972,Abhimanyu Mittal,chennai,Tamil Nadu,PID386,Water Bottle,home & kitchen,Water Bottle,56764.57,4.0,0.0,,Returned,1.4
ORD14089,2024-11-11,CUST1961,Triya Shetty,Ahmedabad,Gujarat,PID250,Laptop,ELECTRONICS,Laptop,219.83,4.0,30.0,Cash on Delivery,Returned,2.7
ORD12478,2024-09-12,CUST1054,Zarna Bhattacharyya,SURAT,Gujarat,PID344,Mixer Grinder,Home & Kitchen,Mixer Grinder,42445.65,3.0,30.0,UPI,Delayed,2.7
ORD10017,2023-03-17,CUST1291,Bimala Maharaj,PUNE,Maharashtra,PID180,Kurta,FASHION,Kurta,11909.41,0.0,5.0,Debit Card,Delivered,3.0
ORD12515,2024-12-11,CUST1337,Sara Bera,Chennai,Tamil Nadu,PID180,Saree,Fashion,Saree,70597.53,2.0,25.0,Debit Card,Delivered,
ORD14673,2023-10-14,CUST1591,Riya Natt, Ahmedabad ,Gujarat,PID201,Tablet,electronics,Tablet,25276.31,5.0,5.0,Cash on Delivery,Delivered,1.9
ORD12206,2023-08-18,CUST1350,Faris Deep,hyderabad,Telangana,PID392,Shampoo,Beauty,Shampoo,61126.13,5.0,0.0,UPI,Delivered,
ORD13596,2023-08-05,CUST1158,Harini Saraf,MUMBAI,Maharashtra,PID584,Shampoo,Beauty,Shampoo,33699.86,5.0,20.0,Debit Card,Cancelled,4.8
ORD11487,2024-08-12,CUST1678,Ekavir Raja,Chennai,Tamil Nadu,PID137,Shampoo,BEAUTY,Shampoo,5398.44,4.0,0.0,Debit Card,Delayed,1.3
ORD11677,2023-05-22,CUST1433,Tristan Rama,BANGALORE,Karnataka,PID392,Perfume,Beauty,Perfume,10740.23,5.0,30.0,UPI,Delivered,2.4
ORD12354,2024-02-05,CUST1255,Chandresh Prasad,MUMBAI,Maharashtra,PID322,Sneakers,Fashion,Sneakers,4608.89,1.0,10.0,Cash on Delivery,Delivered,1.8
ORD10657,2023-09-23,CUST1240,Chakradhar Hari,Surat,Gujarat,PID279,Laptop,electronics,Laptop,45678.72,5.0,0.0,Debit Card,Cancelled,1.1
ORD11572,2024-07-05,CUST1564,Kabir Bahl,AHMEDABAD,Gujarat,PID386,Biography,BOOKS,Biography,79862.69,3.0,30.0,Cash on Delivery,Delivered,2.5
ORD11738,2023-04-15,CUST1422,Avi Rajan,delhi,Delhi,PID306,Shampoo,Beauty,Shampoo,16723.03,5.0,20.0,Net Banking,Delivered,4.4
ORD13856,2023-02-27,CUST1046,Caleb Chanda, Kolkata ,West Bengal,PID288,Air Fryer,home & kitchen,Air Fryer,56831.36,2.0,30.0,Cash on Delivery,Delayed,4.8
ORD12847,2023-09-30,CUST1083,Dev Jani,CHENNAI,Tamil Nadu,PID488,Face Wash,beauty,Face Wash,44500.0,1.0,25.0,,Cancelled,3.5
ORD12981,2023-09-15,CUST1208,Hitesh Kapur,Ahmedabad,Gujarat,PID536,Saree,fashion,Saree,43967.7,4.0,25.0,Debit Card,,1.7
ORD10619,2023-07-11,CUST1021,Naveen Rout, Indore ,Madhya Pradesh,PID190,Dumbbells,SPORTS,Dumbbells,27583.38,3.0,10.0,,Delayed,2.8
ORD12848,2024-09-08,CUST1977,Yashasvi Sani, Lucknow ,Uttar Pradesh,PID458,Dumbbells,SPORTS,Dumbbells,66226.3,5.0,0.0,Cash on Delivery,Returned,1.9
ORD14464,2023-01-04,CUST1868,Raagini Pandya,AHMEDABAD,Gujarat,PID285,Comic,Books,Comic,53832.41,3.0,0.0,Credit Card,Delivered,3.8
ORD10868,2024-08-04,CUST1832,Kala Contractor,Bangalore,Karnataka,PID381,Football,SPORTS,Football,79871.5,4.0,20.0,UPI,Delivered,2.4
ORD12508,2023-12-22,CUST1799,Raghav Sharma,Kolkata,West Bengal,PID284,Smartwatch,Electronics,Smartwatch,80926.12,4.0,30.0,Credit Card,Delayed,2.6
ORD12111,2024-10-28,CUST1149,Udyati Naik,delhi,Delhi,PID154,Perfume,BEAUTY,Perfume,48684.88,2.0,15.0,UPI,Returned,4.1
ORD10458,2023-09-22,CUST1520,Eesha Loyal,MUMBAI,Maharashtra,PID485,Cookware Set,HOME & KITCHEN,Cookware Set,64240.06,2.0,25.0,Credit Card,Delivered,4.3
ORD14237,2024-10-27,CUST1911,Kai Ray,ahmedabad,Gujarat,PID551,Lipstick,beauty,Lipstick,52184.49,4.0,10.0,Net Banking,Returned,3.4
ORD10791,2024-11-10,CUST1658,Reva Merchant, Mumbai ,Maharashtra,PID202,Headphones,electronics,Headphones,82507.45,5.0,5.0,,Cancelled,4.6
ORD14317,2023-10-21,CUST1360,Amrita Mohanty,Bangalore,Karnataka,PID390,Novel,BOOKS,Novel,59336.84,2.0,0.0,,Delivered,2.6
ORD13608,2024-02-27,CUST1629,Madhavi Gara,KOLKATA,West Bengal,PID312,Smartphone,ELECTRONICS,Smartphone,28548.54,3.0,0.0,Cash on Delivery,,1.5
ORD13823,2023-01-17,CUST1072,Girik Acharya,LUCKNOW,Uttar Pradesh,PID550,Dumbbells,sports,Dumbbells,46786.48,4.0,10.0,Credit Card,Returned,4.6
ORD12261,2023-09-23,CUST1254,Nicholas Chaudhari, Lucknow ,Uttar Pradesh,PID571,Novel,Books,Novel,49081.96,1.0,15.0,Cash on Delivery,Delivered,3.8
ORD14636,2023-06-02,CUST1954,Jacob Sharma,Mumbai,Maharashtra,PID405,Jeans,fashion,Jeans,6754.79,1.0,10.0,Credit Card,Delayed,4.5
ORD12809,2023-01-20,CUST1763,Leela Sahota, Bangalore ,Karnataka,PID534,Yoga Mat,Sports,Yoga Mat,62098.22,4.0,5.0,UPI,Delivered,4.1
ORD13519,2024-01-06,CUST1481,Jagvi Vyas, Indore ,Madhya Pradesh,PID249,Cookware Set,home & kitchen,Cookware Set,-66616.52,5.0,5.0,Credit Card,Returned,3.2
ORD10734,2023-09-08,CUST1706,Veda Parekh,JAIPUR,Rajasthan,PID467,Water Bottle,Home & Kitchen,Water Bottle,76217.51,1.0,15.0,,,4.0
ORD14914,2024-01-28,CUST1046,Kamala Raju, Pune ,Maharashtra,PID550,Jeans,FASHION,Jeans,77371.62,5.0,0.0,,Delivered,4.4
ORD13959,2024-12-20,CUST1329,Balvan Pal,kolkata,West Bengal,PID280,Water Bottle,Home & Kitchen,Water Bottle,17542.32,1.0,5.0,Cash on Delivery,Delayed,3.4
ORD12134,2024-03-07,CUST1441,Wishi Wable,indore,Madhya Pradesh,PID368,Novel,Books,Novel,38980.02,5.0,40.0,,Cancelled,1.7
ORD11945,2024-09-06,CUST1070,Kritika Tank, Mumbai ,Maharashtra,PID475,Biography,books,Biography,8437.3,3.0,20.0,,Delivered,2.5
ORD12280,2023-12-02,CUST1940,Ladli Kalla,mumbai,Maharashtra,PID407,Sunscreen,beauty,Sunscreen,10949.81,4.0,0.0,,Delivered,2.9
ORD10660,2024-08-01,CUST1817,Zayan Kar,Surat,Gujarat,PID126,Novel,books,Novel,65404.44,1.0,15.0,Cash on Delivery,Cancelled,3.3
ORD12431,2024-10-09,CUST1495,Urishilla Mitter,Surat,Gujarat,PID374,Sneakers,fashion,Sneakers,9514.69,4.0,15.0,Net Banking,Cancelled,3.7
ORD13752,2024-10-03,CUST1813,Saksham Shan,kolkata,West Bengal,PID320,Cookware Set,HOME & KITCHEN,Cookware Set,2719.79,2.0,0.0,,Delivered,1.3
ORD12529,2024-07-26,CUST1930,Anika Jani,lucknow,Uttar Pradesh,PID371,Biography,BOOKS,Biography,39941.49,1.0,20.0,Debit Card,Returned,3.5
ORD14422,2023-09-10,CUST1061,Vrishti Sunder, Hyderabad ,Telangana,PID102,Perfume,beauty,Perfume,75326.97,3.0,15.0,Debit Card,Delivered,4.6
ORD10643,2024-09-25,CUST1346,Yashoda Mallick,Hyderabad,Telangana,PID315,Laptop,Electronics,Laptop,6868.72,5.0,30.0,Cash on Delivery,Delivered,3.8
ORD10169,2024-01-05,CUST1699,Saanvi Magar,ahmedabad,Gujarat,PID188,Cricket Bat,sports,Cricket Bat,44615.66,5.0,0.0,Net Banking,Delayed,1.5
ORD11518,2023-02-08,CUST1009,Yash Bhatnagar,DELHI,Delhi,PID115,Face Wash,BEAUTY,Face Wash,30211.56,1.0,25.0,,,
ORD11801,2024-01-09,CUST1379,Tristan Hari,Bangalore,Karnataka,PID289,Laptop,ELECTRONICS,Laptop,78256.93,2.0,0.0,Debit Card,Delivered,2.1
ORD13395,2023-03-29,CUST1856,Rajeshri Sachar,AHMEDABAD,Gujarat,PID365,Shampoo,Beauty,Shampoo,-35154.58,0.0,5.0,,Delayed,1.1
ORD11918,2023-05-04,CUST1448,Ikshita Dalal, Ahmedabad ,Gujarat,PID141,Novel,books,Novel,82214.25,1.0,25.0,Net Banking,Delivered,3.7
ORD10273,2024-04-05,CUST1020,Sai Kale,pune,Maharashtra,PID310,Novel,BOOKS,Novel,9042.89,3.0,5.0,Net Banking,,2.0
ORD12469,2024-08-25,CUST1350,Fariq Chand,hyderabad,Telangana,PID395,Biography,Books,Biography,39822.36,4.0,5.0,Cash on Delivery,,1.8
ORD14793,2023-05-24,CUST1132,Dakshesh Sahni, Delhi ,Delhi,PID291,Cricket Bat,Sports,Cricket Bat,9593.67,2.0,40.0,Credit Card,Returned,3.8
ORD11067,2023-06-21,CUST1016,Veda Magar,AHMEDABAD,Gujarat,PID132,Saree,Fashion,Saree,88508.98,1.0,15.0,Credit Card,Delivered,1.2
ORD10495,2023-07-19,CUST1472,Tanay Mander, Jaipur ,Rajasthan,PID134,Cookware Set,HOME & KITCHEN,Cookware Set,4160.47,4.0,30.0,Credit Card,Delivered,1.0
ORD11913,2024-03-05,CUST1488,Ganga Jani,Ahmedabad,Gujarat,PID306,Face Wash,Beauty,Face Wash,45470.69,1.0,20.0,Debit Card,Cancelled,
ORD13647,2023-02-06,CUST1907,Unni Raju,bangalore,Karnataka,PID522,Biography,BOOKS,Biography,10337.95,2.0,10.0,,Returned,4.2
ORD10039,2024-04-03,CUST1595,Yochana Varma,ahmedabad,Gujarat,PID288,T-Shirt,fashion,T-Shirt,64848.71,4.0,40.0,,Delivered,1.4
ORD10307,2024-10-02,CUST1155,Nirja Kara,chennai,Tamil Nadu,PID274,T-Shirt,Fashion,T-Shirt,61635.38,5.0,0.0,UPI,Cancelled,2.5
ORD13741,2024-12-16,CUST1429,Nisha Garg,jaipur,Rajasthan,PID466,Lipstick,BEAUTY,Lipstick,63356.46,2.0,40.0,Debit Card,,3.7
ORD14103,2024-10-23,CUST1061,Aryan Hari,Mumbai,Maharashtra,PID262,Dumbbells,Sports,Dumbbells,6103.99,1.0,20.0,Debit Card,Delivered,4.6
ORD13153,2023-08-13,CUST1463,Samarth Pall, Indore ,Madhya Pradesh,PID169,Cricket Bat,SPORTS,Cricket Bat,21905.94,2.0,30.0,Credit Card,,2.0
ORD12830,2023-09-03,CUST1159,Isha Swamy,hyderabad,Telangana,PID415,Textbook,Books,Textbook,58681.72,1.0,40.0,Credit Card,,2.2
ORD10782,2024-07-26,CUST1362,Patrick Dayal,Lucknow,Uttar Pradesh,PID133,Smartwatch,electronics,Smartwatch,39492.71,2.0,40.0,,Delivered,4.6
ORD10535,2023-09-24,CUST1146,Falak Sule, Lucknow ,Uttar Pradesh,PID374,Jeans,fashion,Jeans,49753.55,5.0,20.0,UPI,Delivered,4.6
ORD10584,2023-10-25,CUST1095,Anthony Doshi, Lucknow ,Uttar Pradesh,PID278,Cricket Bat,sports,Cricket Bat,87972.23,0.0,5.0,Credit Card,Delayed,3.3
ORD14144,2024-06-08,CUST1785,Sachi Dyal,Pune,Maharashtra,PID206,Yoga Mat,SPORTS,Yoga Mat,18318.12,4.0,20.0,Debit Card,Delivered,1.1
ORD13797,2023-07-27,CUST1216,Qushi Tandon,Jaipur,Rajasthan,PID476,Jeans,Fashion,Jeans,30799.93,1.0,30.0,Cash on Delivery,,4.5
ORD14855,2024-11-25,CUST1435,Odika Prashad,HYDERABAD,Telangana,PID204,Comic,BOOKS,Comic,48974.97,2.0,0.0,Debit Card,Delayed,1.3
ORD14961,2023-02-08,CUST1068,Bhavya Deshpande,surat,Gujarat,PID436,Novel,BOOKS,Novel,63238.25,0.0,40.0,UPI,,3.4
ORD12862,2024-01-13,CUST1744,Nimrat Baral,AHMEDABAD,Gujarat,PID431,Yoga Mat,sports,Yoga Mat,87944.8,5.0,25.0,Credit Card,Delivered,2.6
ORD10317,2023-10-23,CUST1469,Janaki Lala,bangalore,Karnataka,PID354,Yoga Mat,Sports,Yoga Mat,78213.35,4.0,40.0,Credit Card,Delivered,1.5
ORD12198,2024-12-20,CUST1489,Aachal Dash,kolkata,West Bengal,PID394,Comic,BOOKS,Comic,87779.44,2.0,40.0,UPI,Delivered,3.0
ORD12565,2024-03-31,CUST1669,Andrew Rao,surat,Gujarat,PID411,Cookware Set,HOME & KITCHEN,Cookware Set,23524.25,2.0,0.0,Debit Card,,3.4
ORD14573,2024-07-27,CUST1877,Ethan Roy,surat,Gujarat,PID515,Comic,BOOKS,Comic,0.0,1.0,25.0,UPI,Returned,3.6
ORD14852,2023-02-17,CUST1344,Balveer Shetty,SURAT,Gujarat,PID405,Perfume,BEAUTY,Perfume,48027.37,2.0,25.0,,Delivered,1.2
ORD11795,2024-04-21,CUST1673,Mekhala Randhawa,INDORE,Madhya Pradesh,PID113,Smartwatch,ELECTRONICS,Smartwatch,19064.85,1.0,40.0,,,1.4
ORD14738,2024-02-02,CUST1058,Leena Ramakrishnan, Jaipur ,Rajasthan,PID312,Face Wash,Beauty,Face Wash,6024.51,5.0,5.0,Debit Card,Delivered,4.3
ORD14306,2023-12-29,CUST1909,Triya Dasgupta,PUNE,Maharashtra,PID532,Smartphone,ELECTRONICS,Smartphone,21382.69,4.0,20.0,Cash on Delivery,,2.8
ORD10272,2023-06-30,CUST1307,Atharv Chandran,pune,Maharashtra,PID228,Saree,FASHION,Saree,77089.34,2.0,0.0,,Cancelled,1.5
ORD10549,2023-01-22,CUST1849,Tripti Manne,Jaipur,Rajasthan,PID275,Air Fryer,home & kitchen,Air Fryer,65380.61,2.0,5.0,,Delivered,
ORD11693,2023-02-19,CUST1544,Krishna Sahni,chennai,Tamil Nadu,PID345,Biography,BOOKS,Biography,70100.74,5.0,40.0,Debit Card,Cancelled,2.5
ORD13526,2023-09-17,CUST1792,Harita Manda, Chennai ,Tamil Nadu,PID528,Tablet,electronics,Tablet,58346.42,3.0,5.0,Cash on Delivery,Delivered,3.1
ORD13013,2023-03-08,CUST1234,Hitesh Master,Delhi,Delhi,PID528,Water Bottle,HOME & KITCHEN,Water Bottle,616.43,5.0,40.0,Debit Card,Delivered,4.9
ORD14863,2023-06-19,CUST1100,Victor Kapoor, Indore ,Madhya Pradesh,PID380,Tablet,electronics,Tablet,30992.67,2.0,40.0,,,3.7
ORD12391,2024-08-21,CUST1372,Lopa Iyengar, Pune ,Maharashtra,PID119,Cookware Set,HOME & KITCHEN,Cookware Set,9854.25,4.0,10.0,Net Banking,Delivered,3.0
ORD13877,2023-10-06,CUST1539,Yadavi Chauhan,mumbai,Maharashtra,PID481,Lipstick,beauty,Lipstick,48892.45,2.0,15.0,,Cancelled,1.2
ORD10895,2024-05-19,CUST1002,Andrew Kamdar,PUNE,Maharashtra,PID341,Water Bottle,Home & Kitchen,Water Bottle,76809.89,1.0,30.0,,Returned,4.7
ORD12000,2023-11-15,CUST1631,Sachi Peri,JAIPUR,Rajasthan,PID460,Football,sports,Football,8499.25,3.0,10.0,Debit Card,Delayed,2.8
ORD12123,2023-08-01,CUST1730,Vamakshi Vaidya,DELHI,Delhi,PID212,Jacket,Fashion,Jacket,22674.73,5.0,30.0,,Delivered,3.7
ORD14158,2023-05-24,CUST1749,Reva Dhar,AHMEDABAD,Gujarat,PID415,Jeans,fashion,Jeans,66623.96,3.0,30.0,,Delivered,2.0
ORD11248,2024-08-10,CUST1012,Nathaniel Sane,delhi,Delhi,PID135,Headphones,electronics,Headphones,59644.43,3.0,10.0,Credit Card,Returned,2.2
ORD11260,2023-06-17,CUST1658,Vansha Bala,jaipur,Rajasthan,PID519,Dumbbells,SPORTS,Dumbbells,13839.58,4.0,25.0,Cash on Delivery,Returned,3.3
ORD10810,2023-06-05,CUST1287,Charles Devi, Kolkata ,West Bengal,PID453,Water Bottle,home & kitchen,Water Bottle,42836.6,1.0,10.0,Cash on Delivery,Delivered,1.5
ORD11050,2023-11-02,CUST1885,Arjun Shetty, Kolkata ,West Bengal,PID240,Smartwatch,electronics,Smartwatch,839.9,5.0,10.0,Debit Card,Delayed,3.3
ORD11879,2024-12-14,CUST1217,Dalaja Dua, Surat ,Gujarat,PID382,Cricket Bat,sports,Cricket Bat,89355.34,5.0,20.0,,Delivered,3.3
ORD12880,2023-08-29,CUST1425,Naveen Kunda,Lucknow,Uttar Pradesh,PID353,Perfume,BEAUTY,Perfume,37673.26,3.0,40.0,UPI,Returned,2.0
ORD10108,2024-08-06,CUST1286,Bhavini Chand, Bangalore ,Karnataka,PID522,Smartwatch,electronics,Smartwatch,79438.65,3.0,0.0,Cash on Delivery,Cancelled,2.5
ORD10674,2023-04-26,CUST1678,Arunima Pandit,kolkata,West Bengal,PID317,Air Fryer,Home & Kitchen,Air Fryer,71737.64,4.0,15.0,Cash on Delivery,Delayed,4.6
ORD14535,2024-01-06,CUST1006,Jagvi Kara,ahmedabad,Gujarat,PID555,Smartwatch,electronics,Smartwatch,46243.17,2.0,15.0,UPI,Delivered,4.6
ORD14362,2024-04-21,CUST1570,Wriddhish Shetty, Ahmedabad ,Gujarat,PID520,Kurta,fashion,Kurta,71094.71,3.0,5.0,Credit Card,Delayed,4.8
ORD11533,2024-07-16,CUST1030,Lopa Prabhu,Kolkata,West Bengal,PID573,Biography,BOOKS,Biography,41917.06,4.0,0.0,,Cancelled,4.6
ORD11856,2023-10-25,CUST1088,Odika Wali,INDORE,Madhya Pradesh,PID552,Biography,books,Biography,15954.67,1.0,15.0,UPI,,1.5
ORD10212,2023-12-17,CUST1184,Niharika Nayar,surat,Gujarat,PID498,Novel,books,Novel,34442.98,2.0,15.0,Cash on Delivery,Delivered,3.3
ORD13148,2023-06-15,CUST1717,Yutika Murty,Jaipur,Rajasthan,PID415,Biography,BOOKS,Biography,33302.56,2.0,30.0,Cash on Delivery,Delivered,1.2
ORD12257,2023-04-24,CUST1331,Pallavi Mani,AHMEDABAD,Gujarat,PID274,Textbook,BOOKS,Textbook,-61209.86,4.0,40.0,Net Banking,Delayed,3.6
ORD12106,2023-01-01,CUST1892,Arjun Venkatesh, Lucknow ,Uttar Pradesh,PID180,Football,Sports,Football,57555.27,2.0,0.0,Net Banking,Returned,2.9
ORD13269,2023-11-22,CUST1240,Qushi Prashad,PUNE,Maharashtra,PID528,Shampoo,BEAUTY,Shampoo,43493.56,5.0,40.0,Credit Card,Returned,4.3
ORD14836,2024-05-29,CUST1951,Kiaan Garg,DELHI,Delhi,PID529,Bedsheet,home & kitchen,Bedsheet,39612.92,4.0,20.0,UPI,Delivered,3.3
ORD11974,2024-05-16,CUST1907,Anita Sankaran,ahmedabad,Gujarat,PID115,Yoga Mat,Sports,Yoga Mat,44915.91,3.0,0.0,Cash on Delivery,,4.0
ORD11502,2023-04-06,CUST1110,Omkaar Ganguly,Lucknow,Uttar Pradesh,PID560,Perfume,Beauty,Perfume,64410.03,2.0,25.0,,,4.7
ORD14183,2024-12-21,CUST1320,Nirja Rajan, Chennai ,Tamil Nadu,PID221,Jacket,FASHION,Jacket,11684.55,3.0,15.0,Debit Card,,3.6
ORD10647,2023-08-21,CUST1894,Arunima Shroff,Chennai,Tamil Nadu,PID468,Comic,Books,Comic,17549.06,2.0,0.0,Net Banking,Cancelled,4.0
ORD13634,2024-06-20,CUST1664,Bhavani Char, Bangalore ,Karnataka,PID233,Comic,books,Comic,33672.8,5.0,15.0,UPI,,
ORD10772,2024-08-12,CUST1735,Nikita Madan, Lucknow ,Uttar Pradesh,PID481,Biography,BOOKS,Biography,46779.17,5.0,5.0,Net Banking,Returned,4.9
ORD10704,2024-06-03,CUST1524,Vincent Nanda,Indore,Madhya Pradesh,PID185,Kurta,Fashion,Kurta,33683.35,3.0,15.0,Net Banking,Delayed,2.7
ORD13588,2024-04-28,CUST1494,Vidhi Vala,ahmedabad,Gujarat,PID361,Sunscreen,Beauty,Sunscreen,41679.18,5.0,40.0,,Delivered,4.6
ORD11250,2024-12-06,CUST1152,Oeshi Prabhakar,bangalore,Karnataka,PID592,Tablet,Electronics,Tablet,24139.64,2.0,5.0,Net Banking,Delayed,4.7
ORD12473,2024-01-01,CUST1247,Ladli Hegde, Pune ,Maharashtra,PID523,Kurta,Fashion,Kurta,89403.54,3.0,20.0,Cash on Delivery,Delayed,2.3
ORD11861,2024-04-09,CUST1077,Victor Om,HYDERABAD,Telangana,PID522,Face Wash,Beauty,Face Wash,80508.77,1.0,40.0,,Delayed,3.8
ORD10710,2023-06-14,CUST1982,Upma Solanki, Kolkata ,West Bengal,PID443,Cricket Bat,sports,Cricket Bat,72589.67,4.0,0.0,Cash on Delivery,Delivered,3.3
ORD12673,2024-05-05,CUST1783,Charan Venkataraman, Kolkata ,West Bengal,PID535,Sunscreen,beauty,Sunscreen,62291.44,4.0,5.0,Cash on Delivery,Delayed,1.3
ORD11462,2023-06-29,CUST1372,Yahvi Bumb,SURAT,Gujarat,PID244,Biography,books,Biography,16821.32,3.0,25.0,UPI,Delivered,3.0
ORD11485,2023-03-26,CUST1339,Chandran Rege,Ahmedabad,Gujarat,PID292,Textbook,BOOKS,Textbook,192.27,2.0,15.0,Net Banking,,3.6
ORD12546,2024-12-18,CUST1367,Zarna Chauhan, Kolkata ,West Bengal,PID406,Air Fryer,HOME & KITCHEN,Air Fryer,60521.22,0.0,25.0,Net Banking,Cancelled,2.4
ORD10231,2024-12-29,CUST1353,Sai Aurora,kolkata,West Bengal,PID571,Bedsheet,home & kitchen,Bedsheet,72461.0,5.0,25.0,Credit Card,Cancelled,3.2
ORD11357,2023-09-24,CUST1048,Aadi Kala,Chennai,Tamil Nadu,PID431,Novel,BOOKS,Novel,31266.56,1.0,40.0,Debit Card,Delivered,4.2
ORD13012,2023-02-06,CUST1200,Chanakya Nagar, Delhi ,Delhi,PID504,Jacket,fashion,Jacket,15359.27,5.0,5.0,Net Banking,Delivered,
ORD10852,2024-03-14,CUST1511,Quincy Sarin, Surat ,Gujarat,PID263,Perfume,Beauty,Perfume,36359.62,4.0,20.0,Net Banking,Delivered,4.7
ORD11005,2023-06-25,CUST1310,Nidra Sood,Chennai,Tamil Nadu,PID220,T-Shirt,fashion,T-Shirt,16483.76,5.0,30.0,,,3.9
ORD11997,2024-07-27,CUST1791,Sara Zacharia,Surat,Gujarat,PID331,T-Shirt,FASHION,T-Shirt,60269.64,4.0,5.0,Cash on Delivery,Cancelled,1.8
ORD11835,2023-12-13,CUST1598,Yashvi Sule, Pune ,Maharashtra,PID121,Kurta,FASHION,Kurta,29450.4,1.0,10.0,Net Banking,Returned,4.8
ORD13974,2024-11-05,CUST1698,Jeevika Mody,SURAT,Gujarat,PID239,Jeans,FASHION,Jeans,34182.66,2.0,10.0,Debit Card,Cancelled,2.5
ORD11317,2024-03-14,CUST1583,Onveer Randhawa,hyderabad,Telangana,PID489,Sneakers,FASHION,Sneakers,24104.79,2.0,25.0,Cash on Delivery,Cancelled,4.2
ORD13328,2023-04-24,CUST1974,Banjeet Dubey,hyderabad,Telangana,PID366,Tablet,ELECTRONICS,Tablet,48931.94,4.0,10.0,Net Banking,Delayed,4.3
ORD11624,2023-10-30,CUST1340,Urmi Kannan,INDORE,Madhya Pradesh,PID551,Tablet,Electronics,Tablet,83148.12,2.0,15.0,UPI,Delivered,1.3
ORD11481,2023-05-03,CUST1879,Gagan Sarraf,BANGALORE,Karnataka,PID527,Perfume,BEAUTY,Perfume,54081.45,1.0,10.0,Cash on Delivery,Delayed,2.0
ORD13834,2023-02-23,CUST1145,Watika Vig,BANGALORE,Karnataka,PID593,Laptop,electronics,Laptop,9123.73,5.0,5.0,Net Banking,Delivered,1.3
ORD11279,2023-10-31,CUST1185,Jalsa Bala, Delhi ,Delhi,PID296,Laptop,electronics,Laptop,43877.84,1.0,40.0,Debit Card,Returned,4.4
ORD13081,2023-06-03,CUST1431,Dayamai Tella,HYDERABAD,Telangana,PID301,Textbook,Books,Textbook,67289.78,5.0,10.0,Debit Card,Delivered,4.9
ORD11824,2024-09-02,CUST1681,Raghav Sekhon,Jaipur,Rajasthan,PID207,Cricket Bat,sports,Cricket Bat,22638.13,5.0,25.0,Net Banking,Delayed,1.7
ORD11054,2023-07-01,CUST1816,Faraj Sheth,hyderabad,Telangana,PID364,Shampoo,beauty,Shampoo,36201.06,4.0,5.0,Net Banking,,4.9
ORD14146,2023-06-30,CUST1468,Zashil Ravel,kolkata,West Bengal,PID223,Biography,Books,Biography,79190.8,1.0,40.0,Net Banking,Delivered,1.4
ORD10476,2023-12-03,CUST1654,Hemangini Tella,LUCKNOW,Uttar Pradesh,PID214,Shampoo,Beauty,Shampoo,62363.38,3.0,30.0,UPI,Delayed,2.8
ORD12283,2024-06-11,CUST1108,Yash Sha, Delhi ,Delhi,PID271,Perfume,beauty,Perfume,25980.28,2.0,0.0,Debit Card,Returned,1.1
ORD13712,2023-06-03,CUST1819,Shravya Radhakrishnan,Jaipur,Rajasthan,PID426,Water Bottle,Home & Kitchen,Water Bottle,80823.62,4.0,5.0,,Delivered,
ORD13147,2023-08-04,CUST1985,Naksh Malhotra, Chennai ,Tamil Nadu,PID322,Headphones,ELECTRONICS,Headphones,10310.11,4.0,40.0,UPI,Delivered,1.8
ORD10336,2023-05-31,CUST1210,Fitan Sachdeva, Kolkata ,West Bengal,PID448,Perfume,Beauty,Perfume,58102.27,2.0,0.0,Net Banking,Cancelled,2.8
ORD12618,2023-08-21,CUST1986,Mekhala Narayanan,JAIPUR,Rajasthan,PID463,Headphones,electronics,Headphones,88120.3,2.0,25.0,Debit Card,Delivered,2.5
ORD13663,2024-05-28,CUST1887,Varsha Mukhopadhyay,INDORE,Madhya Pradesh,PID545,Bluetooth Speaker,electronics,Bluetooth Speaker,41207.94,2.0,5.0,Net Banking,Delivered,2.0
ORD10089,2024-12-23,CUST1561,Eesha Varghese,SURAT,Gujarat,PID581,Bluetooth Speaker,Electronics,Bluetooth Speaker,30275.84,4.0,10.0,UPI,Delivered,3.5
ORD10875,2023-06-22,CUST1297,Diya Saini,KOLKATA,West Bengal,PID560,Biography,books,Biography,54648.87,5.0,30.0,Cash on Delivery,Delivered,1.8
ORD10544,2024-11-26,CUST1300,Indira Mani,chennai,Tamil Nadu,PID235,Saree,FASHION,Saree,85730.65,3.0,25.0,UPI,Delivered,3.2
ORD13001,15/07/2024,CUST1514,Girindra Salvi,ahmedabad,Gujarat,PID430,Football,SPORTS,Football,75679.56,1.0,30.0,Net Banking,Returned,4.2
ORD12761,2024-04-16,CUST1689,Gagan Tripathi,Kolkata,West Bengal,PID247,Football,sports,Football,64072.81,2.0,0.0,,Delayed,3.9
ORD13989,2023-04-14,CUST1898,Rajeshri Peri,AHMEDABAD,Gujarat,PID526,Biography,books,Biography,10725.03,3.0,15.0,,Delivered,
ORD11881,2023-04-03,CUST1730,Yashasvi Nagar,DELHI,Delhi,PID279,Shampoo,BEAUTY,Shampoo,66429.38,5.0,20.0,,Returned,4.4
ORD14964,2023-10-12,CUST1158,Chanakya Lad,Ahmedabad,Gujarat,PID469,Comic,books,Comic,490.87,4.0,15.0,Cash on Delivery,,2.3
ORD10927,2024-08-04,CUST1712,Anvi Yogi, Surat ,Gujarat,PID511,Textbook,BOOKS,Textbook,44808.75,1.0,30.0,,Delivered,2.9
ORD10320,2023-10-27,CUST1214,Hemangini Sridhar, Delhi ,Delhi,PID456,Mixer Grinder,home & kitchen,Mixer Grinder,69200.8,1.0,5.0,Debit Card,Cancelled,1.5
ORD10879,2024-03-09,CUST1791,Deepa Brar,Delhi,Delhi,PID151,Laptop,Electronics,Laptop,55941.88,2.0,40.0,Credit Card,Cancelled,1.9
ORD13995,2024-05-11,CUST1558,Urvi Modi, Delhi ,Delhi,PID233,Smartwatch,ELECTRONICS,Smartwatch,39347.87,4.0,0.0,,Delivered,1.7
ORD13247,2023-08-05,CUST1749,Jyoti Madan,bangalore,Karnataka,PID149,Headphones,ELECTRONICS,Headphones,64328.43,1.0,5.0,Cash on Delivery,Cancelled,4.9
ORD13079,2024-09-08,CUST1387,Chanakya Shere,JAIPUR,Rajasthan,PID383,Dumbbells,Sports,Dumbbells,58151.25,5.0,20.0,,Cancelled,
ORD13762,2023-02-11,CUST1230,Mitesh Merchant,BANGALORE,Karnataka,PID151,Textbook,BOOKS,Textbook,49717.52,1.0,20.0,Net Banking,Cancelled,1.1
ORD14676,2023-05-31,CUST1913,Rachita Hegde, Lucknow ,Uttar Pradesh,PID223,Headphones,Electronics,Headphones,78565.17,1.0,20.0,UPI,Cancelled,4.4
ORD14235,2024-07-31,CUST1404,Janaki Sastry, Surat ,Gujarat,PID238,Air Fryer,Home & Kitchen,Air Fryer,83869.38,1.0,5.0,Net Banking,Returned,
ORD14260,2024-01-18,CUST1884,Upasna Modi,Pune,Maharashtra,PID359,Textbook,BOOKS,Textbook,-22137.81,5.0,10.0,,Delivered,2.2
ORD11619,2024-02-28,CUST1992,Vasana Wadhwa,INDORE,Madhya Pradesh,PID204,Yoga Mat,Sports,Yoga Mat,20449.82,3.0,30.0,Debit Card,Delivered,4.5
ORD13727,2024-01-04,CUST1071,Brinda Mammen,CHENNAI,Tamil Nadu,PID411,Water Bottle,HOME & KITCHEN,Water Bottle,381.78,2.0,5.0,,Delivered,3.3
ORD14919,2023-01-28,CUST1971,Gunbir Nagarajan, Chennai ,Tamil Nadu,PID374,Saree,FASHION,Saree,50716.7,5.0,10.0,Cash on Delivery,Delayed,
ORD11046,2024-09-29,CUST1679,Yadavi Raghavan, Delhi ,Delhi,PID375,Textbook,books,Textbook,24544.15,1.0,25.0,Debit Card,Cancelled,2.6
ORD11751,2024-08-10,CUST1953,Tamanna Dewan,Mumbai,Maharashtra,PID553,Shampoo,Beauty,Shampoo,67851.4,2.0,25.0,UPI,Delayed,3.4
ORD13879,2024-03-14,CUST1499,Ati Bains,Kolkata,West Bengal,PID206,Dumbbells,sports,Dumbbells,49604.6,3.0,40.0,Credit Card,Delivered,2.6
ORD13918,2023-09-27,CUST1558,Mitali Pau,JAIPUR,Rajasthan,PID564,Shampoo,Beauty,Shampoo,72959.72,4.0,10.0,Net Banking,Returned,1.0
ORD11044,2024-09-23,CUST1028,Bhavna Dhar,bangalore,Karnataka,PID503,Cricket Bat,SPORTS,Cricket Bat,32524.41,4.0,5.0,Credit Card,Returned,
ORD13011,2023-09-07,CUST1768,Wyatt Dyal,Pune,Maharashtra,PID171,Dumbbells,Sports,Dumbbells,0.0,0.0,25.0,UPI,Delivered,1.2
ORD13291,2023-06-12,CUST1524,Omya Venkatesh,AHMEDABAD,Gujarat,PID482,Dumbbells,SPORTS,Dumbbells,12864.74,2.0,20.0,Net Banking,Returned,1.8
ORD12065,2023-08-11,CUST1547,Xavier Kalita,Bangalore,Karnataka,PID357,Smartphone,Electronics,Smartphone,39795.04,2.0,40.0,Credit Card,Delivered,2.2
ORD12965,2023-05-20,CUST1029,Priya Rajagopal,chennai,Tamil Nadu,PID322,Water Bottle,home & kitchen,Water Bottle,48497.88,1.0,10.0,Debit Card,Delayed,4.4
ORD10642,2023-02-22,CUST1720,Zilmil Mukherjee,delhi,Delhi,PID283,Dumbbells,SPORTS,Dumbbells,51288.35,1.0,15.0,Debit Card,,2.3
ORD10138,2023-02-27,CUST1878,Samuel Agarwal,surat,Gujarat,PID598,Cricket Bat,sports,Cricket Bat,89251.97,4.0,40.0,Cash on Delivery,Returned,3.8
ORD10881,2024-08-10,CUST1655,Unni Goda,BANGALORE,Karnataka,PID410,Smartwatch,Electronics,Smartwatch,15155.06,2.0,25.0,,Delivered,2.8
ORD11977,2024-10-01,CUST1601,Samesh Deol,surat,Gujarat,PID210,Textbook,books,Textbook,70760.87,1.0,25.0,Debit Card,Delivered,2.1
ORD11582,2023-03-13,CUST1888,Kritika Gulati,lucknow,Uttar Pradesh,PID315,Cookware Set,HOME & KITCHEN,Cookware Set,56945.76,3.0,20.0,Net Banking,Delivered,3.8
ORD11098,2023-01-12,CUST1292,Aayush Mand, Pune ,Maharashtra,PID154,Shampoo,Beauty,Shampoo,68324.84,1.0,25.0,Debit Card,Delivered,1.9
ORD14741,2023-11-26,CUST1917,Gayathri Chander, Bangalore ,Karnataka,PID147,Bedsheet,home & kitchen,Bedsheet,59677.65,4.0,0.0,UPI,Delayed,2.2
ORD11393,2023-01-04,CUST1859,Jhalak Hayer,Jaipur,Rajasthan,PID378,Football,Sports,Football,38640.06,4.0,15.0,Credit Card,Delayed,4.4
ORD12084,28/02/2023,CUST1863,Indali Dey,CHENNAI,Tamil Nadu,PID179,Air Fryer,home & kitchen,Air Fryer,8856.23,3.0,40.0,Cash on Delivery,Delivered,2.1
ORD11267,2024-06-19,CUST1232,George Garg,Ahmedabad,Gujarat,PID339,Perfume,beauty,Perfume,30492.09,4.0,40.0,Net Banking,,2.9
ORD14232,2023-04-15,CUST1406,Kamya Sampath,INDORE,Madhya Pradesh,PID571,Dumbbells,Sports,Dumbbells,5120.37,3.0,10.0,Net Banking,Cancelled,5.0
ORD12575,2023-01-19,CUST1869,Tristan Rama, Jaipur ,Rajasthan,PID388,Face Wash,BEAUTY,Face Wash,41587.55,2.0,15.0,Debit Card,Returned,4.0
ORD12136,2023-06-12,CUST1042,Dhruv Jha,Indore,Madhya Pradesh,PID424,Football,sports,Football,66747.35,2.0,40.0,Debit Card,Returned,1.5
ORD11504,2023-03-19,CUST1527,Warhi Arya,Hyderabad,Telangana,PID430,Smartphone,ELECTRONICS,Smartphone,5670.01,4.0,25.0,,Returned,4.3
ORD13368,2023-05-15,CUST1520,Bhavna Handa, Lucknow ,Uttar Pradesh,PID550,Shampoo,Beauty,Shampoo,0.0,2.0,10.0,,Cancelled,4.1
ORD13730,2024-05-20,CUST1042,Shaurya Jain,hyderabad,Telangana,PID542,Smartphone,ELECTRONICS,Smartphone,80791.13,2.0,5.0,Credit Card,Cancelled,1.1
ORD10149,2024-07-30,CUST1010,Alka Sharaf, Lucknow ,Uttar Pradesh,PID150,Water Bottle,Home & Kitchen,Water Bottle,57490.51,3.0,0.0,Debit Card,,3.7
ORD10304,2024-12-12,CUST1174,Yatan Tailor,Ahmedabad,Gujarat,PID130,Headphones,ELECTRONICS,Headphones,66640.17,3.0,10.0,,Cancelled,1.1
ORD11925,2023-01-07,CUST1261,Tara Deo,Mumbai,Maharashtra,PID482,Bedsheet,HOME & KITCHEN,Bedsheet,31038.63,1.0,30.0,UPI,Returned,2.6
ORD14840,2024-04-06,CUST1522,Falan Dugar,chennai,Tamil Nadu,PID411,T-Shirt,FASHION,T-Shirt,14610.02,5.0,5.0,Net Banking,Delivered,4.6
ORD12638,2023-01-11,CUST1132,Harita Barad,Hyderabad,Telangana,PID244,Smartphone,electronics,Smartphone,49298.66,1.0,30.0,Debit Card,Delivered,4.9
ORD11905,2023-07-28,CUST1813,Rachit Kota, Mumbai ,Maharashtra,PID336,T-Shirt,fashion,T-Shirt,13593.09,2.0,40.0,Credit Card,Delivered,2.5
ORD14731,2023-10-02,CUST1741,Gayathri Gour,indore,Madhya Pradesh,PID484,Cookware Set,HOME & KITCHEN,Cookware Set,82118.91,3.0,0.0,Debit Card,Returned,2.7
ORD14295,2024-06-22,CUST1372,Lavanya Solanki,MUMBAI,Maharashtra,PID289,Football,SPORTS,Football,34248.86,1.0,25.0,Debit Card,Delivered,2.6
ORD13843,2024-12-24,CUST1627,Neha Dugar, Jaipur ,Rajasthan,PID497,Comic,BOOKS,Comic,10485.0,3.0,10.0,UPI,Delivered,1.3
ORD14807,2024-04-21,CUST1371,Kritika Sule,Kolkata,West Bengal,PID403,Tablet,Electronics,Tablet,12982.23,5.0,5.0,Credit Card,,4.3
ORD11769,2023-01-17,CUST1422,Tanvi Sahota,KOLKATA,West Bengal,PID191,Yoga Mat,Sports,Yoga Mat,47828.6,3.0,10.0,Credit Card,Delayed,2.1
ORD12876,2023-11-05,CUST1385,Adya Kalla,delhi,Delhi,PID479,Sneakers,fashion,Sneakers,29078.67,0.0,30.0,Debit Card,Delivered,2.6
ORD12241,2024-12-15,CUST1968,Ridhi Karnik,SURAT,Gujarat,PID206,Perfume,Beauty,Perfume,30693.29,1.0,5.0,Cash on Delivery,Cancelled,2.4
ORD13744,2023-11-14,CUST1181,Jonathan Din,Hyderabad,Telangana,PID595,Sneakers,fashion,Sneakers,28022.83,1.0,20.0,Cash on Delivery,,4.1
ORD10484,2024-10-22,CUST1948,Ojas Arya,Chennai,Tamil Nadu,PID216,Shampoo,BEAUTY,Shampoo,72434.73,2.0,20.0,Net Banking,Cancelled,4.6
ORD11281,2023-12-13,CUST1618,Jairaj Bala,SURAT,Gujarat,PID164,Smartwatch,ELECTRONICS,Smartwatch,80329.26,1.0,15.0,Cash on Delivery,Delayed,3.2
ORD13681,2023-01-29,CUST1557,Ekapad Kadakia,bangalore,Karnataka,PID341,Smartphone,ELECTRONICS,Smartphone,22680.21,2.0,30.0,Debit Card,Returned,2.6
ORD10792,2023-03-26,CUST1509,Raagini Majumdar, Bangalore ,Karnataka,PID502,Bedsheet,HOME & KITCHEN,Bedsheet,40394.23,4.0,30.0,Cash on Delivery,Cancelled,3.0
ORD11202,2024-05-15,CUST1315,Pahal Virk,Surat,Gujarat,PID406,Cookware Set,HOME & KITCHEN,Cookware Set,75776.58,1.0,25.0,Debit Card,Delivered,
ORD13913,2023-06-11,CUST1706,Anirudh Venkatesh,Delhi,Delhi,PID340,Kurta,Fashion,Kurta,82898.84,1.0,0.0,UPI,Delivered,2.2
ORD12363,2023-06-17,CUST1386,Nihal Bandi,HYDERABAD,Telangana,PID108,Cricket Bat,SPORTS,Cricket Bat,42670.44,4.0,30.0,Cash on Delivery,Delayed,2.1
ORD13070,2024-12-01,CUST1952,Veda Oza,indore,Madhya Pradesh,PID133,Headphones,Electronics,Headphones,20517.18,2.0,15.0,Net Banking,,3.2
ORD13430,2023-09-26,CUST1590,Vritti Gara,SURAT,Gujarat,PID287,Bedsheet,HOME & KITCHEN,Bedsheet,-60026.03,5.0,5.0,Credit Card,Delivered,3.4
ORD12722,2023-04-12,CUST1689,Fariq Gaba,Hyderabad,Telangana,PID497,Cookware Set,HOME & KITCHEN,Cookware Set,9843.36,3.0,20.0,UPI,Returned,4.1
ORD14907,2023-02-01,CUST1230,Wahab Mahal, Lucknow ,Uttar Pradesh,PID512,Yoga Mat,Sports,Yoga Mat,61321.3,2.0,15.0,UPI,,2.4
ORD12592,2023-06-11,CUST1019,Nikita Bir,KOLKATA,West Bengal,PID368,Water Bottle,HOME & KITCHEN,Water Bottle,67402.53,4.0,30.0,Cash on Delivery,Returned,2.4
ORD12711,2024-09-27,CUST1059,Osha Srinivasan,INDORE,Madhya Pradesh,PID433,Comic,Books,Comic,58236.37,1.0,5.0,,Delivered,2.5
ORD11530,2024-02-23,CUST1089,Elijah Kulkarni,kolkata,West Bengal,PID473,Biography,Books,Biography,35921.84,5.0,15.0,,Returned,2.7
ORD12810,2024-12-25,CUST1684,Udyati Ram,SURAT,Gujarat,PID399,Saree,Fashion,Saree,27309.32,3.0,5.0,Cash on Delivery,Delivered,2.3
ORD10686,2024-07-31,CUST1619,Arunima Vaidya,mumbai,Maharashtra,PID228,Shampoo,beauty,Shampoo,26813.08,3.0,25.0,Credit Card,,1.6
ORD11552,2024-08-26,CUST1020,Hemal Natarajan, Mumbai ,Maharashtra,PID504,Sneakers,Fashion,Sneakers,46305.54,4.0,0.0,UPI,Cancelled,1.2
ORD14256,2023-07-04,CUST1445,Ria Comar,KOLKATA,West Bengal,PID147,Jeans,fashion,Jeans,36601.45,1.0,40.0,,Delivered,2.7
ORD13872,2024-01-14,CUST1631,Wakeeta Ratti, Indore ,Madhya Pradesh,PID165,Jeans,FASHION,Jeans,29057.54,3.0,15.0,UPI,Delivered,1.4
ORD10561,2024-10-31,CUST1332,Reva Narula, Surat ,Gujarat,PID237,Tablet,Electronics,Tablet,88091.8,1.0,30.0,Credit Card,,3.5
ORD12251,2024-09-07,CUST1845,Samaksh Joshi,surat,Gujarat,PID192,Kurta,Fashion,Kurta,6238.59,1.0,25.0,Credit Card,Returned,4.0
ORD14750,2023-04-03,CUST1753,Gaurang Parikh,AHMEDABAD,Gujarat,PID571,Smartwatch,electronics,Smartwatch,87339.11,5.0,10.0,Cash on Delivery,Cancelled,3.5
ORD13501,2023-12-19,CUST1490,Jeremiah Taneja,Delhi,Delhi,PID311,Smartphone,Electronics,Smartphone,62012.74,1.0,10.0,Cash on Delivery,Delivered,3.5
ORD12690,2024-11-26,CUST1203,Jason Jaggi, Jaipur ,Rajasthan,PID106,Tablet,electronics,Tablet,45835.41,5.0,0.0,Net Banking,Delivered,2.4
ORD14209,2023-06-29,CUST1923,Utkarsh Madan,hyderabad,Telangana,PID286,Mixer Grinder,Home & Kitchen,Mixer Grinder,81351.88,3.0,0.0,,Delivered,1.6
ORD14940,24/07/2024,CUST1430,Waida Virk,Delhi,Delhi,PID172,Biography,books,Biography,66876.19,2.0,20.0,Debit Card,Returned,4.0
ORD13380,2023-08-20,CUST1252,Naksh Thaker,Lucknow,Uttar Pradesh,PID373,Comic,Books,Comic,46765.05,3.0,15.0,Cash on Delivery,,5.0
ORD13194,2024-03-24,CUST1525,Finn Barman,DELHI,Delhi,PID581,Novel,BOOKS,Novel,39583.45,5.0,15.0,Net Banking,Cancelled,3.8
ORD11447,2023-09-10,CUST1579,Falan Wason,CHENNAI,Tamil Nadu,PID340,Textbook,BOOKS,Textbook,24540.09,5.0,30.0,Cash on Delivery,Returned,1.1
ORD11953,2024-08-09,CUST1213,Naksh Naik,DELHI,Delhi,PID490,Novel,Books,Novel,62083.37,3.0,25.0,Cash on Delivery,Cancelled,1.7
ORD10923,2024-03-23,CUST1469,Fitan Vora,Ahmedabad,Gujarat,PID368,Yoga Mat,sports,Yoga Mat,35120.61,2.0,20.0,UPI,,1.0
ORD11625,2023-11-11,CUST1631,Urmi Chauhan,Chennai,Tamil Nadu,PID554,Football,Sports,Football,17740.58,2.0,0.0,,Returned,2.8
ORD10311,2024-12-30,CUST1231,Harinakshi Warrior,AHMEDABAD,Gujarat,PID116,Saree,Fashion,Saree,20897.48,4.0,40.0,Cash on Delivery,Delivered,1.7
ORD11320,2023-11-09,CUST1517,Victor Dyal,MUMBAI,Maharashtra,PID589,Novel,BOOKS,Novel,52402.36,3.0,0.0,UPI,Delivered,3.6
ORD13532,2023-08-11,CUST1288,Yutika Amble,mumbai,Maharashtra,PID344,Bluetooth Speaker,ELECTRONICS,Bluetooth Speaker,54757.13,1.0,30.0,Debit Card,Returned,1.3
ORD11664,2023-06-18,CUST1491,Bhavya Khurana,AHMEDABAD,Gujarat,PID464,Mixer Grinder,HOME & KITCHEN,Mixer Grinder,55146.44,5.0,20.0,Cash on Delivery,Delayed,2.2
ORD10816,2023-05-12,CUST1820,Manthan Bhat,SURAT,Gujarat,PID221,Smartwatch,electronics,Smartwatch,7768.86,5.0,0.0,Debit Card,Delivered,
ORD14603,2024-02-25,CUST1934,Xiti Dara,jaipur,Rajasthan,PID416,Laptop,electronics,Laptop,0.0,5.0,0.0,Credit Card,Delivered,4.6
ORD12267,2023-02-22,CUST1486,Kala Sood,JAIPUR,Rajasthan,PID197,Mixer Grinder,HOME & KITCHEN,Mixer Grinder,55220.52,2.0,0.0,Credit Card,Delivered,2.4
ORD11474,2024-03-05,CUST1532,Neel Sahni,indore,Madhya Pradesh,PID411,Comic,Books,Comic,69168.8,5.0,0.0,,Delivered,2.7
ORD11774,2023-08-24,CUST1188,Ucchal Deep,mumbai,Maharashtra,PID101,T-Shirt,Fashion,T-Shirt,79934.65,2.0,40.0,Debit Card,Cancelled,4.9
ORD14689,2023-03-30,CUST1455,Jairaj Mukhopadhyay,jaipur,Rajasthan,PID444,Dumbbells,sports,Dumbbells,2534.28,5.0,0.0,,Cancelled,3.5
ORD11094,2024-03-14,CUST1307,Mohammed Char,Indore,Madhya Pradesh,PID420,Laptop,electronics,Laptop,80769.03,2.0,15.0,Debit Card,Delivered,3.4
ORD14177,20/05/2023,CUST1196,Falguni Dhar, Surat ,Gujarat,PID228,Textbook,books,Textbook,32399.96,4.0,30.0,Net Banking,Cancelled,4.0
ORD11951,2024-06-17,CUST1673,Zashil Sehgal,Ahmedabad,Gujarat,PID258,Comic,books,Comic,8640.89,3.0,25.0,Net Banking,Delivered,2.1
ORD13885,2023-09-21,CUST1645,Laksh Baral,Hyderabad,Telangana,PID450,Lipstick,BEAUTY,Lipstick,40017.98,4.0,0.0,,Returned,4.1
ORD14587,2024-10-29,CUST1069,Panini Gokhale,CHENNAI,Tamil Nadu,PID341,Football,SPORTS,Football,5257.6,2.0,10.0,,Returned,4.1
ORD14749,2023-01-26,CUST1243,Kevin Mohan, Kolkata ,West Bengal,PID307,Water Bottle,home & kitchen,Water Bottle,30782.53,5.0,0.0,,Cancelled,3.0
ORD12801,2023-09-25,CUST1650,Ijaya Sahota,HYDERABAD,Telangana,PID484,Air Fryer,home & kitchen,Air Fryer,28149.9,3.0,10.0,UPI,Returned,
ORD11240,2023-09-19,CUST1219,Peter Seth, Pune ,Maharashtra,PID337,Laptop,Electronics,Laptop,48713.26,3.0,30.0,Net Banking,Returned,2.7
ORD10330,2024-09-19,CUST1392,Robert Naik,Hyderabad,Telangana,PID127,Comic,Books,Comic,12868.88,2.0,20.0,UPI,Delayed,
ORD13103,2023-06-03,CUST1269,Arya Kadakia, Chennai ,Tamil Nadu,PID413,Tablet,ELECTRONICS,Tablet,4403.03,2.0,5.0,Net Banking,Delivered,1.2
ORD10243,2023-11-02,CUST1566,Yadavi Dora,ahmedabad,Gujarat,PID547,Saree,Fashion,Saree,12403.87,5.0,10.0,,Returned,4.7
ORD14758,2023-02-14,CUST1226,Viraj Varma,pune,Maharashtra,PID145,Lipstick,BEAUTY,Lipstick,17473.61,1.0,5.0,Net Banking,Delivered,2.1
ORD12258,2023-04-08,CUST1454,Qadim Saha,AHMEDABAD,Gujarat,PID468,Face Wash,BEAUTY,Face Wash,83120.06,4.0,25.0,Debit Card,,2.2
ORD12819,2024-05-23,CUST1024,Vidhi Bahri,LUCKNOW,Uttar Pradesh,PID334,Textbook,BOOKS,Textbook,89261.79,1.0,15.0,,Delivered,1.4
ORD13825,2024-10-26,CUST1591,Zayan Chauhan,Indore,Madhya Pradesh,PID269,Lipstick,BEAUTY,Lipstick,65169.03,3.0,20.0,,Delivered,3.9
ORD10754,2023-03-08,CUST1016,Hemang Kale, Mumbai ,Maharashtra,PID587,Face Wash,BEAUTY,Face Wash,34295.62,1.0,20.0,,Delivered,4.4
ORD11564,2024-12-02,CUST1425,Tarak Karan, Jaipur ,Rajasthan,PID530,Laptop,Electronics,Laptop,59229.42,2.0,15.0,Net Banking,Delivered,4.5
ORD11935,2023-08-20,CUST1882,Hemani Goel,Mumbai,Maharashtra,PID115,Cricket Bat,SPORTS,Cricket Bat,54467.16,5.0,20.0,,Returned,4.2
ORD14868,2024-08-02,CUST1614,Unni Pandit, Ahmedabad ,Gujarat,PID147,Cookware Set,HOME & KITCHEN,Cookware Set,24338.32,1.0,5.0,Cash on Delivery,Delivered,4.5
ORD13494,2024-08-15,CUST1692,Xavier Narang,delhi,Delhi,PID367,Bluetooth Speaker,electronics,Bluetooth Speaker,1200.05,3.0,10.0,Net Banking,Delayed,
ORD13023,2024-01-29,CUST1567,Devika Rau,ahmedabad,Gujarat,PID383,Cricket Bat,Sports,Cricket Bat,80317.04,1.0,15.0,Net Banking,Delivered,4.0
ORD12649,22/02/2024,CUST1067,Yashvi Chowdhury,indore,Madhya Pradesh,PID461,Biography,books,Biography,6459.63,2.0,40.0,Net Banking,Returned,2.7
ORD11857,2023-06-16,CUST1388,Vasatika Ramanathan,Jaipur,Rajasthan,PID446,Yoga Mat,sports,Yoga Mat,7659.93,5.0,0.0,Net Banking,Returned,
ORD13564,2024-08-27,CUST1329,Tanmayi Sarin,jaipur,Rajasthan,PID503,Mixer Grinder,home & kitchen,Mixer Grinder,85236.07,5.0,0.0,Cash on Delivery,Delivered,1.3
ORD11965,2023-11-19,CUST1286,Utkarsh Ray, Kolkata ,West Bengal,PID383,Cookware Set,HOME & KITCHEN,Cookware Set,0.0,3.0,30.0,UPI,Delivered,3.6
ORD11014,2024-02-24,CUST1115,Yachana Sehgal,Pune,Maharashtra,PID295,Laptop,Electronics,Laptop,4500.22,2.0,40.0,Net Banking,,
ORD11428,2024-04-30,CUST1123,Pratyush Comar,pune,Maharashtra,PID240,Dumbbells,SPORTS,Dumbbells,49902.35,5.0,5.0,,Delivered,3.5
ORD13323,2024-01-13,CUST1043,Dalbir Manda,PUNE,Maharashtra,PID445,Face Wash,BEAUTY,Face Wash,82907.87,1.0,20.0,Credit Card,Delayed,4.2
ORD11296,2023-08-20,CUST1198,Chasmum Bahri,DELHI,Delhi,PID486,Mixer Grinder,home & kitchen,Mixer Grinder,55694.53,3.0,0.0,Net Banking,Delivered,3.3
ORD10467,2023-07-16,CUST1573,Zehaan Bhargava,bangalore,Karnataka,PID552,Cricket Bat,sports,Cricket Bat,23477.26,5.0,20.0,,Cancelled,1.1
ORD14029,2023-10-06,CUST1553,Xiti Pandya,Pune,Maharashtra,PID507,Face Wash,BEAUTY,Face Wash,57386.34,2.0,10.0,Net Banking,Delivered,1.5
ORD10175,2023-10-05,CUST1823,Lopa Varty,INDORE,Madhya Pradesh,PID364,Tablet,Electronics,Tablet,66698.82,4.0,25.0,,Delivered,3.3
ORD10278,2024-05-02,CUST1552,Gagan Borah,BANGALORE,Karnataka,PID190,Lipstick,beauty,Lipstick,47477.8,3.0,25.0,Net Banking,Delayed,4.5
ORD11070,2024-04-13,CUST1975,Patrick Murthy,chennai,Tamil Nadu,PID480,Sunscreen,BEAUTY,Sunscreen,74910.37,2.0,0.0,Debit Card,,2.6
ORD11549,2023-03-24,CUST1237,Chavvi Uppal,Kolkata,West Bengal,PID265,Comic,books,Comic,20226.48,3.0,25.0,Net Banking,,4.0
ORD11025,2023-10-22,CUST1116,Neelima Mander, Pune ,Maharashtra,PID460,Novel,Books,Novel,40848.74,2.0,0.0,Debit Card,Delivered,3.1
ORD12835,2024-10-15,CUST1549,Anmol Kanda,pune,Maharashtra,PID289,Sunscreen,BEAUTY,Sunscreen,39680.43,4.0,5.0,Net Banking,Delivered,3.7
ORD11467,2023-05-24,CUST1548,Idika Raju,mumbai,Maharashtra,PID242,Textbook,Books,Textbook,42533.36,1.0,10.0,Net Banking,Delivered,3.2
ORD11714,2024-02-17,CUST1038,Shivani Bava,Bangalore,Karnataka,PID460,Novel,books,Novel,15079.84,3.0,15.0,Net Banking,Cancelled,1.2
ORD13425,2023-06-21,CUST1839,Ikshita Tank,Delhi,Delhi,PID442,Sneakers,Fashion,Sneakers,86311.98,4.0,30.0,Credit Card,Cancelled,3.4
ORD12612,2024-02-29,CUST1284,Krisha Sule,hyderabad,Telangana,PID202,Textbook,BOOKS,Textbook,87795.44,2.0,30.0,Cash on Delivery,Delivered,
ORD10389,2023-08-16,CUST1080,Samar Ramaswamy,LUCKNOW,Uttar Pradesh,PID317,Sneakers,Fashion,Sneakers,47152.43,3.0,5.0,Debit Card,Delivered,3.8
ORD12071,2024-07-21,CUST1885,Brinda Vora, Delhi ,Delhi,PID132,Shampoo,BEAUTY,Shampoo,64012.94,5.0,40.0,Cash on Delivery,Returned,4.3
ORD13971,2023-06-07,CUST1912,William Sahni, Lucknow ,Uttar Pradesh,PID434,Biography,BOOKS,Biography,83389.36,5.0,5.0,UPI,Returned,3.0
ORD13496,2023-11-11,CUST1273,Mahika Bhandari,mumbai,Maharashtra,PID406,Textbook,Books,Textbook,8295.04,0.0,15.0,Credit Card,Delayed,2.1
ORD12822,2024-10-18,CUST1247,Abhimanyu Biswas,delhi,Delhi,PID313,Headphones,electronics,Headphones,74813.11,3.0,5.0,,Delivered,4.5
ORD11425,2024-11-11,CUST1984,Hemal Parikh,HYDERABAD,Telangana,PID536,Shampoo,BEAUTY,Shampoo,2470.87,2.0,20.0,UPI,,2.0
ORD13543,2023-04-27,CUST1067,Yashawini Wali,Mumbai,Maharashtra,PID335,Face Wash,Beauty,Face Wash,71168.01,0.0,20.0,Net Banking,Cancelled,4.8
ORD14978,2024-12-19,CUST1581,Yoshita Balay, Ahmedabad ,Gujarat,PID408,Sneakers,fashion,Sneakers,15461.98,5.0,20.0,Net Banking,Delayed,2.3
ORD13575,2023-04-01,CUST1662,Lohit Bajwa,delhi,Delhi,PID571,Headphones,ELECTRONICS,Headphones,38105.94,1.0,5.0,Debit Card,Returned,4.1
ORD10051,2024-01-28,CUST1791,Ishita Cherian,Jaipur,Rajasthan,PID504,Perfume,BEAUTY,Perfume,63531.23,4.0,10.0,Credit Card,,3.4
ORD11888,2024-04-02,CUST1721,Faris Dhawan, Delhi ,Delhi,PID491,Yoga Mat,sports,Yoga Mat,-69202.96,0.0,0.0,UPI,Cancelled,2.0
ORD13696,2024-03-19,CUST1547,Lopa Choudhary, Hyderabad ,Telangana,PID268,Air Fryer,home & kitchen,Air Fryer,62513.54,4.0,25.0,Cash on Delivery,Delayed,3.7
ORD14230,2024-01-29,CUST1142,Umang Gala,surat,Gujarat,PID311,Novel,BOOKS,Novel,78948.0,1.0,0.0,Cash on Delivery,,1.3
ORD10483,2023-10-30,CUST1461,Gunbir Kari,pune,Maharashtra,PID339,Air Fryer,HOME & KITCHEN,Air Fryer,51487.63,5.0,5.0,Cash on Delivery,Cancelled,2.4
ORD13394,2023-04-07,CUST1095,Gaurav Mangat,LUCKNOW,Uttar Pradesh,PID490,Mixer Grinder,home & kitchen,Mixer Grinder,34381.53,5.0,40.0,Credit Card,Cancelled,2.2
ORD12252,2023-09-10,CUST1647,Hardik Chhabra, Kolkata ,West Bengal,PID298,Water Bottle,Home & Kitchen,Water Bottle,55987.07,2.0,10.0,Cash on Delivery,Delayed,3.8
ORD14163,2023-01-22,CUST1020,Yuvraj Balan,HYDERABAD,Telangana,PID358,Face Wash,Beauty,Face Wash,53352.18,4.0,40.0,,Delayed,2.8
ORD12314,2024-11-16,CUST1426,Imaran Devi,KOLKATA,West Bengal,PID490,Laptop,ELECTRONICS,Laptop,72264.99,3.0,0.0,Credit Card,Delivered,5.0
ORD12850,2024-11-01,CUST1968,Aashi Sharma, Indore ,Madhya Pradesh,PID159,Cookware Set,Home & Kitchen,Cookware Set,37559.33,5.0,15.0,UPI,Delivered,3.4
ORD13104,2023-12-28,CUST1975,Oeshi Natarajan,Jaipur,Rajasthan,PID290,Novel,books,Novel,87598.84,2.0,30.0,Credit Card,Delayed,2.8
ORD14128,2024-11-08,CUST1500,Logan Dave,MUMBAI,Maharashtra,PID252,Novel,Books,Novel,21231.83,3.0,0.0,Debit Card,Delivered,2.0
ORD13868,2024-04-14,CUST1806,Dipta Naik,bangalore,Karnataka,PID569,Cricket Bat,SPORTS,Cricket Bat,27114.74,1.0,10.0,Debit Card,Returned,1.9
ORD12466,2023-11-03,CUST1676,Tripti Handa,Lucknow,Uttar Pradesh,PID258,Yoga Mat,sports,Yoga Mat,41261.63,1.0,20.0,Debit Card,Delivered,4.6
ORD12930,2024-02-03,CUST1316,Lucky Modi,hyderabad,Telangana,PID111,Novel,Books,Novel,14426.14,1.0,40.0,Debit Card,Delayed,4.6
ORD14107,2023-08-14,CUST1342,Laban Saxena,chennai,Tamil Nadu,PID208,Saree,fashion,Saree,80412.81,5.0,0.0,Debit Card,Delivered,2.9
ORD10065,2024-10-19,CUST1210,Meera Gupta,PUNE,Maharashtra,PID135,Mixer Grinder,home & kitchen,Mixer Grinder,24937.95,4.0,15.0,Debit Card,Delivered,
ORD14811,2024-10-06,CUST1157,Yamini Din, Surat ,Gujarat,PID376,Smartwatch,electronics,Smartwatch,2262.05,4.0,5.0,Net Banking,Cancelled,4.1
ORD10777,2024-02-12,CUST1149,Meera Lall, Lucknow ,Uttar Pradesh,PID466,Laptop,ELECTRONICS,Laptop,28050.9,3.0,10.0,,Cancelled,1.3
ORD14174,2024-04-21,CUST1077,Siddharth Walla,mumbai,Maharashtra,PID202,Jeans,Fashion,Jeans,27397.15,2.0,20.0,Debit Card,Cancelled,1.0
ORD12735,2024-03-06,CUST1672,Orinder Joshi,Jaipur,Rajasthan,PID194,Comic,BOOKS,Comic,66520.09,1.0,10.0,Cash on Delivery,Delivered,4.6
ORD12581,2024-05-21,CUST1702,Robert Loke,Surat,Gujarat,PID182,Headphones,electronics,Headphones,72516.09,2.0,10.0,,Returned,4.5
ORD13484,2024-06-23,CUST1627,Gautam Rai,pune,Maharashtra,PID207,Smartwatch,Electronics,Smartwatch,45350.15,4.0,40.0,Net Banking,Delayed,1.9
ORD14955,2023-03-25,CUST1421,Neel Dhingra, Indore ,Madhya Pradesh,PID504,Smartwatch,ELECTRONICS,Smartwatch,6060.97,2.0,25.0,UPI,Cancelled,2.4
ORD12345,2024-05-03,CUST1962,Peter Golla, Mumbai ,Maharashtra,PID438,Cricket Bat,Sports,Cricket Bat,27065.15,1.0,40.0,Net Banking,Delivered,4.6
ORD12816,2023-07-18,CUST1122,Yuvraj Iyengar,Surat,Gujarat,PID231,Bluetooth Speaker,electronics,Bluetooth Speaker,27153.81,2.0,30.0,Cash on Delivery,Delayed,4.6
ORD14777,2023-08-14,CUST1188,Wishi Mishra,Jaipur,Rajasthan,PID443,Smartphone,electronics,Smartphone,72085.0,1.0,10.0,Net Banking,Delivered,3.4
ORD14027,2023-05-14,CUST1078,Alka Hari,hyderabad,Telangana,PID101,Comic,Books,Comic,22118.05,3.0,5.0,Net Banking,Delayed,3.7
ORD10725,2023-07-31,CUST1512,Aarav Nanda,KOLKATA,West Bengal,PID428,Jeans,FASHION,Jeans,84352.11,3.0,0.0,Cash on Delivery,Delivered,2.8
ORD14918,2024-10-04,CUST1379,Matthew Nagarajan, Lucknow ,Uttar Pradesh,PID320,Bluetooth Speaker,electronics,Bluetooth Speaker,21941.8,0.0,40.0,Credit Card,Delivered,1.7
ORD14639,2023-10-02,CUST1739,Yachana Vig,MUMBAI,Maharashtra,PID546,Sunscreen,BEAUTY,Sunscreen,57306.03,2.0,0.0,Credit Card,Delivered,1.2
ORD13186,2024-09-22,CUST1046,Oliver Halder, Surat ,Gujarat,PID278,Sunscreen,beauty,Sunscreen,49994.35,4.0,5.0,Cash on Delivery,Returned,4.8
ORD14948,2024-06-16,CUST1198,Diya Deep,Jaipur,Rajasthan,PID599,Jeans,Fashion,Jeans,30680.46,4.0,10.0,Net Banking,,2.9
ORD11736,2023-11-18,CUST1199,Girik Kothari, Hyderabad ,Telangana,PID283,Saree,fashion,Saree,55718.75,3.0,30.0,Net Banking,Cancelled,2.7
ORD13125,2023-04-12,CUST1498,Udant Srinivas,SURAT,Gujarat,PID539,Air Fryer,home & kitchen,Air Fryer,9326.61,1.0,25.0,Debit Card,Cancelled,4.4
ORD10274,2023-12-30,CUST1293,Yauvani Bhagat, Surat ,Gujarat,PID337,Headphones,electronics,Headphones,86686.02,5.0,20.0,Cash on Delivery,Delivered,3.0
ORD12945,17/03/2023,CUST1317,Arya Sridhar,ahmedabad,Gujarat,PID255,Yoga Mat,sports,Yoga Mat,86661.69,3.0,0.0,,Returned,4.7
ORD14846,2024-10-21,CUST1099,Champak Savant,delhi,Delhi,PID202,Mixer Grinder,HOME & KITCHEN,Mixer Grinder,63985.47,1.0,40.0,Net Banking,,
ORD14633,2024-10-10,CUST1901,Sachi Anand, Hyderabad ,Telangana,PID304,Sneakers,FASHION,Sneakers,11984.73,5.0,10.0,UPI,Delivered,4.0
ORD11453,07/08/2024,CUST1599,Yashica Chatterjee,chennai,Tamil Nadu,PID117,Jeans,fashion,Jeans,19977.53,4.0,25.0,Net Banking,Cancelled,2.6
ORD12716,2023-04-17,CUST1271,Rehaan Grewal,hyderabad,Telangana,PID369,Jacket,FASHION,Jacket,47095.89,2.0,25.0,UPI,Cancelled,1.7
ORD14246,2024-04-22,CUST1907,Harrison Kurian,chennai,Tamil Nadu,PID571,Novel,books,Novel,35476.78,4.0,0.0,UPI,Delayed,3.0
ORD12693,2024-08-22,CUST1408,Vaishnavi Sathe,Surat,Gujarat,PID522,Novel,books,Novel,12024.36,2.0,30.0,Credit Card,Cancelled,4.5
ORD12768,2024-04-14,CUST1657,Vritti Lala,PUNE,Maharashtra,PID338,Football,Sports,Football,66212.46,5.0,40.0,Debit Card,Delivered,2.5
ORD10219,2024-11-18,CUST1076,Hemani Deep,Jaipur,Rajasthan,PID470,T-Shirt,fashion,T-Shirt,44747.47,3.0,0.0,Cash on Delivery,Delivered,1.4
ORD10240,2024-07-04,CUST1702,Nitesh Bains,Surat,Gujarat,PID178,Novel,books,Novel,6032.64,4.0,15.0,Cash on Delivery,Returned,4.5
ORD11132,2024-11-13,CUST1489,Arya Kota,jaipur,Rajasthan,PID202,Textbook,BOOKS,Textbook,61047.72,1.0,40.0,Debit Card,Cancelled,3.5
ORD14817,2023-02-19,CUST1274,Advik Nagy,Hyderabad,Telangana,PID538,Football,SPORTS,Football,71330.46,1.0,5.0,Cash on Delivery,Cancelled,1.3
ORD13265,2024-03-12,CUST1933,Yashvi Dutta,AHMEDABAD,Gujarat,PID303,Bedsheet,Home & Kitchen,Bedsheet,58112.27,3.0,20.0,,Returned,4.6
ORD12240,2024-04-14,CUST1548,Krish Ramaswamy,LUCKNOW,Uttar Pradesh,PID532,Comic,books,Comic,70115.84,3.0,25.0,Cash on Delivery,Delivered,4.2
ORD11384,2023-02-05,CUST1745,Yashica Grover,mumbai,Maharashtra,PID521,Air Fryer,Home & Kitchen,Air Fryer,83307.35,3.0,30.0,Debit Card,Delivered,2.3
ORD13075,2024-03-10,CUST1855,Abhimanyu Mammen, Delhi ,Delhi,PID494,Perfume,Beauty,Perfume,54988.1,3.0,0.0,Cash on Delivery,,3.8
ORD11358,2023-11-16,CUST1083,Mitali Boase,MUMBAI,Maharashtra,PID511,Shampoo,Beauty,Shampoo,-4694.47,1.0,25.0,Credit Card,Cancelled,
ORD12631,2024-10-01,CUST1171,Imaran Korpal, Indore ,Madhya Pradesh,PID593,Football,Sports,Football,72118.52,3.0,40.0,Credit Card,Delivered,2.5
ORD12833,2023-03-19,CUST1173,Rehaan Dave,Ahmedabad,Gujarat,PID259,Face Wash,BEAUTY,Face Wash,66823.43,3.0,15.0,Cash on Delivery,,4.4
ORD10625,2024-08-30,CUST1257,Niharika Swamy,Hyderabad,Telangana,PID170,Textbook,Books,Textbook,43891.21,4.0,20.0,Debit Card,Returned,
ORD10840,14/11/2023,CUST1335,Viraj Menon, Chennai ,Tamil Nadu,PID334,Comic,books,Comic,41820.61,3.0,0.0,Credit Card,Delayed,4.3
ORD10324,2024-10-23,CUST1950,Prisha Keer, Bangalore ,Karnataka,PID480,Novel,BOOKS,Novel,17582.3,4.0,0.0,Net Banking,Delivered,1.6
ORD10805,2024-02-16,CUST1751,Aishani Lad, Indore ,Madhya Pradesh,PID331,Kurta,FASHION,Kurta,2031.2,4.0,15.0,Cash on Delivery,Delayed,3.5
ORD11868,2024-01-08,CUST1491,Waida Chaudry, Bangalore ,Karnataka,PID583,Yoga Mat,sports,Yoga Mat,85763.35,2.0,40.0,Debit Card,Cancelled,2.7
ORD12827,2024-09-11,CUST1961,Pranav Luthra,mumbai,Maharashtra,PID186,Bedsheet,home & kitchen,Bedsheet,21207.68,5.0,15.0,Cash on Delivery,Returned,3.5
ORD14630,2024-12-09,CUST1595,Amruta Chaudhary,BANGALORE,Karnataka,PID495,Lipstick,beauty,Lipstick,73554.54,1.0,25.0,Debit Card,Delivered,2.5
ORD10438,2024-09-28,CUST1160,Ekapad Vig,PUNE,Maharashtra,PID410,Dumbbells,Sports,Dumbbells,75002.31,4.0,10.0,Cash on Delivery,Delivered,3.8
ORD10120,2023-11-28,CUST1309,Samaksh Ranganathan,pune,Maharashtra,PID398,Dumbbells,SPORTS,Dumbbells,46447.97,2.0,40.0,Cash on Delivery,,1.0
ORD14599,2023-06-26,CUST1014,Siya Om,mumbai,Maharashtra,PID121,Lipstick,BEAUTY,Lipstick,0.0,5.0,5.0,Cash on Delivery,Returned,4.1
ORD14772,2023-09-19,CUST1775,David Modi,SURAT,Gujarat,PID167,Football,Sports,Football,65248.8,2.0,40.0,Debit Card,Delivered,3.7
ORD11840,2023-02-27,CUST1062,Onveer Ram, Ahmedabad ,Gujarat,PID582,Lipstick,Beauty,Lipstick,85870.48,4.0,0.0,,Cancelled,1.9
ORD11027,2024-03-23,CUST1874,Ishanvi Ben,PUNE,Maharashtra,PID343,Saree,fashion,Saree,14219.11,3.0,30.0,Net Banking,Delivered,1.3
ORD13302,2024-01-28,CUST1296,Upkaar Parmar, Jaipur ,Rajasthan,PID395,Cricket Bat,sports,Cricket Bat,29491.85,2.0,30.0,Net Banking,Returned,1.1
ORD14173,2023-01-10,CUST1667,Nandini Dave, Mumbai ,Maharashtra,PID183,Smartphone,ELECTRONICS,Smartphone,61124.04,1.0,15.0,Cash on Delivery,Cancelled,
ORD13102,2023-05-19,CUST1369,Aarnav Soni,jaipur,Rajasthan,PID173,Textbook,Books,Textbook,13202.1,4.0,30.0,,Delivered,4.8
ORD10901,2024-04-05,CUST1888,Rohan Chaudhary,pune,Maharashtra,PID458,Headphones,electronics,Headphones,16912.64,4.0,25.0,Cash on Delivery,Returned,2.3
ORD14468,2024-09-03,CUST1887,Gaurika Lata,BANGALORE,Karnataka,PID140,Dumbbells,sports,Dumbbells,25160.77,2.0,0.0,Cash on Delivery,Cancelled,
ORD11205,2023-02-08,CUST1491,Bhanumati Dey,indore,Madhya Pradesh,PID378,Smartphone,Electronics,Smartphone,18213.38,5.0,30.0,Net Banking,Delivered,3.0
ORD14678,2024-04-06,CUST1620,Gaurav Som,DELHI,Delhi,PID534,Textbook,Books,Textbook,1495.96,5.0,0.0,,Returned,3.4
ORD13348,2024-07-27,CUST1566,Adweta Kata,DELHI,Delhi,PID393,Mixer Grinder,Home & Kitchen,Mixer Grinder,11391.4,5.0,20.0,Debit Card,Cancelled,1.3
ORD14051,2024-02-22,CUST1930,Onkar Sanghvi,CHENNAI,Tamil Nadu,PID374,Laptop,Electronics,Laptop,26056.55,4.0,25.0,Credit Card,Delivered,4.7
ORD10553,2023-08-06,CUST1372,Mekhala Gill,indore,Madhya Pradesh,PID271,Bedsheet,HOME & KITCHEN,Bedsheet,37713.97,0.0,25.0,Cash on Delivery,Delivered,2.1
ORD10407,2024-02-20,CUST1446,Dominic Mand, Ahmedabad ,Gujarat,PID316,Bluetooth Speaker,electronics,Bluetooth Speaker,76160.13,2.0,15.0,Debit Card,Delayed,
ORD14614,2023-08-21,CUST1119,Arin Gala,KOLKATA,West Bengal,PID516,Headphones,ELECTRONICS,Headphones,44283.64,3.0,30.0,Net Banking,Delivered,3.2
ORD11614,2023-10-11,CUST1522,Sudiksha Chauhan, Chennai ,Tamil Nadu,PID429,Biography,Books,Biography,89426.62,3.0,40.0,Cash on Delivery,Delayed,1.3
ORD12935,2023-11-17,CUST1843,Urvi Mannan,LUCKNOW,Uttar Pradesh,PID583,Jacket,Fashion,Jacket,2658.11,3.0,20.0,Cash on Delivery,Delivered,3.2
ORD13299,2023-06-23,CUST1999,Chanchal Kala, Lucknow ,Uttar Pradesh,PID504,Textbook,books,Textbook,76151.66,1.0,10.0,Debit Card,,3.2
ORD12834,2023-06-26,CUST1263,Nikita Kapadia,LUCKNOW,Uttar Pradesh,PID352,Dumbbells,Sports,Dumbbells,65235.58,4.0,30.0,Debit Card,Delayed,1.3
ORD12350,2024-02-07,CUST1399,Advay Goyal, Hyderabad ,Telangana,PID174,Football,Sports,Football,20183.42,3.0,25.0,UPI,Returned,2.6
ORD13110,2023-09-13,CUST1819,Harshil Morar, Lucknow ,Uttar Pradesh,PID200,T-Shirt,Fashion,T-Shirt,81575.95,3.0,10.0,Credit Card,Delivered,4.7
ORD11739,2023-10-10,CUST1084,Prisha Malhotra,INDORE,Madhya Pradesh,PID267,Face Wash,BEAUTY,Face Wash,48872.51,5.0,20.0,Cash on Delivery,,3.5
ORD10237,2024-03-01,CUST1369,Ekaraj Kalita,delhi,Delhi,PID250,Comic,BOOKS,Comic,70595.23,2.0,10.0,Credit Card,Returned,2.6
ORD13164,2023-07-20,CUST1159,Avi Dar,mumbai,Maharashtra,PID257,Biography,Books,Biography,0.0,4.0,10.0,UPI,Delivered,4.8
ORD10500,2024-11-04,CUST1785,Zaitra Devan, Bangalore ,Karnataka,PID406,Bedsheet,HOME & KITCHEN,Bedsheet,1497.26,2.0,5.0,UPI,Delivered,3.6
ORD13626,2024-06-08,CUST1002,Forum Datta, Indore ,Madhya Pradesh,PID369,Smartphone,electronics,Smartphone,43515.76,1.0,5.0,Cash on Delivery,Delivered,
ORD13128,2024-06-09,CUST1731,Nitesh Dube, Surat ,Gujarat,PID171,Smartwatch,Electronics,Smartwatch,381.85,5.0,5.0,Cash on Delivery,Returned,
ORD10795,2023-09-04,CUST1939,Brijesh Parsa,SURAT,Gujarat,PID528,Saree,FASHION,Saree,55229.58,1.0,0.0,Credit Card,Delayed,4.7
ORD13359,2023-03-21,CUST1204,Unni Tak,Mumbai,Maharashtra,PID333,Headphones,electronics,Headphones,61237.52,5.0,25.0,Credit Card,Delivered,4.8
ORD13292,2024-05-03,CUST1434,Suhani Raval,Chennai,Tamil Nadu,PID259,Laptop,ELECTRONICS,Laptop,22735.94,5.0,20.0,Debit Card,Returned,1.0
ORD13973,2024-03-09,CUST1312,Unnati Ahluwalia,HYDERABAD,Telangana,PID482,Saree,Fashion,Saree,24718.45,2.0,10.0,Credit Card,Returned,2.9
ORD10991,2023-01-08,CUST1935,Rushil Bava,Mumbai,Maharashtra,PID346,Comic,Books,Comic,54948.06,3.0,15.0,,Cancelled,3.5
ORD12436,2024-10-12,CUST1757,Megha Dugal, Ahmedabad ,Gujarat,PID349,Smartwatch,Electronics,Smartwatch,66729.79,2.0,30.0,UPI,,3.4
ORD13377,2023-06-08,CUST1790,Jai Solanki, Delhi ,Delhi,PID230,Yoga Mat,SPORTS,Yoga Mat,70155.97,3.0,10.0,Net Banking,Cancelled,3.9
ORD10391,2023-12-27,CUST1839,Dayita Wable,Ahmedabad,Gujarat,PID396,Saree,Fashion,Saree,16752.65,3.0,25.0,Credit Card,Cancelled,3.0
ORD12401,2024-02-23,CUST1414,Ekta Wagle,ahmedabad,Gujarat,PID432,T-Shirt,Fashion,T-Shirt,37624.78,2.0,30.0,UPI,Returned,3.8
ORD11218,2023-05-24,CUST1251,Darika Sen, Chennai ,Tamil Nadu,PID207,Face Wash,beauty,Face Wash,83950.06,2.0,30.0,Net Banking,Returned,1.3
ORD10236,2023-02-10,CUST1808,Henry Dugal,hyderabad,Telangana,PID393,Water Bottle,HOME & KITCHEN,Water Bottle,11836.48,3.0,10.0,,Cancelled,
ORD10332,2023-05-28,CUST1464,Hemani Kari,delhi,Delhi,PID349,Dumbbells,SPORTS,Dumbbells,41084.24,4.0,15.0,Cash on Delivery,Delivered,3.5
ORD14577,2024-03-27,CUST1588,Oliver Mody,Hyderabad,Telangana,PID383,Air Fryer,HOME & KITCHEN,Air Fryer,81173.09,4.0,10.0,Cash on Delivery,Cancelled,5.0
ORD13189,2024-03-05,CUST1264,Vedika Khatri,Ahmedabad,Gujarat,PID153,Biography,Books,Biography,27133.94,1.0,40.0,Debit Card,Delivered,3.9
ORD10045,2023-09-28,CUST1230,Kiaan Johal,Mumbai,Maharashtra,PID431,Perfume,beauty,Perfume,20948.14,4.0,15.0,Credit Card,Delayed,3.5
ORD14773,2023-08-04,CUST1025,Widisha Swamy,Ahmedabad,Gujarat,PID106,Saree,fashion,Saree,40169.42,0.0,40.0,Net Banking,Delivered,4.1
ORD14217,2024-11-08,CUST1830,Oni Soni,JAIPUR,Rajasthan,PID552,Perfume,Beauty,Perfume,2289.2,1.0,10.0,,Delivered,2.5
ORD13437,2023-05-11,CUST1241,Orinder Parmar,INDORE,Madhya Pradesh,PID561,Sneakers,FASHION,Sneakers,27731.26,4.0,10.0,Debit Card,Cancelled,2.7
ORD13073,2023-04-11,CUST1725,Forum Kalita,SURAT,Gujarat,PID274,Sunscreen,Beauty,Sunscreen,73340.75,2.0,10.0,Debit Card,Cancelled,1.4
ORD13135,2024-03-22,CUST1215,Utkarsh Master, Chennai ,Tamil Nadu,PID141,Shampoo,Beauty,Shampoo,35923.7,5.0,25.0,Cash on Delivery,Delivered,1.8
ORD14046,2024-11-09,CUST1452,Ronith Mishra,Delhi,Delhi,PID523,Mixer Grinder,Home & Kitchen,Mixer Grinder,4438.41,5.0,20.0,Net Banking,Delivered,
ORD11595,2024-08-14,CUST1278,Chavvi Buch,bangalore,Karnataka,PID550,Sunscreen,beauty,Sunscreen,49970.48,2.0,0.0,Net Banking,Returned,1.7
ORD10224,2024-05-08,CUST1658,Gaurav Nagy,Surat,Gujarat,PID578,Textbook,Books,Textbook,78601.95,5.0,15.0,Net Banking,Cancelled,3.7
ORD12892,2023-06-18,CUST1668,Daksha Hayer,Surat,Gujarat,PID223,T-Shirt,FASHION,T-Shirt,31603.89,2.0,25.0,Debit Card,Delivered,2.9
ORD11246,2024-09-24,CUST1435,Inaya Johal,Ahmedabad,Gujarat,PID345,Yoga Mat,sports,Yoga Mat,12626.91,5.0,40.0,Debit Card,Delivered,1.0
ORD11541,2024-06-02,CUST1560,Dhriti Hans,jaipur,Rajasthan,PID583,Shampoo,beauty,Shampoo,87770.2,5.0,20.0,Credit Card,Returned,2.2
ORD13538,2024-10-16,CUST1680,Aryan Kara, Mumbai ,Maharashtra,PID421,Lipstick,Beauty,Lipstick,3619.51,2.0,15.0,UPI,Delayed,3.9
ORD14149,2024-07-21,CUST1180,Hemangini Dalal,MUMBAI,Maharashtra,PID116,Yoga Mat,sports,Yoga Mat,79815.62,2.0,0.0,,,2.1
ORD12534,2024-04-05,CUST1138,Janya Korpal, Lucknow ,Uttar Pradesh,PID116,Sunscreen,BEAUTY,Sunscreen,24907.56,1.0,10.0,Net Banking,Delayed,4.2
ORD14081,2023-10-28,CUST1109,Yamini Dhillon,LUCKNOW,Uttar Pradesh,PID154,Football,sports,Football,62455.04,1.0,25.0,Credit Card,Delayed,2.5
ORD10819,2023-06-30,CUST1779,Vaishnavi Prakash,Indore,Madhya Pradesh,PID138,Perfume,beauty,Perfume,60902.92,2.0,5.0,Net Banking,Delivered,2.1
ORD13459,2023-01-08,CUST1204,Harsh Chaudry,indore,Madhya Pradesh,PID527,Mixer Grinder,HOME & KITCHEN,Mixer Grinder,72436.03,3.0,5.0,Cash on Delivery,Delivered,4.9
ORD10156,2023-05-20,CUST1503,Turvi Deep, Bangalore ,Karnataka,PID312,Cookware Set,home & kitchen,Cookware Set,28415.01,3.0,40.0,,Delayed,2.5
ORD14965,14/04/2024,CUST1134,Nitesh Dua,ahmedabad,Gujarat,PID452,Mixer Grinder,Home & Kitchen,Mixer Grinder,38367.2,2.0,10.0,UPI,Delivered,4.7
ORD10249,2024-02-11,CUST1143,Rajeshri Madan,CHENNAI,Tamil Nadu,PID328,Lipstick,beauty,Lipstick,35415.98,3.0,5.0,Net Banking,Returned,1.0
ORD13928,2023-02-11,CUST1217,Gauri Shan,Bangalore,Karnataka,PID368,Novel,BOOKS,Novel,20144.69,3.0,0.0,Credit Card,Delivered,1.4
ORD14015,2023-07-13,CUST1097,Charita Om,pune,Maharashtra,PID307,Jeans,fashion,Jeans,18185.57,5.0,15.0,Debit Card,,4.0
ORD12637,2023-08-25,CUST1561,Sneha Devan,surat,Gujarat,PID199,T-Shirt,Fashion,T-Shirt,8929.51,5.0,30.0,,Cancelled,
ORD10794,2023-08-08,CUST1208,Aadi Patla,Pune,Maharashtra,PID353,Bluetooth Speaker,electronics,Bluetooth Speaker,66507.83,3.0,0.0,,Delivered,4.8
ORD11726,2023-10-15,CUST1990,Wriddhish Ray,Kolkata,West Bengal,PID360,Textbook,BOOKS,Textbook,74820.56,5.0,0.0,Cash on Delivery,Delivered,4.6
ORD13190,2024-02-04,CUST1751,Guneet Pradhan, Delhi ,Delhi,PID237,Comic,books,Comic,60045.82,1.0,30.0,UPI,Delayed,1.0
ORD12650,2024-08-30,CUST1252,Zansi Prasad,JAIPUR,Rajasthan,PID343,Sneakers,fashion,Sneakers,51275.64,4.0,30.0,Cash on Delivery,Delayed,3.6
ORD10629,2024-09-21,CUST1773,Chatura Vaidya,pune,Maharashtra,PID532,Shampoo,Beauty,Shampoo,41596.37,4.0,10.0,Debit Card,Delivered,4.1
ORD14825,2024-06-29,CUST1083,Viraj Gulati,surat,Gujarat,PID119,Cricket Bat,SPORTS,Cricket Bat,46117.91,1.0,10.0,UPI,Cancelled,2.0
ORD12340,2023-01-24,CUST1426,Urvashi Kade, Surat ,Gujarat,PID405,Sunscreen,beauty,Sunscreen,56904.9,1.0,5.0,Net Banking,,1.4
ORD14946,2024-06-16,CUST1785,Ayushman Agrawal,Kolkata,West Bengal,PID482,Headphones,Electronics,Headphones,54048.9,1.0,25.0,Debit Card,Cancelled,4.6
ORD11621,2024-12-23,CUST1369,Gaurika Lanka, Jaipur ,Rajasthan,PID513,Smartwatch,ELECTRONICS,Smartwatch,54268.22,5.0,20.0,Credit Card,Cancelled,
ORD11452,2023-10-27,CUST1910,Anirudh Balasubramanian, Jaipur ,Rajasthan,PID381,Comic,books,Comic,76206.28,2.0,30.0,,Delivered,1.4
ORD12903,2024-08-07,CUST1746,Xalak Shroff,LUCKNOW,Uttar Pradesh,PID489,Sneakers,fashion,Sneakers,20606.1,4.0,20.0,,Delivered,1.6
ORD11829,2023-08-30,CUST1911,Krisha Vyas,CHENNAI,Tamil Nadu,PID569,Shampoo,BEAUTY,Shampoo,26493.49,4.0,5.0,Credit Card,Returned,1.5
ORD10827,06/03/2023,CUST1649,Sarthak Kala,HYDERABAD,Telangana,PID568,Saree,FASHION,Saree,30797.59,2.0,40.0,Debit Card,Returned,2.5
ORD11640,2024-11-28,CUST1971,Deepa Chandran,Ahmedabad,Gujarat,PID304,Kurta,fashion,Kurta,3899.84,4.0,20.0,,Delayed,2.7
ORD13865,2024-01-03,CUST1788,Janya Koshy,Pune,Maharashtra,PID237,Comic,BOOKS,Comic,66749.68,0.0,40.0,UPI,Delivered,1.9
ORD12914,2023-01-16,CUST1212,David Buch,kolkata,West Bengal,PID476,T-Shirt,FASHION,T-Shirt,29500.68,3.0,25.0,UPI,Delivered,1.8
ORD13792,2024-12-31,CUST1675,Sachi Bala,JAIPUR,Rajasthan,PID523,Novel,books,Novel,43240.35,2.0,20.0,UPI,Delivered,3.6
ORD12940,2024-11-22,CUST1801,Rayaan Parekh,ahmedabad,Gujarat,PID283,Laptop,Electronics,Laptop,82668.66,5.0,0.0,Cash on Delivery,Cancelled,4.4
ORD13421,2024-05-28,CUST1445,Sachi Pillai, Ahmedabad ,Gujarat,PID264,Water Bottle,HOME & KITCHEN,Water Bottle,58629.86,3.0,10.0,UPI,,4.8
ORD13997,2023-10-26,CUST1651,Nikita Apte,Chennai,Tamil Nadu,PID240,Jacket,FASHION,Jacket,47750.44,2.0,15.0,UPI,Delivered,1.5
ORD13768,2023-02-02,CUST1663,Yashodhara Goel,Pune,Maharashtra,PID486,Saree,fashion,Saree,1326.44,2.0,5.0,,Cancelled,4.1
ORD10536,2024-03-05,CUST1276,Devika Mishra,SURAT,Gujarat,PID163,T-Shirt,Fashion,T-Shirt,65980.84,2.0,10.0,Cash on Delivery,Delivered,2.3
ORD12664,2024-02-01,CUST1656,Banjeet Prakash,Kolkata,West Bengal,PID207,Bedsheet,HOME & KITCHEN,Bedsheet,54658.29,4.0,30.0,Credit Card,Delivered,4.4
ORD10155,2024-09-02,CUST1170,Panini Magar,CHENNAI,Tamil Nadu,PID350,Yoga Mat,sports,Yoga Mat,10739.87,2.0,30.0,,Cancelled,2.5
ORD13242,2024-01-03,CUST1784,Damini Issac,mumbai,Maharashtra,PID125,Biography,BOOKS,Biography,61829.53,2.0,0.0,Net Banking,Delivered,
ORD13150,2024-09-16,CUST1923,Odika Saran,LUCKNOW,Uttar Pradesh,PID182,Perfume,BEAUTY,Perfume,37379.38,5.0,30.0,Net Banking,Delivered,1.8
ORD12953,2023-10-14,CUST1140,Alka Kar,jaipur,Rajasthan,PID547,Mixer Grinder,home & kitchen,Mixer Grinder,36703.99,4.0,30.0,,Delivered,1.3
ORD11312,2024-12-02,CUST1288,Isha Kumar,JAIPUR,Rajasthan,PID211,Face Wash,BEAUTY,Face Wash,13049.42,4.0,5.0,Cash on Delivery,,
ORD10323,2023-11-04,CUST1741,Ethan Toor,surat,Gujarat,PID391,Water Bottle,HOME & KITCHEN,Water Bottle,19228.56,3.0,20.0,,Delivered,
ORD14111,2024-09-29,CUST1999,Udarsh Shan,PUNE,Maharashtra,PID207,Tablet,electronics,Tablet,36907.29,1.0,15.0,Credit Card,,4.9
ORD13331,2024-10-06,CUST1352,Nimrat Singhal, Delhi ,Delhi,PID203,Bluetooth Speaker,Electronics,Bluetooth Speaker,42304.18,3.0,25.0,Cash on Delivery,Cancelled,2.9
ORD13986,2023-04-11,CUST1347,Widisha Ranganathan,Chennai,Tamil Nadu,PID147,Smartwatch,Electronics,Smartwatch,70267.06,4.0,5.0,,,2.5
ORD11799,2023-04-27,CUST1280,Rajata Bhavsar,indore,Madhya Pradesh,PID509,Bedsheet,home & kitchen,Bedsheet,40715.89,2.0,30.0,Debit Card,Delivered,1.3
ORD10083,2023-03-25,CUST1609,Tamanna Wable, Delhi ,Delhi,PID462,Headphones,Electronics,Headphones,50282.99,5.0,25.0,,Returned,1.6
ORD12561,2023-03-14,CUST1631,Yagnesh Dass, Ahmedabad ,Gujarat,PID525,Cookware Set,Home & Kitchen,Cookware Set,86512.45,5.0,15.0,Cash on Delivery,Delivered,1.9
ORD11944,2024-11-30,CUST1637,Kashish Barad, Ahmedabad ,Gujarat,PID321,Bedsheet,Home & Kitchen,Bedsheet,19335.99,4.0,5.0,Debit Card,,1.9
ORD11989,2024-04-17,CUST1202,Yug Nayak, Chennai ,Tamil Nadu,PID447,Bedsheet,Home & Kitchen,Bedsheet,54046.11,5.0,30.0,UPI,Delayed,4.7
ORD13537,2023-05-21,CUST1927,Anusha Sundaram, Indore ,Madhya Pradesh,PID125,Sneakers,fashion,Sneakers,70761.45,5.0,30.0,Credit Card,Cancelled,1.6
ORD11575,2024-04-02,CUST1693,Rayaan Bajwa, Jaipur ,Rajasthan,PID329,Jeans,FASHION,Jeans,14245.51,1.0,5.0,,Delivered,4.1
ORD12978,2024-04-03,CUST1333,Kashish Parekh,surat,Gujarat,PID151,Lipstick,BEAUTY,Lipstick,80950.37,3.0,5.0,Net Banking,Delivered,2.6
ORD12724,2023-07-19,CUST1277,Karan Mallick, Kolkata ,West Bengal,PID349,Laptop,ELECTRONICS,Laptop,88171.23,4.0,25.0,UPI,Returned,3.4
ORD13406,2023-02-25,CUST1463,Wyatt Mittal,HYDERABAD,Telangana,PID462,Sunscreen,beauty,Sunscreen,67878.3,5.0,20.0,Debit Card,,1.4
ORD12059,2024-05-22,CUST1591,Rajata Naidu,indore,Madhya Pradesh,PID412,Kurta,fashion,Kurta,0.0,4.0,0.0,Debit Card,Cancelled,1.0
ORD11763,2023-03-13,CUST1021,Krish Sankar,SURAT,Gujarat,PID310,Dumbbells,Sports,Dumbbells,22164.33,3.0,30.0,Net Banking,Cancelled,
ORD11495,2024-03-07,CUST1967,Ira Konda,LUCKNOW,Uttar Pradesh,PID218,Textbook,books,Textbook,37779.78,1.0,0.0,,Delayed,4.0
ORD12081,2024-11-06,CUST1830,Ekbal Reddy,surat,Gujarat,PID515,Football,sports,Football,26544.13,2.0,30.0,Cash on Delivery,Returned,3.1
ORD11175,2023-10-31,CUST1556,Rayaan Bali,DELHI,Delhi,PID313,Bluetooth Speaker,ELECTRONICS,Bluetooth Speaker,16033.7,2.0,25.0,Debit Card,Cancelled,4.6
ORD14510,2023-05-22,CUST1371,Rushil Dara,DELHI,Delhi,PID161,Yoga Mat,SPORTS,Yoga Mat,63663.34,4.0,15.0,Cash on Delivery,Delivered,2.2
ORD12629,2023-01-18,CUST1362,Henry Deol,Kolkata,West Bengal,PID348,Dumbbells,sports,Dumbbells,71288.53,1.0,5.0,Net Banking,Delayed,4.4
ORD14262,2024-05-28,CUST1339,Harini Biswas,Ahmedabad,Gujarat,PID379,Football,sports,Football,43115.4,3.0,25.0,Debit Card,,2.1
ORD14715,2024-07-28,CUST1537,Ati Rana,AHMEDABAD,Gujarat,PID570,Football,Sports,Football,81384.47,4.0,25.0,Credit Card,Delivered,3.2
ORD10615,2023-04-23,CUST1271,Hredhaan Wable, Surat ,Gujarat,PID160,Lipstick,BEAUTY,Lipstick,27747.14,2.0,5.0,UPI,Delayed,4.6
ORD13094,2024-01-19,CUST1633,Kritika Vohra, Mumbai ,Maharashtra,PID389,Water Bottle,HOME & KITCHEN,Water Bottle,28044.78,3.0,40.0,Debit Card,Delivered,4.3
ORD13451,2024-08-18,CUST1963,Bahadurjit Kara,Bangalore,Karnataka,PID517,Sunscreen,Beauty,Sunscreen,66139.56,3.0,5.0,Credit Card,Delayed,3.8
ORD11015,2024-11-08,CUST1300,Shravya Chadha,BANGALORE,Karnataka,PID392,Face Wash,Beauty,Face Wash,82208.68,1.0,25.0,Credit Card,Delivered,3.1
ORD13058,2023-03-09,CUST1709,Yatin Dutt, Hyderabad ,Telangana,PID314,Shampoo,BEAUTY,Shampoo,73954.08,2.0,25.0,UPI,Cancelled,4.1
ORD14864,2024-08-23,CUST1676,Vasana Mishra,hyderabad,Telangana,PID421,T-Shirt,FASHION,T-Shirt,81914.56,2.0,30.0,Debit Card,Returned,4.4
ORD13906,2023-02-26,CUST1433,Orinder Magar,Lucknow,Uttar Pradesh,PID533,Face Wash,BEAUTY,Face Wash,67985.62,4.0,0.0,Net Banking,Delayed,
ORD12182,2023-08-30,CUST1643,Arunima Saxena,MUMBAI,Maharashtra,PID471,Yoga Mat,Sports,Yoga Mat,55611.59,2.0,40.0,Cash on Delivery,Delivered,3.0
ORD13419,2023-01-28,CUST1948,Kashvi Samra,lucknow,Uttar Pradesh,PID309,Sunscreen,beauty,Sunscreen,48468.28,2.0,10.0,UPI,Delayed,2.3
ORD14652,2024-03-17,CUST1971,Manthan Raval,delhi,Delhi,PID591,Cookware Set,Home & Kitchen,Cookware Set,85886.14,1.0,0.0,UPI,Delivered,1.2
ORD13101,2023-10-26,CUST1703,Suhani Sarma,PUNE,Maharashtra,PID292,Smartphone,Electronics,Smartphone,74026.67,1.0,40.0,UPI,Delayed,4.2
ORD11212,2024-08-17,CUST1813,Omaja Karpe,Surat,Gujarat,PID574,Textbook,BOOKS,Textbook,54817.96,0.0,25.0,Debit Card,,4.7
ORD10635,2023-05-23,CUST1924,Pratyush Dora,MUMBAI,Maharashtra,PID461,Biography,BOOKS,Biography,52311.35,5.0,25.0,Credit Card,Delivered,3.9
ORD11056,2023-03-19,CUST1753,Kai D’Alia,kolkata,West Bengal,PID488,Headphones,Electronics,Headphones,12271.67,2.0,30.0,Credit Card,Cancelled,1.4
ORD12341,2024-08-01,CUST1523,Anvi Chhabra,Bangalore,Karnataka,PID104,Smartwatch,electronics,Smartwatch,28878.35,3.0,0.0,,,2.8
ORD10797,2023-05-12,CUST1187,Gaurangi Shanker, Ahmedabad ,Gujarat,PID374,Perfume,Beauty,Perfume,73532.71,4.0,40.0,UPI,Delivered,1.9
ORD14271,2023-07-05,CUST1718,Fiyaz Sethi,Delhi,Delhi,PID479,Cricket Bat,sports,Cricket Bat,47911.09,1.0,0.0,,Delivered,1.4
ORD12815,2024-03-07,CUST1719,Garima Raja,jaipur,Rajasthan,PID426,Perfume,BEAUTY,Perfume,79722.2,3.0,25.0,Net Banking,,1.5
ORD14342,2024-10-26,CUST1044,Vritti Nagarajan, Hyderabad ,Telangana,PID276,Perfume,Beauty,Perfume,76246.88,3.0,30.0,,Delivered,4.8
ORD11081,2023-04-04,CUST1835,Jatin Nori, Mumbai ,Maharashtra,PID436,Comic,Books,Comic,43410.11,5.0,0.0,Credit Card,,
ORD11655,2024-10-20,CUST1679,Daniel Natarajan,kolkata,West Bengal,PID136,Water Bottle,Home & Kitchen,Water Bottle,42075.92,1.0,25.0,Debit Card,Cancelled,2.8
ORD11608,2024-03-31,CUST1271,Advika Din, Kolkata ,West Bengal,PID501,Air Fryer,HOME & KITCHEN,Air Fryer,79769.85,2.0,30.0,Net Banking,Cancelled,3.8
ORD10145,2024-08-31,CUST1389,Libni Arya,hyderabad,Telangana,PID511,Sneakers,fashion,Sneakers,37986.05,3.0,40.0,UPI,Delayed,2.8
ORD14242,2024-03-20,CUST1774,Mugdha Gopal, Pune ,Maharashtra,PID554,Face Wash,BEAUTY,Face Wash,6203.41,1.0,5.0,Net Banking,Cancelled,2.6
ORD10091,2023-03-11,CUST1894,Ekanta Nagarajan,Lucknow,Uttar Pradesh,PID340,Face Wash,BEAUTY,Face Wash,31850.52,1.0,25.0,Net Banking,Cancelled,3.2
ORD10683,2023-03-02,CUST1329,Warinder Bal,LUCKNOW,Uttar Pradesh,PID452,Sneakers,Fashion,Sneakers,22609.72,4.0,15.0,Debit Card,,2.0
ORD14407,2023-11-06,CUST1932,Robert Mann, Surat ,Gujarat,PID108,Bedsheet,Home & Kitchen,Bedsheet,87381.89,5.0,15.0,Net Banking,Delivered,2.2
ORD13432,2023-01-23,CUST1293,Advika Bhalla,Ahmedabad,Gujarat,PID308,Bluetooth Speaker,Electronics,Bluetooth Speaker,0.0,4.0,30.0,UPI,,
ORD10094,2024-03-23,CUST1708,Upma Soni,CHENNAI,Tamil Nadu,PID354,Kurta,FASHION,Kurta,77613.15,3.0,25.0,Cash on Delivery,Delivered,4.0
ORD10835,2023-08-01,CUST1660,Pallavi Vohra,DELHI,Delhi,PID449,Perfume,Beauty,Perfume,44397.14,4.0,5.0,Debit Card,Delivered,1.5
ORD14861,2024-03-10,CUST1656,Alexander Mutti,pune,Maharashtra,PID300,Lipstick,beauty,Lipstick,60350.52,2.0,25.0,Debit Card,Cancelled,
ORD11401,2023-01-02,CUST1992,Baljiwan Singhal,Hyderabad,Telangana,PID146,Saree,Fashion,Saree,60963.23,5.0,30.0,,,3.5
ORD13980,2024-10-29,CUST1170,Samaksh Taneja,chennai,Tamil Nadu,PID495,Face Wash,BEAUTY,Face Wash,43070.16,3.0,5.0,Credit Card,Delivered,4.6
ORD12292,2023-08-27,CUST1351,Dipta Dasgupta,chennai,Tamil Nadu,PID340,Comic,Books,Comic,74085.82,5.0,40.0,,Delivered,1.4
ORD11501,2023-01-09,CUST1575,Fitan Mand,INDORE,Madhya Pradesh,PID289,Textbook,Books,Textbook,48692.12,1.0,30.0,Debit Card,Delayed,3.6
ORD12263,2024-10-17,CUST1090,Lohit Pradhan,CHENNAI,Tamil Nadu,PID293,Headphones,ELECTRONICS,Headphones,65063.69,2.0,0.0,,Returned,1.7
ORD11469,2023-05-30,CUST1120,Bimala Lata, Delhi ,Delhi,PID427,Bluetooth Speaker,ELECTRONICS,Bluetooth Speaker,84250.72,3.0,40.0,UPI,,3.6
ORD13929,2023-12-25,CUST1279,Zashil Dyal, Delhi ,Delhi,PID270,Novel,books,Novel,56724.54,2.0,30.0,UPI,Delivered,4.8
ORD13246,2024-01-26,CUST1628,Matthew Das,surat,Gujarat,PID538,Mixer Grinder,HOME & KITCHEN,Mixer Grinder,87354.38,3.0,20.0,,Returned,2.5
ORD10999,2024-01-31,CUST1459,Champak Ganesh,JAIPUR,Rajasthan,PID560,Dumbbells,SPORTS,Dumbbells,66473.24,3.0,30.0,Cash on Delivery,,5.0
ORD10854,2023-09-05,CUST1628,Ucchal Verma, Kolkata ,West Bengal,PID310,Face Wash,Beauty,Face Wash,22806.25,1.0,25.0,Net Banking,,2.9
ORD13876,2023-08-07,CUST1515,Jasmit Viswanathan,SURAT,Gujarat,PID244,Smartwatch,ELECTRONICS,Smartwatch,-86212.79,1.0,10.0,Cash on Delivery,Delayed,1.8
ORD11143,2023-10-06,CUST1051,Ikshita Krish,Bangalore,Karnataka,PID100,T-Shirt,fashion,T-Shirt,11026.47,3.0,30.0,Debit Card,Delayed,3.3
ORD12275,2023-05-18,CUST1557,Aarav Parmer, Kolkata ,West Bengal,PID247,Cricket Bat,sports,Cricket Bat,23676.92,5.0,30.0,Cash on Delivery,Delayed,2.1
ORD14498,26/12/2024,CUST1373,Baljiwan Ganesan,Pune,Maharashtra,PID350,Cricket Bat,SPORTS,Cricket Bat,86009.93,1.0,25.0,,Delayed,
ORD11104,2023-04-19,CUST1602,Peter Raj,Jaipur,Rajasthan,PID550,Novel,books,Novel,0.0,3.0,30.0,Debit Card,Delivered,3.0
ORD10085,2024-09-24,CUST1448,Jairaj Wable,HYDERABAD,Telangana,PID122,T-Shirt,fashion,T-Shirt,76021.89,5.0,25.0,,,2.5
ORD12211,2024-12-01,CUST1962,Harini Ahuja, Surat ,Gujarat,PID334,Cricket Bat,SPORTS,Cricket Bat,54499.51,5.0,10.0,Cash on Delivery,Delayed,1.1
ORD14211,2024-02-06,CUST1105,Jeet Parekh,INDORE,Madhya Pradesh,PID290,Laptop,Electronics,Laptop,46765.93,2.0,5.0,UPI,Cancelled,
ORD14746,2024-10-27,CUST1266,Riya Banerjee,AHMEDABAD,Gujarat,PID593,Smartphone,electronics,Smartphone,88203.54,2.0,15.0,UPI,Delivered,1.2
ORD13441,2024-04-23,CUST1179,Ishani Kala,JAIPUR,Rajasthan,PID353,Bedsheet,home & kitchen,Bedsheet,60409.03,4.0,25.0,Debit Card,Delivered,3.8
ORD11568,2024-04-01,CUST1866,Jagrati Tak, Pune ,Maharashtra,PID317,Bedsheet,Home & Kitchen,Bedsheet,74069.83,4.0,40.0,,Cancelled,4.2
ORD11661,2024-08-09,CUST1320,Vritti Sant,SURAT,Gujarat,PID260,Novel,books,Novel,76197.59,1.0,40.0,Net Banking,Delayed,
ORD11557,2024-05-10,CUST1958,Ranveer Talwar,Ahmedabad,Gujarat,PID339,Comic,books,Comic,82394.33,2.0,40.0,Cash on Delivery,Delivered,3.6
ORD14722,2024-02-18,CUST1113,Hiral Om, Kolkata ,West Bengal,PID112,Headphones,Electronics,Headphones,2192.63,1.0,20.0,Net Banking,Delivered,2.4
ORD13765,2023-03-24,CUST1988,Zaid Kar,Chennai,Tamil Nadu,PID423,Comic,Books,Comic,68023.46,4.0,15.0,Cash on Delivery,Delivered,3.0
ORD13585,2023-06-09,CUST1085,Harrison Palla, Delhi ,Delhi,PID406,Sunscreen,Beauty,Sunscreen,18092.97,5.0,5.0,Debit Card,,
ORD11886,2023-06-10,CUST1415,Tanay Pai,JAIPUR,Rajasthan,PID347,Sunscreen,Beauty,Sunscreen,79878.95,2.0,5.0,UPI,Cancelled,3.6
ORD13145,2023-01-13,CUST1537,Samaksh Dar,LUCKNOW,Uttar Pradesh,PID586,T-Shirt,fashion,T-Shirt,55134.42,5.0,25.0,Net Banking,Delayed,3.2
ORD11867,2024-03-14,CUST1899,Quincy Rastogi,PUNE,Maharashtra,PID388,Tablet,ELECTRONICS,Tablet,70387.81,5.0,15.0,,Delayed,3.2
ORD14721,2024-12-24,CUST1311,Jatin Kadakia,INDORE,Madhya Pradesh,PID503,Novel,Books,Novel,11691.99,1.0,40.0,,Delivered,4.1
ORD12875,2023-03-11,CUST1061,Frederick Bhatnagar,KOLKATA,West Bengal,PID567,Sunscreen,beauty,Sunscreen,3714.2,5.0,25.0,Cash on Delivery,Delivered,1.5
ORD14331,2023-12-26,CUST1224,Dalbir Menon,Bangalore,Karnataka,PID256,Bluetooth Speaker,ELECTRONICS,Bluetooth Speaker,21726.37,1.0,5.0,Debit Card,Returned,2.4
ORD13589,2024-03-12,CUST1623,Damyanti Ben, Bangalore ,Karnataka,PID390,Mixer Grinder,HOME & KITCHEN,Mixer Grinder,76213.17,1.0,10.0,Net Banking,Cancelled,1.6
ORD13268,2024-07-05,CUST1930,Warjas Savant,surat,Gujarat,PID565,Face Wash,beauty,Face Wash,75500.1,4.0,20.0,Cash on Delivery,Returned,2.5
ORD12885,2023-03-05,CUST1048,Rehaan Patel, Pune ,Maharashtra,PID418,Smartphone,ELECTRONICS,Smartphone,26437.45,2.0,10.0,Debit Card,Cancelled,4.5
ORD12891,2024-12-08,CUST1106,Yuvraj Bawa,Kolkata,West Bengal,PID132,Dumbbells,Sports,Dumbbells,83926.06,1.0,30.0,Credit Card,Cancelled,3.7
ORD13008,2023-02-10,CUST1496,Harita Acharya,MUMBAI,Maharashtra,PID114,Water Bottle,home & kitchen,Water Bottle,34976.31,5.0,20.0,Credit Card,Delivered,
ORD11827,2024-04-11,CUST1082,Pranit Varughese, Indore ,Madhya Pradesh,PID234,Water Bottle,Home & Kitchen,Water Bottle,48653.94,3.0,15.0,Debit Card,Returned,2.9
ORD13924,2023-04-13,CUST1168,Henry Balasubramanian,KOLKATA,West Bengal,PID111,Bedsheet,Home & Kitchen,Bedsheet,74619.2,4.0,20.0,,,
ORD12641,2024-05-03,CUST1486,Chatura Sheth,HYDERABAD,Telangana,PID432,Yoga Mat,sports,Yoga Mat,51156.59,4.0,10.0,UPI,Delivered,3.8
ORD11526,2024-03-03,CUST1807,Azad Lad,Lucknow,Uttar Pradesh,PID515,Textbook,books,Textbook,61512.41,3.0,40.0,Credit Card,Cancelled,2.0
ORD11563,2023-11-18,CUST1152,Sachi Munshi,delhi,Delhi,PID101,Smartphone,Electronics,Smartphone,79996.62,4.0,0.0,UPI,Cancelled,2.0
ORD10344,2023-05-10,CUST1878,Isaiah Suresh,mumbai,Maharashtra,PID231,Saree,FASHION,Saree,59120.34,1.0,5.0,Credit Card,Cancelled,4.4
ORD12543,2023-02-27,CUST1583,Bhavini Salvi,surat,Gujarat,PID553,Kurta,FASHION,Kurta,60779.22,4.0,15.0,Cash on Delivery,Delayed,4.8
ORD13386,2023-07-14,CUST1154,Samarth Dugal,AHMEDABAD,Gujarat,PID577,Cricket Bat,Sports,Cricket Bat,55589.97,2.0,0.0,Credit Card,Delayed,2.1
ORD12413,2024-03-14,CUST1368,Harrison Edwin, Jaipur ,Rajasthan,PID426,Air Fryer,HOME & KITCHEN,Air Fryer,4832.27,5.0,20.0,Net Banking,Delivered,2.6
ORD12708,2024-06-22,CUST1907,Divya Krishnan,surat,Gujarat,PID220,Lipstick,BEAUTY,Lipstick,40726.22,1.0,30.0,Debit Card,Delivered,2.1
ORD11111,2024-09-14,CUST1269,Laksh Jayaraman,Surat,Gujarat,PID226,Cricket Bat,Sports,Cricket Bat,14696.64,1.0,30.0,Net Banking,Delivered,4.8
ORD13443,2023-07-05,CUST1460,Sneha Seshadri, Ahmedabad ,Gujarat,PID418,Cookware Set,HOME & KITCHEN,Cookware Set,45901.72,5.0,20.0,,Delivered,3.9
ORD12214,20/04/2024,CUST1394,Dhruv Chand, Chennai ,Tamil Nadu,PID325,Laptop,Electronics,Laptop,61132.54,5.0,0.0,Credit Card,,
ORD11360,2023-10-17,CUST1738,Sai Choudhary,BANGALORE,Karnataka,PID313,Novel,BOOKS,Novel,35348.03,1.0,30.0,Credit Card,Returned,3.8
ORD12108,2023-01-15,CUST1289,Siya Badami,Chennai,Tamil Nadu,PID580,Biography,books,Biography,10481.65,1.0,15.0,Cash on Delivery,,3.2
ORD11379,2023-11-26,CUST1169,Waida Kala,LUCKNOW,Uttar Pradesh,PID324,Jeans,FASHION,Jeans,89846.49,2.0,10.0,Cash on Delivery,Delayed,1.7
ORD12829,2024-06-07,CUST1787,Arin Bhatnagar,Pune,Maharashtra,PID453,Dumbbells,SPORTS,Dumbbells,69560.26,4.0,15.0,Net Banking,Delayed,4.6
ORD10425,2023-11-28,CUST1978,Nandini Goel, Chennai ,Tamil Nadu,PID237,Cricket Bat,sports,Cricket Bat,2482.7,4.0,5.0,,Delayed,1.3
ORD10293,2023-04-14,CUST1640,Ridhi Devi,JAIPUR,Rajasthan,PID585,Comic,books,Comic,3802.69,2.0,5.0,Net Banking,Returned,3.1
ORD11066,2024-08-04,CUST1401,Faqid Verma, Ahmedabad ,Gujarat,PID571,Cookware Set,Home & Kitchen,Cookware Set,74872.99,2.0,15.0,,Returned,1.6
ORD12378,2024-04-05,CUST1086,Jasmit Sha,MUMBAI,Maharashtra,PID214,Biography,BOOKS,Biography,74540.77,5.0,15.0,UPI,Delivered,4.3
ORD12128,2023-10-10,CUST1041,Logan Devan,jaipur,Rajasthan,PID312,Biography,books,Biography,12222.23,2.0,20.0,,Cancelled,
ORD11718,2024-03-09,CUST1583,Krishna Bala,Mumbai,Maharashtra,PID375,Jeans,fashion,Jeans,84092.7,2.0,15.0,Cash on Delivery,Delivered,4.4
ORD10938,2024-03-13,CUST1151,Deepa Joshi,Jaipur,Rajasthan,PID419,Headphones,electronics,Headphones,48450.35,2.0,0.0,Credit Card,Returned,4.4
ORD13780,2023-05-30,CUST1032,Mahika Rama,JAIPUR,Rajasthan,PID571,Dumbbells,sports,Dumbbells,47509.53,5.0,15.0,,Delivered,1.3
ORD13965,2024-01-25,CUST1448,Yamini Chacko, Mumbai ,Maharashtra,PID300,T-Shirt,fashion,T-Shirt,39773.12,5.0,0.0,Net Banking,Returned,1.7
ORD13991,2024-06-11,CUST1034,William Srinivasan,MUMBAI,Maharashtra,PID397,Cricket Bat,sports,Cricket Bat,8898.77,4.0,40.0,,Returned,
ORD10255,2024-09-30,CUST1387,Chakradhar Jhaveri,Kolkata,West Bengal,PID297,Biography,Books,Biography,15475.43,5.0,10.0,Debit Card,Delayed,2.1
ORD14893,2024-03-17,CUST1354,Ira Ghose,BANGALORE,Karnataka,PID404,Water Bottle,Home & Kitchen,Water Bottle,24243.82,1.0,5.0,,,4.3
ORD11483,2024-05-16,CUST1725,Brinda Mitter,Lucknow,Uttar Pradesh,PID397,Bluetooth Speaker,Electronics,Bluetooth Speaker,4530.09,2.0,15.0,UPI,Returned,
ORD10945,2024-06-25,CUST1181,Siddharth Sengupta,bangalore,Karnataka,PID380,Textbook,books,Textbook,5946.63,1.0,20.0,UPI,Delivered,3.2
ORD13184,2023-09-13,CUST1606,Amruta Babu,DELHI,Delhi,PID107,Novel,books,Novel,74423.67,1.0,25.0,Cash on Delivery,Cancelled,3.5
ORD13267,2023-05-19,CUST1734,Nandini Som,PUNE,Maharashtra,PID334,Jacket,fashion,Jacket,31376.72,5.0,5.0,UPI,Delayed,2.6
ORD12908,2024-03-12,CUST1864,Chatura Choudhury, Hyderabad ,Telangana,PID176,Lipstick,BEAUTY,Lipstick,75016.94,2.0,30.0,Debit Card,,1.0
ORD10970,2023-02-25,CUST1421,Chatresh Yogi, Mumbai ,Maharashtra,PID421,Sunscreen,beauty,Sunscreen,55144.28,5.0,25.0,Net Banking,Delivered,4.1
ORD10497,2024-03-28,CUST1706,Samaksh Dar,Hyderabad,Telangana,PID257,Bluetooth Speaker,ELECTRONICS,Bluetooth Speaker,13941.66,1.0,15.0,,Returned,4.3
ORD11830,2024-12-16,CUST1156,Hritik Sarna,Chennai,Tamil Nadu,PID530,Bluetooth Speaker,Electronics,Bluetooth Speaker,86636.11,3.0,5.0,Net Banking,Cancelled,2.0
ORD12178,2023-07-19,CUST1755,Krishna Shah,Kolkata,West Bengal,PID438,Cricket Bat,SPORTS,Cricket Bat,4554.79,4.0,30.0,Debit Card,,1.4
ORD10338,2024-03-18,CUST1558,Anjali Narayan, Mumbai ,Maharashtra,PID208,Novel,BOOKS,Novel,63346.37,3.0,15.0,Cash on Delivery,Delayed,2.6
ORD14705,2024-06-26,CUST1804,Megha Wadhwa, Delhi ,Delhi,PID470,Cookware Set,home & kitchen,Cookware Set,18810.1,3.0,15.0,Credit Card,Cancelled,4.3
ORD11149,2023-08-20,CUST1229,Ria Patla,LUCKNOW,Uttar Pradesh,PID124,Textbook,Books,Textbook,21934.86,3.0,20.0,UPI,Cancelled,2.1
ORD12244,2024-10-24,CUST1494,Advaith Apte,pune,Maharashtra,PID100,Biography,BOOKS,Biography,76740.58,2.0,15.0,Credit Card,Delayed,2.2
ORD14378,2023-12-12,CUST1979,Ranveer Bajaj,hyderabad,Telangana,PID536,Dumbbells,Sports,Dumbbells,57914.32,4.0,20.0,Credit Card,Delayed,1.3
ORD13969,2023-04-25,CUST1465,Mitali Gola,Mumbai,Maharashtra,PID287,Kurta,Fashion,Kurta,31029.37,3.0,0.0,UPI,Returned,4.9
ORD12152,2024-06-12,CUST1094,Indira Saini,INDORE,Madhya Pradesh,PID474,Yoga Mat,SPORTS,Yoga Mat,19820.67,5.0,20.0,Credit Card,Delivered,
ORD12011,2023-05-07,CUST1562,Vivaan Kamdar,Mumbai,Maharashtra,PID400,Textbook,BOOKS,Textbook,28193.2,4.0,25.0,Credit Card,Delivered,
ORD12492,2023-06-13,CUST1536,Devika Tak,Bangalore,Karnataka,PID295,Water Bottle,Home & Kitchen,Water Bottle,37323.77,5.0,10.0,UPI,Delayed,3.7
ORD14980,2024-10-21,CUST1427,Atharv Mander, Ahmedabad ,Gujarat,PID426,Air Fryer,HOME & KITCHEN,Air Fryer,-86721.62,1.0,30.0,Credit Card,,1.4
ORD11811,2023-05-26,CUST1408,Christopher Vora,pune,Maharashtra,PID367,Football,Sports,Football,28729.52,1.0,5.0,Credit Card,Cancelled,3.1
ORD11995,2024-10-23,CUST1080,Luke Chada,DELHI,Delhi,PID147,Textbook,books,Textbook,60190.43,5.0,25.0,Debit Card,,
ORD12933,2023-02-23,CUST1183,Patrick Rastogi,Delhi,Delhi,PID399,Headphones,Electronics,Headphones,64136.0,2.0,10.0,,Delivered,4.3
ORD12825,2024-04-27,CUST1899,Tarak Parikh,jaipur,Rajasthan,PID103,Jacket,fashion,Jacket,42727.04,1.0,20.0,Credit Card,Delayed,2.1
ORD12898,2023-05-23,CUST1263,Pooja Goda,LUCKNOW,Uttar Pradesh,PID136,Kurta,fashion,Kurta,64071.4,5.0,20.0,Credit Card,Delivered,1.5
ORD12276,2024-11-30,CUST1760,Jonathan Ghosh,ahmedabad,Gujarat,PID230,Air Fryer,HOME & KITCHEN,Air Fryer,76376.04,3.0,10.0,Net Banking,Delivered,4.6
ORD10435,2024-10-07,CUST1499,Yachana Parmer,ahmedabad,Gujarat,PID304,Sunscreen,Beauty,Sunscreen,18240.26,1.0,5.0,Cash on Delivery,Returned,2.7
ORD14502,2023-02-04,CUST1227,Wazir Sood,chennai,Tamil Nadu,PID109,Textbook,BOOKS,Textbook,0.0,4.0,40.0,UPI,Delivered,3.9
ORD12824,2024-11-23,CUST1456,Varsha Mital, Pune ,Maharashtra,PID366,Tablet,Electronics,Tablet,27695.67,5.0,30.0,Debit Card,Cancelled,1.8
ORD13756,2024-06-24,CUST1767,Girindra Tak,mumbai,Maharashtra,PID454,Face Wash,beauty,Face Wash,0.0,3.0,10.0,Cash on Delivery,Delivered,4.4
ORD12505,2023-12-20,CUST1752,Anirudh Master, Indore ,Madhya Pradesh,PID533,Perfume,beauty,Perfume,5036.49,2.0,0.0,,Delayed,4.2
ORD13212,2024-01-19,CUST1167,Falak Kale,HYDERABAD,Telangana,PID158,Headphones,Electronics,Headphones,24785.27,4.0,0.0,Cash on Delivery,Delivered,4.6
ORD14642,2023-11-08,CUST1222,Gopal Master,jaipur,Rajasthan,PID529,Textbook,Books,Textbook,80056.61,1.0,25.0,,Delivered,2.0
ORD14309,2023-12-30,CUST1215,Chanchal Mander, Chennai ,Tamil Nadu,PID548,Biography,Books,Biography,37706.56,3.0,20.0,UPI,,3.7
ORD13541,2024-02-02,CUST1455,Madhavi Ganguly,Surat,Gujarat,PID393,Air Fryer,home & kitchen,Air Fryer,68705.86,4.0,5.0,,Cancelled,4.5
ORD13271,12/08/2023,CUST1520,Sai Halder,BANGALORE,Karnataka,PID368,Football,sports,Football,7459.96,2.0,15.0,,Cancelled,2.3
ORD11942,2023-04-16,CUST1861,Ladli Luthra,Delhi,Delhi,PID251,Cookware Set,HOME & KITCHEN,Cookware Set,61608.69,4.0,15.0,Credit Card,Delivered,4.0
ORD11892,2024-03-29,CUST1750,Qushi Gulati,ahmedabad,Gujarat,PID295,Sunscreen,Beauty,Sunscreen,5392.53,3.0,25.0,UPI,Delayed,1.0
ORD13600,2023-04-22,CUST1610,Nitara Sanghvi, Jaipur ,Rajasthan,PID296,Shampoo,Beauty,Shampoo,67283.26,4.0,5.0,,Delivered,4.7
ORD11266,2024-10-13,CUST1210,Wyatt Lad,Surat,Gujarat,PID590,Kurta,Fashion,Kurta,64418.72,5.0,20.0,UPI,Returned,3.1
ORD14439,2023-01-07,CUST1756,Yashvi Sani,hyderabad,Telangana,PID236,Smartphone,Electronics,Smartphone,9086.21,5.0,5.0,UPI,Delayed,1.0
ORD12598,2023-12-15,CUST1144,Jai Kumer,MUMBAI,Maharashtra,PID136,Dumbbells,sports,Dumbbells,82437.16,2.0,20.0,Net Banking,Delivered,4.8
ORD11411,2023-07-04,CUST1090,Jasmit Varughese,mumbai,Maharashtra,PID380,Laptop,electronics,Laptop,61719.52,5.0,5.0,UPI,Returned,3.5
ORD11215,2024-01-18,CUST1475,Teerth Modi,Chennai,Tamil Nadu,PID592,Novel,books,Novel,28508.72,4.0,15.0,Net Banking,Cancelled,4.3
ORD10967,2023-01-16,CUST1321,Krishna Bir,DELHI,Delhi,PID392,Perfume,beauty,Perfume,70556.54,4.0,15.0,,Delivered,4.2
ORD11231,24/10/2023,CUST1102,Guneet Sule,AHMEDABAD,Gujarat,PID155,Biography,BOOKS,Biography,16622.4,3.0,10.0,,Delivered,4.3
ORD14792,2023-10-26,CUST1171,Advik Grover,Mumbai,Maharashtra,PID586,Cricket Bat,sports,Cricket Bat,23215.56,5.0,0.0,Credit Card,Delivered,2.6
ORD10606,2023-08-27,CUST1284,Zarna Kohli,Chennai,Tamil Nadu,PID466,Cookware Set,home & kitchen,Cookware Set,11138.98,3.0,25.0,Net Banking,Delivered,2.5
ORD10105,2023-12-20,CUST1477,Neel Minhas,kolkata,West Bengal,PID162,Laptop,Electronics,Laptop,37493.61,2.0,25.0,Net Banking,Delivered,1.5
ORD10646,2024-02-01,CUST1448,Yamini Radhakrishnan,AHMEDABAD,Gujarat,PID160,Smartphone,Electronics,Smartphone,48146.6,1.0,0.0,Cash on Delivery,Cancelled,3.8
ORD14591,2023-04-30,CUST1204,Gayathri Bedi,surat,Gujarat,PID138,Football,Sports,Football,51606.09,2.0,25.0,UPI,Delivered,4.0
ORD13089,2023-09-29,CUST1370,Zaid Sachdeva,LUCKNOW,Uttar Pradesh,PID210,Jacket,Fashion,Jacket,43471.22,5.0,40.0,Net Banking,Delivered,3.0
ORD11020,2024-03-29,CUST1133,Wyatt Loyal, Bangalore ,Karnataka,PID164,Water Bottle,Home & Kitchen,Water Bottle,43216.05,2.0,0.0,Net Banking,Delivered,4.9
ORD10092,2024-08-18,CUST1475,Rajata Vaidya,PUNE,Maharashtra,PID456,Bluetooth Speaker,electronics,Bluetooth Speaker,88296.39,1.0,5.0,Net Banking,Delivered,
ORD12871,2024-10-25,CUST1444,Eesha Sibal, Lucknow ,Uttar Pradesh,PID502,Dumbbells,sports,Dumbbells,52595.99,2.0,30.0,UPI,,1.3
ORD10909,2024-11-15,CUST1825,Anita Hegde,CHENNAI,Tamil Nadu,PID196,Smartwatch,ELECTRONICS,Smartwatch,11061.3,4.0,40.0,UPI,Delivered,4.1
ORD12151,2024-01-03,CUST1042,Balhaar Tella, Chennai ,Tamil Nadu,PID502,Tablet,Electronics,Tablet,9874.04,4.0,30.0,Cash on Delivery,Delivered,3.3
ORD10239,2024-05-13,CUST1994,Bachittar Samra,Hyderabad,Telangana,PID589,Smartwatch,Electronics,Smartwatch,48690.32,3.0,40.0,Net Banking,Delivered,4.6
ORD13141,2023-10-01,CUST1563,Anirudh Sandhu, Delhi ,Delhi,PID356,Lipstick,BEAUTY,Lipstick,26653.26,1.0,0.0,Net Banking,,4.3
ORD10943,2023-08-30,CUST1317,Hemangini Sarin,Delhi,Delhi,PID520,Football,SPORTS,Football,32627.79,4.0,5.0,Debit Card,Delivered,4.2
ORD11271,2024-11-29,CUST1766,Anika Dani,chennai,Tamil Nadu,PID581,Sunscreen,beauty,Sunscreen,76245.4,1.0,40.0,UPI,Delivered,1.3
ORD10939,12/12/2023,CUST1031,Advaith Atwal,Pune,Maharashtra,PID142,Face Wash,beauty,Face Wash,64924.65,3.0,20.0,,Returned,4.1
ORD13230,2024-08-26,CUST1671,Ronith Narayan,Surat,Gujarat,PID149,Cookware Set,HOME & KITCHEN,Cookware Set,83609.87,3.0,0.0,UPI,Delivered,3.7
ORD13552,2024-10-24,CUST1267,Ikshita Raj, Bangalore ,Karnataka,PID278,Dumbbells,SPORTS,Dumbbells,57058.46,1.0,20.0,Credit Card,Cancelled,3.3
ORD11863,2024-02-17,CUST1140,Adweta Palan,AHMEDABAD,Gujarat,PID492,Biography,books,Biography,5579.36,1.0,20.0,Cash on Delivery,Returned,4.5
ORD11670,2024-03-31,CUST1961,Leena Mallick,mumbai,Maharashtra,PID141,Saree,FASHION,Saree,61890.38,5.0,15.0,UPI,Cancelled,3.9
ORD10006,2024-08-20,CUST1881,Girindra Balasubramanian,Bangalore,Karnataka,PID156,Shampoo,Beauty,Shampoo,23949.48,3.0,30.0,Net Banking,Delayed,1.9
ORD14344,2024-07-02,CUST1615,Jagat Bajaj, Ahmedabad ,Gujarat,PID362,Jacket,fashion,Jacket,69853.54,2.0,15.0,UPI,Delayed,5.0
ORD13944,2024-10-15,CUST1274,Vasatika Anne,Indore,Madhya Pradesh,PID520,Football,Sports,Football,14205.04,5.0,40.0,Debit Card,Delivered,1.1
ORD13014,2024-06-03,CUST1888,Brinda Mannan, Bangalore ,Karnataka,PID500,Saree,Fashion,Saree,66970.06,3.0,25.0,UPI,Delivered,1.5
ORD10019,2023-04-05,CUST1268,Edhitha Bhandari,CHENNAI,Tamil Nadu,PID182,Jacket,fashion,Jacket,18443.22,4.0,0.0,Debit Card,,
ORD11971,2023-09-15,CUST1604,Shravya Yadav, Surat ,Gujarat,PID207,Sunscreen,beauty,Sunscreen,42319.54,1.0,20.0,Debit Card,Delivered,2.3
ORD12710,2024-11-15,CUST1741,Advika Pathak,lucknow,Uttar Pradesh,PID108,Jacket,fashion,Jacket,33747.35,1.0,10.0,UPI,Delivered,3.6
ORD12233,2024-10-27,CUST1780,Balveer Chatterjee,JAIPUR,Rajasthan,PID140,Comic,books,Comic,60007.76,1.0,15.0,UPI,Returned,4.5
ORD10812,2023-03-12,CUST1328,Ansh Mander,MUMBAI,Maharashtra,PID249,Sneakers,fashion,Sneakers,87331.16,3.0,25.0,Credit Card,Delivered,3.5
ORD11301,2023-05-04,CUST1759,Nitara Bhatt,HYDERABAD,Telangana,PID550,Dumbbells,sports,Dumbbells,34571.1,1.0,30.0,Net Banking,Cancelled,
ORD14981,2024-12-31,CUST1595,Zaitra Panchal,AHMEDABAD,Gujarat,PID119,Sunscreen,Beauty,Sunscreen,29142.52,2.0,30.0,Credit Card,Cancelled,3.3
ORD10261,2023-04-04,CUST1379,Chavvi Tata,jaipur,Rajasthan,PID140,Perfume,Beauty,Perfume,55320.18,4.0,0.0,UPI,Delivered,2.9
ORD11805,2024-04-13,CUST1075,Anay Lalla,SURAT,Gujarat,PID382,Headphones,electronics,Headphones,9837.12,2.0,0.0,UPI,Delayed,2.9
ORD11571,2024-12-01,CUST1615,Garima Sachdev,MUMBAI,Maharashtra,PID303,Yoga Mat,Sports,Yoga Mat,26822.59,4.0,5.0,Credit Card,Delivered,3.5
ORD14281,2023-05-09,CUST1560,Kai Sarma, Ahmedabad ,Gujarat,PID538,Smartwatch,Electronics,Smartwatch,62118.49,4.0,20.0,Credit Card,Delivered,4.7
ORD12455,2024-09-28,CUST1712,Nicholas Varughese,KOLKATA,West Bengal,PID599,Sneakers,FASHION,Sneakers,56240.81,4.0,0.0,Net Banking,Delivered,3.2
ORD11744,2023-01-10,CUST1651,Dalaja Dhingra,AHMEDABAD,Gujarat,PID159,Mixer Grinder,HOME & KITCHEN,Mixer Grinder,68042.32,5.0,20.0,,Delivered,2.4
ORD11631,2023-05-29,CUST1693,Vrishti Issac,Chennai,Tamil Nadu,PID362,Water Bottle,HOME & KITCHEN,Water Bottle,55469.26,2.0,5.0,,,1.4
ORD11717,2023-06-28,CUST1100,Manan Sibal,MUMBAI,Maharashtra,PID556,Sunscreen,beauty,Sunscreen,25054.32,5.0,25.0,Cash on Delivery,Delivered,3.2
ORD10521,2023-08-18,CUST1760,Yahvi Nath, Surat ,Gujarat,PID476,Cricket Bat,sports,Cricket Bat,12347.72,1.0,25.0,,Delivered,4.1
ORD13938,2023-04-30,CUST1731,Advika Deol,CHENNAI,Tamil Nadu,PID338,Novel,BOOKS,Novel,56090.06,1.0,30.0,Net Banking,Delivered,
ORD13483,2023-10-01,CUST1739,Ekiya Loyal,kolkata,West Bengal,PID122,Water Bottle,HOME & KITCHEN,Water Bottle,86756.34,4.0,5.0,Net Banking,,3.4
ORD11659,2023-09-18,CUST1127,Jack Agarwal,DELHI,Delhi,PID384,Smartwatch,ELECTRONICS,Smartwatch,22758.3,4.0,5.0,,,3.0
ORD13473,2024-06-22,CUST1413,Januja Zacharia,Kolkata,West Bengal,PID415,Dumbbells,Sports,Dumbbells,62130.94,4.0,30.0,UPI,Cancelled,
ORD12476,2023-07-21,CUST1442,Saksham Konda, Surat ,Gujarat,PID281,Shampoo,Beauty,Shampoo,78781.35,5.0,20.0,Net Banking,,1.2
ORD13949,2023-05-25,CUST1350,Aditya Chaudhary,CHENNAI,Tamil Nadu,PID580,Air Fryer,HOME & KITCHEN,Air Fryer,61184.58,4.0,40.0,Net Banking,Delayed,4.2
ORD13935,2023-12-31,CUST1958,Aadhya Koshy,Chennai,Tamil Nadu,PID423,Air Fryer,home & kitchen,Air Fryer,1363.62,1.0,15.0,Debit Card,,1.8
ORD13646,2024-08-18,CUST1684,Isaac Bajaj,Lucknow,Uttar Pradesh,PID527,Sunscreen,beauty,Sunscreen,53305.82,2.0,30.0,UPI,Delivered,4.5
ORD10764,2023-01-18,CUST1371,Kashish Narain,Jaipur,Rajasthan,PID376,Novel,books,Novel,16557.72,5.0,15.0,Credit Card,Cancelled,4.0
ORD14704,2024-06-01,CUST1854,Hredhaan Ramesh, Jaipur ,Rajasthan,PID108,Cookware Set,HOME & KITCHEN,Cookware Set,66893.98,1.0,10.0,Credit Card,Delivered,
ORD14327,2023-04-23,CUST1733,Ayaan Pall,AHMEDABAD,Gujarat,PID365,Biography,BOOKS,Biography,40572.77,5.0,40.0,Net Banking,Delayed,4.6
ORD14428,2023-12-13,CUST1917,Kamya Yadav,MUMBAI,Maharashtra,PID361,Face Wash,Beauty,Face Wash,63530.4,5.0,15.0,Cash on Delivery,Delayed,1.0
ORD11092,2023-02-02,CUST1195,Liam Balakrishnan, Chennai ,Tamil Nadu,PID532,Yoga Mat,sports,Yoga Mat,87000.13,3.0,25.0,UPI,,1.2
ORD13609,2023-08-08,CUST1578,Meghana Kapoor,KOLKATA,West Bengal,PID311,Biography,Books,Biography,14755.91,5.0,15.0,Credit Card,Delayed,4.2
ORD11102,2024-04-13,CUST1610,Hitesh Konda,Ahmedabad,Gujarat,PID164,Laptop,electronics,Laptop,37804.36,1.0,10.0,Cash on Delivery,Delayed,
ORD14558,2024-01-08,CUST1421,Charita Chadha,jaipur,Rajasthan,PID293,Jacket,fashion,Jacket,50622.92,1.0,10.0,Net Banking,Delayed,3.1
ORD10959,2024-06-05,CUST1781,Girik Mahajan, Delhi ,Delhi,PID387,Yoga Mat,SPORTS,Yoga Mat,85757.88,3.0,30.0,,,2.7
ORD10560,2023-11-29,CUST1262,Guneet Krish,chennai,Tamil Nadu,PID597,Comic,Books,Comic,7629.67,2.0,20.0,Debit Card,Delivered,
ORD11520,2023-09-16,CUST1695,Chasmum Loke, Kolkata ,West Bengal,PID525,Kurta,FASHION,Kurta,80514.62,5.0,5.0,Cash on Delivery,Returned,4.9
ORD14979,2024-05-04,CUST1087,Eshana Anand, Lucknow ,Uttar Pradesh,PID378,Headphones,Electronics,Headphones,49487.53,1.0,5.0,Debit Card,,1.7
ORD12485,2023-05-28,CUST1522,Ayushman Arora,HYDERABAD,Telangana,PID550,Textbook,books,Textbook,77593.07,5.0,40.0,,Delayed,3.2
ORD10367,2024-02-26,CUST1014,Liam Deep, Surat ,Gujarat,PID473,Textbook,BOOKS,Textbook,85755.5,5.0,5.0,Net Banking,Delayed,3.0
ORD13902,2024-08-02,CUST1239,Udyati Mukherjee, Kolkata ,West Bengal,PID565,Shampoo,BEAUTY,Shampoo,4990.65,4.0,0.0,,Delivered,4.9
ORD11949,2024-05-30,CUST1136,Dominic Puri,jaipur,Rajasthan,PID318,Jeans,FASHION,Jeans,76747.12,5.0,15.0,Net Banking,,4.8
ORD14166,2024-02-04,CUST1747,Urishilla Shetty,pune,Maharashtra,PID546,Mixer Grinder,Home & Kitchen,Mixer Grinder,50235.29,3.0,15.0,,Delivered,3.0
ORD11573,2024-12-07,CUST1970,Unni Gopal,MUMBAI,Maharashtra,PID404,T-Shirt,fashion,T-Shirt,25155.61,2.0,15.0,Credit Card,Returned,4.1
ORD10809,2023-11-17,CUST1638,Jeremiah Loyal,Surat,Gujarat,PID565,Novel,BOOKS,Novel,8871.26,1.0,5.0,Credit Card,Delivered,2.4
ORD13233,2023-05-24,CUST1457,Qushi Randhawa,jaipur,Rajasthan,PID466,Perfume,Beauty,Perfume,27965.48,1.0,15.0,Debit Card,,1.9
ORD13947,2024-04-29,CUST1568,Saanvi Chandran, Indore ,Madhya Pradesh,PID363,Football,SPORTS,Football,24471.64,4.0,15.0,UPI,Delivered,4.9
ORD10012,2024-02-21,CUST1055,Forum Brar, Ahmedabad ,Gujarat,PID444,Air Fryer,home & kitchen,Air Fryer,48600.17,5.0,40.0,Cash on Delivery,Delayed,1.4
ORD12026,2023-05-20,CUST1843,Girish Ranganathan, Lucknow ,Uttar Pradesh,PID351,Comic,BOOKS,Comic,463.41,1.0,15.0,UPI,Delivered,2.6
ORD10177,2023-08-27,CUST1385,Banjeet Mukherjee,Indore,Madhya Pradesh,PID534,Lipstick,beauty,Lipstick,81054.83,1.0,0.0,UPI,Delivered,3.5
ORD12489,2023-08-03,CUST1309,Rehaan Dora,lucknow,Uttar Pradesh,PID289,Headphones,electronics,Headphones,35699.85,1.0,25.0,UPI,Returned,
ORD13887,2024-09-07,CUST1330,Vritti Prakash,Delhi,Delhi,PID475,Textbook,BOOKS,Textbook,69761.14,4.0,30.0,Debit Card,,
ORD12570,2024-08-25,CUST1532,Caleb Shanker,Surat,Gujarat,PID266,Air Fryer,HOME & KITCHEN,Air Fryer,76162.42,4.0,10.0,UPI,Delivered,2.9
ORD13521,2023-06-22,CUST1961,Samarth Kurian,surat,Gujarat,PID130,Smartphone,Electronics,Smartphone,27074.9,5.0,30.0,Net Banking,Delivered,2.7
ORD13761,2023-02-24,CUST1097,Radha Garde,Kolkata,West Bengal,PID145,Shampoo,BEAUTY,Shampoo,1237.51,4.0,30.0,Cash on Delivery,Delivered,
ORD13283,2023-08-02,CUST1798,Waida Memon,chennai,Tamil Nadu,PID562,Cookware Set,Home & Kitchen,Cookware Set,66178.21,1.0,30.0,,Delayed,3.4
ORD11665,2023-07-20,CUST1689,Max Majumdar,Kolkata,West Bengal,PID469,Dumbbells,SPORTS,Dumbbells,69211.0,3.0,0.0,UPI,Returned,4.4
ORD12192,2023-07-30,CUST1435,Utkarsh Kata, Indore ,Madhya Pradesh,PID315,Cookware Set,Home & Kitchen,Cookware Set,43134.32,4.0,20.0,Debit Card,Returned,5.0
,,,,,,,,,,,,,,,
ORD13371,2023-12-01,CUST1018,Nathan Nagar, Surat ,Gujarat,PID528,Bluetooth Speaker,electronics,Bluetooth Speaker,79368.16,1.0,40.0,Net Banking,Delivered,1.9
ORD12661,2024-07-13,CUST1529,Rajeshri Yohannan, Surat ,Gujarat,PID384,Textbook,BOOKS,Textbook,28030.06,5.0,0.0,,Delivered,4.4
ORD14253,2024-02-12,CUST1964,Pooja Arya,Chennai,Tamil Nadu,PID239,Biography,BOOKS,Biography,6199.98,2.0,15.0,Cash on Delivery,Delivered,4.5
ORD13579,2024-06-25,CUST1300,Darsh Sarraf,chennai,Tamil Nadu,PID304,Bedsheet,HOME & KITCHEN,Bedsheet,74201.9,3.0,10.0,Cash on Delivery,Delayed,3.1
ORD12047,2023-03-29,CUST1584,Veer Ravel,bangalore,Karnataka,PID398,Sunscreen,Beauty,Sunscreen,50988.89,3.0,10.0,UPI,Returned,4.5
ORD12625,2024-07-22,CUST1813,Deepa Patla,kolkata,West Bengal,PID524,Air Fryer,Home & Kitchen,Air Fryer,33935.73,4.0,0.0,UPI,Returned,2.4
ORD13411,2024-01-27,CUST1654,Chaitaly Batta,hyderabad,Telangana,PID238,Bedsheet,Home & Kitchen,Bedsheet,22687.67,1.0,25.0,Net Banking,Delivered,3.7
ORD11186,2024-02-24,CUST1873,Wishi Dyal, Surat ,Gujarat,PID373,Cricket Bat,sports,Cricket Bat,73217.7,2.0,40.0,Debit Card,Cancelled,4.7
ORD11007,2024-08-14,CUST1618,Lavanya Karan,BANGALORE,Karnataka,PID522,Lipstick,BEAUTY,Lipstick,72770.53,5.0,20.0,,Delivered,4.1
ORD13570,2024-09-07,CUST1587,Alka Garg,Hyderabad,Telangana,PID125,Bedsheet,HOME & KITCHEN,Bedsheet,86854.43,3.0,25.0,,,4.3
ORD13738,2024-06-29,CUST1300,Mekhala Ganesh, Lucknow ,Uttar Pradesh,PID127,Yoga Mat,Sports,Yoga Mat,20576.49,2.0,10.0,Cash on Delivery,Delivered,1.5
ORD14657,2023-05-23,CUST1886,Ryan Bansal,ahmedabad,Gujarat,PID341,Air Fryer,HOME & KITCHEN,Air Fryer,61789.27,0.0,30.0,UPI,Cancelled,4.4
ORD12050,2024-09-06,CUST1319,Ijaya Sawhney,Pune,Maharashtra,PID589,Biography,BOOKS,Biography,32854.24,5.0,10.0,,Delivered,3.6
ORD14012,2024-10-30,CUST1715,Kritika Tara, Delhi ,Delhi,PID387,Jacket,fashion,Jacket,52615.25,3.0,5.0,Credit Card,,1.3
ORD10270,2024-08-17,CUST1275,Dev Varghese,delhi,Delhi,PID341,Sneakers,Fashion,Sneakers,62887.27,1.0,30.0,Credit Card,Cancelled,2.4
ORD11994,2023-04-06,CUST1797,Utkarsh Balay, Kolkata ,West Bengal,PID580,T-Shirt,Fashion,T-Shirt,8128.18,5.0,10.0,Credit Card,Delayed,3.3
ORD10266,2023-11-20,CUST1294,Megha Devan,kolkata,West Bengal,PID147,Novel,Books,Novel,10596.71,2.0,15.0,,,2.4
ORD10915,2024-01-07,CUST1217,Advay Sandal,MUMBAI,Maharashtra,PID398,Air Fryer,home & kitchen,Air Fryer,2499.38,1.0,5.0,Debit Card,Delivered,4.9
ORD12279,2024-01-01,CUST1865,Abhiram Dyal,HYDERABAD,Telangana,PID325,Textbook,Books,Textbook,67873.81,2.0,5.0,,Delivered,1.7
ORD12232,2023-01-14,CUST1720,Ekbal Handa, Indore ,Madhya Pradesh,PID468,Jacket,fashion,Jacket,20749.75,1.0,10.0,,,4.3
ORD10291,2023-07-26,CUST1501,Jasmit Gola, Delhi ,Delhi,PID369,Perfume,beauty,Perfume,8798.63,2.0,0.0,,,
ORD12913,2024-08-27,CUST1263,Yahvi Sarma,Bangalore,Karnataka,PID327,Football,Sports,Football,16422.41,3.0,5.0,,Returned,1.8
ORD12094,2023-02-14,CUST1862,Kalpit Chakraborty,KOLKATA,West Bengal,PID423,Mixer Grinder,Home & Kitchen,Mixer Grinder,14270.83,3.0,30.0,Net Banking,,2.7
ORD14572,2023-08-31,CUST1848,Zayan Hari,lucknow,Uttar Pradesh,PID399,Comic,books,Comic,26848.66,3.0,25.0,,Delayed,3.5
ORD11653,2024-09-19,CUST1482,Neel Bora, Pune ,Maharashtra,PID436,Perfume,beauty,Perfume,70244.86,1.0,20.0,Debit Card,Delivered,4.2
ORD14142,2023-03-27,CUST1241,Watika Ramesh, Chennai ,Tamil Nadu,PID178,Textbook,BOOKS,Textbook,32790.22,3.0,40.0,Debit Card,Cancelled,1.4
ORD14258,2023-08-31,CUST1835,Nirja Oza,HYDERABAD,Telangana,PID276,Bedsheet,Home & Kitchen,Bedsheet,77264.83,4.0,40.0,Net Banking,Delayed,1.0
ORD13040,2023-01-01,CUST1300,Anay Patla, Pune ,Maharashtra,PID178,Saree,fashion,Saree,70776.69,1.0,10.0,Cash on Delivery,Returned,3.5
ORD12678,2023-11-17,CUST1433,Pallavi Thakkar,DELHI,Delhi,PID364,Jeans,FASHION,Jeans,70739.24,1.0,5.0,,,2.3
ORD10289,2023-03-12,CUST1794,Kevin Sarin, Bangalore ,Karnataka,PID426,Saree,Fashion,Saree,48994.31,5.0,10.0,Net Banking,Delivered,2.8
ORD13108,2023-01-19,CUST1191,Yashasvi Sabharwal,Lucknow,Uttar Pradesh,PID228,Saree,FASHION,Saree,3893.78,1.0,30.0,Debit Card,Delayed,1.1
ORD10764,2023-01-18,CUST1371,Kashish Narain,Jaipur,Rajasthan,PID376,Novel,books,Novel,16557.72,5.0,15.0,Credit Card,Cancelled,4.0
ORD10576,2024-12-10,CUST1662,Yutika Kapoor,Mumbai,Maharashtra,PID317,Sunscreen,BEAUTY,Sunscreen,19818.74,5.0,5.0,Cash on Delivery,Delivered,2.3
ORD10851,2023-10-30,CUST1973,Eta Khalsa,hyderabad,Telangana,PID160,Sneakers,FASHION,Sneakers,74297.09,2.0,0.0,UPI,Delivered,1.7
ORD13884,2024-10-09,CUST1375,Advay Mander,Lucknow,Uttar Pradesh,PID211,Textbook,books,Textbook,88234.08,5.0,20.0,Net Banking,Returned,4.0
ORD11723,2023-05-04,CUST1442,Champak Gala,jaipur,Rajasthan,PID221,Jeans,fashion,Jeans,56917.55,2.0,30.0,,Returned,1.5
ORD13950,2023-05-03,CUST1524,Yochana Chada,Indore,Madhya Pradesh,PID201,Biography,BOOKS,Biography,57954.82,2.0,15.0,,Cancelled,
ORD11101,2023-11-28,CUST1171,Chasmum Dutt, Hyderabad ,Telangana,PID302,Novel,BOOKS,Novel,80690.17,4.0,40.0,Net Banking,Returned,4.4
ORD11208,2023-09-26,CUST1037,Bina Khanna,Ahmedabad,Gujarat,PID157,Cookware Set,home & kitchen,Cookware Set,73254.89,3.0,30.0,Net Banking,Cancelled,2.4
ORD11844,2023-12-27,CUST1244,Umang Reddy, Indore ,Madhya Pradesh,PID446,Jeans,Fashion,Jeans,16171.68,2.0,25.0,UPI,Returned,4.7
ORD11849,2024-06-10,CUST1353,Jacob Gade,INDORE,Madhya Pradesh,PID582,Cookware Set,home & kitchen,Cookware Set,56683.05,1.0,20.0,UPI,Cancelled,4.6
ORD12525,2024-07-22,CUST1471,Owen Tandon,Pune,Maharashtra,PID115,Dumbbells,sports,Dumbbells,18347.97,4.0,0.0,Credit Card,,4.9
ORD13948,2023-11-23,CUST1483,Jyoti Natarajan, Bangalore ,Karnataka,PID393,Saree,fashion,Saree,39341.69,2.0,5.0,UPI,Delayed,2.6
ORD11695,2024-07-17,CUST1234,Meera Balasubramanian,HYDERABAD,Telangana,PID469,Shampoo,Beauty,Shampoo,87360.47,4.0,30.0,UPI,Returned,4.8
ORD14182,2023-06-21,CUST1870,Qadim Bath, Bangalore ,Karnataka,PID357,Air Fryer,HOME & KITCHEN,Air Fryer,5158.52,5.0,10.0,Debit Card,Delivered,4.1
ORD14566,2023-05-31,CUST1639,Anmol Iyengar,Hyderabad,Telangana,PID429,Air Fryer,Home & Kitchen,Air Fryer,30595.15,1.0,20.0,UPI,Delivered,4.4
ORD13961,2023-01-29,CUST1294,Oeshi Varty,bangalore,Karnataka,PID409,Lipstick,beauty,Lipstick,69720.29,1.0,25.0,Cash on Delivery,Cancelled,3.8
ORD10234,2024-12-10,CUST1761,Advik Atwal,Surat,Gujarat,PID228,Tablet,Electronics,Tablet,66593.4,5.0,20.0,,Delivered,4.7
ORD13333,2023-08-25,CUST1677,Lucky Tailor,AHMEDABAD,Gujarat,PID473,Textbook,Books,Textbook,89500.71,3.0,10.0,Cash on Delivery,Delivered,2.8
ORD12648,2024-03-05,CUST1835,Mohini Shetty,KOLKATA,West Bengal,PID329,Bedsheet,Home & Kitchen,Bedsheet,9601.62,1.0,15.0,Debit Card,Delayed,3.2
ORD14042,2024-03-14,CUST1957,Samuel Gole,kolkata,West Bengal,PID136,Bedsheet,HOME & KITCHEN,Bedsheet,31645.91,1.0,30.0,Credit Card,Delayed,3.4
ORD11712,2024-03-07,CUST1940,Isha Chakraborty,bangalore,Karnataka,PID412,Smartwatch,Electronics,Smartwatch,73790.36,3.0,25.0,,Delivered,4.2
ORD10183,2023-05-12,CUST1172,Gaurang Kant, Lucknow ,Uttar Pradesh,PID573,Cricket Bat,Sports,Cricket Bat,52812.77,1.0,40.0,UPI,Delivered,4.4
ORD11463,2024-03-12,CUST1378,Maanas Bhakta,Indore,Madhya Pradesh,PID154,Face Wash,Beauty,Face Wash,42069.04,3.0,25.0,Net Banking,Delivered,2.1
ORD10050,2023-11-15,CUST1852,Nirja Chadha,Kolkata,West Bengal,PID178,Kurta,fashion,Kurta,79294.07,5.0,10.0,UPI,Delayed,3.2
ORD14988,2023-01-09,CUST1083,George Babu,JAIPUR,Rajasthan,PID594,Textbook,Books,Textbook,56170.52,5.0,0.0,,Delivered,1.3
ORD14583,2023-08-03,CUST1554,Adweta Rau,KOLKATA,West Bengal,PID225,Cricket Bat,sports,Cricket Bat,78675.61,4.0,5.0,UPI,Delayed,3.0
ORD10107,2023-02-21,CUST1008,Nimrat Nadkarni,delhi,Delhi,PID533,Face Wash,beauty,Face Wash,85079.17,2.0,0.0,,Delayed,3.4
ORD10444,2023-02-07,CUST1411,Ishani Lal,jaipur,Rajasthan,PID553,Bluetooth Speaker,ELECTRONICS,Bluetooth Speaker,84936.31,2.0,30.0,UPI,Returned,3.6
ORD11955,2024-07-14,CUST1205,Qabil Kothari,KOLKATA,West Bengal,PID411,Mixer Grinder,Home & Kitchen,Mixer Grinder,23226.95,2.0,0.0,Cash on Delivery,,4.2
ORD14743,2024-05-30,CUST1507,Leena Karnik,Jaipur,Rajasthan,PID402,Shampoo,Beauty,Shampoo,38536.68,1.0,10.0,UPI,Delivered,1.5
ORD10727,2023-10-27,CUST1949,Waida Virk, Indore ,Madhya Pradesh,PID361,Novel,books,Novel,69927.2,1.0,0.0,UPI,Delivered,4.3
ORD12239,2023-04-22,CUST1576,Shivansh Oza,Pune,Maharashtra,PID256,Air Fryer,Home & Kitchen,Air Fryer,75547.18,2.0,30.0,,Cancelled,3.6
ORD12331,2023-03-23,CUST1759,Maya Agarwal,surat,Gujarat,PID339,Shampoo,Beauty,Shampoo,43848.76,2.0,5.0,Credit Card,Cancelled,
ORD14126,2024-06-08,CUST1148,Radha Upadhyay, Kolkata ,West Bengal,PID347,Laptop,electronics,Laptop,41201.97,4.0,25.0,Net Banking,Delivered,3.2
ORD10170,2024-06-02,CUST1655,Bimala Menon, Mumbai ,Maharashtra,PID374,Face Wash,Beauty,Face Wash,-52924.61,1.0,30.0,Cash on Delivery,Returned,3.9
ORD11002,2024-11-12,CUST1764,Yuvraj Shenoy,indore,Madhya Pradesh,PID598,Jeans,FASHION,Jeans,49814.23,4.0,5.0,Cash on Delivery,Delayed,4.1
ORD13253,2024-04-09,CUST1676,Nilima Modi,JAIPUR,Rajasthan,PID119,Mixer Grinder,HOME & KITCHEN,Mixer Grinder,84698.19,4.0,25.0,Cash on Delivery,Delivered,2.9
ORD12149,2024-04-18,CUST1188,Ekta Issac,HYDERABAD,Telangana,PID464,Perfume,Beauty,Perfume,36313.48,2.0,20.0,Cash on Delivery,Returned,2.0
ORD10198,2024-02-01,CUST1306,Peter Misra,DELHI,Delhi,PID140,Cricket Bat,SPORTS,Cricket Bat,60182.48,5.0,0.0,Cash on Delivery,Cancelled,2.7
ORD14592,2024-02-09,CUST1462,Bhavya Goyal,Bangalore,Karnataka,PID260,Bluetooth Speaker,ELECTRONICS,Bluetooth Speaker,34034.44,3.0,20.0,Debit Card,Delivered,3.0
ORD13794,2024-09-08,CUST1446,Nitara Ahuja, Mumbai ,Maharashtra,PID586,T-Shirt,FASHION,T-Shirt,61506.0,2.0,40.0,Credit Card,Delayed,3.8
ORD10648,2023-10-27,CUST1960,Vinaya Mall,Delhi,Delhi,PID378,T-Shirt,FASHION,T-Shirt,5240.41,3.0,15.0,,Delivered,2.6
ORD13036,2024-10-16,CUST1179,Ekalinga Banik,SURAT,Gujarat,PID518,Yoga Mat,Sports,Yoga Mat,31274.87,3.0,10.0,Cash on Delivery,Returned,3.8
ORD14141,2023-10-19,CUST1859,Samaksh Sachdeva,HYDERABAD,Telangana,PID255,Shampoo,beauty,Shampoo,84639.39,4.0,15.0,Credit Card,Returned,1.8
ORD13734,2023-03-06,CUST1358,Mitesh Comar, Surat ,Gujarat,PID297,Laptop,electronics,Laptop,17118.49,2.0,20.0,,Delivered,2.4
ORD12759,2023-07-21,CUST1342,Krishna Oza,CHENNAI,Tamil Nadu,PID287,Headphones,Electronics,Headphones,59093.68,3.0,10.0,Debit Card,Delayed,
ORD10374,2023-04-22,CUST1974,Niharika Natt,AHMEDABAD,Gujarat,PID421,Cricket Bat,sports,Cricket Bat,80287.5,2.0,5.0,Credit Card,,1.4
ORD14775,2024-01-28,CUST1618,Gaurav Sura,bangalore,Karnataka,PID257,Shampoo,beauty,Shampoo,61520.86,3.0,40.0,Credit Card,Delivered,1.6
ORD10567,2023-05-02,CUST1438,Raagini Sachdeva,BANGALORE,Karnataka,PID371,Smartwatch,Electronics,Smartwatch,89170.51,3.0,25.0,UPI,Cancelled,4.7
ORD13721,2024-09-26,CUST1387,Peter Sura, Ahmedabad ,Gujarat,PID437,Smartwatch,ELECTRONICS,Smartwatch,21804.34,5.0,40.0,Cash on Delivery,Delivered,2.9
ORD12896,2023-07-11,CUST1301,Abhimanyu Bala, Mumbai ,Maharashtra,PID375,Shampoo,Beauty,Shampoo,29813.9,2.0,40.0,Debit Card,,2.1
ORD14557,2024-12-03,CUST1556,Timothy Mann,ahmedabad,Gujarat,PID206,Comic,BOOKS,Comic,14373.04,2.0,25.0,Cash on Delivery,,2.3
ORD13486,21/06/2024,CUST1551,Yuvraj Ray, Bangalore ,Karnataka,PID550,Perfume,BEAUTY,Perfume,78087.41,4.0,40.0,UPI,Cancelled,
ORD11156,2024-08-05,CUST1678,Shivani Padmanabhan,Jaipur,Rajasthan,PID597,Biography,books,Biography,74832.88,3.0,10.0,UPI,Delivered,2.5
ORD14136,2023-03-07,CUST1314,Bhavika Grover,Pune,Maharashtra,PID516,Bluetooth Speaker,electronics,Bluetooth Speaker,86253.57,0.0,20.0,UPI,Delayed,4.1
ORD10974,2023-01-01,CUST1478,Anya Lata,ahmedabad,Gujarat,PID353,Face Wash,Beauty,Face Wash,76481.66,1.0,10.0,Net Banking,Returned,1.9
ORD13288,2024-08-01,CUST1442,Lajita Chowdhury,KOLKATA,West Bengal,PID185,Smartphone,ELECTRONICS,Smartphone,12786.94,2.0,25.0,UPI,Delivered,3.9
ORD13628,2024-10-31,CUST1589,Faqid Bhat, Chennai ,Tamil Nadu,PID587,Water Bottle,home & kitchen,Water Bottle,52303.04,2.0,40.0,Debit Card,Returned,
ORD13639,2024-02-02,CUST1349,Onkar Kashyap,pune,Maharashtra,PID159,T-Shirt,FASHION,T-Shirt,50447.77,3.0,5.0,Cash on Delivery,Delivered,1.5
ORD11836,2024-12-10,CUST1248,Banjeet Sen,HYDERABAD,Telangana,PID140,Water Bottle,Home & Kitchen,Water Bottle,35201.68,3.0,10.0,UPI,Delivered,5.0
ORD12309,2024-12-09,CUST1763,Vidhi Wagle,HYDERABAD,Telangana,PID322,Perfume,beauty,Perfume,59090.18,2.0,5.0,Debit Card,Delivered,4.9
ORD11841,2023-01-24,CUST1345,Zayyan Bandi,ahmedabad,Gujarat,PID248,Sneakers,FASHION,Sneakers,67129.95,5.0,40.0,,Delivered,1.7
ORD14924,2024-08-17,CUST1183,Elijah Chhabra,Bangalore,Karnataka,PID148,Comic,Books,Comic,46185.8,5.0,20.0,UPI,Delivered,1.2
ORD12045,2024-06-25,CUST1401,Samesh Nayar,PUNE,Maharashtra,PID284,Perfume,BEAUTY,Perfume,6203.65,3.0,5.0,Credit Card,Delivered,4.6
ORD14406,2023-08-08,CUST1064,Damyanti Koshy, Jaipur ,Rajasthan,PID100,Sneakers,FASHION,Sneakers,85730.57,1.0,30.0,Debit Card,Delayed,4.9
ORD14373,2024-07-30,CUST1284,Omisha Sengupta, Delhi ,Delhi,PID261,Cookware Set,HOME & KITCHEN,Cookware Set,28699.14,4.0,15.0,Net Banking,Delivered,3.4
ORD14733,2023-10-11,CUST1529,Udarsh Gupta,CHENNAI,Tamil Nadu,PID258,Cricket Bat,Sports,Cricket Bat,8586.82,1.0,20.0,Cash on Delivery,Delivered,2.0
ORD14751,2023-11-22,CUST1093,Harsh Bhattacharyya, Jaipur ,Rajasthan,PID260,Jeans,FASHION,Jeans,30011.63,5.0,20.0,,Delivered,2.7
ORD14719,2023-02-04,CUST1889,Saanvi Batta,MUMBAI,Maharashtra,PID154,Water Bottle,Home & Kitchen,Water Bottle,5575.03,1.0,30.0,,Delivered,3.5
ORD10845,2023-01-02,CUST1732,Vyanjana Patel, Ahmedabad ,Gujarat,PID534,Dumbbells,Sports,Dumbbells,72204.4,2.0,40.0,Cash on Delivery,Cancelled,1.2
ORD14490,2024-05-31,CUST1751,Qasim Vig,Hyderabad,Telangana,PID303,Bluetooth Speaker,electronics,Bluetooth Speaker,65491.62,1.0,25.0,Net Banking,Delivered,4.9
ORD12156,2023-02-21,CUST1386,Oliver Kashyap, Jaipur ,Rajasthan,PID411,Biography,BOOKS,Biography,84054.79,4.0,0.0,Debit Card,Delayed,2.8
ORD10350,2024-12-26,CUST1712,Vanya Dutt,MUMBAI,Maharashtra,PID194,T-Shirt,Fashion,T-Shirt,55802.84,2.0,5.0,Cash on Delivery,Returned,1.3
ORD10785,2024-10-26,CUST1390,Anamika Basu, Ahmedabad ,Gujarat,PID456,Jacket,FASHION,Jacket,22504.64,2.0,0.0,UPI,Delayed,3.9
ORD10048,2024-02-26,CUST1322,Nitara Din, Delhi ,Delhi,PID229,Shampoo,Beauty,Shampoo,42380.43,1.0,25.0,Net Banking,Delivered,2.2
ORD13652,2024-10-02,CUST1036,Hiral Raman,MUMBAI,Maharashtra,PID402,Mixer Grinder,Home & Kitchen,Mixer Grinder,14079.52,5.0,40.0,Cash on Delivery,Delivered,3.7
ORD14499,2023-08-26,CUST1410,Jack Kakar,hyderabad,Telangana,PID526,Cricket Bat,SPORTS,Cricket Bat,76639.47,1.0,10.0,,Delivered,4.0
ORD14019,2023-11-07,CUST1029,Nirja Shan, Surat ,Gujarat,PID142,Bluetooth Speaker,electronics,Bluetooth Speaker,1847.03,4.0,30.0,,Cancelled,2.8
ORD11440,2024-07-01,CUST1185,Ojasvi Misra,SURAT,Gujarat,PID364,Smartphone,ELECTRONICS,Smartphone,66563.54,1.0,20.0,Credit Card,Returned,1.9
ORD11866,2024-12-03,CUST1635,Zayan Chaudhuri,Lucknow,Uttar Pradesh,PID493,Novel,Books,Novel,44435.94,3.0,10.0,Debit Card,Delivered,4.8
ORD13196,2023-05-24,CUST1345,Tripti Char,Pune,Maharashtra,PID420,Shampoo,beauty,Shampoo,41260.91,1.0,5.0,,Returned,3.0
ORD10034,2023-07-24,CUST1970,Lajita Singhal,Chennai,Tamil Nadu,PID211,Novel,books,Novel,20296.36,1.0,15.0,Cash on Delivery,Returned,3.5
ORD10788,2023-04-10,CUST1866,Guneet Gola, Delhi ,Delhi,PID550,Comic,books,Comic,86020.7,2.0,25.0,Net Banking,Delivered,4.7
ORD14578,2023-07-28,CUST1497,Zashil Char,chennai,Tamil Nadu,PID186,Smartphone,electronics,Smartphone,11104.12,5.0,15.0,Credit Card,Delivered,3.0
ORD12628,2024-11-17,CUST1755,Sneha Varkey,Mumbai,Maharashtra,PID320,Saree,Fashion,Saree,76540.56,4.0,0.0,Net Banking,Delivered,4.2
ORD10932,2024-04-08,CUST1281,Oeshi Dhingra,Jaipur,Rajasthan,PID198,Smartphone,electronics,Smartphone,52521.7,4.0,25.0,,Cancelled,1.7
ORD12405,12/03/2024,CUST1296,Yagnesh Vasa,ahmedabad,Gujarat,PID303,Air Fryer,Home & Kitchen,Air Fryer,23519.15,1.0,30.0,,Delayed,2.7
ORD11686,2024-05-10,CUST1761,Yochana Saraf,lucknow,Uttar Pradesh,PID279,Comic,books,Comic,64673.0,1.0,0.0,Cash on Delivery,Delivered,3.3
ORD11249,2023-10-18,CUST1054,Lila Patla,CHENNAI,Tamil Nadu,PID148,Cookware Set,home & kitchen,Cookware Set,68673.13,4.0,20.0,Cash on Delivery,Delayed,3.8
ORD14856,2023-07-16,CUST1430,Harrison Nadkarni, Ahmedabad ,Gujarat,PID463,T-Shirt,FASHION,T-Shirt,27330.29,1.0,20.0,,Returned,3.3
ORD10093,2023-02-12,CUST1771,Vedant Rau,bangalore,Karnataka,PID431,Lipstick,Beauty,Lipstick,5819.58,3.0,15.0,Net Banking,Delayed,2.2
ORD12852,2024-11-30,CUST1914,Rajeshri Shenoy,pune,Maharashtra,PID330,Headphones,electronics,Headphones,24973.33,3.0,5.0,Debit Card,Delivered,3.9
ORD12794,2024-03-23,CUST1579,Chaitaly Mander,Surat,Gujarat,PID427,Perfume,Beauty,Perfume,15757.98,4.0,30.0,UPI,Delivered,3.2
ORD10765,2024-07-07,CUST1399,Jeevika Dyal, Jaipur ,Rajasthan,PID561,Jacket,FASHION,Jacket,15132.8,5.0,10.0,Debit Card,Delivered,3.4
ORD12989,2023-02-21,CUST1783,Vihaan Basak,CHENNAI,Tamil Nadu,PID183,Laptop,ELECTRONICS,Laptop,44693.93,4.0,5.0,Net Banking,,4.4
ORD12449,2024-11-14,CUST1825,Gaurang Choudhary,jaipur,Rajasthan,PID576,Water Bottle,Home & Kitchen,Water Bottle,11845.65,1.0,0.0,Credit Card,Cancelled,1.7
ORD11729,2023-02-20,CUST1656,Rajeshri Varghese,kolkata,West Bengal,PID230,Mixer Grinder,Home & Kitchen,Mixer Grinder,46491.49,1.0,15.0,Net Banking,,3.4
ORD10258,2023-09-21,CUST1007,Manthan Oak,Pune,Maharashtra,PID292,Cricket Bat,sports,Cricket Bat,12179.4,1.0,30.0,Net Banking,Cancelled,3.8
ORD11220,2023-09-10,CUST1497,Nathan Seshadri,KOLKATA,West Bengal,PID193,Saree,FASHION,Saree,51193.77,1.0,20.0,Credit Card,,
ORD11162,2024-11-07,CUST1651,Zayyan Vasa, Bangalore ,Karnataka,PID453,Jacket,fashion,Jacket,26446.77,4.0,20.0,UPI,,2.9
ORD10773,2024-10-05,CUST1645,Darsh Rama,SURAT,Gujarat,PID584,Headphones,Electronics,Headphones,70964.05,5.0,30.0,Credit Card,Cancelled,2.7
ORD10313,2024-06-17,CUST1040,Patrick Madan, Mumbai ,Maharashtra,PID385,Shampoo,beauty,Shampoo,54772.51,4.0,0.0,Credit Card,Cancelled,2.8
ORD14387,2024-12-01,CUST1239,Vamakshi Sridhar,MUMBAI,Maharashtra,PID584,Jacket,FASHION,Jacket,61218.97,4.0,30.0,Debit Card,Cancelled,2.0
ORD14033,2024-08-03,CUST1148,Chameli Bahri,hyderabad,Telangana,PID180,Novel,books,Novel,69961.44,1.0,10.0,Debit Card,Returned,
ORD14860,2023-09-16,CUST1469,Qabil Barad,Mumbai,Maharashtra,PID554,Cricket Bat,SPORTS,Cricket Bat,4258.03,3.0,40.0,Cash on Delivery,Delayed,1.1
ORD12998,2023-09-24,CUST1278,Hemal Sarna,Bangalore,Karnataka,PID217,Bedsheet,HOME & KITCHEN,Bedsheet,68088.15,1.0,30.0,Cash on Delivery,Cancelled,1.6
ORD14280,2024-02-27,CUST1723,Chavvi Loke,CHENNAI,Tamil Nadu,PID420,Dumbbells,Sports,Dumbbells,70002.06,1.0,0.0,Net Banking,Delivered,2.8
ORD11177,2024-06-17,CUST1318,Yatan Baria, Jaipur ,Rajasthan,PID496,Saree,fashion,Saree,82413.63,4.0,25.0,Cash on Delivery,Delivered,3.9
ORD13897,2023-11-16,CUST1314,Gaurika Trivedi,PUNE,Maharashtra,PID517,Perfume,beauty,Perfume,40693.77,4.0,5.0,Net Banking,,5.0
ORD11350,2024-07-26,CUST1877,Harish Savant,Kolkata,West Bengal,PID289,Tablet,electronics,Tablet,89400.36,1.0,20.0,Net Banking,,2.6
ORD13776,2023-11-22,CUST1228,Rachana Kulkarni,KOLKATA,West Bengal,PID454,Cricket Bat,SPORTS,Cricket Bat,34093.65,3.0,25.0,UPI,Delivered,3.5
ORD13117,2023-07-25,CUST1441,Tamanna Vala,JAIPUR,Rajasthan,PID158,Saree,FASHION,Saree,21147.67,1.0,15.0,UPI,Returned,2.4
ORD13517,2024-06-29,CUST1502,Jai Saxena,indore,Madhya Pradesh,PID339,Cricket Bat,SPORTS,Cricket Bat,75086.95,1.0,10.0,Credit Card,Returned,2.2
ORD12299,2023-09-02,CUST1787,Anthony Sekhon,Mumbai,Maharashtra,PID410,Smartphone,ELECTRONICS,Smartphone,67209.2,3.0,10.0,Cash on Delivery,Delivered,
ORD12872,02/06/2024,CUST1321,Avni Kulkarni,lucknow,Uttar Pradesh,PID124,Water Bottle,HOME & KITCHEN,Water Bottle,34321.04,4.0,30.0,UPI,Cancelled,1.2
ORD10392,2023-08-08,CUST1689,Nihal Varma,AHMEDABAD,Gujarat,PID590,Tablet,ELECTRONICS,Tablet,64465.68,0.0,5.0,,Cancelled,4.4
ORD11457,2023-03-03,CUST1857,Oliver Natt,Hyderabad,Telangana,PID580,Laptop,ELECTRONICS,Laptop,45249.68,5.0,10.0,,Delayed,1.8
ORD11093,2023-08-25,CUST1791,Oeshi Mall,LUCKNOW,Uttar Pradesh,PID469,Sneakers,FASHION,Sneakers,49634.4,5.0,0.0,Cash on Delivery,Delivered,
ORD13240,2024-08-05,CUST1751,Gautam Sandal,Jaipur,Rajasthan,PID449,Lipstick,beauty,Lipstick,85901.8,4.0,20.0,Debit Card,Cancelled,1.2
ORD12765,04/10/2023,CUST1267,Rushil Barad,JAIPUR,Rajasthan,PID477,Laptop,Electronics,Laptop,35900.92,2.0,5.0,Debit Card,Delivered,4.1
ORD12779,2024-05-10,CUST1777,Omisha Saran,surat,Gujarat,PID201,Novel,BOOKS,Novel,84033.5,3.0,20.0,Credit Card,,1.8
ORD14463,2024-10-07,CUST1337,Zilmil Borah,pune,Maharashtra,PID402,Saree,FASHION,Saree,8091.43,3.0,0.0,Debit Card,Delivered,4.5
ORD14442,2023-03-17,CUST1227,Chandresh Pathak,MUMBAI,Maharashtra,PID531,Headphones,electronics,Headphones,54531.24,3.0,5.0,Credit Card,,
ORD13657,2023-09-27,CUST1781,Aadhya Dhar,indore,Madhya Pradesh,PID573,Sneakers,FASHION,Sneakers,33158.92,2.0,25.0,Net Banking,Returned,1.7
ORD12584,2024-12-19,CUST1374,Jack Comar,HYDERABAD,Telangana,PID133,Cricket Bat,Sports,Cricket Bat,56133.39,5.0,25.0,Credit Card,Delivered,
ORD13258,26/06/2023,CUST1792,Fitan Gokhale,SURAT,Gujarat,PID275,Bedsheet,HOME & KITCHEN,Bedsheet,24846.19,3.0,10.0,Net Banking,Returned,4.2
ORD11373,2023-01-17,CUST1072,Avni Kunda,kolkata,West Bengal,PID291,Face Wash,Beauty,Face Wash,1092.08,4.0,30.0,Debit Card,Cancelled,2.4
ORD10920,2023-01-02,CUST1188,Jack Babu,HYDERABAD,Telangana,PID516,Sunscreen,beauty,Sunscreen,24352.02,4.0,40.0,Debit Card,Returned,2.6
ORD14308,2023-01-04,CUST1797,Peter Desai,Bangalore,Karnataka,PID504,Laptop,electronics,Laptop,54442.09,4.0,5.0,,Delivered,3.3
ORD12551,2023-03-09,CUST1518,Dayamai Varty, Jaipur ,Rajasthan,PID278,Biography,BOOKS,Biography,26348.03,2.0,15.0,Net Banking,Delivered,2.0
ORD10538,2024-12-18,CUST1969,Jyoti Sant,JAIPUR,Rajasthan,PID484,Laptop,ELECTRONICS,Laptop,65590.22,4.0,25.0,UPI,Delivered,2.1
ORD11221,2023-09-13,CUST1699,Ekalinga Bakshi,Bangalore,Karnataka,PID311,Face Wash,beauty,Face Wash,49091.5,4.0,25.0,Debit Card,Delivered,3.1
ORD14272,2024-07-16,CUST1012,Ishanvi Som, Lucknow ,Uttar Pradesh,PID495,Cricket Bat,Sports,Cricket Bat,84261.74,5.0,5.0,Debit Card,Returned,4.6
