order_id,order_date,customer_id,customer_name,city,state,product_id,product_name,category,sub_category,price,quantity,discount,payment_method,delivery_status,rating,total_amount
ORD14701,2023-09-22,CUST1394,Fitan Deshpande,Hyderabad,Telangana,PID260,Novel,Books,Novel,18208.12,2.0,40.0,Cash on Delivery,Delivered,1.3,21849.74
ORD13624,2024-03-18,CUST1131,Zansi Reddy,Indore,Madhya Pradesh,PID168,Textbook,Books,Textbook,78805.96,1.0,30.0,Net Banking,Returned,4.6,55164.17
ORD13341,2023-09-20,CUST1239,Rayaan Ratti,Hyderabad,Telangana,PID562,Bluetooth Speaker,Electronics,Bluetooth Speaker,16064.58,5.0,5.0,Credit Card,Delivered,3.9,76306.75
ORD12270,2024-02-07,CUST1105,Mitesh Thakkar,Jaipur,Rajasthan,PID340,Kurta,Fashion,Kurta,39626.69,3.0,15.0,Net Banking,Delivered,2.6,101048.06
ORD10617,2023-08-13,CUST1231,Rachit Ravi,Jaipur,Rajasthan,PID551,Comic,Books,Comic,54729.21,1.0,5.0,Credit Card,Delivered,4.6,51992.75
ORD13010,2024-04-26,CUST1379,Lajita Pandit,Hyderabad,Telangana,PID422,Sneakers,Fashion,Sneakers,37328.13,4.0,40.0,UPI,Delivered,1.0,89587.51
ORD11628,2024-11-11,CUST1947,Ati Badami,Mumbai,Maharashtra,PID164,Novel,Books,Novel,5439.78,5.0,10.0,Net Banking,Delivered,4.2,24479.01
ORD14078,2024-02-06,CUST1561,Anjali Pal,Bangalore,Karnataka,PID269,Mixer Grinder,Home & Kitchen,Mixer Grinder,77706.99,1.0,25.0,Net Banking,Delivered,4.0,58280.24
ORD10962,2024-10-01,CUST1910,Ekaja Som,Indore,Madhya Pradesh,PID367,T-Shirt,Fashion,T-Shirt,89583.41,2.0,30.0,Debit Card,Unknown,2.5,125416.77
ORD12957,2023-05-15,CUST1559,Gavin Chaudhry,Hyderabad,Telangana,PID260,Mixer Grinder,Home & Kitchen,Mixer Grinder,46107.82,1.0,5.0,Net Banking,Cancelled,4.8,43802.43
ORD10146,2024-09-09,CUST1711,Ucchal Pai,Chennai,Tamil Nadu,PID424,Air Fryer,Home & Kitchen,Air Fryer,38840.87,5.0,25.0,Cash on Delivery,Delivered,1.8,145653.26
ORD13838,2024-10-09,CUST1466,Unni Varma,Pune,Maharashtra,PID166,Football,Sports,Football,85715.01,1.0,15.0,Debit Card,Delivered,3.0,72857.76
ORD13067,2023-10-07,CUST1221,Nihal Ramachandran,Mumbai,Maharashtra,PID272,Perfume,Beauty,Perfume,57786.69,2.0,5.0,Cash on Delivery,Delivered,1.2,109794.71
ORD12970,2023-07-16,CUST1312,Hredhaan Guha,Ahmedabad,Gujarat,PID244,Biography,Books,Biography,22224.83,5.0,5.0,Net Banking,Delivered,1.7,105567.94
ORD13374,2023-10-02,CUST1537,Girindra Uppal,Indore,Madhya Pradesh,PID578,Jeans,Fashion,Jeans,80675.9,2.0,10.0,UPI,Cancelled,4.1,145216.62
ORD11287,2023-08-01,CUST1813,Ranveer Oommen,Jaipur,Rajasthan,PID381,Sunscreen,Beauty,Sunscreen,21057.1,4.0,0.0,Credit Card,Returned,4.2,84228.4
ORD12285,2024-01-01,CUST1690,Lavanya Chaudry,Delhi,Delhi,PID577,Smartwatch,Electronics,Smartwatch,43675.6,1.0,20.0,Debit Card,Cancelled,3.7,34940.48
ORD13862,2024-03-16,CUST1592,Abhimanyu Vora,Chennai,Tamil Nadu,PID404,Comic,Books,Comic,65471.15,5.0,40.0,UPI,Delivered,3.9,196413.45
ORD14491,2024-01-01,CUST1139,Abhiram Mishra,Chennai,Tamil Nadu,PID453,Yoga Mat,Sports,Yoga Mat,32183.92,4.0,20.0,Debit Card,Delayed,2.5,102988.54
ORD11105,2024-12-26,CUST1560,Advay Khurana,Indore,Madhya Pradesh,PID292,Water Bottle,Home & Kitchen,Water Bottle,41817.94,1.0,0.0,Credit Card,Delayed,5.0,41817.94
ORD14648,2024-06-07,CUST1375,Yatin Date,Jaipur,Rajasthan,PID246,Textbook,Books,Textbook,79771.1,1.0,40.0,Cash on Delivery,Cancelled,1.5,47862.66
ORD10162,2024-04-10,CUST1680,Max Mukherjee,Surat,Gujarat,PID457,Face Wash,Beauty,Face Wash,71544.69,3.0,25.0,Unknown,Delivered,,160975.55
ORD10359,2023-11-26,CUST1123,Yasti Murty,Delhi,Delhi,PID240,Textbook,Books,Textbook,72430.15,4.0,10.0,Net Banking,Delivered,4.2,260748.54
ORD13488,2023-06-30,CUST1503,Vansha Khosla,Indore,Madhya Pradesh,PID404,Lipstick,Beauty,Lipstick,49737.07,5.0,10.0,Credit Card,Delivered,1.2,223816.82
ORD13436,2024-12-04,CUST1218,Widisha Nayak,Mumbai,Maharashtra,PID379,Cookware Set,Home & Kitchen,Cookware Set,27479.28,5.0,0.0,Credit Card,Delivered,2.6,137396.4
ORD12917,2024-08-06,CUST1951,Kamya Pau,Lucknow,Uttar Pradesh,PID362,Sunscreen,Beauty,Sunscreen,86758.18,4.0,10.0,Debit Card,Unknown,3.4,312329.45
ORD14151,2024-05-23,CUST1266,Zehaan Johal,Ahmedabad,Gujarat,PID286,Smartwatch,Electronics,Smartwatch,80590.31,4.0,10.0,UPI,Unknown,4.8,290125.12
ORD10471,2023-11-17,CUST1308,Yadavi Mander,Delhi,Delhi,PID412,Biography,Books,Biography,56337.59,1.0,30.0,UPI,Unknown,3.8,39436.31
ORD10454,2024-02-01,CUST1090,Prisha Deshpande,Surat,Gujarat,PID543,Shampoo,Beauty,Shampoo,40499.37,5.0,30.0,Unknown,Delayed,2.6,141747.79
ORD10701,2023-08-01,CUST1525,Yagnesh Bhatnagar,Bangalore,Karnataka,PID495,Biography,Books,Biography,48484.7,3.0,20.0,Unknown,Unknown,4.9,116363.28
ORD14100,2023-06-08,CUST1009,Darsh Bedi,Ahmedabad,Gujarat,PID340,Mixer Grinder,Home & Kitchen,Mixer Grinder,12549.93,3.0,10.0,Cash on Delivery,Delivered,3.3,33884.81
ORD10079,2023-07-01,CUST1946,Tejas Hari,Ahmedabad,Gujarat,PID551,Yoga Mat,Sports,Yoga Mat,9386.99,2.0,5.0,Net Banking,Unknown,3.5,17835.28
ORD13539,2024-01-29,CUST1336,Xalak Bajaj,Ahmedabad,Gujarat,PID478,Air Fryer,Home & Kitchen,Air Fryer,56046.91,4.0,5.0,Net Banking,Delayed,3.6,212978.26
ORD13732,2023-07-02,CUST1078,Krishna Vohra,Pune,Maharashtra,PID529,Dumbbells,Sports,Dumbbells,62787.91,2.0,30.0,Debit Card,Delivered,1.9,87903.07
ORD14438,2023-11-28,CUST1765,Hritik Bath,Ahmedabad,Gujarat,PID511,Textbook,Books,Textbook,6746.22,3.0,15.0,Debit Card,Cancelled,3.8,17202.86
ORD13758,2023-09-24,CUST1116,Bakhshi Prabhu,Hyderabad,Telangana,PID285,Cookware Set,Home & Kitchen,Cookware Set,87137.78,3.0,10.0,Net Banking,Unknown,4.2,235272.01
ORD11789,2024-08-08,CUST1648,Anay Sood,Mumbai,Maharashtra,PID564,Yoga Mat,Sports,Yoga Mat,61864.29,1.0,15.0,Net Banking,Delivered,3.6,52584.65
ORD10434,2023-06-01,CUST1482,Matthew Andra,Ahmedabad,Gujarat,PID110,Jacket,Fashion,Jacket,39305.59,2.0,40.0,Credit Card,Returned,1.1,47166.71
ORD12988,2023-11-10,CUST1917,Dayita Sachdev,Surat,Gujarat,PID169,Kurta,Fashion,Kurta,20583.19,4.0,10.0,Unknown,Delivered,3.0,74099.48
ORD13111,2024-02-28,CUST1050,Warinder Kunda,Jaipur,Rajasthan,PID466,Yoga Mat,Sports,Yoga Mat,39951.29,4.0,30.0,Debit Card,Cancelled,1.1,111863.61
ORD10388,2024-03-03,CUST1707,Balendra Sane,Ahmedabad,Gujarat,PID285,Saree,Fashion,Saree,74866.88,5.0,5.0,UPI,Delayed,1.3,355617.68
ORD10742,2023-11-30,CUST1109,Anvi Srinivas,Surat,Gujarat,PID138,Jeans,Fashion,Jeans,64543.04,3.0,30.0,Net Banking,Cancelled,4.0,135540.38
ORD12605,2024-09-25,CUST1136,Kamya Singhal,Indore,Madhya Pradesh,PID136,Novel,Books,Novel,85836.88,2.0,25.0,UPI,Delivered,,128755.32
ORD14828,2024-08-12,CUST1731,Chaaya Dara,Delhi,Delhi,PID530,Saree,Fashion,Saree,36515.06,4.0,20.0,Cash on Delivery,Delivered,1.3,116848.19
ORD11013,2023-01-06,CUST1623,Hiral Gour,Kolkata,West Bengal,PID595,Cookware Set,Home & Kitchen,Cookware Set,25055.0,1.0,15.0,Unknown,Cancelled,5.0,21296.75
ORD13507,2024-11-11,CUST1236,Vedant Shanker,Delhi,Delhi,PID128,Water Bottle,Home & Kitchen,Water Bottle,64408.64,2.0,25.0,Unknown,Delivered,3.9,96612.96
ORD10789,2023-11-16,CUST1509,Siddharth Bath,Bangalore,Karnataka,PID198,Saree,Fashion,Saree,73320.38,5.0,5.0,Net Banking,Cancelled,1.4,348271.8
ORD14036,2024-10-26,CUST1965,Jagvi Bansal,Jaipur,Rajasthan,PID197,Yoga Mat,Sports,Yoga Mat,37729.27,4.0,15.0,Net Banking,Unknown,4.2,128279.52
ORD12859,2023-10-03,CUST1064,Tejas Savant,Ahmedabad,Gujarat,PID566,Bedsheet,Home & Kitchen,Bedsheet,63019.69,3.0,20.0,Unknown,Unknown,1.6,151247.26
ORD12870,2023-01-25,CUST1637,Jonathan Pall,Chennai,Tamil Nadu,PID578,Cricket Bat,Sports,Cricket Bat,30323.16,2.0,40.0,Debit Card,Cancelled,,36387.79
ORD11926,2023-10-07,CUST1604,Neha Palla,Jaipur,Rajasthan,PID448,Face Wash,Beauty,Face Wash,63177.01,1.0,15.0,Debit Card,Delivered,2.3,53700.46
ORD11123,2024-05-22,CUST1747,Jagat Master,Kolkata,West Bengal,PID381,Jacket,Fashion,Jacket,20456.59,1.0,5.0,Credit Card,Delivered,4.3,19433.76
ORD10326,2024-02-28,CUST1114,Gagan Parsa,Delhi,Delhi,PID291,Saree,Fashion,Saree,77833.74,3.0,20.0,Debit Card,Delivered,4.5,186800.98
ORD10195,2024-12-14,CUST1098,Varenya Nadkarni,Lucknow,Uttar Pradesh,PID125,Yoga Mat,Sports,Yoga Mat,80094.33,2.0,30.0,Unknown,Delivered,4.7,112132.06
ORD13264,2024-11-07,CUST1961,William Raj,Indore,Madhya Pradesh,PID175,Smartphone,Electronics,Smartphone,73913.07,5.0,25.0,Net Banking,Delivered,4.5,277174.01
ORD13364,2024-12-11,CUST1086,Simon Munshi,Chennai,Tamil Nadu,PID145,Jeans,Fashion,Jeans,8039.17,2.0,15.0,UPI,Delivered,2.1,13666.59
ORD12929,2023-05-05,CUST1319,Madhav Basak,Mumbai,Maharashtra,PID559,Lipstick,Beauty,Lipstick,54665.59,5.0,20.0,Net Banking,Delivered,1.8,218662.36
ORD10501,2024-09-06,CUST1650,Om Ahluwalia,Indore,Madhya Pradesh,PID489,Face Wash,Beauty,Face Wash,48325.91,2.0,5.0,Unknown,Delivered,3.5,91819.23
ORD14240,2023-12-24,CUST1165,Anita Dutt,Ahmedabad,Gujarat,PID443,Yoga Mat,Sports,Yoga Mat,8902.0,1.0,10.0,Net Banking,Unknown,1.0,8011.8
ORD10428,2024-04-01,CUST1628,Henry Mukherjee,Surat,Gujarat,PID195,Perfume,Beauty,Perfume,54375.7,3.0,40.0,Cash on Delivery,Delivered,2.9,97876.26
ORD10214,2023-01-19,CUST1105,Daksh Borra,Pune,Maharashtra,PID296,Shampoo,Beauty,Shampoo,569.52,1.0,15.0,Unknown,Delivered,3.5,484.09
ORD14489,2023-10-01,CUST1025,Saumya Chaudhry,Ahmedabad,Gujarat,PID276,Mixer Grinder,Home & Kitchen,Mixer Grinder,57471.19,3.0,5.0,UPI,Returned,,163792.89
ORD14171,2023-04-30,CUST1633,Jasmit Gour,Ahmedabad,Gujarat,PID505,Mixer Grinder,Home & Kitchen,Mixer Grinder,28365.76,3.0,5.0,Unknown,Unknown,4.5,80842.42
ORD13933,2024-02-24,CUST1953,Divya Din,Delhi,Delhi,PID405,Headphones,Electronics,Headphones,23135.49,1.0,25.0,Debit Card,Cancelled,3.3,17351.62
ORD13998,2024-02-18,CUST1309,Falguni Srinivasan,Mumbai,Maharashtra,PID188,Jeans,Fashion,Jeans,32790.57,4.0,0.0,UPI,Delayed,3.6,131162.28
ORD11207,2024-01-26,CUST1954,Arin Tailor,Delhi,Delhi,PID133,Novel,Books,Novel,46142.78,4.0,20.0,Cash on Delivery,Delivered,3.9,147656.9
ORD12595,2023-09-12,CUST1153,Deepa Tella,Kolkata,West Bengal,PID435,Laptop,Electronics,Laptop,88885.84,5.0,25.0,Unknown,Delivered,3.2,333321.9
ORD10922,2024-01-13,CUST1206,Nilima Swamy,Mumbai,Maharashtra,PID539,Bluetooth Speaker,Electronics,Bluetooth Speaker,37290.02,2.0,5.0,Unknown,Delivered,2.6,70851.04
ORD11538,2023-09-25,CUST1824,Krisha Manda,Bangalore,Karnataka,PID393,Smartwatch,Electronics,Smartwatch,79796.23,2.0,10.0,Cash on Delivery,Delivered,4.6,143633.21
ORD13999,2024-12-15,CUST1399,Ayushman Wable,Jaipur,Rajasthan,PID321,Smartphone,Electronics,Smartphone,28108.91,5.0,15.0,Cash on Delivery,Cancelled,1.1,119462.87
ORD10832,2023-11-18,CUST1166,Falak Zacharia,Chennai,Tamil Nadu,PID400,Face Wash,Beauty,Face Wash,41924.81,4.0,40.0,Unknown,Cancelled,2.1,100619.54
ORD12969,2024-10-06,CUST1496,Mugdha Iyer,Surat,Gujarat,PID495,Comic,Books,Comic,84270.41,2.0,5.0,UPI,Delivered,1.0,160113.78
ORD14283,2023-03-01,CUST1495,Ranbir Nayar,Pune,Maharashtra,PID144,Air Fryer,Home & Kitchen,Air Fryer,16763.48,1.0,40.0,Net Banking,Delayed,3.4,10058.09
ORD13717,2023-04-12,CUST1679,Siya Varma,Surat,Gujarat,PID294,Dumbbells,Sports,Dumbbells,42997.83,1.0,5.0,UPI,Unknown,2.9,40847.94
ORD13028,2023-03-05,CUST1470,Bahadurjit Chad,Delhi,Delhi,PID349,Textbook,Books,Textbook,78477.04,5.0,5.0,Credit Card,Delivered,3.3,372765.94
ORD14960,2024-06-18,CUST1118,Barkha Mani,Surat,Gujarat,PID547,T-Shirt,Fashion,T-Shirt,88488.68,4.0,10.0,Debit Card,Returned,3.8,318559.25
ORD14069,2024-01-01,CUST1653,Pushti Narula,Mumbai,Maharashtra,PID505,Kurta,Fashion,Kurta,33891.96,4.0,20.0,Credit Card,Delivered,,108454.27
ORD12817,2023-07-07,CUST1490,Raksha Pingle,Jaipur,Rajasthan,PID108,Water Bottle,Home & Kitchen,Water Bottle,35308.52,4.0,15.0,UPI,Delivered,3.8,120048.97
ORD13708,2024-10-30,CUST1751,Triya Acharya,Lucknow,Uttar Pradesh,PID234,Saree,Fashion,Saree,19659.12,2.0,40.0,Credit Card,Returned,,23590.94
ORD11592,2023-04-06,CUST1812,Finn Nazareth,Bangalore,Karnataka,PID218,Sunscreen,Beauty,Sunscreen,69816.79,5.0,20.0,Credit Card,Cancelled,3.5,279267.16
ORD11126,2023-06-06,CUST1025,Banjeet Vora,Kolkata,West Bengal,PID571,Jeans,Fashion,Jeans,455.97,1.0,25.0,Debit Card,Delivered,,341.98
ORD11465,2023-03-26,CUST1838,Oscar Bala,Pune,Maharashtra,PID293,Football,Sports,Football,33121.21,4.0,0.0,UPI,Unknown,5.0,132484.84
ORD12700,2024-11-02,CUST1890,Anvi Loyal,Mumbai,Maharashtra,PID447,Saree,Fashion,Saree,45414.88,5.0,5.0,Cash on Delivery,Delivered,1.2,215720.68
ORD13883,2024-03-09,CUST1040,Laban Banik,Ahmedabad,Gujarat,PID402,Saree,Fashion,Saree,59416.85,3.0,40.0,Unknown,Delivered,4.8,106950.33
ORD14241,2024-05-22,CUST1037,Yagnesh Raghavan,Indore,Madhya Pradesh,PID486,Sunscreen,Beauty,Sunscreen,49330.26,3.0,30.0,Unknown,Cancelled,3.3,103593.55
ORD13107,2024-05-02,CUST1231,Zarna Balakrishnan,Chennai,Tamil Nadu,PID336,Tablet,Electronics,Tablet,58006.2,4.0,15.0,Net Banking,Delivered,4.9,197221.08
ORD10196,2023-07-24,CUST1803,Siddharth Bhasin,Jaipur,Rajasthan,PID303,Sunscreen,Beauty,Sunscreen,75610.93,4.0,40.0,UPI,Delayed,1.8,181466.23
ORD14762,2024-11-05,CUST1046,David Divan,Mumbai,Maharashtra,PID382,Yoga Mat,Sports,Yoga Mat,62857.54,4.0,5.0,UPI,Unknown,,238858.65
ORD11679,2023-11-15,CUST1026,Bhavna Thakur,Mumbai,Maharashtra,PID548,Novel,Books,Novel,36831.59,3.0,40.0,Unknown,Returned,2.0,66296.86
ORD13660,2023-01-18,CUST1025,Imaran Khare,Kolkata,West Bengal,PID422,Sunscreen,Beauty,Sunscreen,86185.68,1.0,20.0,Credit Card,Delivered,1.3,68948.54
ORD14035,2023-04-29,CUST1271,Baljiwan Lad,Kolkata,West Bengal,PID135,Lipstick,Beauty,Lipstick,49708.25,3.0,40.0,Credit Card,Cancelled,4.9,89474.85
ORD11882,2024-11-05,CUST1906,Siddharth Gokhale,Ahmedabad,Gujarat,PID266,Saree,Fashion,Saree,57645.62,4.0,30.0,Credit Card,Delivered,5.0,161407.74
ORD13018,2023-07-02,CUST1943,Chakrika Dave,Kolkata,West Bengal,PID527,Biography,Books,Biography,38364.24,3.0,10.0,Credit Card,Cancelled,,103583.45
ORD13213,2023-07-18,CUST1758,Dipta Bora,Jaipur,Rajasthan,PID114,Perfume,Beauty,Perfume,51206.63,5.0,25.0,Cash on Delivery,Returned,1.5,192024.86
ORD14095,2023-10-13,CUST1196,Radha Rajagopal,Lucknow,Uttar Pradesh,PID319,Lipstick,Beauty,Lipstick,22407.29,2.0,10.0,UPI,Delivered,1.3,40333.12
ORD11645,2023-05-10,CUST1390,Sara Bhat,Indore,Madhya Pradesh,PID310,Smartphone,Electronics,Smartphone,29556.2,2.0,10.0,Credit Card,Delivered,4.0,53201.16
ORD13536,2023-03-10,CUST1230,Daksh Char,Bangalore,Karnataka,PID556,Jeans,Fashion,Jeans,10962.71,4.0,20.0,UPI,Unknown,2.9,35080.67
ORD11210,2024-08-19,CUST1650,Kashish Raman,Hyderabad,Telangana,PID463,Air Fryer,Home & Kitchen,Air Fryer,66290.61,5.0,40.0,Debit Card,Unknown,1.7,198871.83
ORD13627,2023-09-29,CUST1228,Isaiah Saran,Ahmedabad,Gujarat,PID320,Face Wash,Beauty,Face Wash,30711.34,4.0,10.0,Debit Card,Delayed,1.2,110560.82
ORD13804,2024-07-21,CUST1194,Sai Char,Kolkata,West Bengal,PID431,Novel,Books,Novel,81664.53,2.0,20.0,Cash on Delivery,Cancelled,1.1,130663.25
ORD13880,2023-08-26,CUST1289,Praneel Magar,Ahmedabad,Gujarat,PID236,Face Wash,Beauty,Face Wash,81069.65,3.0,20.0,Credit Card,Delivered,2.4,194567.16
ORD14485,2023-09-07,CUST1091,Christopher Bora,Indore,Madhya Pradesh,PID439,Jeans,Fashion,Jeans,29568.75,5.0,20.0,Debit Card,Delivered,,118275.0
ORD12249,2023-09-07,CUST1618,Adya Saini,Hyderabad,Telangana,PID241,Comic,Books,Comic,35415.07,3.0,20.0,Net Banking,Returned,4.0,84996.17
ORD13941,2023-05-01,CUST1841,Vedant Dutta,Kolkata,West Bengal,PID595,Textbook,Books,Textbook,41584.47,2.0,30.0,Credit Card,Delivered,,58218.26
ORD13631,2023-04-03,CUST1841,Zansi Iyer,Lucknow,Uttar Pradesh,PID218,Cricket Bat,Sports,Cricket Bat,21514.14,1.0,15.0,Credit Card,Delivered,3.8,18287.02
ORD11441,2023-05-10,CUST1812,Finn Gandhi,Ahmedabad,Gujarat,PID102,Face Wash,Beauty,Face Wash,14375.4,4.0,25.0,Debit Card,Cancelled,1.7,43126.2
ORD10562,2024-01-13,CUST1583,Hemang Bhasin,Surat,Gujarat,PID351,Saree,Fashion,Saree,72724.81,2.0,30.0,Cash on Delivery,Delivered,2.9,101814.73
ORD14478,2023-07-22,CUST1635,Eshana Chaudry,Bangalore,Karnataka,PID381,Cricket Bat,Sports,Cricket Bat,11781.15,2.0,20.0,Unknown,Returned,2.9,18849.84
ORD13376,2023-07-21,CUST1325,Ekanta Kibe,Lucknow,Uttar Pradesh,PID466,Face Wash,Beauty,Face Wash,52595.65,1.0,30.0,Unknown,Delivered,4.7,36816.96
ORD11850,2024-04-09,CUST1665,Triya Luthra,Chennai,Tamil Nadu,PID260,Jacket,Fashion,Jacket,11918.68,2.0,0.0,Net Banking,Delivered,4.1,23837.36
ORD13118,2024-04-01,CUST1077,Yachana Kurian,Mumbai,Maharashtra,PID412,Smartwatch,Electronics,Smartwatch,14872.35,3.0,15.0,Unknown,Delivered,1.7,37924.49
ORD12281,2024-05-13,CUST1983,Owen Edwin,Lucknow,Uttar Pradesh,PID244,Laptop,Electronics,Laptop,26686.87,2.0,10.0,Credit Card,Cancelled,2.6,48036.37
ORD13558,2023-07-27,CUST1976,Kavya Mallick,Lucknow,Uttar Pradesh,PID516,Cookware Set,Home & Kitchen,Cookware Set,40719.61,4.0,40.0,Debit Card,Delivered,3.1,97727.06
ORD10724,2024-09-07,CUST1377,Yash Talwar,Chennai,Tamil Nadu,PID470,Face Wash,Beauty,Face Wash,54941.65,1.0,0.0,Credit Card,Unknown,3.6,54941.65
ORD12973,2024-08-10,CUST1943,David Kanda,Kolkata,West Bengal,PID277,Sneakers,Fashion,Sneakers,60885.43,1.0,40.0,Cash on Delivery,Delivered,3.8,36531.26
ORD12831,2024-07-06,CUST1169,Logan Shankar,Mumbai,Maharashtra,PID257,Water Bottle,Home & Kitchen,Water Bottle,27243.66,5.0,0.0,Debit Card,Returned,2.6,136218.3
ORD13216,2023-11-03,CUST1247,Gopal Kashyap,Pune,Maharashtra,PID235,Perfume,Beauty,Perfume,71416.33,4.0,30.0,Debit Card,Delivered,4.1,199965.72
ORD14778,2024-11-18,CUST1436,Vasatika Viswanathan,Pune,Maharashtra,PID431,Bedsheet,Home & Kitchen,Bedsheet,60680.83,4.0,30.0,UPI,Delivered,2.3,169906.32
ORD11585,2023-12-03,CUST1898,Gautam Chopra,Jaipur,Rajasthan,PID205,Cricket Bat,Sports,Cricket Bat,88676.64,1.0,15.0,Cash on Delivery,Cancelled,4.0,75375.14
ORD14922,2024-08-30,CUST1799,Hemang Prasad,Indore,Madhya Pradesh,PID546,Biography,Books,Biography,78190.05,1.0,10.0,UPI,Delivered,4.9,70371.04
ORD10563,2023-03-13,CUST1539,Suhani Wadhwa,Surat,Gujarat,PID170,Yoga Mat,Sports,Yoga Mat,25491.68,4.0,15.0,Unknown,Delayed,2.7,86671.71
ORD10761,2023-01-12,CUST1219,Hamsini Chanda,Ahmedabad,Gujarat,PID332,Face Wash,Beauty,Face Wash,88160.83,2.0,25.0,Unknown,Unknown,2.9,132241.24
ORD10623,2024-06-23,CUST1316,Nakul Din,Pune,Maharashtra,PID197,Laptop,Electronics,Laptop,57540.23,5.0,40.0,Debit Card,Delayed,4.6,172620.69
ORD14016,2024-07-18,CUST1667,Shravya Walia,Hyderabad,Telangana,PID484,Water Bottle,Home & Kitchen,Water Bottle,37510.6,2.0,30.0,Debit Card,Delayed,4.9,52514.84
ORD11004,2023-06-29,CUST1671,Barkha Goda,Indore,Madhya Pradesh,PID398,Textbook,Books,Textbook,9337.16,4.0,40.0,Unknown,Returned,3.7,22409.18
ORD10986,2023-01-31,CUST1467,Chaitaly Roy,Surat,Gujarat,PID391,Football,Sports,Football,47266.15,2.0,20.0,Cash on Delivery,Delayed,4.5,75625.84
ORD14123,2023-09-05,CUST1443,William Murthy,Hyderabad,Telangana,PID579,Shampoo,Beauty,Shampoo,20262.47,5.0,15.0,UPI,Delayed,3.9,86115.5
ORD11622,2024-08-24,CUST1056,Saanvi Acharya,Pune,Maharashtra,PID200,Novel,Books,Novel,41545.29,5.0,5.0,UPI,Cancelled,3.1,197340.13
ORD13983,2024-07-10,CUST1977,Inaya Gala,Pune,Maharashtra,PID319,Dumbbells,Sports,Dumbbells,20848.12,5.0,20.0,Net Banking,Returned,2.6,83392.48
ORD11217,2024-05-29,CUST1472,Caleb Sura,Delhi,Delhi,PID205,Bedsheet,Home & Kitchen,Bedsheet,22014.94,5.0,5.0,Credit Card,Delivered,1.2,104570.96
ORD10758,2023-11-15,CUST1684,Kashvi Jani,Pune,Maharashtra,PID466,Shampoo,Beauty,Shampoo,77074.22,5.0,0.0,Debit Card,Returned,4.6,385371.1
ORD10173,2023-09-27,CUST1511,Kevin Choudhary,Indore,Madhya Pradesh,PID539,Football,Sports,Football,79794.37,4.0,5.0,Cash on Delivery,Cancelled,,303218.61
ORD11179,2023-04-03,CUST1707,Zansi Sheth,Jaipur,Rajasthan,PID369,Comic,Books,Comic,19643.69,4.0,5.0,Cash on Delivery,Cancelled,3.5,74646.02
ORD13676,2023-07-29,CUST1672,Girik Edwin,Surat,Gujarat,PID374,Cookware Set,Home & Kitchen,Cookware Set,84270.44,2.0,0.0,UPI,Returned,1.9,168540.88
ORD13490,2023-01-25,CUST1730,Bhavini Bhargava,Lucknow,Uttar Pradesh,PID103,Perfume,Beauty,Perfume,764.58,5.0,10.0,Debit Card,Delivered,,3440.61
ORD13544,2024-05-09,CUST1938,Krishna Sahni,Jaipur,Rajasthan,PID364,Cookware Set,Home & Kitchen,Cookware Set,58163.49,4.0,40.0,Unknown,Returned,4.7,139592.38
ORD12763,2023-10-24,CUST1107,Simon Dar,Lucknow,Uttar Pradesh,PID544,Biography,Books,Biography,44790.81,2.0,10.0,Cash on Delivery,Delivered,,80623.46
ORD11933,2023-03-06,CUST1640,Niharika Sengupta,Mumbai,Maharashtra,PID284,Dumbbells,Sports,Dumbbells,211.79,5.0,30.0,UPI,Delivered,1.4,741.26
ORD13286,2024-12-26,CUST1905,Siddharth Murthy,Jaipur,Rajasthan,PID113,Jeans,Fashion,Jeans,38650.36,1.0,10.0,Net Banking,Unknown,3.3,34785.32
ORD10453,2024-08-02,CUST1516,Nidhi Dhaliwal,Mumbai,Maharashtra,PID425,Dumbbells,Sports,Dumbbells,11141.16,4.0,20.0,Unknown,Unknown,2.4,35651.71
ORD14086,2024-01-30,CUST1915,Finn Pau,Kolkata,West Bengal,PID309,Dumbbells,Sports,Dumbbells,75986.58,3.0,25.0,Debit Card,Delayed,3.8,170969.8
ORD10740,2023-10-03,CUST1341,Wahab Raj,Bangalore,Karnataka,PID472,Lipstick,Beauty,Lipstick,54969.57,4.0,30.0,Debit Card,Delivered,2.1,153914.8
ORD11775,2023-09-17,CUST1644,Chaitanya Bakshi,Mumbai,Maharashtra,PID302,Lipstick,Beauty,Lipstick,5905.2,3.0,40.0,Credit Card,Delayed,1.3,10629.36
ORD11164,2024-01-30,CUST1497,Charles Gade,Bangalore,Karnataka,PID227,Novel,Books,Novel,14126.33,5.0,25.0,Net Banking,Returned,3.1,52973.74
ORD14898,2023-07-05,CUST1451,Unni Chaudhry,Pune,Maharashtra,PID148,Sneakers,Fashion,Sneakers,68665.37,3.0,10.0,Debit Card,Unknown,2.7,185396.5
ORD11058,2023-09-18,CUST1865,Yamini Patel,Jaipur,Rajasthan,PID550,Yoga Mat,Sports,Yoga Mat,29288.25,3.0,30.0,Debit Card,Returned,2.5,61505.32
ORD10910,2023-05-30,CUST1348,Neel Malhotra,Indore,Madhya Pradesh,PID536,Comic,Books,Comic,1787.75,1.0,10.0,Credit Card,Delayed,3.1,1608.98
ORD12672,2023-07-15,CUST1403,Mitesh Munshi,Jaipur,Rajasthan,PID595,Comic,Books,Comic,44608.47,4.0,5.0,Net Banking,Returned,3.7,169512.19
ORD12420,2023-02-25,CUST1375,Tanveer Halder,Indore,Madhya Pradesh,PID552,Laptop,Electronics,Laptop,16836.92,4.0,5.0,Credit Card,Delivered,2.3,63980.3
ORD13697,2024-04-24,CUST1376,Ekaraj Sem,Pune,Maharashtra,PID581,Bluetooth Speaker,Electronics,Bluetooth Speaker,49604.83,3.0,25.0,Debit Card,Delivered,,111610.87
ORD12736,2023-10-20,CUST1150,Jagat Shah,Jaipur,Rajasthan,PID436,Smartphone,Electronics,Smartphone,57450.45,1.0,40.0,Debit Card,Delayed,4.9,34470.27
ORD12764,2023-12-15,CUST1150,Hitesh Ram,Lucknow,Uttar Pradesh,PID526,Smartwatch,Electronics,Smartwatch,42319.5,2.0,15.0,UPI,Unknown,4.0,71943.15
ORD12726,2024-10-17,CUST1899,Yatan Barad,Bangalore,Karnataka,PID297,Mixer Grinder,Home & Kitchen,Mixer Grinder,62553.97,3.0,30.0,UPI,Delivered,2.8,131363.34
ORD14383,2024-11-28,CUST1761,Thomas Kashyap,Chennai,Tamil Nadu,PID251,Novel,Books,Novel,71404.82,5.0,25.0,Debit Card,Returned,1.5,267768.08
ORD11837,2023-08-03,CUST1129,Yatan Iyer,Surat,Gujarat,PID503,Yoga Mat,Sports,Yoga Mat,15205.43,4.0,10.0,Cash on Delivery,Delayed,4.7,54739.55
ORD10403,2024-01-08,CUST1271,Ryan Karnik,Indore,Madhya Pradesh,PID124,Face Wash,Beauty,Face Wash,60808.75,3.0,20.0,UPI,Unknown,1.8,145941.0
ORD14156,2023-10-11,CUST1291,Pallavi Varty,Jaipur,Rajasthan,PID128,Textbook,Books,Textbook,19103.92,3.0,15.0,Unknown,Delivered,4.8,48715.0
ORD14816,2023-03-15,CUST1618,Ucchal Shere,Ahmedabad,Gujarat,PID227,T-Shirt,Fashion,T-Shirt,36027.26,2.0,30.0,Cash on Delivery,Delivered,2.6,50438.16
ORD12594,2024-05-03,CUST1753,Ethan Vaidya,Ahmedabad,Gujarat,PID349,Face Wash,Beauty,Face Wash,75223.7,3.0,40.0,Net Banking,Cancelled,4.0,135402.66
ORD10005,2023-08-23,CUST1671,Ekiya Dixit,Pune,Maharashtra,PID355,Sneakers,Fashion,Sneakers,24404.81,2.0,0.0,UPI,Delivered,4.2,48809.62
ORD12826,2024-08-06,CUST1779,Arya Kata,Surat,Gujarat,PID228,Saree,Fashion,Saree,70397.93,4.0,10.0,Cash on Delivery,Delivered,3.7,253432.55
ORD11171,2023-06-13,CUST1085,Harsh Sarna,Pune,Maharashtra,PID172,Comic,Books,Comic,21100.46,4.0,10.0,UPI,Delayed,,75961.66
ORD13446,2024-12-30,CUST1792,Karan Tandon,Chennai,Tamil Nadu,PID446,Novel,Books,Novel,60876.07,2.0,15.0,Net Banking,Delivered,3.0,103489.32
ORD13468,2024-01-16,CUST1700,Frederick Ramakrishnan,Surat,Gujarat,PID427,Bedsheet,Home & Kitchen,Bedsheet,51712.14,3.0,30.0,UPI,Delivered,4.9,108595.49
ORD13042,2023-10-26,CUST1327,Girish Rajagopal,Surat,Gujarat,PID295,Bluetooth Speaker,Electronics,Bluetooth Speaker,11689.6,4.0,20.0,Credit Card,Delivered,2.1,37406.72
ORD14912,2024-06-09,CUST1390,Nathaniel Chakrabarti,Hyderabad,Telangana,PID433,Sneakers,Fashion,Sneakers,80095.21,1.0,15.0,Unknown,Delivered,4.2,68080.93
ORD13493,2024-09-12,CUST1110,Hritik Parsa,Pune,Maharashtra,PID358,Jacket,Fashion,Jacket,6453.72,4.0,5.0,UPI,Returned,2.5,24524.14
ORD11403,2024-06-09,CUST1003,Kritika Nanda,Pune,Maharashtra,PID356,Water Bottle,Home & Kitchen,Water Bottle,41505.79,1.0,5.0,Unknown,Cancelled,4.0,39430.5
ORD13767,2023-04-28,CUST1691,Jagdish Sinha,Indore,Madhya Pradesh,PID576,Cricket Bat,Sports,Cricket Bat,72537.95,4.0,40.0,Debit Card,Returned,4.1,174091.08
ORD12044,2023-09-23,CUST1648,Peter Dutt,Kolkata,West Bengal,PID154,Smartphone,Electronics,Smartphone,52091.37,2.0,5.0,UPI,Delivered,4.0,98973.6
ORD10890,2023-04-27,CUST1978,Arya Bali,Indore,Madhya Pradesh,PID589,Headphones,Electronics,Headphones,43517.41,2.0,40.0,Net Banking,Returned,2.8,52220.89
ORD10084,2024-06-04,CUST1231,Bahadurjit Dixit,Jaipur,Rajasthan,PID170,Headphones,Electronics,Headphones,33994.64,5.0,30.0,Credit Card,Delivered,2.5,118981.24
ORD11016,2024-06-17,CUST1808,Amaira Sani,Pune,Maharashtra,PID385,Sneakers,Fashion,Sneakers,30457.59,4.0,20.0,UPI,Delivered,4.1,97464.29
ORD10808,2024-08-11,CUST1323,Maanas Chahal,Indore,Madhya Pradesh,PID412,Face Wash,Beauty,Face Wash,18699.83,5.0,30.0,Cash on Delivery,Delivered,1.8,65449.4
ORD12784,2023-01-27,CUST1173,Vasatika Choudhury,Lucknow,Uttar Pradesh,PID457,Air Fryer,Home & Kitchen,Air Fryer,57669.25,5.0,0.0,Unknown,Unknown,3.3,288346.25
ORD14446,2024-12-25,CUST1753,Yochana Narain,Surat,Gujarat,PID270,Dumbbells,Sports,Dumbbells,83212.34,4.0,40.0,Credit Card,Delivered,1.9,199709.62
ORD11548,2023-09-28,CUST1708,Dhruv Hayre,Lucknow,Uttar Pradesh,PID126,Football,Sports,Football,2772.95,3.0,40.0,Credit Card,Unknown,2.7,4991.31
ORD12994,2023-04-06,CUST1088,Abhiram Grover,Bangalore,Karnataka,PID126,Tablet,Electronics,Tablet,17401.24,2.0,5.0,Unknown,Unknown,3.7,33062.36
ORD13899,2024-11-15,CUST1967,Gaurangi Jani,Kolkata,West Bengal,PID321,Cookware Set,Home & Kitchen,Cookware Set,21142.18,2.0,40.0,Debit Card,Returned,4.3,25370.62
ORD10673,2024-09-20,CUST1860,Hemal Baria,Mumbai,Maharashtra,PID218,Textbook,Books,Textbook,39173.54,2.0,20.0,Cash on Delivery,Cancelled,3.3,62677.66
ORD10505,2024-10-11,CUST1519,Ojasvi Behl,Bangalore,Karnataka,PID140,Comic,Books,Comic,39896.13,1.0,0.0,Credit Card,Cancelled,4.8,39896.13
ORD14453,2024-09-26,CUST1204,Faris Kala,Lucknow,Uttar Pradesh,PID471,Biography,Books,Biography,72912.43,3.0,25.0,Cash on Delivery,Delivered,4.5,164052.97
ORD12554,2024-07-06,CUST1483,Girindra Vala,Indore,Madhya Pradesh,PID207,T-Shirt,Fashion,T-Shirt,21654.73,2.0,40.0,Debit Card,Cancelled,3.6,25985.68
ORD14440,2024-03-23,CUST1311,Vritti Narula,Lucknow,Uttar Pradesh,PID431,Laptop,Electronics,Laptop,62954.73,2.0,0.0,Net Banking,Cancelled,2.1,125909.46
ORD14196,2024-02-24,CUST1114,Manan Chaudhuri,Mumbai,Maharashtra,PID564,Water Bottle,Home & Kitchen,Water Bottle,53167.08,3.0,10.0,Net Banking,Delivered,4.7,143551.12
ORD13981,2024-12-24,CUST1142,Hemani Magar,Chennai,Tamil Nadu,PID112,Football,Sports,Football,1687.63,3.0,0.0,Credit Card,Delayed,3.9,5062.89
ORD13162,2024-06-11,CUST1523,Anvi Vala,Pune,Maharashtra,PID437,Perfume,Beauty,Perfume,79367.85,3.0,10.0,Debit Card,Returned,1.5,214293.2
ORD10767,2023-03-14,CUST1454,Saumya Arya,Pune,Maharashtra,PID172,Jeans,Fashion,Jeans,70800.21,2.0,25.0,Cash on Delivery,Delivered,4.8,106200.32
ORD14105,2023-07-07,CUST1661,Lohit Sridhar,Ahmedabad,Gujarat,PID251,Mixer Grinder,Home & Kitchen,Mixer Grinder,45404.02,4.0,25.0,Credit Card,Returned,1.8,136212.06
ORD11237,2023-03-26,CUST1759,Vasudha Manne,Chennai,Tamil Nadu,PID521,Jeans,Fashion,Jeans,13108.59,3.0,20.0,Unknown,Delivered,3.9,31460.62
ORD13015,2024-12-24,CUST1853,Ishani Wable,Hyderabad,Telangana,PID509,Kurta,Fashion,Kurta,76863.79,3.0,10.0,UPI,Unknown,4.0,207532.23
ORD11261,2024-04-19,CUST1600,Tanay Nigam,Delhi,Delhi,PID503,Smartphone,Electronics,Smartphone,60401.67,5.0,10.0,Debit Card,Delivered,4.4,271807.52
ORD12954,2024-09-24,CUST1859,Vrinda Date,Jaipur,Rajasthan,PID103,Air Fryer,Home & Kitchen,Air Fryer,41154.67,3.0,40.0,Debit Card,Returned,4.4,74078.41
ORD10665,2023-02-16,CUST1854,Harish Virk,Indore,Madhya Pradesh,PID323,Yoga Mat,Sports,Yoga Mat,26511.26,3.0,5.0,Cash on Delivery,Returned,4.7,75557.09
ORD12844,2023-05-02,CUST1774,Janaki Pandya,Jaipur,Rajasthan,PID520,Dumbbells,Sports,Dumbbells,80984.74,2.0,10.0,Credit Card,Returned,4.7,145772.53
ORD10532,2024-11-05,CUST1125,Sara Jaggi,Delhi,Delhi,PID120,Biography,Books,Biography,46773.27,1.0,15.0,Credit Card,Delivered,1.7,39757.28
ORD13352,2024-10-11,CUST1527,Guneet Sibal,Pune,Maharashtra,PID189,Cookware Set,Home & Kitchen,Cookware Set,65638.08,4.0,40.0,Credit Card,Returned,2.7,157531.39
ORD12083,2023-03-02,CUST1833,Lajita Chaudhari,Hyderabad,Telangana,PID235,Textbook,Books,Textbook,42120.38,1.0,15.0,Credit Card,Delivered,2.7,35802.32
ORD14656,2024-08-01,CUST1745,Simon Kara,Surat,Gujarat,PID263,Football,Sports,Football,10796.47,2.0,25.0,Debit Card,Returned,3.4,16194.7
ORD14798,2024-03-12,CUST1177,Nathaniel Choudhry,Chennai,Tamil Nadu,PID253,Kurta,Fashion,Kurta,46841.43,1.0,10.0,Unknown,Cancelled,2.8,42157.29
ORD12600,2024-12-04,CUST1541,Akshay Patla,Chennai,Tamil Nadu,PID379,Sunscreen,Beauty,Sunscreen,58673.02,2.0,0.0,Credit Card,Delivered,,117346.04
ORD13175,2023-05-14,CUST1261,Sachi Ganesh,Jaipur,Rajasthan,PID451,Shampoo,Beauty,Shampoo,0.0,5.0,10.0,Cash on Delivery,Delivered,2.5,0.0
ORD12124,2024-11-08,CUST1464,Krishna Sura,Delhi,Delhi,PID572,Textbook,Books,Textbook,28366.79,1.0,10.0,Net Banking,Delivered,2.2,25530.11
ORD12503,2024-05-08,CUST1566,Bachittar Modi,Hyderabad,Telangana,PID488,Saree,Fashion,Saree,87656.59,5.0,40.0,Unknown,Delivered,2.7,262969.77
ORD14429,2024-08-28,CUST1167,Lekha Agarwal,Kolkata,West Bengal,PID232,T-Shirt,Fashion,T-Shirt,31726.58,4.0,40.0,Credit Card,Delivered,4.9,76143.79
ORD11230,2024-07-11,CUST1399,Gauri Bava,Mumbai,Maharashtra,PID230,Novel,Books,Novel,55981.37,2.0,20.0,Net Banking,Delayed,1.1,89570.19
ORD12611,2023-04-13,CUST1885,Omisha Parmer,Pune,Maharashtra,PID542,Comic,Books,Comic,84461.77,3.0,25.0,Cash on Delivery,Delayed,,190038.98
ORD13796,2023-11-24,CUST1723,Megha Muni,Indore,Madhya Pradesh,PID230,Comic,Books,Comic,7303.25,5.0,20.0,Debit Card,Delivered,3.9,29213.0
ORD14567,2023-06-05,CUST1845,Harinakshi Chacko,Mumbai,Maharashtra,PID340,Cookware Set,Home & Kitchen,Cookware Set,42595.64,2.0,15.0,Net Banking,Unknown,4.7,72412.59
ORD10675,2024-05-15,CUST1062,Qushi Parsa,Kolkata,West Bengal,PID387,Laptop,Electronics,Laptop,86074.95,4.0,40.0,Debit Card,Cancelled,,206579.88
ORD11894,2024-03-20,CUST1791,Umang Mahajan,Pune,Maharashtra,PID584,Cookware Set,Home & Kitchen,Cookware Set,65141.17,2.0,40.0,Net Banking,Delivered,5.0,78169.4
ORD12843,2023-04-02,CUST1441,Avni Kumer,Bangalore,Karnataka,PID408,Headphones,Electronics,Headphones,78099.22,5.0,5.0,Credit Card,Returned,1.7,370971.3
ORD11846,2023-05-28,CUST1793,Neel Sawhney,Ahmedabad,Gujarat,PID138,Laptop,Electronics,Laptop,51896.47,5.0,30.0,Net Banking,Delivered,2.0,181637.64
ORD14409,2024-01-20,CUST1025,Darika Pai,Pune,Maharashtra,PID315,Cookware Set,Home & Kitchen,Cookware Set,10362.69,1.0,5.0,Credit Card,Delivered,2.9,9844.56
ORD14301,2024-09-15,CUST1814,Ishanvi Goel,Ahmedabad,Gujarat,PID103,Cookware Set,Home & Kitchen,Cookware Set,11927.59,2.0,20.0,UPI,Delivered,4.1,19084.14
ORD11773,2024-06-04,CUST1477,Sanaya Bala,Ahmedabad,Gujarat,PID214,Jeans,Fashion,Jeans,2902.03,4.0,0.0,Debit Card,Returned,3.3,11608.12
ORD11500,2023-07-29,CUST1969,Maya Chacko,Surat,Gujarat,PID504,Bluetooth Speaker,Electronics,Bluetooth Speaker,46691.61,4.0,15.0,Unknown,Cancelled,1.9,158751.47
ORD14641,2023-07-23,CUST1149,Faqid Kibe,Bangalore,Karnataka,PID234,Bluetooth Speaker,Electronics,Bluetooth Speaker,34706.43,5.0,20.0,Debit Card,Cancelled,1.0,138825.72
ORD12901,2023-09-02,CUST1206,Nicholas Handa,Surat,Gujarat,PID454,Shampoo,Beauty,Shampoo,46662.32,5.0,25.0,Cash on Delivery,Delivered,1.2,174983.7
ORD10319,2023-02-20,CUST1767,Kritika Vyas,Chennai,Tamil Nadu,PID396,Bluetooth Speaker,Electronics,Bluetooth Speaker,3449.39,5.0,5.0,Debit Card,Cancelled,5.0,16384.6
ORD10420,2023-01-06,CUST1991,Omkaar Biswas,Ahmedabad,Gujarat,PID556,Headphones,Electronics,Headphones,42463.28,5.0,0.0,Cash on Delivery,Returned,3.5,212316.4
ORD13071,2023-06-29,CUST1905,Ranbir Doctor,Mumbai,Maharashtra,PID224,T-Shirt,Fashion,T-Shirt,46854.35,3.0,0.0,Credit Card,Delayed,4.9,140563.05
ORD13812,2023-08-21,CUST1295,Utkarsh Pant,Mumbai,Maharashtra,PID418,Biography,Books,Biography,28944.46,2.0,20.0,Credit Card,Returned,4.9,46311.14
ORD14138,2024-05-23,CUST1160,Utkarsh Karan,Jaipur,Rajasthan,PID161,Tablet,Electronics,Tablet,51209.67,2.0,5.0,Net Banking,Cancelled,1.8,97298.37
ORD12747,2024-03-28,CUST1558,Nidhi Goswami,Kolkata,West Bengal,PID419,Dumbbells,Sports,Dumbbells,0.0,1.0,30.0,Credit Card,Delayed,2.8,0.0
ORD12374,2023-12-20,CUST1359,Nilima Virk,Indore,Madhya Pradesh,PID317,Textbook,Books,Textbook,16499.67,2.0,10.0,Debit Card,Returned,2.0,29699.41
ORD13606,2023-07-31,CUST1597,Jackson Dada,Lucknow,Uttar Pradesh,PID564,Lipstick,Beauty,Lipstick,80572.85,5.0,40.0,Net Banking,Delayed,4.3,241718.55
ORD14377,2024-07-31,CUST1801,Yashasvi Ramakrishnan,Chennai,Tamil Nadu,PID503,T-Shirt,Fashion,T-Shirt,71521.36,3.0,0.0,Credit Card,Cancelled,3.3,214564.08
ORD13420,2023-12-03,CUST1669,Zehaan Deol,Surat,Gujarat,PID145,Smartwatch,Electronics,Smartwatch,36254.61,2.0,25.0,Credit Card,Returned,3.2,54381.92
ORD11540,2023-08-02,CUST1067,Vihaan Shroff,Surat,Gujarat,PID243,Air Fryer,Home & Kitchen,Air Fryer,69961.01,4.0,40.0,Credit Card,Delivered,2.2,167906.42
ORD14087,2024-08-16,CUST1633,Samaksh Roy,Indore,Madhya Pradesh,PID495,Cricket Bat,Sports,Cricket Bat,25488.33,3.0,0.0,UPI,Cancelled,3.4,76464.99
ORD11033,2023-04-08,CUST1718,Michael Loyal,Bangalore,Karnataka,PID484,Sunscreen,Beauty,Sunscreen,9646.35,1.0,20.0,UPI,Delivered,4.6,7717.08
ORD11236,2024-04-10,CUST1300,Laban Thakkar,Delhi,Delhi,PID538,Smartwatch,Electronics,Smartwatch,51317.73,1.0,0.0,Credit Card,Unknown,,51317.73
ORD12205,2024-09-28,CUST1805,Azaan Nagarajan,Surat,Gujarat,PID419,Smartphone,Electronics,Smartphone,44335.88,2.0,10.0,Cash on Delivery,Delivered,3.7,79804.58
ORD13092,2024-04-21,CUST1793,Charan Raj,Jaipur,Rajasthan,PID547,Saree,Fashion,Saree,31439.37,5.0,0.0,Credit Card,Cancelled,4.7,157196.85
ORD14943,2024-04-24,CUST1054,Yachana Dhar,Hyderabad,Telangana,PID280,Lipstick,Beauty,Lipstick,82554.45,1.0,15.0,Debit Card,Delivered,1.5,70171.28
ORD10276,2023-05-09,CUST1170,Mohini Krish,Chennai,Tamil Nadu,PID303,Air Fryer,Home & Kitchen,Air Fryer,67348.41,2.0,0.0,Unknown,Returned,3.6,134696.82
ORD12744,2023-05-20,CUST1293,Gayathri Saxena,Hyderabad,Telangana,PID518,Bedsheet,Home & Kitchen,Bedsheet,36558.07,2.0,25.0,Debit Card,Delivered,3.5,54837.1
ORD10460,2024-01-18,CUST1001,Urvashi Ghosh,Hyderabad,Telangana,PID516,Yoga Mat,Sports,Yoga Mat,51206.87,5.0,10.0,Cash on Delivery,Cancelled,1.7,230430.92
ORD11543,2023-11-04,CUST1032,Jai Lall,Ahmedabad,Gujarat,PID282,Comic,Books,Comic,14442.27,5.0,20.0,Net Banking,Returned,4.9,57769.08
ORD14375,2024-07-14,CUST1569,Shaurya Edwin,Ahmedabad,Gujarat,PID157,Textbook,Books,Textbook,57329.31,1.0,30.0,Net Banking,Delivered,1.6,40130.52
ORD11740,2023-01-16,CUST1557,Raksha Nori,Pune,Maharashtra,PID528,Sneakers,Fashion,Sneakers,55093.18,3.0,10.0,Net Banking,Delivered,4.2,148751.59
ORD11499,2024-06-16,CUST1841,Naksh Kunda,Pune,Maharashtra,PID585,Shampoo,Beauty,Shampoo,68969.47,4.0,10.0,Credit Card,Unknown,,248290.09
ORD11138,2024-08-13,CUST1824,Balveer Pandit,Delhi,Delhi,PID194,Mixer Grinder,Home & Kitchen,Mixer Grinder,51025.45,4.0,5.0,Debit Card,Delayed,3.4,193896.71
ORD11545,2023-10-04,CUST1947,Qadim Sodhi,Lucknow,Uttar Pradesh,PID114,Textbook,Books,Textbook,4254.2,4.0,25.0,Unknown,Delivered,4.7,12762.6
ORD14655,2024-03-09,CUST1266,Simon Halder,Bangalore,Karnataka,PID219,Air Fryer,Home & Kitchen,Air Fryer,49763.8,1.0,5.0,Unknown,Delivered,3.2,47275.61
ORD12659,2024-09-07,CUST1917,Aarini Krish,Pune,Maharashtra,PID549,Smartwatch,Electronics,Smartwatch,36617.87,3.0,30.0,Debit Card,Delivered,3.4,76897.53
ORD12143,2024-10-13,CUST1185,Abha Buch,Delhi,Delhi,PID556,Laptop,Electronics,Laptop,31215.26,3.0,15.0,Net Banking,Unknown,1.2,79598.91
ORD13917,2023-01-23,CUST1567,Nikita Virk,Bangalore,Karnataka,PID394,Cricket Bat,Sports,Cricket Bat,54195.11,5.0,40.0,Credit Card,Unknown,,162585.33
ORD13620,2023-03-26,CUST1470,Laban Amble,Lucknow,Uttar Pradesh,PID176,Jeans,Fashion,Jeans,0.0,5.0,30.0,Cash on Delivery,Delivered,1.8,0.0
ORD14351,2024-03-13,CUST1476,Ucchal Jaggi,Lucknow,Uttar Pradesh,PID537,Textbook,Books,Textbook,44754.99,4.0,25.0,Cash on Delivery,Delivered,3.2,134264.97
ORD11399,2024-08-12,CUST1214,Odika Kamdar,Mumbai,Maharashtra,PID285,Water Bottle,Home & Kitchen,Water Bottle,52611.78,5.0,40.0,Credit Card,Cancelled,1.5,157835.34
ORD11992,2024-03-21,CUST1381,Aarnav Gara,Jaipur,Rajasthan,PID506,Bedsheet,Home & Kitchen,Bedsheet,21773.27,3.0,25.0,Net Banking,Returned,4.8,48989.86
ORD10373,2024-05-28,CUST1635,Maanas Bera,Hyderabad,Telangana,PID288,Bedsheet,Home & Kitchen,Bedsheet,45395.4,3.0,40.0,Unknown,Unknown,1.5,81711.72
ORD13232,2023-01-28,CUST1164,Ayaan Garg,Kolkata,West Bengal,PID318,Shampoo,Beauty,Shampoo,33555.24,2.0,30.0,Net Banking,Returned,2.1,46977.34
ORD11043,2023-07-11,CUST1340,Chaitaly Dugal,Ahmedabad,Gujarat,PID499,Yoga Mat,Sports,Yoga Mat,64368.92,4.0,25.0,Net Banking,Cancelled,1.2,193106.76
ORD10139,2023-03-18,CUST1016,Ranbir Mishra,Mumbai,Maharashtra,PID592,Tablet,Electronics,Tablet,20794.52,5.0,0.0,Unknown,Delivered,2.1,103972.6
ORD11587,2024-02-26,CUST1096,Lipika Lad,Indore,Madhya Pradesh,PID556,Mixer Grinder,Home & Kitchen,Mixer Grinder,55563.13,2.0,0.0,Cash on Delivery,Delivered,2.0,111126.26
ORD14874,2023-12-11,CUST1295,Nidhi Chaudry,Ahmedabad,Gujarat,PID406,Jeans,Fashion,Jeans,43014.14,3.0,20.0,Unknown,Unknown,4.6,103233.94
ORD10952,2023-02-05,CUST1398,Arya Butala,Kolkata,West Bengal,PID148,Yoga Mat,Sports,Yoga Mat,19627.89,2.0,30.0,Net Banking,Unknown,4.8,27479.05
ORD13379,2023-01-03,CUST1778,Garima Pandit,Mumbai,Maharashtra,PID286,Jacket,Fashion,Jacket,67695.65,4.0,15.0,Cash on Delivery,Returned,2.8,230165.21
ORD12220,2024-03-09,CUST1714,Agastya Narula,Delhi,Delhi,PID114,Mixer Grinder,Home & Kitchen,Mixer Grinder,80412.13,1.0,15.0,UPI,Returned,4.0,68350.31
ORD12557,2024-04-08,CUST1502,Ekavir Narayanan,Pune,Maharashtra,PID120,Sneakers,Fashion,Sneakers,16260.59,2.0,25.0,Net Banking,Delivered,4.8,24390.88
ORD14876,2023-05-23,CUST1599,Yashasvi Bawa,Jaipur,Rajasthan,PID198,Jacket,Fashion,Jacket,12774.45,3.0,0.0,Unknown,Cancelled,2.8,38323.35
ORD11024,2024-04-03,CUST1086,Abhimanyu Kanda,Kolkata,West Bengal,PID200,Mixer Grinder,Home & Kitchen,Mixer Grinder,14694.41,5.0,25.0,UPI,Delivered,3.4,55104.04
ORD14839,2024-11-28,CUST1496,Zayan Patil,Kolkata,West Bengal,PID157,Bluetooth Speaker,Electronics,Bluetooth Speaker,83270.96,4.0,25.0,UPI,Unknown,3.8,249812.88
ORD12312,2024-11-02,CUST1321,Jackson Patla,Delhi,Delhi,PID320,Bedsheet,Home & Kitchen,Bedsheet,11534.66,5.0,30.0,Net Banking,Delivered,4.7,40371.31
ORD11459,2023-05-16,CUST1076,Vidhi Ravi,Bangalore,Karnataka,PID495,Face Wash,Beauty,Face Wash,87362.85,1.0,5.0,Debit Card,Delivered,2.8,82994.71
ORD13849,2023-01-24,CUST1291,William Sankar,Indore,Madhya Pradesh,PID134,Biography,Books,Biography,19876.65,3.0,25.0,Cash on Delivery,Cancelled,4.2,44722.46
ORD14252,2024-04-21,CUST1498,Benjamin Prabhu,Mumbai,Maharashtra,PID299,Dumbbells,Sports,Dumbbells,39083.49,5.0,20.0,Debit Card,Delivered,1.7,156333.96
ORD10679,2024-01-22,CUST1075,Jason Sankar,Mumbai,Maharashtra,PID358,Shampoo,Beauty,Shampoo,14251.55,2.0,5.0,Debit Card,Unknown,1.5,27077.94
ORD13407,2023-12-11,CUST1172,Yahvi Patla,Bangalore,Karnataka,PID290,Biography,Books,Biography,12656.34,3.0,10.0,Unknown,Delivered,4.6,34172.12
ORD12389,2024-02-12,CUST1878,David Rajagopalan,Lucknow,Uttar Pradesh,PID420,Tablet,Electronics,Tablet,45251.27,1.0,5.0,UPI,Delivered,4.8,42988.71
ORD10743,2024-12-05,CUST1103,Tristan Bhasin,Chennai,Tamil Nadu,PID128,Jeans,Fashion,Jeans,65098.0,1.0,30.0,Net Banking,Cancelled,3.8,45568.6
ORD14977,2024-02-19,CUST1743,Chasmum Hayer,Mumbai,Maharashtra,PID480,Comic,Books,Comic,7015.59,3.0,10.0,Debit Card,Delayed,2.0,18942.09
ORD11638,2023-08-15,CUST1541,Lekha Kalla,Chennai,Tamil Nadu,PID483,Saree,Fashion,Saree,79461.04,2.0,25.0,Net Banking,Delivered,3.9,119191.56
ORD11264,2024-12-16,CUST1091,Ojas Nath,Indore,Madhya Pradesh,PID513,Bluetooth Speaker,Electronics,Bluetooth Speaker,57821.12,1.0,0.0,Net Banking,Cancelled,3.4,57821.12
ORD10208,2023-10-11,CUST1153,Manan Balasubramanian,Jaipur,Rajasthan,PID364,Comic,Books,Comic,58313.69,1.0,25.0,Unknown,Returned,4.4,43735.27
ORD12706,2023-03-03,CUST1102,Teerth Gandhi,Indore,Madhya Pradesh,PID168,Biography,Books,Biography,7254.84,1.0,15.0,Cash on Delivery,Delayed,2.3,6166.61
ORD13764,2024-10-27,CUST1948,Oeshi Sekhon,Pune,Maharashtra,PID309,Textbook,Books,Textbook,33387.12,2.0,15.0,Debit Card,Delayed,2.6,56758.1
ORD14551,2024-12-08,CUST1875,Oscar Dara,Bangalore,Karnataka,PID326,Face Wash,Beauty,Face Wash,31913.96,5.0,5.0,Unknown,Cancelled,2.6,151591.31
ORD14059,2024-07-21,CUST1512,Chakrika Dhawan,Bangalore,Karnataka,PID532,Biography,Books,Biography,41364.07,2.0,10.0,Cash on Delivery,Returned,1.6,74455.33
ORD12482,2024-10-23,CUST1691,Abhimanyu Murthy,Indore,Madhya Pradesh,PID206,Saree,Fashion,Saree,88326.52,4.0,30.0,Debit Card,Unknown,1.6,247314.26
ORD13412,2024-08-30,CUST1649,Bhavna Batta,Bangalore,Karnataka,PID307,Textbook,Books,Textbook,48466.21,1.0,10.0,Unknown,Delayed,,43619.59
ORD14340,2023-10-20,CUST1868,Indrajit Srinivasan,Ahmedabad,Gujarat,PID396,T-Shirt,Fashion,T-Shirt,22040.19,4.0,30.0,Credit Card,Unknown,2.9,61712.53
ORD10930,2024-08-24,CUST1945,Aadhya Khatri,Indore,Madhya Pradesh,PID221,Biography,Books,Biography,12344.55,1.0,0.0,Cash on Delivery,Delivered,5.0,12344.55
ORD14140,2024-08-27,CUST1585,Widisha Banik,Indore,Madhya Pradesh,PID498,Smartphone,Electronics,Smartphone,89883.34,2.0,0.0,UPI,Delivered,3.6,179766.68
ORD14347,2024-08-10,CUST1197,Zayyan Savant,Hyderabad,Telangana,PID414,Smartphone,Electronics,Smartphone,54322.64,4.0,0.0,Net Banking,Delivered,4.8,217290.56
ORD13149,2023-01-19,CUST1791,Karan Chhabra,Ahmedabad,Gujarat,PID173,Air Fryer,Home & Kitchen,Air Fryer,70867.46,3.0,5.0,UPI,Delivered,,201972.26
ORD10747,2024-07-05,CUST1799,Theodore Naidu,Mumbai,Maharashtra,PID157,Tablet,Electronics,Tablet,82181.45,4.0,25.0,Unknown,Delivered,3.3,246544.35
ORD12493,2023-09-13,CUST1728,Alka Bajaj,Indore,Madhya Pradesh,PID536,Bedsheet,Home & Kitchen,Bedsheet,53481.5,3.0,20.0,Cash on Delivery,Delivered,3.9,128355.6
ORD13139,2023-02-09,CUST1596,Vinaya Buch,Kolkata,West Bengal,PID273,Headphones,Electronics,Headphones,70189.62,5.0,5.0,UPI,Returned,4.3,333400.69
ORD12509,2023-10-10,CUST1627,Balveer Om,Jaipur,Rajasthan,PID324,Sneakers,Fashion,Sneakers,44012.67,5.0,25.0,UPI,Delayed,4.2,165047.51
ORD12685,2024-12-30,CUST1098,Onveer Nazareth,Surat,Gujarat,PID419,Textbook,Books,Textbook,23550.21,3.0,30.0,UPI,Returned,1.5,49455.44
ORD11314,2023-05-21,CUST1937,Yutika Tiwari,Surat,Gujarat,PID483,Smartphone,Electronics,Smartphone,84326.57,1.0,20.0,Debit Card,Unknown,3.9,67461.26
ORD10189,2024-08-23,CUST1382,Ekani Pillai,Lucknow,Uttar Pradesh,PID460,Headphones,Electronics,Headphones,18251.57,3.0,10.0,Net Banking,Unknown,1.6,49279.24
ORD12202,2023-10-12,CUST1415,Nachiket Dass,Pune,Maharashtra,PID291,Yoga Mat,Sports,Yoga Mat,28075.51,5.0,10.0,Net Banking,Returned,2.2,126339.8
ORD11431,2023-12-09,CUST1261,Wazir Sami,Hyderabad,Telangana,PID548,Mixer Grinder,Home & Kitchen,Mixer Grinder,54765.86,5.0,10.0,Debit Card,Unknown,3.9,246446.37
ORD13707,2024-11-14,CUST1045,Raagini Yogi,Mumbai,Maharashtra,PID572,Biography,Books,Biography,69071.37,1.0,25.0,Debit Card,Delivered,4.0,51803.53
ORD11060,2023-03-16,CUST1802,Geetika Chana,Kolkata,West Bengal,PID298,Cookware Set,Home & Kitchen,Cookware Set,15399.44,5.0,10.0,Net Banking,Delivered,,69297.48
ORD10799,2023-07-08,CUST1756,Raagini Modi,Bangalore,Karnataka,PID173,Lipstick,Beauty,Lipstick,46712.57,1.0,30.0,Cash on Delivery,Cancelled,,32698.8
ORD13629,2024-12-20,CUST1836,Timothy Behl,Delhi,Delhi,PID354,Cricket Bat,Sports,Cricket Bat,65605.66,2.0,10.0,Cash on Delivery,Returned,1.3,118090.19
ORD10916,2024-12-30,CUST1916,Jeet Mukhopadhyay,Mumbai,Maharashtra,PID306,Laptop,Electronics,Laptop,24994.86,5.0,5.0,Debit Card,Cancelled,3.3,118725.58
ORD14927,2024-08-06,CUST1051,Parth Gera,Ahmedabad,Gujarat,PID204,Saree,Fashion,Saree,33040.69,2.0,20.0,Credit Card,Unknown,1.2,52865.1
ORD12572,2023-06-18,CUST1592,Vedhika Brar,Kolkata,West Bengal,PID203,Cookware Set,Home & Kitchen,Cookware Set,19892.56,2.0,20.0,Net Banking,Delivered,1.0,31828.1
ORD10893,2024-11-09,CUST1424,Eesha Bansal,Pune,Maharashtra,PID342,Comic,Books,Comic,66865.74,1.0,40.0,Cash on Delivery,Delayed,2.3,40119.44
ORD10681,2024-07-28,CUST1508,Anirudh Jaggi,Hyderabad,Telangana,PID472,T-Shirt,Fashion,T-Shirt,87238.23,4.0,30.0,Net Banking,Delivered,2.1,244267.04
ORD12579,2024-08-06,CUST1903,Aarnav Sandal,Lucknow,Uttar Pradesh,PID434,Mixer Grinder,Home & Kitchen,Mixer Grinder,25178.16,2.0,25.0,UPI,Unknown,1.9,37767.24
ORD12298,2023-01-23,CUST1767,Gopal Gokhale,Kolkata,West Bengal,PID256,Cookware Set,Home & Kitchen,Cookware Set,80943.23,3.0,40.0,Debit Card,Delivered,1.5,145697.81
ORD12760,2024-09-19,CUST1895,Damyanti Sunder,Ahmedabad,Gujarat,PID276,Air Fryer,Home & Kitchen,Air Fryer,45894.33,2.0,15.0,Cash on Delivery,Cancelled,2.8,78020.36
ORD13251,2023-12-13,CUST1741,Krisha Ghosh,Surat,Gujarat,PID382,Bedsheet,Home & Kitchen,Bedsheet,31685.79,5.0,40.0,UPI,Cancelled,1.4,95057.37
ORD11128,2023-12-26,CUST1743,Logan Gade,Kolkata,West Bengal,PID423,Novel,Books,Novel,89411.9,2.0,25.0,Unknown,Delivered,3.1,134117.85
ORD12533,2023-10-18,CUST1140,Dipta Purohit,Chennai,Tamil Nadu,PID238,Headphones,Electronics,Headphones,43872.02,4.0,5.0,Cash on Delivery,Returned,4.9,166713.68
ORD11437,2023-12-10,CUST1172,Dhriti Bhagat,Indore,Madhya Pradesh,PID247,Jacket,Fashion,Jacket,17776.41,2.0,30.0,Unknown,Delivered,3.8,24886.97
ORD13846,2023-03-22,CUST1257,Dominic Boase,Hyderabad,Telangana,PID548,Laptop,Electronics,Laptop,23102.45,4.0,25.0,Credit Card,Unknown,2.9,69307.35
ORD13699,2024-11-05,CUST1096,Yagnesh Jani,Delhi,Delhi,PID500,Comic,Books,Comic,62837.12,4.0,40.0,Debit Card,Delivered,4.8,150809.09
ORD11702,2023-08-23,CUST1720,Vrinda Bajwa,Indore,Madhya Pradesh,PID151,Sunscreen,Beauty,Sunscreen,58037.13,3.0,10.0,Unknown,Cancelled,2.9,156700.25
ORD11282,2023-09-27,CUST1058,Ekbal Issac,Pune,Maharashtra,PID455,Saree,Fashion,Saree,65024.9,4.0,0.0,Net Banking,Returned,4.7,260099.6
ORD12444,2023-05-10,CUST1770,Karan Raja,Jaipur,Rajasthan,PID264,Comic,Books,Comic,74930.85,1.0,10.0,Net Banking,Delayed,4.4,67437.77
ORD14602,2024-11-02,CUST1943,Balveer Bhargava,Chennai,Tamil Nadu,PID150,Face Wash,Beauty,Face Wash,55401.76,2.0,40.0,UPI,Delivered,2.8,66482.11
ORD10055,2024-09-24,CUST1100,Guneet Grewal,Pune,Maharashtra,PID489,Water Bottle,Home & Kitchen,Water Bottle,85879.44,4.0,0.0,Credit Card,Returned,3.5,343517.76
ORD14716,2024-08-12,CUST1317,Indali Doctor,Chennai,Tamil Nadu,PID373,Tablet,Electronics,Tablet,40394.12,2.0,15.0,Unknown,Delivered,3.9,68670.0
ORD12748,2024-08-10,CUST1399,Umang Buch,Jaipur,Rajasthan,PID456,Tablet,Electronics,Tablet,29965.89,3.0,30.0,Credit Card,Returned,2.9,62928.37
ORD13424,2023-06-07,CUST1335,Varenya De,Mumbai,Maharashtra,PID399,Perfume,Beauty,Perfume,13422.48,2.0,5.0,Credit Card,Delivered,4.5,25502.71
ORD13261,2024-07-24,CUST1006,Chavvi Bahl,Kolkata,West Bengal,PID215,Mixer Grinder,Home & Kitchen,Mixer Grinder,52527.66,2.0,5.0,Cash on Delivery,Delayed,3.6,99802.55
ORD14369,2024-05-20,CUST1950,Om Menon,Mumbai,Maharashtra,PID191,Cricket Bat,Sports,Cricket Bat,77514.89,1.0,40.0,Net Banking,Returned,1.3,46508.93
ORD13679,2023-09-30,CUST1772,Nilima Tripathi,Surat,Gujarat,PID399,Kurta,Fashion,Kurta,53074.08,5.0,30.0,Credit Card,Delivered,1.6,185759.28
ORD14460,2024-09-29,CUST1497,Ira Bava,Delhi,Delhi,PID234,Dumbbells,Sports,Dumbbells,24289.08,5.0,0.0,UPI,Cancelled,2.0,121445.4
ORD14073,2024-03-06,CUST1806,Owen Khurana,Bangalore,Karnataka,PID378,Jacket,Fashion,Jacket,13787.88,4.0,10.0,Unknown,Returned,2.2,49636.37
ORD11263,2023-05-02,CUST1508,Aarav Rai,Chennai,Tamil Nadu,PID172,Laptop,Electronics,Laptop,28093.54,2.0,0.0,Net Banking,Delayed,1.2,56187.08
ORD11146,2023-08-17,CUST1376,Ria Narang,Delhi,Delhi,PID279,Shampoo,Beauty,Shampoo,10025.41,2.0,30.0,Cash on Delivery,Returned,1.2,14035.57
ORD12367,2024-08-29,CUST1041,Ayush Madan,Delhi,Delhi,PID427,Tablet,Electronics,Tablet,83510.4,4.0,40.0,Credit Card,Returned,3.2,200424.96
ORD14169,2023-07-10,CUST1204,Tarak Bhattacharyya,Kolkata,West Bengal,PID561,Novel,Books,Novel,78426.79,2.0,25.0,Unknown,Delivered,2.8,117640.18
ORD13497,2024-08-20,CUST1449,Aahana Mistry,Kolkata,West Bengal,PID567,Mixer Grinder,Home & Kitchen,Mixer Grinder,45180.06,4.0,15.0,UPI,Cancelled,3.7,153612.2
ORD11539,2024-05-21,CUST1984,Pranav Anand,Ahmedabad,Gujarat,PID405,Perfume,Beauty,Perfume,42341.18,1.0,25.0,Debit Card,Delivered,3.8,31755.88
ORD10329,2023-06-02,CUST1555,Tripti Garg,Chennai,Tamil Nadu,PID279,Cookware Set,Home & Kitchen,Cookware Set,18169.91,4.0,20.0,Net Banking,Cancelled,1.5,58143.71
ORD11407,2023-05-28,CUST1905,Neel Kurian,Jaipur,Rajasthan,PID187,Sunscreen,Beauty,Sunscreen,53495.72,2.0,40.0,Net Banking,Cancelled,2.9,64194.86
ORD10211,2024-01-16,CUST1910,Hardik Savant,Chennai,Tamil Nadu,PID199,Jacket,Fashion,Jacket,58950.95,3.0,25.0,Cash on Delivery,Delivered,2.2,132639.64
ORD13922,2024-01-31,CUST1868,Ojasvi Saha,Indore,Madhya Pradesh,PID153,Bedsheet,Home & Kitchen,Bedsheet,5907.93,5.0,15.0,UPI,Cancelled,4.3,25108.7
ORD11859,2024-05-10,CUST1117,Shravya Sankaran,Pune,Maharashtra,PID554,Jeans,Fashion,Jeans,79307.99,3.0,5.0,Net Banking,Cancelled,4.4,226027.77
ORD11345,2024-12-28,CUST1252,Alka Kalita,Ahmedabad,Gujarat,PID230,Textbook,Books,Textbook,28957.37,4.0,40.0,Cash on Delivery,Delivered,3.4,69497.69
ORD13055,2024-09-02,CUST1176,Waida Sachdeva,Chennai,Tamil Nadu,PID373,Textbook,Books,Textbook,39440.86,3.0,15.0,Debit Card,Delivered,1.7,100574.19
ORD14374,2024-09-20,CUST1062,Aarini Mani,Jaipur,Rajasthan,PID530,Comic,Books,Comic,2288.42,3.0,40.0,UPI,Delayed,4.8,4119.16
ORD13447,2024-02-24,CUST1952,Amara Bhandari,Surat,Gujarat,PID466,Football,Sports,Football,77794.54,2.0,40.0,Debit Card,Delayed,1.1,93353.45
ORD10474,2024-08-21,CUST1480,Imaran Mani,Kolkata,West Bengal,PID258,Air Fryer,Home & Kitchen,Air Fryer,65257.38,1.0,20.0,Debit Card,Cancelled,4.8,52205.9
ORD14056,2023-08-23,CUST1919,Amaira Mani,Lucknow,Uttar Pradesh,PID156,Dumbbells,Sports,Dumbbells,56126.46,1.0,40.0,Net Banking,Returned,2.6,33675.88
ORD12722,2023-04-12,CUST1689,Fariq Gaba,Hyderabad,Telangana,PID497,Cookware Set,Home & Kitchen,Cookware Set,9843.36,3.0,20.0,UPI,Returned,4.1,23624.06
ORD14061,2024-05-19,CUST1735,Timothy Barad,Kolkata,West Bengal,PID388,Biography,Books,Biography,9246.39,5.0,10.0,Unknown,Delivered,1.4,41608.75
ORD13673,2024-01-30,CUST1443,Rajeshri Sarraf,Lucknow,Uttar Pradesh,PID264,Novel,Books,Novel,62264.4,1.0,30.0,Credit Card,Unknown,3.0,43585.08
ORD14332,2023-02-06,CUST1799,Ayaan Dave,Bangalore,Karnataka,PID503,Saree,Fashion,Saree,31176.33,4.0,10.0,UPI,Delivered,1.2,112234.79
ORD14482,2024-02-18,CUST1628,Frederick Walla,Jaipur,Rajasthan,PID331,Jacket,Fashion,Jacket,33513.2,5.0,30.0,UPI,Delivered,4.4,117296.2
ORD11228,2023-03-11,CUST1668,Girish Morar,Bangalore,Karnataka,PID282,Face Wash,Beauty,Face Wash,49113.86,2.0,20.0,UPI,Cancelled,1.7,78582.18
ORD12946,2023-01-15,CUST1336,Vritti Basu,Hyderabad,Telangana,PID415,Water Bottle,Home & Kitchen,Water Bottle,44292.17,1.0,40.0,Unknown,Returned,3.7,26575.3
ORD12359,2023-01-27,CUST1001,Upasna Brar,Jaipur,Rajasthan,PID387,Mixer Grinder,Home & Kitchen,Mixer Grinder,49237.83,4.0,25.0,UPI,Delivered,2.4,147713.49
ORD14679,2023-03-11,CUST1052,Karan Varghese,Jaipur,Rajasthan,PID532,Shampoo,Beauty,Shampoo,6837.05,5.0,0.0,Net Banking,Delivered,1.6,34185.25
ORD14071,2024-04-09,CUST1187,Unni Nadig,Indore,Madhya Pradesh,PID149,Biography,Books,Biography,24697.93,3.0,0.0,Net Banking,Delayed,4.9,74093.79
ORD11782,2024-11-07,CUST1663,Vamakshi Dar,Chennai,Tamil Nadu,PID327,T-Shirt,Fashion,T-Shirt,75305.68,2.0,10.0,Net Banking,Unknown,,135550.22
ORD12559,2024-06-03,CUST1827,George Jhaveri,Hyderabad,Telangana,PID175,Tablet,Electronics,Tablet,32671.08,5.0,15.0,Net Banking,Delivered,2.8,138852.09
ORD13472,2024-10-16,CUST1400,Abhiram Kalla,Lucknow,Uttar Pradesh,PID452,Cookware Set,Home & Kitchen,Cookware Set,9217.82,4.0,25.0,Credit Card,Delivered,,27653.46
ORD12972,2023-05-17,CUST1804,Simon Minhas,Lucknow,Uttar Pradesh,PID148,Water Bottle,Home & Kitchen,Water Bottle,1682.6,2.0,10.0,UPI,Cancelled,,3028.68
ORD13803,2023-01-29,CUST1901,Aarnav Aurora,Ahmedabad,Gujarat,PID174,Cookware Set,Home & Kitchen,Cookware Set,59099.21,4.0,20.0,Unknown,Unknown,4.8,189117.47
ORD12344,2023-09-14,CUST1049,Brijesh Sachar,Ahmedabad,Gujarat,PID205,Kurta,Fashion,Kurta,85017.53,4.0,15.0,Debit Card,Cancelled,4.1,289059.6
ORD10632,2024-06-16,CUST1948,Chatresh Oza,Kolkata,West Bengal,PID162,Cricket Bat,Sports,Cricket Bat,56186.2,2.0,5.0,Net Banking,Delayed,1.8,106753.78
ORD12475,2024-10-22,CUST1191,Saanvi Bhasin,Jaipur,Rajasthan,PID498,Water Bottle,Home & Kitchen,Water Bottle,44893.46,3.0,10.0,Cash on Delivery,Delayed,,121212.34
ORD11874,2023-10-01,CUST1893,Thomas Ravi,Bangalore,Karnataka,PID511,Lipstick,Beauty,Lipstick,44764.39,5.0,40.0,Unknown,Unknown,3.8,134293.17
ORD13467,2023-12-14,CUST1005,Vaishnavi Date,Ahmedabad,Gujarat,PID487,Shampoo,Beauty,Shampoo,22060.81,1.0,5.0,Debit Card,Cancelled,1.4,20957.77
ORD13402,2024-12-14,CUST1160,Victor Gopal,Jaipur,Rajasthan,PID356,Yoga Mat,Sports,Yoga Mat,16646.23,1.0,25.0,UPI,Cancelled,1.2,12484.67
ORD11258,2024-09-30,CUST1212,Lohit Tiwari,Lucknow,Uttar Pradesh,PID285,Mixer Grinder,Home & Kitchen,Mixer Grinder,79157.0,5.0,20.0,Credit Card,Cancelled,2.9,316628.0
ORD13091,2023-08-05,CUST1478,Yahvi Chowdhury,Jaipur,Rajasthan,PID306,Tablet,Electronics,Tablet,24745.87,4.0,5.0,Debit Card,Delayed,2.2,94034.31
ORD13893,2024-08-10,CUST1121,Mitali Bala,Chennai,Tamil Nadu,PID237,Dumbbells,Sports,Dumbbells,86411.42,1.0,25.0,Cash on Delivery,Delivered,4.0,64808.56
ORD10408,2024-10-21,CUST1616,Aarnav Toor,Ahmedabad,Gujarat,PID252,Cricket Bat,Sports,Cricket Bat,14468.36,3.0,10.0,UPI,Delivered,4.9,39064.57
ORD14754,2024-09-01,CUST1949,Rachit Bhalla,Mumbai,Maharashtra,PID285,Comic,Books,Comic,55224.42,4.0,10.0,Cash on Delivery,Delayed,3.5,198807.91
ORD11715,2024-05-30,CUST1943,Krish Oommen,Pune,Maharashtra,PID245,Cricket Bat,Sports,Cricket Bat,27160.17,3.0,40.0,Debit Card,Delivered,4.4,48888.31
ORD12742,2024-01-04,CUST1897,Nihal Andra,Surat,Gujarat,PID376,Sunscreen,Beauty,Sunscreen,67618.97,4.0,40.0,Cash on Delivery,Cancelled,2.4,162285.53
ORD10188,2024-07-09,CUST1539,Patrick Korpal,Indore,Madhya Pradesh,PID344,Novel,Books,Novel,63095.39,5.0,40.0,Credit Card,Cancelled,3.0,189286.17
ORD13826,2023-11-08,CUST1291,Panini Chatterjee,Hyderabad,Telangana,PID198,Air Fryer,Home & Kitchen,Air Fryer,16411.12,5.0,15.0,UPI,Delivered,1.9,69747.26
ORD12142,2024-08-17,CUST1473,Ucchal Arya,Delhi,Delhi,PID462,Air Fryer,Home & Kitchen,Air Fryer,16298.24,3.0,15.0,Credit Card,Cancelled,4.1,41560.51
ORD11129,2023-06-23,CUST1617,Baljiwan Babu,Chennai,Tamil Nadu,PID411,Lipstick,Beauty,Lipstick,11634.67,2.0,10.0,Credit Card,Returned,3.8,20942.41
ORD10222,2023-04-17,CUST1388,Jason Raja,Surat,Gujarat,PID498,Shampoo,Beauty,Shampoo,79768.23,1.0,10.0,Unknown,Delayed,3.4,71791.41
ORD13144,2024-10-07,CUST1692,Jai Viswanathan,Kolkata,West Bengal,PID398,Cookware Set,Home & Kitchen,Cookware Set,87036.91,4.0,10.0,Debit Card,Delayed,4.5,313332.88
ORD13130,2023-02-23,CUST1787,Lipika Nazareth,Chennai,Tamil Nadu,PID256,Cookware Set,Home & Kitchen,Cookware Set,75925.26,3.0,15.0,Credit Card,Cancelled,4.3,193609.41
ORD10306,2024-07-28,CUST1402,Riya Badami,Chennai,Tamil Nadu,PID481,Cricket Bat,Sports,Cricket Bat,43696.89,2.0,40.0,Net Banking,Delivered,1.1,52436.27
ORD10371,2023-02-26,CUST1476,Eshana Ramaswamy,Indore,Madhya Pradesh,PID416,Perfume,Beauty,Perfume,85156.68,1.0,25.0,UPI,Delivered,4.6,63867.51
ORD13915,2023-07-25,CUST1939,Zilmil Raju,Ahmedabad,Gujarat,PID181,Perfume,Beauty,Perfume,42023.4,4.0,25.0,Cash on Delivery,Returned,2.0,126070.2
ORD12780,2024-10-11,CUST1072,Amruta Sankar,Mumbai,Maharashtra,PID276,Yoga Mat,Sports,Yoga Mat,38801.27,2.0,30.0,UPI,Returned,5.0,54321.78
ORD11603,2024-01-21,CUST1529,Finn Patla,Surat,Gujarat,PID431,Mixer Grinder,Home & Kitchen,Mixer Grinder,77354.97,4.0,10.0,UPI,Returned,2.2,278477.89
ORD14459,2023-05-18,CUST1298,Qushi Dubey,Pune,Maharashtra,PID345,Bedsheet,Home & Kitchen,Bedsheet,62627.28,3.0,0.0,Net Banking,Unknown,3.9,187881.84
ORD10447,2023-03-03,CUST1305,Rudra Hora,Lucknow,Uttar Pradesh,PID393,Tablet,Electronics,Tablet,23393.31,4.0,5.0,UPI,Delivered,2.0,88894.58
ORD12464,2023-10-12,CUST1699,Rohan Sehgal,Mumbai,Maharashtra,PID257,Shampoo,Beauty,Shampoo,14720.2,4.0,20.0,Unknown,Cancelled,2.7,47104.64
ORD11484,2024-12-17,CUST1460,Umang Mallick,Pune,Maharashtra,PID396,Football,Sports,Football,9085.58,4.0,20.0,Net Banking,Delivered,3.1,29073.86
ORD10450,2024-03-26,CUST1517,Zayan Dugal,Pune,Maharashtra,PID165,Water Bottle,Home & Kitchen,Water Bottle,53003.32,3.0,30.0,Cash on Delivery,Unknown,4.8,111306.97
ORD11142,2024-10-07,CUST1238,Vedhika Keer,Surat,Gujarat,PID163,Cookware Set,Home & Kitchen,Cookware Set,84246.85,3.0,5.0,Net Banking,Returned,2.3,240103.52
ORD11329,2023-07-28,CUST1625,Siddharth Issac,Lucknow,Uttar Pradesh,PID234,Bluetooth Speaker,Electronics,Bluetooth Speaker,73503.64,5.0,25.0,Unknown,Delivered,1.9,275638.65
ORD10774,2023-12-27,CUST1650,Panini Khurana,Hyderabad,Telangana,PID234,Mixer Grinder,Home & Kitchen,Mixer Grinder,82872.17,3.0,25.0,UPI,Delivered,2.0,186462.38
ORD14891,2023-04-07,CUST1557,Mohammed Bedi,Mumbai,Maharashtra,PID467,Face Wash,Beauty,Face Wash,45583.85,2.0,5.0,Unknown,Delivered,4.3,86609.31
ORD11190,2024-02-20,CUST1420,Max Deep,Surat,Gujarat,PID336,Perfume,Beauty,Perfume,61222.45,5.0,20.0,Net Banking,Unknown,4.8,244889.8
ORD10841,2023-01-01,CUST1390,Nidra Sekhon,Bangalore,Karnataka,PID473,Sunscreen,Beauty,Sunscreen,82885.58,2.0,5.0,Debit Card,Delivered,3.5,157482.6
ORD13434,2023-12-22,CUST1888,Jagat Ratti,Indore,Madhya Pradesh,PID513,Novel,Books,Novel,57955.45,1.0,0.0,Unknown,Delivered,2.5,57955.45
ORD13120,2023-04-17,CUST1127,Oni Rege,Kolkata,West Bengal,PID359,Perfume,Beauty,Perfume,24757.16,4.0,30.0,Cash on Delivery,Cancelled,2.4,69320.05
ORD11344,2024-09-16,CUST1936,Chakradev Sood,Kolkata,West Bengal,PID477,Face Wash,Beauty,Face Wash,85384.2,2.0,30.0,Unknown,Unknown,4.6,119537.88
ORD14037,2023-02-01,CUST1834,Oni Pant,Indore,Madhya Pradesh,PID239,Water Bottle,Home & Kitchen,Water Bottle,19830.19,3.0,0.0,Net Banking,Unknown,4.9,59490.57
ORD10184,2023-10-09,CUST1302,Divya Bala,Indore,Madhya Pradesh,PID355,Biography,Books,Biography,35640.63,2.0,10.0,Net Banking,Cancelled,,64153.13
ORD12566,2023-06-30,CUST1457,Ranveer Mangal,Lucknow,Uttar Pradesh,PID581,Mixer Grinder,Home & Kitchen,Mixer Grinder,63627.29,5.0,30.0,UPI,Cancelled,3.7,222695.52
ORD13076,2024-08-12,CUST1388,Janaki Naidu,Jaipur,Rajasthan,PID469,Sneakers,Fashion,Sneakers,33577.37,4.0,5.0,Unknown,Unknown,4.9,127594.01
ORD10682,2024-04-02,CUST1574,Abdul Comar,Jaipur,Rajasthan,PID186,Perfume,Beauty,Perfume,64354.9,1.0,15.0,Debit Card,Delivered,3.3,54701.66
ORD11728,2024-11-20,CUST1360,Wishi Setty,Mumbai,Maharashtra,PID315,Novel,Books,Novel,43203.19,1.0,5.0,Unknown,Delivered,4.5,41043.03
ORD14663,2023-12-01,CUST1410,Chanakya Biswas,Delhi,Delhi,PID451,Dumbbells,Sports,Dumbbells,58102.02,3.0,25.0,Net Banking,Delivered,1.2,130729.54
ORD12937,2023-07-26,CUST1495,Wriddhish Shanker,Mumbai,Maharashtra,PID478,Smartwatch,Electronics,Smartwatch,36592.05,3.0,0.0,Debit Card,Delivered,4.0,109776.15
ORD12583,2024-02-24,CUST1157,Hritik Bhakta,Delhi,Delhi,PID243,Shampoo,Beauty,Shampoo,9388.96,5.0,0.0,UPI,Delivered,2.9,46944.8
ORD14590,2023-10-25,CUST1105,Ojasvi Menon,Kolkata,West Bengal,PID218,Cricket Bat,Sports,Cricket Bat,0.0,4.0,30.0,Cash on Delivery,Delivered,3.7,0.0
ORD14687,2023-04-07,CUST1501,Onkar Khalsa,Mumbai,Maharashtra,PID454,Cricket Bat,Sports,Cricket Bat,0.0,4.0,10.0,UPI,Delivered,4.9,0.0
ORD12225,2023-03-15,CUST1928,Rayaan Cheema,Surat,Gujarat,PID290,Air Fryer,Home & Kitchen,Air Fryer,1421.47,1.0,5.0,Credit Card,Delivered,3.3,1350.4
ORD11494,2024-12-26,CUST1981,Advika Saha,Kolkata,West Bengal,PID311,Water Bottle,Home & Kitchen,Water Bottle,46091.14,3.0,20.0,Unknown,Delivered,1.5,110618.74
ORD11144,2024-08-09,CUST1911,Warhi Kapadia,Jaipur,Rajasthan,PID277,Sneakers,Fashion,Sneakers,41864.41,4.0,20.0,UPI,Delayed,2.8,133966.11
ORD12155,2024-07-24,CUST1617,Tamanna Bora,Mumbai,Maharashtra,PID127,Comic,Books,Comic,7962.39,3.0,10.0,Unknown,Returned,2.8,21498.45
ORD10652,2024-09-15,CUST1349,Harsh Goswami,Surat,Gujarat,PID471,Lipstick,Beauty,Lipstick,38882.98,5.0,0.0,Debit Card,Unknown,2.3,194414.9
ORD10906,2024-09-06,CUST1875,Parth Chaudry,Jaipur,Rajasthan,PID220,Headphones,Electronics,Headphones,73326.06,5.0,20.0,Net Banking,Returned,3.0,293304.24
ORD11570,2024-11-14,CUST1434,Tanveer Chanda,Indore,Madhya Pradesh,PID204,Biography,Books,Biography,25891.62,2.0,20.0,Cash on Delivery,Delayed,1.3,41426.59
ORD14580,2023-07-02,CUST1669,Vamakshi Rana,Jaipur,Rajasthan,PID119,Sunscreen,Beauty,Sunscreen,2822.01,3.0,25.0,Unknown,Delayed,4.3,6349.52
ORD12743,2024-11-04,CUST1055,Azad Khanna,Indore,Madhya Pradesh,PID189,Mixer Grinder,Home & Kitchen,Mixer Grinder,86090.57,5.0,10.0,UPI,Delivered,4.5,387407.57
ORD11709,2024-10-18,CUST1051,Chandani Brar,Bangalore,Karnataka,PID390,Cricket Bat,Sports,Cricket Bat,55262.49,2.0,0.0,Cash on Delivery,Delivered,2.2,110524.98
ORD14357,2024-01-06,CUST1363,Arya Nanda,Indore,Madhya Pradesh,PID422,Cricket Bat,Sports,Cricket Bat,67174.12,2.0,20.0,Unknown,Delivered,2.2,107478.59
ORD13315,2024-08-16,CUST1537,Hitesh Tata,Bangalore,Karnataka,PID286,Water Bottle,Home & Kitchen,Water Bottle,74694.34,2.0,20.0,Credit Card,Cancelled,3.8,119510.94
ORD14727,2024-12-01,CUST1467,Dhruv Sane,Jaipur,Rajasthan,PID496,Kurta,Fashion,Kurta,66965.59,1.0,15.0,Credit Card,Cancelled,3.4,56920.75
ORD13126,2024-06-13,CUST1318,Chatura Ghosh,Jaipur,Rajasthan,PID371,Sneakers,Fashion,Sneakers,3409.98,4.0,5.0,Net Banking,Delivered,2.0,12957.92
ORD14010,2023-02-27,CUST1243,Lila Manne,Surat,Gujarat,PID560,Yoga Mat,Sports,Yoga Mat,19392.77,1.0,30.0,UPI,Delayed,4.2,13574.94
ORD13641,2023-03-05,CUST1704,Rishi Kota,Chennai,Tamil Nadu,PID396,Cookware Set,Home & Kitchen,Cookware Set,14652.82,4.0,15.0,Debit Card,Unknown,4.7,49819.59
ORD12029,2024-01-01,CUST1484,Kashvi Bakshi,Hyderabad,Telangana,PID196,Dumbbells,Sports,Dumbbells,65795.04,3.0,40.0,Unknown,Cancelled,2.9,118431.07
ORD13154,2023-01-14,CUST1644,Vasatika Kata,Indore,Madhya Pradesh,PID241,Bedsheet,Home & Kitchen,Bedsheet,19846.03,3.0,30.0,UPI,Delayed,,41676.66
ORD12608,2023-03-18,CUST1319,Upma Borah,Delhi,Delhi,PID102,Kurta,Fashion,Kurta,20411.4,2.0,0.0,UPI,Unknown,,40822.8
ORD12091,2023-05-15,CUST1292,Aryan Jani,Lucknow,Uttar Pradesh,PID498,Novel,Books,Novel,61798.4,2.0,20.0,Cash on Delivery,Delayed,2.1,98877.44
ORD10230,2024-05-31,CUST1407,Vrinda Bora,Lucknow,Uttar Pradesh,PID593,Jacket,Fashion,Jacket,15752.48,5.0,25.0,Unknown,Unknown,2.7,59071.8
ORD11722,2023-04-23,CUST1442,Nandini Behl,Indore,Madhya Pradesh,PID508,Yoga Mat,Sports,Yoga Mat,62019.23,1.0,40.0,Debit Card,Delayed,3.0,37211.54
ORD11343,2023-09-20,CUST1393,Isaac Boase,Lucknow,Uttar Pradesh,PID313,Kurta,Fashion,Kurta,28040.51,2.0,0.0,Cash on Delivery,Cancelled,3.1,56081.02
ORD14542,2024-05-18,CUST1142,Jalsa Dugar,Mumbai,Maharashtra,PID251,Biography,Books,Biography,36310.69,4.0,20.0,Unknown,Returned,4.7,116194.21
ORD14402,2023-05-08,CUST1114,Karan Bahri,Ahmedabad,Gujarat,PID397,Smartwatch,Electronics,Smartwatch,50924.38,1.0,15.0,UPI,Delivered,3.3,43285.72
ORD11079,2024-02-24,CUST1515,Aishani Devan,Lucknow,Uttar Pradesh,PID183,Bluetooth Speaker,Electronics,Bluetooth Speaker,1772.85,4.0,25.0,Credit Card,Delivered,1.2,5318.55
ORD14829,2023-12-13,CUST1872,Widisha Minhas,Mumbai,Maharashtra,PID336,Textbook,Books,Textbook,42608.42,2.0,40.0,Cash on Delivery,Delivered,2.1,51130.1
ORD14088,2024-12-12,CUST1521,Qabil Bajwa,Pune,Maharashtra,PID339,Headphones,Electronics,Headphones,1739.63,4.0,10.0,Debit Card,Unknown,1.4,6262.67
ORD14850,2023-11-01,CUST1653,Qasim Wali,Chennai,Tamil Nadu,PID489,Kurta,Fashion,Kurta,34782.33,5.0,10.0,Unknown,Delayed,3.1,156520.49
ORD14734,2024-10-11,CUST1441,Janani Salvi,Hyderabad,Telangana,PID224,Smartphone,Electronics,Smartphone,65574.48,4.0,25.0,UPI,Delivered,3.6,196723.44
ORD11458,2024-05-22,CUST1138,Gabriel Tella,Ahmedabad,Gujarat,PID255,Novel,Books,Novel,82882.15,4.0,5.0,UPI,Cancelled,4.5,314952.17
ORD11697,2023-11-14,CUST1307,Eesha Barad,Bangalore,Karnataka,PID158,Biography,Books,Biography,82783.75,1.0,10.0,UPI,Delayed,4.2,74505.38
ORD12992,2023-01-20,CUST1599,Ekaraj Oommen,Ahmedabad,Gujarat,PID498,Yoga Mat,Sports,Yoga Mat,8892.78,3.0,0.0,Debit Card,Delayed,4.4,26678.34
ORD10597,2023-11-27,CUST1632,Owen Parsa,Jaipur,Rajasthan,PID462,Yoga Mat,Sports,Yoga Mat,10785.79,3.0,10.0,Unknown,Unknown,1.4,29121.63
ORD12316,2024-09-22,CUST1458,Anusha Sarma,Mumbai,Maharashtra,PID493,Novel,Books,Novel,9782.92,5.0,5.0,Net Banking,Cancelled,2.1,46468.87
ORD13774,2023-08-02,CUST1302,Udarsh Oommen,Chennai,Tamil Nadu,PID394,Laptop,Electronics,Laptop,62177.99,3.0,15.0,Debit Card,Returned,3.2,158553.87
ORD12223,2023-12-30,CUST1367,Yasti Comar,Bangalore,Karnataka,PID480,Yoga Mat,Sports,Yoga Mat,68461.22,5.0,5.0,Net Banking,Cancelled,2.7,325190.8
ORD13605,2023-12-19,CUST1801,Sai Bora,Surat,Gujarat,PID346,Headphones,Electronics,Headphones,38258.73,4.0,5.0,Credit Card,Unknown,1.3,145383.17
ORD12497,2024-01-27,CUST1804,Chavvi Kurian,Jaipur,Rajasthan,PID541,Bluetooth Speaker,Electronics,Bluetooth Speaker,14468.51,1.0,5.0,UPI,Cancelled,,13745.08
ORD13848,2023-07-08,CUST1159,Jacob Narayan,Indore,Madhya Pradesh,PID324,Smartwatch,Electronics,Smartwatch,51393.79,3.0,10.0,Net Banking,Delivered,1.9,138763.23
ORD14665,2024-03-20,CUST1598,Qasim Prabhu,Delhi,Delhi,PID239,Dumbbells,Sports,Dumbbells,4161.97,4.0,0.0,Net Banking,Cancelled,3.2,16647.88
ORD13888,2023-01-31,CUST1223,Yoshita Taneja,Hyderabad,Telangana,PID577,Face Wash,Beauty,Face Wash,9469.01,4.0,5.0,Cash on Delivery,Delivered,2.6,35982.24
ORD12334,2023-08-21,CUST1852,Chasmum Karnik,Bangalore,Karnataka,PID358,Comic,Books,Comic,8527.12,3.0,0.0,Cash on Delivery,Returned,1.8,25581.36
ORD10475,2024-03-08,CUST1193,Arya Pall,Hyderabad,Telangana,PID441,Comic,Books,Comic,33289.38,2.0,0.0,Credit Card,Unknown,4.9,66578.76
ORD12209,2024-11-05,CUST1087,Samar Madan,Jaipur,Rajasthan,PID511,Biography,Books,Biography,44717.96,4.0,15.0,Unknown,Cancelled,3.0,152041.06
ORD10641,2024-08-07,CUST1449,Anya Ghose,Bangalore,Karnataka,PID318,Headphones,Electronics,Headphones,61460.15,5.0,15.0,Net Banking,Unknown,3.0,261205.64
ORD12883,2024-01-10,CUST1480,Zarna Anand,Bangalore,Karnataka,PID247,Bluetooth Speaker,Electronics,Bluetooth Speaker,51786.77,2.0,25.0,Debit Card,Unknown,3.6,77680.16
ORD12846,2024-03-06,CUST1939,Sarthak Gala,Hyderabad,Telangana,PID223,T-Shirt,Fashion,T-Shirt,0.0,3.0,20.0,Credit Card,Delivered,1.3,0.0
ORD13940,2023-07-13,CUST1923,Vedant Contractor,Chennai,Tamil Nadu,PID192,Saree,Fashion,Saree,8755.31,2.0,15.0,Debit Card,Delivered,3.8,14884.03
ORD13005,2024-04-20,CUST1815,Anthony Prakash,Hyderabad,Telangana,PID418,Yoga Mat,Sports,Yoga Mat,37233.63,5.0,10.0,UPI,Delivered,1.9,167551.34
ORD13325,2023-04-11,CUST1084,Manthan Andra,Bangalore,Karnataka,PID443,Shampoo,Beauty,Shampoo,77345.57,2.0,30.0,Credit Card,Unknown,3.6,108283.8
ORD13832,2023-10-22,CUST1079,Chameli Agarwal,Delhi,Delhi,PID113,Perfume,Beauty,Perfume,33810.21,5.0,10.0,Unknown,Returned,3.7,152145.94
ORD12102,2024-03-27,CUST1844,Oscar Mani,Ahmedabad,Gujarat,PID590,Football,Sports,Football,81972.23,4.0,10.0,Unknown,Cancelled,1.9,295100.03
ORD11443,2024-01-28,CUST1499,Aadi Nazareth,Bangalore,Karnataka,PID491,Comic,Books,Comic,56021.47,1.0,10.0,Net Banking,Unknown,2.6,50419.32
ORD13671,2024-08-11,CUST1197,Nidra Pau,Lucknow,Uttar Pradesh,PID141,Kurta,Fashion,Kurta,11317.02,3.0,15.0,Credit Card,Delayed,2.4,28858.4
ORD10719,2024-10-08,CUST1298,Orinder Misra,Ahmedabad,Gujarat,PID484,Dumbbells,Sports,Dumbbells,47971.8,4.0,5.0,Unknown,Cancelled,4.9,182292.84
ORD10666,2024-08-30,CUST1739,Baghyawati Varghese,Indore,Madhya Pradesh,PID401,Air Fryer,Home & Kitchen,Air Fryer,12244.31,5.0,0.0,Debit Card,Delayed,3.7,61221.55
ORD12855,2024-05-10,CUST1024,Idika Sankaran,Surat,Gujarat,PID209,Tablet,Electronics,Tablet,59479.34,5.0,25.0,Net Banking,Delivered,1.8,223047.52
ORD12588,2023-04-13,CUST1825,Dev Singhal,Ahmedabad,Gujarat,PID599,T-Shirt,Fashion,T-Shirt,47104.49,3.0,20.0,Credit Card,Cancelled,2.5,113050.78
ORD11877,2024-12-27,CUST1766,Jasmit Gole,Mumbai,Maharashtra,PID298,Face Wash,Beauty,Face Wash,62238.81,5.0,25.0,Debit Card,Delivered,4.2,233395.54
ORD13002,2023-09-24,CUST1787,Ronith Upadhyay,Hyderabad,Telangana,PID534,Sneakers,Fashion,Sneakers,28963.69,5.0,40.0,Unknown,Cancelled,3.9,86891.07
ORD14938,2024-03-25,CUST1751,Girish Khatri,Surat,Gujarat,PID310,Comic,Books,Comic,37986.62,5.0,30.0,Debit Card,Delivered,5.0,132953.17
ORD13180,2023-04-28,CUST1501,Abeer Sarraf,Ahmedabad,Gujarat,PID107,Sunscreen,Beauty,Sunscreen,88108.73,3.0,25.0,Credit Card,Delivered,3.6,198244.64
ORD11676,2024-07-26,CUST1977,Chatura Srinivas,Indore,Madhya Pradesh,PID105,Mixer Grinder,Home & Kitchen,Mixer Grinder,86525.33,5.0,25.0,Credit Card,Cancelled,1.8,324469.99
ORD13274,2024-12-21,CUST1386,Hritik Mukhopadhyay,Surat,Gujarat,PID222,Face Wash,Beauty,Face Wash,49203.88,4.0,5.0,Net Banking,Returned,4.1,186974.74
ORD12531,2023-11-01,CUST1655,Bhavya Patel,Delhi,Delhi,PID112,Laptop,Electronics,Laptop,60346.47,4.0,30.0,Net Banking,Delayed,4.7,168970.12
ORD14736,2024-05-30,CUST1692,Yatin Gopal,Mumbai,Maharashtra,PID423,Bluetooth Speaker,Electronics,Bluetooth Speaker,85861.41,4.0,20.0,Cash on Delivery,Cancelled,3.5,274756.51
ORD12259,2024-11-01,CUST1780,Yuvraj Randhawa,Surat,Gujarat,PID573,Bedsheet,Home & Kitchen,Bedsheet,73007.14,3.0,30.0,Unknown,Delivered,3.4,153314.99
ORD12422,2024-02-15,CUST1095,Hiral Chacko,Pune,Maharashtra,PID134,Cookware Set,Home & Kitchen,Cookware Set,88654.86,5.0,5.0,Cash on Delivery,Delivered,3.2,421110.58
ORD14917,2024-06-22,CUST1891,Omisha Agrawal,Indore,Madhya Pradesh,PID397,Sneakers,Fashion,Sneakers,6572.0,5.0,40.0,Cash on Delivery,Delivered,2.5,19716.0
ORD13172,2023-03-22,CUST1640,Kritika Kala,Indore,Madhya Pradesh,PID517,T-Shirt,Fashion,T-Shirt,79078.87,4.0,5.0,Unknown,Delivered,1.5,300499.71
ORD11581,2024-05-30,CUST1493,Meghana Naidu,Ahmedabad,Gujarat,PID535,Novel,Books,Novel,42938.51,3.0,25.0,Credit Card,Returned,3.8,96611.65
ORD13351,2023-04-29,CUST1346,Jack Sibal,Lucknow,Uttar Pradesh,PID213,Football,Sports,Football,59325.45,5.0,0.0,Credit Card,Delivered,1.9,296627.25
ORD14667,2023-03-09,CUST1690,Advaith Dani,Chennai,Tamil Nadu,PID279,Face Wash,Beauty,Face Wash,17865.99,4.0,15.0,Credit Card,Delivered,1.9,60744.37
ORD11125,2023-06-01,CUST1331,Logan Sem,Bangalore,Karnataka,PID308,Jacket,Fashion,Jacket,78291.97,5.0,25.0,Net Banking,Delayed,2.8,293594.89
ORD12027,2023-04-18,CUST1444,Meera Suri,Delhi,Delhi,PID114,Face Wash,Beauty,Face Wash,25086.09,4.0,5.0,Unknown,Cancelled,2.7,95327.14
ORD14771,2024-02-10,CUST1151,Aachal Sekhon,Delhi,Delhi,PID243,Jacket,Fashion,Jacket,8695.23,3.0,15.0,UPI,Delayed,4.5,22172.84
ORD13518,2023-01-06,CUST1809,Yasti Sur,Kolkata,West Bengal,PID228,Yoga Mat,Sports,Yoga Mat,57886.31,2.0,10.0,Debit Card,Returned,4.3,104195.36
ORD11838,2024-06-25,CUST1934,Yashvi Wadhwa,Jaipur,Rajasthan,PID347,Shampoo,Beauty,Shampoo,35119.53,3.0,10.0,Credit Card,Delivered,,94822.73
ORD13225,2024-01-04,CUST1184,Arin Agarwal,Mumbai,Maharashtra,PID217,Novel,Books,Novel,64825.49,3.0,25.0,Unknown,Delivered,2.9,145857.35
ORD13285,2023-08-05,CUST1325,Peter Bose,Lucknow,Uttar Pradesh,PID398,Cricket Bat,Sports,Cricket Bat,72105.4,5.0,30.0,Unknown,Delivered,3.7,252368.9
ORD13557,2023-12-11,CUST1747,Ranveer Divan,Lucknow,Uttar Pradesh,PID489,Laptop,Electronics,Laptop,9179.9,4.0,0.0,Debit Card,Delivered,3.7,36719.6
ORD10709,2023-06-04,CUST1167,Nisha Nigam,Ahmedabad,Gujarat,PID303,Sneakers,Fashion,Sneakers,4125.68,4.0,30.0,UPI,Delivered,2.5,11551.9
ORD14579,2023-04-19,CUST1916,Ronith Bhattacharyya,Ahmedabad,Gujarat,PID372,Sneakers,Fashion,Sneakers,58894.29,5.0,5.0,Debit Card,Cancelled,2.0,279747.88
ORD13755,2023-07-06,CUST1473,Thomas Bassi,Ahmedabad,Gujarat,PID239,Headphones,Electronics,Headphones,87059.49,4.0,25.0,Unknown,Delivered,3.1,261178.47
ORD10432,2023-01-06,CUST1988,Vivaan Bhat,Ahmedabad,Gujarat,PID481,Cookware Set,Home & Kitchen,Cookware Set,16780.1,1.0,0.0,Cash on Delivery,Returned,1.1,16780.1
ORD14843,2024-11-06,CUST1802,Pavani Bali,Chennai,Tamil Nadu,PID515,Dumbbells,Sports,Dumbbells,79366.59,5.0,25.0,Net Banking,Returned,2.1,297624.71
ORD13554,2023-10-21,CUST1512,Warjas Narain,Chennai,Tamil Nadu,PID584,Biography,Books,Biography,60927.0,2.0,5.0,Debit Card,Delivered,4.4,115761.3
ORD11869,2024-04-13,CUST1266,Mohini Ratti,Delhi,Delhi,PID283,Football,Sports,Football,35451.6,1.0,5.0,Cash on Delivery,Delayed,4.6,33679.02
ORD10877,2023-08-13,CUST1373,Jalsa Mitra,Delhi,Delhi,PID124,Shampoo,Beauty,Shampoo,39447.01,3.0,10.0,Credit Card,Unknown,3.6,106506.93
ORD11858,2024-06-09,CUST1452,Jyoti Borra,Chennai,Tamil Nadu,PID591,Perfume,Beauty,Perfume,14326.83,5.0,0.0,Cash on Delivery,Cancelled,3.7,71634.15
ORD10918,2024-04-26,CUST1005,Warhi Kamdar,Delhi,Delhi,PID448,Textbook,Books,Textbook,30165.55,1.0,0.0,Unknown,Cancelled,3.8,30165.55
ORD14285,2024-05-12,CUST1743,Odika Sampath,Lucknow,Uttar Pradesh,PID572,Yoga Mat,Sports,Yoga Mat,0.0,1.0,20.0,Cash on Delivery,Delayed,4.3,0.0
ORD14139,2023-05-07,CUST1788,Vrishti Tella,Chennai,Tamil Nadu,PID582,Bedsheet,Home & Kitchen,Bedsheet,89669.58,2.0,40.0,Net Banking,Cancelled,4.0,107603.5
ORD13495,2023-01-08,CUST1758,Sai Gara,Surat,Gujarat,PID325,Textbook,Books,Textbook,58511.11,1.0,5.0,Credit Card,Returned,1.9,55585.55
ORD10626,2023-07-21,CUST1831,Chaitaly Dora,Jaipur,Rajasthan,PID447,Bedsheet,Home & Kitchen,Bedsheet,59929.54,1.0,10.0,UPI,Delayed,4.7,53936.59
ORD12070,2024-12-02,CUST1672,Rushil Madan,Chennai,Tamil Nadu,PID143,Bedsheet,Home & Kitchen,Bedsheet,86409.86,1.0,10.0,Debit Card,Delayed,3.7,77768.87
ORD13952,2023-12-16,CUST1119,Siddharth Hora,Pune,Maharashtra,PID511,Sneakers,Fashion,Sneakers,87992.47,4.0,25.0,Debit Card,Cancelled,4.6,263977.41
ORD13361,2023-05-22,CUST1344,Manbir Sen,Hyderabad,Telangana,PID223,Novel,Books,Novel,9357.38,5.0,20.0,Cash on Delivery,Delivered,4.8,37429.52
ORD13867,2023-09-26,CUST1725,Arunima Garg,Jaipur,Rajasthan,PID229,Headphones,Electronics,Headphones,70809.92,3.0,40.0,Unknown,Delayed,3.7,127457.86
ORD12129,2023-02-05,CUST1598,Sarthak Narang,Lucknow,Uttar Pradesh,PID119,Textbook,Books,Textbook,74444.21,5.0,20.0,Cash on Delivery,Unknown,4.2,297776.84
ORD10133,2024-04-22,CUST1423,Yauvani Narayanan,Hyderabad,Telangana,PID123,Comic,Books,Comic,34352.46,3.0,40.0,Debit Card,Delivered,4.9,61834.43
ORD12682,2023-03-19,CUST1695,Neha Arya,Hyderabad,Telangana,PID207,Saree,Fashion,Saree,66407.85,4.0,0.0,Net Banking,Delivered,4.8,265631.4
ORD10568,2023-12-23,CUST1882,Nimrat Raja,Bangalore,Karnataka,PID577,Water Bottle,Home & Kitchen,Water Bottle,61197.08,3.0,20.0,Debit Card,Delivered,2.1,146872.99
ORD13121,2023-12-08,CUST1944,Rohan Dugal,Hyderabad,Telangana,PID166,Jacket,Fashion,Jacket,23739.42,1.0,20.0,Credit Card,Delivered,3.3,18991.54
ORD11145,2024-04-26,CUST1190,Alka Warrior,Hyderabad,Telangana,PID592,Face Wash,Beauty,Face Wash,77232.4,3.0,15.0,Debit Card,Cancelled,3.4,196942.62
ORD12949,2023-07-05,CUST1927,Ojasvi Radhakrishnan,Mumbai,Maharashtra,PID184,Bluetooth Speaker,Electronics,Bluetooth Speaker,44524.27,2.0,0.0,Cash on Delivery,Unknown,1.4,89048.54
ORD12082,2024-04-20,CUST1413,Agastya Toor,Ahmedabad,Gujarat,PID530,Cricket Bat,Sports,Cricket Bat,57571.99,2.0,5.0,Net Banking,Cancelled,3.4,109386.78
ORD12800,2024-07-15,CUST1999,Ubika Chakrabarti,Surat,Gujarat,PID593,Tablet,Electronics,Tablet,2531.84,1.0,0.0,Debit Card,Delivered,2.7,2531.84
ORD13669,2024-03-14,CUST1029,Avi Palla,Delhi,Delhi,PID237,Cricket Bat,Sports,Cricket Bat,82073.31,3.0,15.0,UPI,Delivered,2.5,209286.94
ORD11956,2023-03-25,CUST1767,Wazir Datta,Surat,Gujarat,PID201,Novel,Books,Novel,73055.3,1.0,5.0,UPI,Delivered,1.4,69402.54
ORD13033,2023-07-11,CUST1125,Qasim Rao,Bangalore,Karnataka,PID110,Biography,Books,Biography,58704.4,5.0,10.0,Debit Card,Delivered,2.2,264169.8
ORD10700,2024-08-15,CUST1972,Zansi Barad,Ahmedabad,Gujarat,PID527,Kurta,Fashion,Kurta,16063.52,3.0,25.0,Unknown,Returned,4.1,36142.92
ORD10427,2023-06-16,CUST1502,Vedika Saraf,Pune,Maharashtra,PID510,Face Wash,Beauty,Face Wash,23076.48,4.0,15.0,Unknown,Delivered,2.6,78460.03
ORD11562,2024-11-26,CUST1554,Rachita Lanka,Surat,Gujarat,PID358,Laptop,Electronics,Laptop,70153.16,2.0,40.0,Unknown,Delivered,3.5,84183.79
ORD12526,2023-05-22,CUST1413,Elijah Gill,Lucknow,Uttar Pradesh,PID335,Tablet,Electronics,Tablet,48849.37,4.0,30.0,Unknown,Unknown,3.3,136778.24
ORD13320,2023-03-07,CUST1709,Oni Mistry,Hyderabad,Telangana,PID549,Water Bottle,Home & Kitchen,Water Bottle,71798.69,3.0,30.0,UPI,Unknown,4.4,150777.25
ORD10445,2024-12-18,CUST1353,Dhruv Keer,Indore,Madhya Pradesh,PID554,Football,Sports,Football,0.0,3.0,10.0,Net Banking,Unknown,3.6,0.0
ORD14509,2024-12-24,CUST1017,Vihaan Rout,Hyderabad,Telangana,PID568,Football,Sports,Football,69394.87,1.0,15.0,Cash on Delivery,Delayed,2.1,58985.64
ORD13818,2023-05-07,CUST1253,Yatan Chakraborty,Indore,Madhya Pradesh,PID197,Headphones,Electronics,Headphones,88100.68,4.0,15.0,UPI,Delayed,3.6,299542.31
ORD14267,2024-01-22,CUST1457,Patrick Wagle,Surat,Gujarat,PID104,Dumbbells,Sports,Dumbbells,25410.69,2.0,25.0,Credit Card,Cancelled,3.1,38116.03
ORD13206,2023-03-05,CUST1246,Janani Bumb,Mumbai,Maharashtra,PID241,Comic,Books,Comic,9262.8,5.0,40.0,Debit Card,Delivered,2.1,27788.4
ORD14455,2024-06-07,CUST1875,Madhavi Pall,Bangalore,Karnataka,PID599,Mixer Grinder,Home & Kitchen,Mixer Grinder,23611.58,5.0,20.0,UPI,Unknown,3.8,94446.32
ORD11061,2023-11-29,CUST1902,Urishilla Nagarajan,Hyderabad,Telangana,PID256,T-Shirt,Fashion,T-Shirt,29706.28,5.0,15.0,Net Banking,Delivered,3.0,126251.69
ORD11766,2024-01-25,CUST1958,Anita Prabhakar,Bangalore,Karnataka,PID195,Saree,Fashion,Saree,79713.18,4.0,10.0,Net Banking,Unknown,2.0,286967.45
ORD10416,2024-07-25,CUST1872,Advika Tailor,Bangalore,Karnataka,PID186,Perfume,Beauty,Perfume,35505.45,5.0,0.0,Cash on Delivery,Delivered,3.5,177527.25
ORD10132,2023-05-01,CUST1937,Manthan Trivedi,Kolkata,West Bengal,PID222,Textbook,Books,Textbook,18918.68,1.0,15.0,Unknown,Cancelled,4.0,16080.88
ORD11214,2024-09-24,CUST1455,Ekalinga Mitra,Jaipur,Rajasthan,PID339,Biography,Books,Biography,7318.81,1.0,0.0,Net Banking,Returned,4.5,7318.81
ORD13363,2024-03-16,CUST1749,Abdul Parmar,Lucknow,Uttar Pradesh,PID478,Comic,Books,Comic,73006.01,1.0,5.0,Debit Card,Delayed,2.2,69355.71
ORD14176,2024-08-25,CUST1349,Chatura Baral,Pune,Maharashtra,PID570,Jeans,Fashion,Jeans,54595.64,2.0,10.0,Net Banking,Delayed,4.5,98272.15
ORD10246,2024-12-11,CUST1320,Baljiwan Cheema,Delhi,Delhi,PID226,Yoga Mat,Sports,Yoga Mat,25769.57,4.0,20.0,Debit Card,Delayed,3.3,82462.62
ORD11424,2023-10-08,CUST1208,Nihal Chahal,Jaipur,Rajasthan,PID455,Sunscreen,Beauty,Sunscreen,6601.71,1.0,20.0,Unknown,Cancelled,2.5,5281.37
ORD11764,2023-01-30,CUST1244,Girish Mahal,Jaipur,Rajasthan,PID316,T-Shirt,Fashion,T-Shirt,65492.07,4.0,15.0,Unknown,Returned,2.7,222673.04
ORD12148,2023-03-03,CUST1980,Joshua Murthy,Ahmedabad,Gujarat,PID343,Tablet,Electronics,Tablet,17073.7,1.0,0.0,Debit Card,Cancelled,1.8,17073.7
ORD10096,2023-10-09,CUST1525,Girish Devan,Kolkata,West Bengal,PID510,Jacket,Fashion,Jacket,31736.5,3.0,30.0,Unknown,Returned,,66646.65
ORD14279,2024-01-24,CUST1056,Wazir Gade,Kolkata,West Bengal,PID335,Yoga Mat,Sports,Yoga Mat,9426.78,3.0,10.0,UPI,Returned,,25452.31
ORD11356,2023-10-02,CUST1813,Ekapad Rau,Delhi,Delhi,PID281,Football,Sports,Football,43576.42,5.0,5.0,Net Banking,Unknown,1.8,206987.99
ORD12999,2023-10-25,CUST1047,Vincent Kalita,Lucknow,Uttar Pradesh,PID162,Face Wash,Beauty,Face Wash,75800.34,1.0,15.0,Credit Card,Delivered,4.2,64430.29
ORD11186,2024-02-24,CUST1873,Wishi Dyal,Surat,Gujarat,PID373,Cricket Bat,Sports,Cricket Bat,73217.7,2.0,40.0,Debit Card,Cancelled,4.7,87861.24
ORD14607,2023-12-20,CUST1326,Jagdish Mani,Indore,Madhya Pradesh,PID188,Face Wash,Beauty,Face Wash,56701.84,4.0,40.0,Cash on Delivery,Delayed,1.8,136084.42
ORD13254,2024-04-29,CUST1663,Nakul Yadav,Pune,Maharashtra,PID346,Smartphone,Electronics,Smartphone,32617.52,5.0,10.0,Credit Card,Delayed,,146778.84
ORD12347,2023-08-12,CUST1333,Mitesh Vala,Ahmedabad,Gujarat,PID372,Kurta,Fashion,Kurta,33237.47,2.0,0.0,Net Banking,Delivered,4.0,66474.94
ORD10677,2023-01-22,CUST1050,Yamini Ghosh,Ahmedabad,Gujarat,PID365,Saree,Fashion,Saree,70192.75,5.0,0.0,Debit Card,Unknown,1.4,350963.75
ORD12979,2023-11-22,CUST1388,Hamsini Gala,Hyderabad,Telangana,PID262,Bedsheet,Home & Kitchen,Bedsheet,27568.76,3.0,20.0,Net Banking,Cancelled,1.5,66165.02
ORD12088,2024-02-28,CUST1781,Hardik Narula,Surat,Gujarat,PID496,Face Wash,Beauty,Face Wash,28243.41,5.0,10.0,Debit Card,Delivered,1.3,127095.34
ORD14415,2024-01-21,CUST1442,Ria Mannan,Kolkata,West Bengal,PID156,Textbook,Books,Textbook,87887.81,1.0,20.0,Net Banking,Delivered,1.2,70310.25
ORD10090,2023-03-06,CUST1147,Ethan Banik,Delhi,Delhi,PID249,Dumbbells,Sports,Dumbbells,69889.11,2.0,40.0,UPI,Returned,4.6,83866.93
ORD14297,2024-03-11,CUST1432,Kala Parikh,Mumbai,Maharashtra,PID399,Face Wash,Beauty,Face Wash,48449.64,2.0,0.0,Credit Card,Delayed,3.9,96899.28
ORD10616,2023-10-07,CUST1412,Yashawini Pradhan,Chennai,Tamil Nadu,PID190,Novel,Books,Novel,38917.91,5.0,40.0,Cash on Delivery,Delivered,1.2,116753.73
ORD13881,2024-10-05,CUST1794,Peter Bhatia,Chennai,Tamil Nadu,PID244,Football,Sports,Football,22946.61,5.0,40.0,Credit Card,Unknown,1.4,68839.83
ORD12802,2024-09-17,CUST1137,Anika Sha,Kolkata,West Bengal,PID528,Novel,Books,Novel,35993.71,5.0,20.0,Debit Card,Cancelled,1.8,143974.84
ORD14698,2024-08-27,CUST1398,Leela Kamdar,Bangalore,Karnataka,PID130,Smartphone,Electronics,Smartphone,78120.51,4.0,20.0,Credit Card,Delivered,1.8,249985.63
ORD11966,2024-08-17,CUST1999,Eta Bhat,Jaipur,Rajasthan,PID479,Smartwatch,Electronics,Smartwatch,805.13,5.0,30.0,Cash on Delivery,Cancelled,3.9,2817.96
ORD11091,2023-01-11,CUST1345,Upma Parekh,Bangalore,Karnataka,PID209,Yoga Mat,Sports,Yoga Mat,39480.7,5.0,0.0,UPI,Delivered,2.7,197403.5
ORD14666,2023-12-05,CUST1031,Chandani Konda,Pune,Maharashtra,PID152,Football,Sports,Football,87259.21,3.0,5.0,Unknown,Delivered,4.5,248688.75
ORD13373,2023-06-24,CUST1839,Damyanti Chand,Hyderabad,Telangana,PID374,Jacket,Fashion,Jacket,38060.74,5.0,10.0,Net Banking,Delivered,3.1,171273.33
ORD12415,2023-10-17,CUST1430,Qasim Rana,Delhi,Delhi,PID235,Lipstick,Beauty,Lipstick,56768.91,3.0,0.0,Debit Card,Returned,1.9,170306.73
ORD12471,2024-04-01,CUST1824,Samaksh Saraf,Lucknow,Uttar Pradesh,PID330,Jacket,Fashion,Jacket,58742.85,1.0,20.0,UPI,Delivered,2.9,46994.28
ORD10413,2023-02-04,CUST1734,Lipika Pall,Ahmedabad,Gujarat,PID316,Kurta,Fashion,Kurta,77368.59,3.0,30.0,Cash on Delivery,Delayed,1.3,162474.04
ORD13691,2024-03-06,CUST1148,Tara Sarkar,Jaipur,Rajasthan,PID500,Bedsheet,Home & Kitchen,Bedsheet,41081.86,3.0,5.0,Debit Card,Delivered,4.9,117083.3
ORD10801,2023-12-10,CUST1541,Frado Behl,Pune,Maharashtra,PID247,Cricket Bat,Sports,Cricket Bat,34296.09,2.0,15.0,UPI,Unknown,2.8,58303.35
ORD14862,2023-07-17,CUST1942,Samaksh Kuruvilla,Jaipur,Rajasthan,PID430,Bluetooth Speaker,Electronics,Bluetooth Speaker,5192.8,2.0,20.0,UPI,Cancelled,4.4,8308.48
ORD13675,2023-09-12,CUST1838,Ekavir Dubey,Lucknow,Uttar Pradesh,PID567,Air Fryer,Home & Kitchen,Air Fryer,46572.21,2.0,20.0,Credit Card,Delivered,4.3,74515.54
ORD14160,2024-05-14,CUST1038,Yasti Bhavsar,Jaipur,Rajasthan,PID312,Headphones,Electronics,Headphones,48332.27,1.0,30.0,Credit Card,Delayed,2.2,33832.59
ORD11896,2023-07-29,CUST1126,Netra Sani,Mumbai,Maharashtra,PID423,Cricket Bat,Sports,Cricket Bat,48958.16,2.0,0.0,Credit Card,Unknown,1.0,97916.32
ORD12893,2023-04-23,CUST1646,Hiral Wagle,Hyderabad,Telangana,PID259,Yoga Mat,Sports,Yoga Mat,25187.33,3.0,20.0,Cash on Delivery,Returned,3.9,60449.59
ORD14382,2023-11-05,CUST1467,Saanvi Taneja,Delhi,Delhi,PID370,Cookware Set,Home & Kitchen,Cookware Set,88569.91,2.0,20.0,Cash on Delivery,Delayed,2.4,141711.86
ORD14394,2023-09-26,CUST1057,Megha Doctor,Delhi,Delhi,PID221,Laptop,Electronics,Laptop,3879.71,2.0,0.0,Credit Card,Delivered,2.0,7759.42
ORD11269,2023-01-08,CUST1476,Vasudha Doshi,Ahmedabad,Gujarat,PID543,Tablet,Electronics,Tablet,43742.04,4.0,5.0,Unknown,Returned,,166219.75
ORD12463,2024-10-02,CUST1597,Bhavani Banerjee,Kolkata,West Bengal,PID334,Perfume,Beauty,Perfume,85454.09,4.0,5.0,Credit Card,Returned,4.8,324725.54
ORD12216,2023-02-24,CUST1034,Jackson Wable,Indore,Madhya Pradesh,PID180,Sneakers,Fashion,Sneakers,79105.71,1.0,20.0,Credit Card,Delivered,2.3,63284.57
ORD10736,2024-09-04,CUST1199,Wahab Patil,Surat,Gujarat,PID401,Headphones,Electronics,Headphones,6713.95,4.0,15.0,UPI,Returned,3.3,22827.43
ORD14556,2024-03-17,CUST1608,Vasatika Mall,Chennai,Tamil Nadu,PID573,Textbook,Books,Textbook,43786.05,3.0,20.0,UPI,Delivered,3.4,105086.52
ORD14906,2023-08-14,CUST1300,Geetika Kanda,Bangalore,Karnataka,PID231,Mixer Grinder,Home & Kitchen,Mixer Grinder,10362.71,1.0,10.0,Credit Card,Cancelled,2.8,9326.44
ORD10639,2023-04-21,CUST1258,Damyanti Boase,Delhi,Delhi,PID351,Bluetooth Speaker,Electronics,Bluetooth Speaker,39821.33,1.0,25.0,Net Banking,Cancelled,2.5,29866.0
ORD10570,2024-01-28,CUST1085,Rachita Khosla,Kolkata,West Bengal,PID397,Shampoo,Beauty,Shampoo,62453.86,3.0,15.0,Net Banking,Cancelled,3.0,159257.34
ORD12168,2023-02-03,CUST1955,Kashvi Purohit,Indore,Madhya Pradesh,PID472,Face Wash,Beauty,Face Wash,62142.04,2.0,10.0,Unknown,Returned,1.2,111855.67
ORD11691,2024-12-01,CUST1286,Anita Uppal,Jaipur,Rajasthan,PID294,Smartwatch,Electronics,Smartwatch,87020.19,2.0,15.0,Credit Card,Cancelled,2.0,147934.32
ORD14527,2024-03-26,CUST1969,Omkaar Issac,Delhi,Delhi,PID417,Bluetooth Speaker,Electronics,Bluetooth Speaker,68947.25,1.0,10.0,UPI,Delivered,3.7,62052.52
ORD10357,2024-11-25,CUST1144,Gautami Subramaniam,Mumbai,Maharashtra,PID350,Face Wash,Beauty,Face Wash,30634.77,4.0,40.0,Credit Card,Delivered,3.1,73523.45
ORD10768,2023-08-26,CUST1072,Anirudh Munshi,Chennai,Tamil Nadu,PID550,Football,Sports,Football,1117.6,1.0,40.0,Unknown,Cancelled,2.2,670.56
ORD12758,2024-01-04,CUST1627,Wazir Magar,Ahmedabad,Gujarat,PID108,Jacket,Fashion,Jacket,30142.07,2.0,25.0,Cash on Delivery,Delivered,,45213.1
ORD12542,2023-11-02,CUST1841,Vasana Palan,Mumbai,Maharashtra,PID465,T-Shirt,Fashion,T-Shirt,8783.33,4.0,40.0,UPI,Returned,3.6,21079.99
ORD13633,2024-09-23,CUST1905,Neelima Varma,Mumbai,Maharashtra,PID336,Sunscreen,Beauty,Sunscreen,66781.31,4.0,40.0,Cash on Delivery,Returned,1.6,160275.14
ORD12502,2023-12-23,CUST1566,Gaurav Sampath,Chennai,Tamil Nadu,PID228,Face Wash,Beauty,Face Wash,3542.62,1.0,40.0,UPI,Delivered,1.4,2125.57
ORD10869,2024-06-07,CUST1110,Ekta Bajaj,Delhi,Delhi,PID343,Face Wash,Beauty,Face Wash,17125.19,4.0,20.0,Cash on Delivery,Returned,,54800.61
ORD14066,2023-06-07,CUST1744,Kamya Randhawa,Delhi,Delhi,PID281,Perfume,Beauty,Perfume,20767.05,4.0,0.0,Debit Card,Delivered,4.4,83068.2
ORD12100,2023-01-07,CUST1488,Akshay Rattan,Bangalore,Karnataka,PID496,Smartphone,Electronics,Smartphone,49785.97,1.0,25.0,Net Banking,Returned,3.8,37339.48
ORD11967,2023-10-09,CUST1321,George Patla,Indore,Madhya Pradesh,PID152,Novel,Books,Novel,82704.48,2.0,0.0,Credit Card,Delivered,1.0,165408.96
ORD13778,2023-04-29,CUST1918,Atharv Sundaram,Kolkata,West Bengal,PID297,Lipstick,Beauty,Lipstick,75546.86,4.0,10.0,Cash on Delivery,Delivered,4.4,271968.7
ORD12392,2024-10-29,CUST1176,Yutika Mohanty,Surat,Gujarat,PID295,Novel,Books,Novel,50831.6,1.0,15.0,UPI,Delayed,4.0,43206.86
ORD13522,2023-01-22,CUST1082,Unnati Anand,Hyderabad,Telangana,PID219,Cookware Set,Home & Kitchen,Cookware Set,83402.18,4.0,25.0,Credit Card,Cancelled,1.6,250206.54
ORD11713,2024-10-24,CUST1361,Avni Mohanty,Chennai,Tamil Nadu,PID227,Jeans,Fashion,Jeans,55032.13,3.0,15.0,Unknown,Delayed,3.5,140331.93
ORD12245,2023-07-18,CUST1615,Vasudha Kurian,Lucknow,Uttar Pradesh,PID224,Face Wash,Beauty,Face Wash,56659.05,3.0,20.0,Debit Card,Delayed,,135981.72
ORD13866,2024-02-11,CUST1828,Vrishti Talwar,Delhi,Delhi,PID485,Smartwatch,Electronics,Smartwatch,35731.9,1.0,0.0,Net Banking,Delayed,2.1,35731.9
ORD14261,2024-04-11,CUST1618,Darsh Rout,Hyderabad,Telangana,PID599,T-Shirt,Fashion,T-Shirt,19549.99,4.0,5.0,Credit Card,Returned,2.2,74289.96
ORD14522,2024-02-10,CUST1013,Balhaar Chacko,Hyderabad,Telangana,PID221,Textbook,Books,Textbook,44266.14,4.0,5.0,Net Banking,Delayed,,168211.33
ORD13689,2023-06-12,CUST1080,Jeevika Mukhopadhyay,Kolkata,West Bengal,PID242,T-Shirt,Fashion,T-Shirt,36281.24,1.0,15.0,UPI,Cancelled,1.2,30839.05
ORD12465,2024-03-30,CUST1609,Leena Acharya,Jaipur,Rajasthan,PID518,Bluetooth Speaker,Electronics,Bluetooth Speaker,20629.54,1.0,15.0,Unknown,Delivered,2.1,17535.11
ORD14624,2024-12-27,CUST1050,Lajita Majumdar,Kolkata,West Bengal,PID364,T-Shirt,Fashion,T-Shirt,61185.92,5.0,20.0,Credit Card,Delayed,3.9,244743.68
ORD13021,2024-04-21,CUST1149,Forum Warrior,Ahmedabad,Gujarat,PID579,Face Wash,Beauty,Face Wash,61954.79,3.0,10.0,Credit Card,Cancelled,3.3,167277.93
ORD12947,2024-08-10,CUST1740,Ishani Ghosh,Bangalore,Karnataka,PID126,Novel,Books,Novel,31093.99,5.0,15.0,UPI,Returned,4.8,132149.46
ORD14878,2024-06-21,CUST1995,Zarna Char,Ahmedabad,Gujarat,PID469,Bedsheet,Home & Kitchen,Bedsheet,53879.6,3.0,15.0,UPI,Delivered,1.7,137392.98
ORD12451,2023-08-07,CUST1095,Andrew Manda,Mumbai,Maharashtra,PID153,Smartwatch,Electronics,Smartwatch,34412.11,1.0,30.0,UPI,Returned,1.9,24088.48
ORD14005,2023-01-29,CUST1514,Vyanjana Sridhar,Mumbai,Maharashtra,PID378,Laptop,Electronics,Laptop,24271.84,4.0,0.0,Debit Card,Delivered,1.5,97087.36
ORD10007,2024-06-25,CUST1906,Amaira Sridhar,Bangalore,Karnataka,PID374,Jacket,Fashion,Jacket,71318.33,4.0,40.0,Unknown,Returned,3.2,171163.99
ORD12754,2023-07-25,CUST1924,Faras Prabhu,Ahmedabad,Gujarat,PID589,Perfume,Beauty,Perfume,30064.9,2.0,30.0,UPI,Delayed,3.8,42090.86
ORD14018,2023-03-10,CUST1033,Sanaya Mannan,Bangalore,Karnataka,PID500,Face Wash,Beauty,Face Wash,62692.4,2.0,40.0,Debit Card,Cancelled,1.2,75230.88
ORD11550,2024-12-06,CUST1865,Kamya Dugal,Kolkata,West Bengal,PID155,Smartphone,Electronics,Smartphone,59950.76,3.0,15.0,Credit Card,Delayed,1.1,152874.44
ORD14847,2024-12-03,CUST1004,Onkar Dasgupta,Lucknow,Uttar Pradesh,PID197,Lipstick,Beauty,Lipstick,11537.14,4.0,25.0,Net Banking,Delivered,,34611.42
ORD11383,2024-04-05,CUST1411,Oliver Raj,Bangalore,Karnataka,PID575,Yoga Mat,Sports,Yoga Mat,69645.1,2.0,40.0,Cash on Delivery,Returned,1.9,83574.12
ORD14870,2024-01-18,CUST1693,Krish Tailor,Mumbai,Maharashtra,PID209,Biography,Books,Biography,74959.08,5.0,20.0,Cash on Delivery,Returned,3.9,299836.32
ORD13898,2023-02-23,CUST1024,Chaitanya Sharma,Indore,Madhya Pradesh,PID366,Laptop,Electronics,Laptop,79910.11,2.0,20.0,Debit Card,Cancelled,3.4,127856.18
ORD11808,2023-03-05,CUST1171,Balveer Vora,Kolkata,West Bengal,PID315,Comic,Books,Comic,66220.13,2.0,10.0,Net Banking,Unknown,1.6,119196.23
ORD12342,2024-05-10,CUST1357,Samuel Rau,Hyderabad,Telangana,PID460,Bluetooth Speaker,Electronics,Bluetooth Speaker,56859.95,2.0,10.0,Unknown,Returned,4.6,102347.91
ORD13241,2023-12-20,CUST1882,Hritik Bhasin,Lucknow,Uttar Pradesh,PID161,Cricket Bat,Sports,Cricket Bat,73976.99,2.0,15.0,UPI,Delivered,1.8,125760.88
ORD14032,2024-11-26,CUST1416,Ethan Nayak,Chennai,Tamil Nadu,PID402,Shampoo,Beauty,Shampoo,21177.63,3.0,15.0,UPI,Unknown,3.5,54002.96
ORD12868,2023-04-20,CUST1062,Priya Pandit,Bangalore,Karnataka,PID211,Football,Sports,Football,3092.71,5.0,15.0,Credit Card,Returned,4.8,13144.02
ORD11746,2023-05-09,CUST1465,Vaishnavi Talwar,Delhi,Delhi,PID471,Laptop,Electronics,Laptop,23751.45,4.0,40.0,Cash on Delivery,Cancelled,1.6,57003.48
ORD14984,2024-11-02,CUST1790,Mohini Misra,Jaipur,Rajasthan,PID231,Cricket Bat,Sports,Cricket Bat,63467.17,4.0,15.0,Debit Card,Delayed,2.4,215788.38
ORD10961,2024-04-07,CUST1292,Faris Dash,Pune,Maharashtra,PID393,Yoga Mat,Sports,Yoga Mat,4293.93,1.0,25.0,Net Banking,Delivered,1.1,3220.45
ORD10518,2024-11-25,CUST1438,Jack Sagar,Surat,Gujarat,PID580,T-Shirt,Fashion,T-Shirt,86185.61,3.0,25.0,Net Banking,Unknown,3.4,193917.62
ORD12718,2023-05-13,CUST1606,Ekanta Narayan,Lucknow,Uttar Pradesh,PID191,Mixer Grinder,Home & Kitchen,Mixer Grinder,39892.81,4.0,10.0,Debit Card,Unknown,4.4,143614.12
ORD13841,2024-08-11,CUST1718,Alexander Bhardwaj,Jaipur,Rajasthan,PID276,Smartwatch,Electronics,Smartwatch,38365.95,5.0,5.0,Unknown,Delivered,,182238.26
ORD12548,2024-04-13,CUST1719,Krisha Uppal,Hyderabad,Telangana,PID258,Smartwatch,Electronics,Smartwatch,65608.81,2.0,40.0,Credit Card,Delivered,2.2,78730.57
ORD12719,2023-12-02,CUST1824,Turvi Aurora,Chennai,Tamil Nadu,PID552,Smartwatch,Electronics,Smartwatch,6632.7,2.0,20.0,Debit Card,Delivered,2.8,10612.32
ORD14057,2023-06-27,CUST1679,Yashodhara Brar,Lucknow,Uttar Pradesh,PID453,Biography,Books,Biography,86050.94,4.0,30.0,UPI,Delayed,3.0,240942.63
ORD12676,2024-12-18,CUST1009,Vincent Behl,Bangalore,Karnataka,PID569,Mixer Grinder,Home & Kitchen,Mixer Grinder,9938.01,5.0,5.0,Debit Card,Cancelled,3.1,47205.55
ORD10052,2023-06-02,CUST1890,Megha Varma,Jaipur,Rajasthan,PID196,Perfume,Beauty,Perfume,24155.46,5.0,40.0,Net Banking,Delayed,2.9,72466.38
ORD12793,2024-09-29,CUST1152,Zansi Bail,Jaipur,Rajasthan,PID307,Yoga Mat,Sports,Yoga Mat,46942.73,1.0,20.0,Debit Card,Returned,2.4,37554.18
ORD13904,2024-06-01,CUST1241,Maanav Batra,Indore,Madhya Pradesh,PID408,Bluetooth Speaker,Electronics,Bluetooth Speaker,42598.23,5.0,25.0,UPI,Cancelled,2.4,159743.36
ORD14410,2024-09-20,CUST1198,Hemangini Balakrishnan,Surat,Gujarat,PID218,Smartphone,Electronics,Smartphone,60871.19,5.0,10.0,Net Banking,Delivered,4.2,273920.36
ORD10512,2023-04-02,CUST1407,Chanakya Kurian,Indore,Madhya Pradesh,PID457,Perfume,Beauty,Perfume,27304.43,4.0,30.0,Credit Card,Delivered,3.3,76452.4
ORD14376,2023-05-29,CUST1537,Andrew Oza,Lucknow,Uttar Pradesh,PID311,Kurta,Fashion,Kurta,42235.68,3.0,15.0,Net Banking,Delivered,,107700.98
ORD12080,2023-05-01,CUST1795,Joshua Modi,Kolkata,West Bengal,PID124,Bedsheet,Home & Kitchen,Bedsheet,5477.58,4.0,0.0,Credit Card,Delivered,,21910.32
ORD14417,2024-10-28,CUST1192,Ishaan Bhatti,Hyderabad,Telangana,PID226,Football,Sports,Football,56792.54,1.0,5.0,Net Banking,Delivered,4.8,53952.91
ORD12662,2023-09-24,CUST1627,Noah Halder,Delhi,Delhi,PID128,Headphones,Electronics,Headphones,26127.98,2.0,40.0,UPI,Cancelled,1.6,31353.58
ORD10651,2023-03-03,CUST1229,Frederick Mallick,Delhi,Delhi,PID205,Shampoo,Beauty,Shampoo,2062.88,5.0,5.0,Cash on Delivery,Delayed,3.4,9798.68
ORD11683,2024-11-23,CUST1045,Jasmit Gill,Mumbai,Maharashtra,PID216,Dumbbells,Sports,Dumbbells,993.69,5.0,40.0,Unknown,Unknown,4.4,2981.07
ORD10213,2023-06-22,CUST1439,Ranbir Srinivas,Chennai,Tamil Nadu,PID306,Smartwatch,Electronics,Smartwatch,56848.29,1.0,15.0,UPI,Delivered,1.6,48321.05
ORD12985,2024-05-23,CUST1261,Chameli Palan,Jaipur,Rajasthan,PID197,Novel,Books,Novel,11153.59,5.0,5.0,Credit Card,Unknown,3.8,52979.55
ORD11506,2024-02-19,CUST1105,Bhanumati Balan,Hyderabad,Telangana,PID323,Sunscreen,Beauty,Sunscreen,3392.84,2.0,5.0,Unknown,Delivered,3.1,6446.4
ORD10116,2023-02-23,CUST1987,Janya Chawla,Lucknow,Uttar Pradesh,PID381,T-Shirt,Fashion,T-Shirt,66719.05,5.0,15.0,Unknown,Unknown,2.3,283555.96
ORD12634,2024-03-14,CUST1046,Upma Kannan,Lucknow,Uttar Pradesh,PID134,Cricket Bat,Sports,Cricket Bat,9429.2,3.0,15.0,Credit Card,Delayed,2.8,24044.46
ORD14697,2024-12-23,CUST1419,Sathvik Bhatnagar,Jaipur,Rajasthan,PID475,Bluetooth Speaker,Electronics,Bluetooth Speaker,55690.21,4.0,15.0,Net Banking,Returned,2.5,189346.71
ORD13250,2023-11-05,CUST1088,Chasmum Bassi,Surat,Gujarat,PID591,Lipstick,Beauty,Lipstick,65896.04,5.0,15.0,Credit Card,Delayed,3.3,280058.17
ORD11916,2023-01-01,CUST1896,Anthony Dara,Indore,Madhya Pradesh,PID552,Biography,Books,Biography,64403.77,2.0,25.0,Cash on Delivery,Delivered,1.1,96605.66
ORD13020,2023-09-21,CUST1352,Vivaan Cheema,Surat,Gujarat,PID339,Novel,Books,Novel,3884.47,4.0,25.0,Debit Card,Returned,4.9,11653.41
ORD14889,2024-03-02,CUST1350,Radha Chander,Delhi,Delhi,PID117,Kurta,Fashion,Kurta,37847.56,2.0,0.0,Unknown,Delivered,4.8,75695.12
ORD13759,2023-04-24,CUST1823,Urvi Bail,Delhi,Delhi,PID165,Novel,Books,Novel,20734.87,2.0,15.0,Unknown,Returned,2.7,35249.28
ORD10492,2023-04-04,CUST1627,Anthony Khanna,Ahmedabad,Gujarat,PID521,Sunscreen,Beauty,Sunscreen,47398.21,4.0,0.0,Unknown,Unknown,4.5,189592.84
ORD11833,2023-10-19,CUST1133,Gauri Sachdev,Surat,Gujarat,PID420,Lipstick,Beauty,Lipstick,64435.27,4.0,10.0,Credit Card,Unknown,4.5,231966.97
ORD10378,2023-05-05,CUST1004,Qushi Lalla,Surat,Gujarat,PID596,Novel,Books,Novel,28627.4,5.0,20.0,Credit Card,Delayed,2.6,114509.6
ORD14355,2024-09-02,CUST1743,Ekani Chowdhury,Bangalore,Karnataka,PID308,Yoga Mat,Sports,Yoga Mat,70145.42,1.0,30.0,Debit Card,Delivered,3.7,49101.79
ORD10232,2024-07-29,CUST1827,Gayathri Narula,Indore,Madhya Pradesh,PID106,Yoga Mat,Sports,Yoga Mat,58560.26,3.0,25.0,Cash on Delivery,Returned,3.3,131760.58
ORD14729,2023-03-13,CUST1305,Triveni Mitter,Indore,Madhya Pradesh,PID403,Jeans,Fashion,Jeans,84016.41,2.0,5.0,Net Banking,Cancelled,2.6,159631.18
ORD10733,2024-06-20,CUST1519,Unni Sachdeva,Lucknow,Uttar Pradesh,PID134,Kurta,Fashion,Kurta,70054.59,3.0,0.0,UPI,Delayed,4.0,210163.77
ORD12135,2023-04-03,CUST1777,Qabil Sarin,Kolkata,West Bengal,PID129,Mixer Grinder,Home & Kitchen,Mixer Grinder,86954.23,5.0,0.0,Cash on Delivery,Unknown,1.0,434771.15
ORD12776,2024-02-08,CUST1560,Omya Kata,Pune,Maharashtra,PID227,Tablet,Electronics,Tablet,78676.79,3.0,20.0,Debit Card,Delivered,2.1,188824.3
ORD10423,2023-02-11,CUST1887,Vivaan Deo,Bangalore,Karnataka,PID175,Laptop,Electronics,Laptop,3372.22,4.0,40.0,Cash on Delivery,Delayed,5.0,8093.33
ORD14411,2024-07-25,CUST1597,Zayyan Madan,Bangalore,Karnataka,PID597,Football,Sports,Football,21703.15,3.0,15.0,Cash on Delivery,Delivered,3.7,55343.03
ORD11321,2024-10-29,CUST1695,Frado Ganesh,Hyderabad,Telangana,PID548,Comic,Books,Comic,19223.24,1.0,40.0,Cash on Delivery,Unknown,2.4,11533.94
ORD10662,2024-04-04,CUST1690,Suhani Magar,Chennai,Tamil Nadu,PID399,Dumbbells,Sports,Dumbbells,7310.15,3.0,15.0,Credit Card,Cancelled,1.9,18640.88
ORD12698,2023-04-09,CUST1485,Nilima Prabhu,Ahmedabad,Gujarat,PID159,Perfume,Beauty,Perfume,85453.68,3.0,15.0,Debit Card,Delayed,1.6,217906.88
ORD13032,2024-06-29,CUST1136,Udarsh Bose,Indore,Madhya Pradesh,PID507,Yoga Mat,Sports,Yoga Mat,48688.3,3.0,25.0,Net Banking,Delivered,2.9,109548.68
ORD14064,2023-03-31,CUST1628,Dominic Morar,Hyderabad,Telangana,PID445,Sneakers,Fashion,Sneakers,89584.98,4.0,0.0,Unknown,Delivered,1.5,358339.92
ORD12169,2024-11-13,CUST1714,Jai Chakrabarti,Surat,Gujarat,PID138,Kurta,Fashion,Kurta,64248.67,2.0,30.0,Unknown,Delivered,1.1,89948.14
ORD10771,2023-09-06,CUST1621,Ekantika Sha,Surat,Gujarat,PID528,Air Fryer,Home & Kitchen,Air Fryer,75291.22,1.0,40.0,Debit Card,Delivered,1.9,45174.73
ORD12146,2023-09-15,CUST1150,Oscar Lanka,Hyderabad,Telangana,PID180,Bluetooth Speaker,Electronics,Bluetooth Speaker,75099.3,2.0,20.0,Cash on Delivery,Cancelled,1.6,120158.88
ORD10723,2024-02-25,CUST1584,Gaurav Rao,Kolkata,West Bengal,PID474,Comic,Books,Comic,59108.73,5.0,30.0,Net Banking,Cancelled,1.1,206880.56
ORD12944,2024-07-07,CUST1630,Pratyush Chad,Jaipur,Rajasthan,PID394,Jeans,Fashion,Jeans,16710.39,2.0,20.0,Net Banking,Delayed,4.4,26736.62
ORD12538,2024-07-03,CUST1664,Waida Tak,Pune,Maharashtra,PID356,Saree,Fashion,Saree,60432.13,5.0,15.0,Credit Card,Delivered,3.4,256836.55
ORD13926,2024-09-02,CUST1354,Yatin Khalsa,Lucknow,Uttar Pradesh,PID154,Yoga Mat,Sports,Yoga Mat,36387.75,1.0,20.0,Net Banking,Delivered,3.9,29110.2
ORD13593,2023-01-17,CUST1409,Xavier Oak,Kolkata,West Bengal,PID290,Perfume,Beauty,Perfume,68998.09,5.0,10.0,Cash on Delivery,Delivered,1.6,310491.4
ORD14404,2023-12-29,CUST1176,Kalpit Dhar,Hyderabad,Telangana,PID313,Cookware Set,Home & Kitchen,Cookware Set,30810.38,5.0,20.0,Unknown,Delivered,2.7,123241.52
ORD10696,2024-08-23,CUST1685,Abeer Parikh,Ahmedabad,Gujarat,PID131,Comic,Books,Comic,59011.2,3.0,10.0,Unknown,Delayed,,159330.24
ORD13156,2023-06-13,CUST1622,Harrison Badal,Bangalore,Karnataka,PID490,Novel,Books,Novel,13844.31,4.0,20.0,Cash on Delivery,Delivered,3.1,44301.79
ORD13235,2024-09-23,CUST1945,Anya Varghese,Surat,Gujarat,PID497,Jacket,Fashion,Jacket,79151.67,3.0,15.0,UPI,Delivered,1.8,201836.76
ORD10187,2023-12-30,CUST1714,Rajeshri Panchal,Jaipur,Rajasthan,PID283,Kurta,Fashion,Kurta,73493.22,2.0,30.0,Credit Card,Cancelled,5.0,102890.51
ORD11062,2024-06-10,CUST1938,Lavanya Tella,Indore,Madhya Pradesh,PID443,Smartphone,Electronics,Smartphone,70937.36,4.0,20.0,Credit Card,Delivered,4.4,226999.55
ORD11584,2024-09-28,CUST1644,Theodore Bandi,Ahmedabad,Gujarat,PID242,Air Fryer,Home & Kitchen,Air Fryer,0.0,4.0,25.0,Debit Card,Delivered,3.3,0.0
ORD10957,2023-09-01,CUST1764,Caleb Atwal,Bangalore,Karnataka,PID165,Football,Sports,Football,46843.27,3.0,25.0,Unknown,Delivered,2.6,105397.36
ORD14366,2024-07-10,CUST1511,Jagat Bhattacharyya,Surat,Gujarat,PID135,Jacket,Fashion,Jacket,22860.27,1.0,40.0,Cash on Delivery,Delivered,3.7,13716.16
ORD10636,2023-10-13,CUST1985,Anirudh Shankar,Jaipur,Rajasthan,PID341,Biography,Books,Biography,5789.5,5.0,10.0,UPI,Unknown,3.6,26052.75
ORD14586,2023-01-18,CUST1645,Rehaan Vasa,Indore,Madhya Pradesh,PID207,Perfume,Beauty,Perfume,22228.75,1.0,25.0,UPI,Delivered,1.2,16671.56
ORD12920,2023-05-11,CUST1823,Jhalak Mani,Kolkata,West Bengal,PID139,Jeans,Fashion,Jeans,61423.44,2.0,5.0,Net Banking,Unknown,,116704.54
ORD10688,2023-12-20,CUST1639,Harish Nagarajan,Chennai,Tamil Nadu,PID492,Biography,Books,Biography,8660.1,1.0,15.0,Cash on Delivery,Cancelled,4.7,7361.08
ORD11197,2024-01-19,CUST1625,Siddharth Naik,Pune,Maharashtra,PID405,Novel,Books,Novel,43632.72,5.0,30.0,Credit Card,Delivered,4.8,152714.52
ORD11901,2024-03-22,CUST1661,Janaki Mangat,Chennai,Tamil Nadu,PID334,Perfume,Beauty,Perfume,70177.06,2.0,30.0,Cash on Delivery,Returned,4.6,98247.88
ORD12200,2024-06-27,CUST1015,Ojasvi Yogi,Lucknow,Uttar Pradesh,PID537,Cookware Set,Home & Kitchen,Cookware Set,5152.38,4.0,10.0,Unknown,Delayed,3.2,18548.57
ORD14488,2023-10-12,CUST1021,Banjeet Dani,Chennai,Tamil Nadu,PID411,Football,Sports,Football,27806.99,3.0,5.0,Cash on Delivery,Delivered,1.9,79249.92
ORD10256,2023-07-01,CUST1493,Yashvi Bhargava,Mumbai,Maharashtra,PID437,T-Shirt,Fashion,T-Shirt,18331.02,4.0,5.0,Net Banking,Cancelled,,69657.88
ORD10316,2024-06-07,CUST1579,Wakeeta Desai,Indore,Madhya Pradesh,PID546,Yoga Mat,Sports,Yoga Mat,66033.62,3.0,30.0,UPI,Unknown,1.6,138670.6
ORD12014,2024-04-10,CUST1499,Ojasvi Bhardwaj,Bangalore,Karnataka,PID121,Shampoo,Beauty,Shampoo,80498.13,4.0,10.0,Debit Card,Returned,,289793.27
ORD11703,2024-11-16,CUST1868,Bimala Deol,Mumbai,Maharashtra,PID387,Biography,Books,Biography,8744.49,4.0,40.0,Net Banking,Delivered,3.5,20986.78
ORD14385,2023-08-13,CUST1441,Aarini Memon,Bangalore,Karnataka,PID105,Headphones,Electronics,Headphones,57443.87,4.0,25.0,UPI,Returned,1.8,172331.61
ORD13827,2024-07-02,CUST1788,Pratyush Dalal,Delhi,Delhi,PID314,Cricket Bat,Sports,Cricket Bat,22245.52,2.0,10.0,Unknown,Unknown,,40041.94
ORD12560,2023-06-19,CUST1369,Mekhala Lalla,Delhi,Delhi,PID429,Cricket Bat,Sports,Cricket Bat,37833.95,5.0,25.0,Net Banking,Unknown,2.1,141877.31
ORD14926,2024-02-25,CUST1334,Advay Goda,Ahmedabad,Gujarat,PID297,Laptop,Electronics,Laptop,72002.61,2.0,0.0,UPI,Delivered,4.2,144005.22
ORD13450,2024-10-01,CUST1782,Vanya Ratti,Mumbai,Maharashtra,PID177,Cookware Set,Home & Kitchen,Cookware Set,35222.68,1.0,30.0,Debit Card,Delivered,2.9,24655.88
ORD13729,2024-04-26,CUST1123,Sara Dey,Indore,Madhya Pradesh,PID547,Jeans,Fashion,Jeans,32058.92,3.0,5.0,Debit Card,Delivered,4.3,91367.92
ORD14626,2024-01-17,CUST1869,Manya Kibe,Pune,Maharashtra,PID392,Sunscreen,Beauty,Sunscreen,43332.19,5.0,5.0,Credit Card,Returned,2.4,205827.9
ORD14494,2023-04-04,CUST1407,Lavanya Raghavan,Delhi,Delhi,PID185,Yoga Mat,Sports,Yoga Mat,61250.92,4.0,5.0,Credit Card,Delivered,4.2,232753.5
ORD10361,2023-05-27,CUST1184,Victor Seshadri,Surat,Gujarat,PID467,Bluetooth Speaker,Electronics,Bluetooth Speaker,53496.69,4.0,15.0,Credit Card,Cancelled,3.1,181888.75
ORD11339,2024-01-08,CUST1060,Aachal Agarwal,Pune,Maharashtra,PID227,Cookware Set,Home & Kitchen,Cookware Set,53760.87,2.0,40.0,Net Banking,Delayed,1.7,64513.04
ORD13158,2024-04-23,CUST1478,Yadavi Buch,Ahmedabad,Gujarat,PID144,Cookware Set,Home & Kitchen,Cookware Set,44972.36,1.0,15.0,Credit Card,Unknown,4.7,38226.51
ORD10585,2024-03-19,CUST1759,Qabil Sahota,Surat,Gujarat,PID343,Shampoo,Beauty,Shampoo,48230.15,2.0,30.0,Net Banking,Delayed,2.3,67522.21
ORD13471,2024-01-27,CUST1601,Eshana Khare,Hyderabad,Telangana,PID176,Laptop,Electronics,Laptop,50876.03,3.0,20.0,Unknown,Returned,3.3,122102.47
ORD13474,2024-05-31,CUST1585,Robert Dutta,Delhi,Delhi,PID384,Bedsheet,Home & Kitchen,Bedsheet,59735.32,5.0,5.0,UPI,Delivered,,283742.77
ORD11699,2023-10-06,CUST1889,Urvashi Upadhyay,Bangalore,Karnataka,PID554,Jacket,Fashion,Jacket,0.0,4.0,25.0,Credit Card,Returned,2.1,0.0
ORD10180,2023-06-18,CUST1315,Bachittar Bora,Kolkata,West Bengal,PID337,Bedsheet,Home & Kitchen,Bedsheet,24585.24,5.0,5.0,Debit Card,Unknown,2.3,116779.89
ORD13912,2023-10-20,CUST1360,Nathan Bail,Chennai,Tamil Nadu,PID198,Dumbbells,Sports,Dumbbells,27661.01,4.0,25.0,Unknown,Delivered,1.1,82983.03
ORD10379,2023-12-13,CUST1025,Bhavya Balasubramanian,Surat,Gujarat,PID305,Football,Sports,Football,63534.8,5.0,40.0,Credit Card,Returned,3.9,190604.4
ORD10668,2023-10-23,CUST1098,Reva Shroff,Delhi,Delhi,PID205,Comic,Books,Comic,31359.0,4.0,10.0,UPI,Delivered,2.0,112892.4
ORD12746,2023-06-17,CUST1078,Ishani Viswanathan,Ahmedabad,Gujarat,PID415,Face Wash,Beauty,Face Wash,48203.31,5.0,20.0,Credit Card,Delivered,3.1,192813.24
ORD11934,2023-01-18,CUST1153,Omisha Shroff,Chennai,Tamil Nadu,PID164,Yoga Mat,Sports,Yoga Mat,18049.75,5.0,30.0,Debit Card,Returned,4.8,63174.12
ORD12856,2024-08-03,CUST1532,Aayush Kala,Ahmedabad,Gujarat,PID334,Shampoo,Beauty,Shampoo,67674.37,5.0,30.0,Unknown,Delivered,2.2,236860.29
ORD11147,2023-11-18,CUST1402,Kalpit Pandey,Jaipur,Rajasthan,PID278,Laptop,Electronics,Laptop,14625.04,3.0,5.0,Net Banking,Unknown,4.7,41681.36
ORD12725,2023-06-20,CUST1569,Pratyush Shetty,Mumbai,Maharashtra,PID483,Comic,Books,Comic,82106.24,5.0,10.0,UPI,Cancelled,1.2,369478.08
ORD11284,2024-05-26,CUST1851,Rudra Nigam,Ahmedabad,Gujarat,PID500,Headphones,Electronics,Headphones,61410.76,1.0,40.0,UPI,Cancelled,2.4,36846.46
ORD13197,2023-07-06,CUST1028,Advaith Bhavsar,Chennai,Tamil Nadu,PID464,Textbook,Books,Textbook,51335.6,2.0,30.0,Cash on Delivery,Delayed,4.5,71869.84
ORD14885,2023-09-20,CUST1723,Peter Vohra,Surat,Gujarat,PID254,Smartwatch,Electronics,Smartwatch,25711.74,5.0,10.0,UPI,Delayed,2.0,115702.83
ORD12016,2023-03-25,CUST1148,Onkar Ahuja,Ahmedabad,Gujarat,PID540,Jacket,Fashion,Jacket,1650.32,3.0,25.0,UPI,Delayed,2.7,3713.22
ORD14131,2023-07-13,CUST1552,Mekhala Panchal,Chennai,Tamil Nadu,PID465,Jacket,Fashion,Jacket,58211.41,1.0,10.0,UPI,Unknown,4.3,52390.27
ORD13222,2023-02-24,CUST1424,Omya Babu,Surat,Gujarat,PID337,Dumbbells,Sports,Dumbbells,45884.03,3.0,30.0,Unknown,Delivered,,96356.46
ORD11952,2024-07-24,CUST1258,Owen Ramaswamy,Delhi,Delhi,PID420,Perfume,Beauty,Perfume,13988.72,4.0,40.0,Debit Card,Cancelled,2.9,33572.93
ORD10424,2024-08-20,CUST1786,Mohammed Khurana,Delhi,Delhi,PID355,Headphones,Electronics,Headphones,18455.47,5.0,15.0,Credit Card,Delayed,1.0,78435.75
ORD10140,2024-08-03,CUST1741,Mohammed Sachar,Bangalore,Karnataka,PID140,Saree,Fashion,Saree,67740.06,1.0,15.0,Debit Card,Delayed,2.6,57579.05
ORD14916,2023-06-13,CUST1185,Rachit Arya,Indore,Madhya Pradesh,PID266,Perfume,Beauty,Perfume,24540.55,3.0,5.0,Net Banking,Delayed,3.8,69940.57
ORD10415,2023-11-24,CUST1203,Gaurang Balakrishnan,Chennai,Tamil Nadu,PID143,Football,Sports,Football,51886.47,2.0,30.0,Credit Card,Returned,4.5,72641.06
ORD14831,2023-11-21,CUST1668,Mason Dubey,Kolkata,West Bengal,PID228,Textbook,Books,Textbook,13809.33,2.0,40.0,Net Banking,Delivered,3.6,16571.2
ORD13350,2023-10-24,CUST1226,Madhav Shetty,Jaipur,Rajasthan,PID267,Dumbbells,Sports,Dumbbells,18238.8,4.0,40.0,Net Banking,Returned,4.7,43773.12
ORD11689,2024-09-02,CUST1385,Mitesh Parsa,Jaipur,Rajasthan,PID214,Sneakers,Fashion,Sneakers,42950.75,4.0,40.0,Net Banking,Cancelled,1.2,103081.8
ORD11298,2023-11-17,CUST1990,Chaitaly Dutta,Delhi,Delhi,PID354,Bedsheet,Home & Kitchen,Bedsheet,14678.05,3.0,30.0,UPI,Delivered,3.4,30823.9
ORD11366,2024-07-01,CUST1928,Bahadurjit Bhardwaj,Pune,Maharashtra,PID298,Water Bottle,Home & Kitchen,Water Bottle,83067.99,2.0,5.0,Net Banking,Delayed,1.5,157829.18
ORD12996,2024-09-01,CUST1853,Lila Pandey,Kolkata,West Bengal,PID576,Football,Sports,Football,33938.93,1.0,25.0,Credit Card,Delivered,1.2,25454.2
ORD14492,2023-05-04,CUST1598,Madhav Khosla,Jaipur,Rajasthan,PID323,Football,Sports,Football,77124.6,2.0,0.0,Credit Card,Delayed,,154249.2
ORD11176,2024-07-23,CUST1813,Tara Ratti,Pune,Maharashtra,PID298,Biography,Books,Biography,26921.19,1.0,20.0,Credit Card,Unknown,2.6,21536.95
ORD12630,2023-11-13,CUST1119,Indrajit Dutta,Chennai,Tamil Nadu,PID495,Bedsheet,Home & Kitchen,Bedsheet,84268.18,5.0,5.0,Credit Card,Cancelled,2.8,400273.85
ORD13481,2024-12-23,CUST1986,Vedhika Basu,Hyderabad,Telangana,PID504,Jeans,Fashion,Jeans,51318.32,2.0,0.0,Credit Card,Delayed,2.9,102636.64
ORD14983,2024-08-06,CUST1206,Teerth Dalal,Delhi,Delhi,PID480,Dumbbells,Sports,Dumbbells,80371.02,5.0,20.0,Credit Card,Delivered,3.2,321484.08
ORD13068,2023-02-01,CUST1604,Ekta Batra,Hyderabad,Telangana,PID344,Saree,Fashion,Saree,54076.98,5.0,5.0,Unknown,Cancelled,4.1,256865.66
ORD11180,2024-03-08,CUST1356,Odika Vaidya,Bangalore,Karnataka,PID579,Bluetooth Speaker,Electronics,Bluetooth Speaker,46304.8,1.0,30.0,Unknown,Delivered,4.0,32413.36
ORD10049,2023-07-12,CUST1273,Nakul Bora,Pune,Maharashtra,PID381,Mixer Grinder,Home & Kitchen,Mixer Grinder,0.0,5.0,0.0,Cash on Delivery,Unknown,3.5,0.0
ORD14117,2023-07-10,CUST1757,Mugdha Merchant,Lucknow,Uttar Pradesh,PID336,Bluetooth Speaker,Electronics,Bluetooth Speaker,83273.52,3.0,5.0,Credit Card,Delivered,2.3,237329.53
ORD10157,2023-08-19,CUST1523,Bhavani Natt,Kolkata,West Bengal,PID157,Dumbbells,Sports,Dumbbells,15177.73,2.0,20.0,Unknown,Unknown,1.7,24284.37
ORD10861,2024-05-05,CUST1683,Ansh Contractor,Chennai,Tamil Nadu,PID165,Cookware Set,Home & Kitchen,Cookware Set,82877.74,2.0,40.0,Unknown,Cancelled,1.7,99453.29
ORD12783,2023-02-10,CUST1789,Mohini Modi,Surat,Gujarat,PID104,Biography,Books,Biography,84291.67,1.0,5.0,Debit Card,Unknown,3.9,80077.09
ORD13769,2023-10-11,CUST1415,Sarthak Narayan,Jaipur,Rajasthan,PID340,Sneakers,Fashion,Sneakers,5093.98,1.0,20.0,Credit Card,Unknown,2.0,4075.18
ORD14903,2024-03-31,CUST1977,Hemang Nayar,Mumbai,Maharashtra,PID339,Perfume,Beauty,Perfume,13781.58,2.0,5.0,Unknown,Delivered,2.2,26185.0
ORD11727,2023-12-25,CUST1490,Vincent Mitra,Indore,Madhya Pradesh,PID190,Sunscreen,Beauty,Sunscreen,31805.44,4.0,0.0,Cash on Delivery,Unknown,3.6,127221.76
ORD10493,2024-12-16,CUST1903,Shivani Merchant,Ahmedabad,Gujarat,PID421,Sneakers,Fashion,Sneakers,16285.09,4.0,10.0,Credit Card,Unknown,2.6,58626.32
ORD11290,2024-02-12,CUST1715,Aashi Sinha,Pune,Maharashtra,PID409,Air Fryer,Home & Kitchen,Air Fryer,0.0,2.0,0.0,Debit Card,Cancelled,,0.0
ORD12609,2024-05-22,CUST1712,Nirja Kanda,Pune,Maharashtra,PID465,Headphones,Electronics,Headphones,55509.34,4.0,40.0,Unknown,Delivered,,133222.42
ORD10722,2023-08-19,CUST1295,Abhimanyu Yohannan,Hyderabad,Telangana,PID101,Sunscreen,Beauty,Sunscreen,28848.4,3.0,30.0,Cash on Delivery,Delivered,3.0,60581.64
ORD10969,2024-05-30,CUST1968,Gautam Sood,Lucknow,Uttar Pradesh,PID133,Biography,Books,Biography,35251.97,1.0,30.0,Net Banking,Delivered,1.3,24676.38
ORD10101,2024-08-11,CUST1899,Dhruv Nayak,Delhi,Delhi,PID524,Saree,Fashion,Saree,6057.47,4.0,30.0,Cash on Delivery,Delayed,4.9,16960.92
ORD14294,2023-07-23,CUST1420,Lucky Ben,Surat,Gujarat,PID597,Yoga Mat,Sports,Yoga Mat,3180.15,2.0,10.0,Credit Card,Delivered,3.4,5724.27
ORD12272,2023-03-04,CUST1183,Zehaan Dutt,Ahmedabad,Gujarat,PID484,Smartwatch,Electronics,Smartwatch,22983.32,1.0,5.0,Credit Card,Unknown,3.8,21834.15
ORD10980,2023-12-02,CUST1552,Ojas Rattan,Chennai,Tamil Nadu,PID329,T-Shirt,Fashion,T-Shirt,68843.56,2.0,25.0,Unknown,Delivered,1.3,103265.34
ORD13453,2024-02-09,CUST1465,Dhriti Sachar,Delhi,Delhi,PID546,Cookware Set,Home & Kitchen,Cookware Set,39940.85,1.0,20.0,Net Banking,Returned,4.3,31952.68
ORD14323,2023-10-31,CUST1772,Upma Madan,Surat,Gujarat,PID360,Dumbbells,Sports,Dumbbells,5056.28,1.0,30.0,Credit Card,Delivered,4.6,3539.4
ORD13355,2023-07-04,CUST1676,Nathan Chaudhari,Pune,Maharashtra,PID208,Dumbbells,Sports,Dumbbells,45563.71,4.0,25.0,Credit Card,Delivered,2.1,136691.13
ORD12437,2023-04-02,CUST1142,Lavanya Naidu,Jaipur,Rajasthan,PID549,Novel,Books,Novel,87940.16,1.0,15.0,UPI,Delayed,1.6,74749.14
ORD10514,2024-03-27,CUST1386,Yatan Raja,Ahmedabad,Gujarat,PID163,Sunscreen,Beauty,Sunscreen,16829.58,2.0,30.0,Credit Card,Delivered,3.5,23561.41
ORD14618,2023-03-07,CUST1850,Omya Iyer,Pune,Maharashtra,PID157,Bluetooth Speaker,Electronics,Bluetooth Speaker,63291.37,3.0,5.0,UPI,Unknown,3.4,180380.4
ORD14392,2024-09-06,CUST1986,Andrew Mann,Pune,Maharashtra,PID107,Headphones,Electronics,Headphones,32491.96,4.0,25.0,Credit Card,Delivered,2.2,97475.88
ORD11490,2024-08-06,CUST1146,Ishaan Manne,Mumbai,Maharashtra,PID232,T-Shirt,Fashion,T-Shirt,2748.28,3.0,15.0,Credit Card,Returned,3.3,7008.11
ORD10645,2023-04-17,CUST1021,Harini Rana,Indore,Madhya Pradesh,PID576,Sunscreen,Beauty,Sunscreen,55177.07,2.0,0.0,Cash on Delivery,Delayed,3.0,110354.14
ORD13491,2023-08-20,CUST1319,Ekansh Tank,Mumbai,Maharashtra,PID419,Football,Sports,Football,83171.26,5.0,5.0,Cash on Delivery,Cancelled,3.2,395063.48
ORD14966,2023-12-16,CUST1614,Januja Bali,Indore,Madhya Pradesh,PID552,Lipstick,Beauty,Lipstick,29189.75,4.0,25.0,Cash on Delivery,Delivered,,87569.25
ORD10088,2023-01-28,CUST1028,Aarini Sule,Kolkata,West Bengal,PID263,Kurta,Fashion,Kurta,81491.76,2.0,25.0,Cash on Delivery,Delivered,2.6,122237.64
ORD13787,2024-06-01,CUST1790,Sara Barman,Bangalore,Karnataka,PID323,Comic,Books,Comic,36609.27,4.0,30.0,Cash on Delivery,Delivered,3.8,102505.96
ORD11168,2024-12-02,CUST1552,Bhavani Baria,Chennai,Tamil Nadu,PID518,T-Shirt,Fashion,T-Shirt,77165.38,2.0,25.0,Credit Card,Delivered,3.4,115748.07
ORD12926,2024-09-24,CUST1370,Charita Chawla,Jaipur,Rajasthan,PID362,Shampoo,Beauty,Shampoo,19574.34,3.0,25.0,Cash on Delivery,Delayed,4.5,44042.26
ORD11558,2024-06-05,CUST1515,Alka Merchant,Pune,Maharashtra,PID350,Textbook,Books,Textbook,81307.01,4.0,10.0,UPI,Returned,2.7,292705.24
ORD12387,2024-11-18,CUST1928,Om Bajwa,Surat,Gujarat,PID585,Bedsheet,Home & Kitchen,Bedsheet,57299.23,4.0,15.0,Debit Card,Delivered,4.1,194817.38
ORD12247,2024-03-08,CUST1033,Naveen Dey,Jaipur,Rajasthan,PID388,Biography,Books,Biography,11337.4,1.0,10.0,Cash on Delivery,Unknown,2.7,10203.66
ORD11876,2023-01-20,CUST1984,Hemang Dubey,Surat,Gujarat,PID342,Smartwatch,Electronics,Smartwatch,82697.14,1.0,20.0,Net Banking,Delivered,4.3,66157.71
ORD10076,2024-06-29,CUST1043,Girik Natt,Hyderabad,Telangana,PID323,Jeans,Fashion,Jeans,26156.82,4.0,30.0,Debit Card,Delivered,3.0,73239.1
ORD12586,2024-02-18,CUST1714,Naveen Sahni,Ahmedabad,Gujarat,PID489,Water Bottle,Home & Kitchen,Water Bottle,16426.3,1.0,10.0,Credit Card,Delivered,2.0,14783.67
ORD11257,2024-06-05,CUST1876,Finn Chokshi,Delhi,Delhi,PID166,Kurta,Fashion,Kurta,67488.37,2.0,0.0,Debit Card,Returned,2.7,134976.74
ORD11641,2023-12-09,CUST1700,Anusha Chanda,Jaipur,Rajasthan,PID503,Bedsheet,Home & Kitchen,Bedsheet,19810.16,5.0,40.0,UPI,Delayed,1.9,59430.48
ORD12396,2023-12-16,CUST1212,Samar Tak,Bangalore,Karnataka,PID373,Mixer Grinder,Home & Kitchen,Mixer Grinder,39264.45,3.0,25.0,Cash on Delivery,Returned,3.2,88345.01
ORD11922,2023-03-17,CUST1851,Kavya Singhal,Indore,Madhya Pradesh,PID429,Sneakers,Fashion,Sneakers,11948.04,1.0,25.0,UPI,Delivered,3.0,8961.03
ORD11108,2024-11-20,CUST1283,Libni Wable,Delhi,Delhi,PID579,Cricket Bat,Sports,Cricket Bat,38018.2,5.0,0.0,UPI,Returned,,190091.0
ORD11292,2024-04-09,CUST1638,Janani Khalsa,Mumbai,Maharashtra,PID483,Biography,Books,Biography,11420.66,4.0,10.0,Credit Card,Cancelled,3.2,41114.38
ORD14728,2023-10-03,CUST1117,Aishani Bali,Jaipur,Rajasthan,PID105,Textbook,Books,Textbook,35781.22,5.0,0.0,Debit Card,Unknown,1.5,178906.1
ORD14339,2023-03-20,CUST1788,Dakshesh Cherian,Hyderabad,Telangana,PID247,Dumbbells,Sports,Dumbbells,54484.27,5.0,40.0,Unknown,Delayed,1.3,163452.81
ORD10713,2023-10-28,CUST1749,Yahvi Sarin,Hyderabad,Telangana,PID118,Football,Sports,Football,38399.37,1.0,10.0,Unknown,Delivered,1.1,34559.43
ORD14796,2024-12-17,CUST1710,Raagini Arya,Hyderabad,Telangana,PID441,Shampoo,Beauty,Shampoo,50842.74,4.0,30.0,UPI,Delayed,3.9,142359.67
ORD11524,2023-02-28,CUST1566,Hemangini Taneja,Pune,Maharashtra,PID327,Yoga Mat,Sports,Yoga Mat,53904.8,1.0,0.0,Net Banking,Cancelled,3.4,53904.8
ORD10941,2024-07-12,CUST1932,Fiyaz Singhal,Surat,Gujarat,PID493,Air Fryer,Home & Kitchen,Air Fryer,10496.91,3.0,5.0,Cash on Delivery,Delivered,3.4,29916.19
ORD11507,2023-03-29,CUST1203,Yochana Tiwari,Chennai,Tamil Nadu,PID181,Smartphone,Electronics,Smartphone,46508.73,5.0,5.0,Cash on Delivery,Delivered,2.9,220916.47
ORD10244,2023-08-04,CUST1188,Ijaya Batta,Delhi,Delhi,PID213,Textbook,Books,Textbook,3903.32,5.0,20.0,Cash on Delivery,Returned,4.6,15613.28
ORD12938,2023-04-24,CUST1820,Udant Sem,Ahmedabad,Gujarat,PID296,Yoga Mat,Sports,Yoga Mat,25730.78,1.0,40.0,UPI,Returned,4.3,15438.47
ORD12688,2024-02-02,CUST1391,Laban Subramanian,Lucknow,Uttar Pradesh,PID519,Cookware Set,Home & Kitchen,Cookware Set,2573.42,2.0,10.0,Unknown,Delivered,4.6,4632.16
ORD11253,2023-08-13,CUST1146,Bhavya Dugar,Mumbai,Maharashtra,PID334,Water Bottle,Home & Kitchen,Water Bottle,25924.79,1.0,10.0,UPI,Delivered,,23332.31
ORD14091,2024-11-10,CUST1041,Timothy Korpal,Mumbai,Maharashtra,PID271,Dumbbells,Sports,Dumbbells,84487.23,5.0,5.0,Debit Card,Unknown,1.9,401314.34
ORD14224,2024-06-24,CUST1647,Frado Kumar,Bangalore,Karnataka,PID496,Perfume,Beauty,Perfume,59627.04,5.0,10.0,Credit Card,Returned,1.1,268321.68
ORD14202,2023-03-30,CUST1684,Oliver Sawhney,Surat,Gujarat,PID384,Smartwatch,Electronics,Smartwatch,53905.11,5.0,5.0,Credit Card,Cancelled,2.5,256049.27
ORD11243,2023-11-23,CUST1204,Jacob Narain,Pune,Maharashtra,PID480,Water Bottle,Home & Kitchen,Water Bottle,24447.15,2.0,30.0,UPI,Delivered,1.7,34226.01
ORD12005,2024-02-10,CUST1991,Bishakha Mukhopadhyay,Jaipur,Rajasthan,PID312,Air Fryer,Home & Kitchen,Air Fryer,34775.77,3.0,10.0,Unknown,Delivered,2.9,93894.58
ORD11183,2024-02-22,CUST1407,Jonathan Gandhi,Lucknow,Uttar Pradesh,PID332,Saree,Fashion,Saree,80382.17,2.0,40.0,UPI,Returned,1.3,96458.6
ORD10163,2023-12-12,CUST1101,Ronith Seshadri,Jaipur,Rajasthan,PID420,Mixer Grinder,Home & Kitchen,Mixer Grinder,35884.77,4.0,20.0,Debit Card,Returned,1.5,114831.26
ORD13069,2024-02-26,CUST1328,Eesha Krishnamurthy,Chennai,Tamil Nadu,PID306,Headphones,Electronics,Headphones,18659.81,4.0,40.0,Credit Card,Delivered,1.6,44783.54
ORD11435,2023-01-16,CUST1537,Utkarsh Sura,Delhi,Delhi,PID263,Headphones,Electronics,Headphones,84457.94,5.0,5.0,UPI,Delivered,3.2,401175.22
ORD11496,2023-05-22,CUST1150,Pushti Sachar,Indore,Madhya Pradesh,PID503,Football,Sports,Football,2107.37,3.0,20.0,Unknown,Delivered,3.3,5057.69
ORD10965,2023-11-30,CUST1918,Odika Sekhon,Kolkata,West Bengal,PID387,Bluetooth Speaker,Electronics,Bluetooth Speaker,15776.23,2.0,15.0,Credit Card,Cancelled,3.4,26819.59
ORD14148,2024-11-08,CUST1487,Ayushman Tiwari,Mumbai,Maharashtra,PID333,Dumbbells,Sports,Dumbbells,8513.77,3.0,10.0,Unknown,Unknown,1.2,22987.18
ORD14079,2023-06-08,CUST1154,Shravya Bail,Delhi,Delhi,PID337,Mixer Grinder,Home & Kitchen,Mixer Grinder,75077.94,1.0,0.0,Debit Card,Delivered,4.5,75077.94
ORD12054,2023-03-18,CUST1246,Reyansh Palla,Kolkata,West Bengal,PID526,Shampoo,Beauty,Shampoo,27319.2,4.0,10.0,Debit Card,Unknown,3.6,98349.12
ORD11196,2024-03-13,CUST1134,Advik Ahluwalia,Surat,Gujarat,PID407,Face Wash,Beauty,Face Wash,10780.62,1.0,15.0,Debit Card,Delivered,,9163.53
ORD13475,2024-12-16,CUST1295,Lopa Varty,Hyderabad,Telangana,PID186,Dumbbells,Sports,Dumbbells,85719.41,1.0,20.0,UPI,Unknown,3.5,68575.53
ORD13911,2023-06-02,CUST1187,Pushti Karan,Lucknow,Uttar Pradesh,PID460,Novel,Books,Novel,46936.56,2.0,40.0,Unknown,Unknown,1.5,56323.87
ORD12212,2023-11-02,CUST1256,Eesha Dey,Ahmedabad,Gujarat,PID203,Shampoo,Beauty,Shampoo,76820.05,4.0,25.0,Net Banking,Delivered,4.5,230460.15
ORD14200,2024-01-25,CUST1253,Lucky Seshadri,Delhi,Delhi,PID328,Water Bottle,Home & Kitchen,Water Bottle,62215.57,3.0,40.0,Net Banking,Delayed,1.9,111988.03
ORD11547,2024-09-27,CUST1145,Hemal Babu,Kolkata,West Bengal,PID222,Laptop,Electronics,Laptop,53756.76,2.0,40.0,Unknown,Returned,4.0,64508.11
ORD12585,2024-09-17,CUST1988,Priya Sethi,Delhi,Delhi,PID531,Dumbbells,Sports,Dumbbells,40342.0,2.0,20.0,Unknown,Delivered,4.7,64547.2
ORD13889,2023-12-12,CUST1436,Aashi Subramaniam,Chennai,Tamil Nadu,PID529,Laptop,Electronics,Laptop,81682.83,4.0,30.0,Cash on Delivery,Delayed,2.3,228711.92
ORD12407,2023-11-27,CUST1139,Vivaan Dhaliwal,Chennai,Tamil Nadu,PID463,Laptop,Electronics,Laptop,4023.62,5.0,5.0,Cash on Delivery,Returned,4.4,19112.19
ORD11099,2023-08-13,CUST1040,Nandini Samra,Hyderabad,Telangana,PID429,Sunscreen,Beauty,Sunscreen,16661.76,5.0,10.0,UPI,Delivered,2.2,74977.92
ORD10757,2024-09-04,CUST1067,Sarthak Chacko,Mumbai,Maharashtra,PID157,Headphones,Electronics,Headphones,80010.52,4.0,30.0,Debit Card,Delivered,1.7,224029.46
ORD12660,2024-01-29,CUST1241,Diya Tandon,Kolkata,West Bengal,PID545,Sunscreen,Beauty,Sunscreen,29633.44,3.0,0.0,Cash on Delivery,Delivered,2.1,88900.32
ORD12186,2023-07-01,CUST1908,Ekantika Upadhyay,Indore,Madhya Pradesh,PID211,Headphones,Electronics,Headphones,78995.83,2.0,25.0,Net Banking,Cancelled,2.7,118493.74
ORD14774,2024-09-10,CUST1202,Qasim Vyas,Ahmedabad,Gujarat,PID234,Bedsheet,Home & Kitchen,Bedsheet,27100.98,2.0,40.0,Cash on Delivery,Delivered,3.0,32521.18
ORD13500,2023-05-09,CUST1559,Yashodhara Bhagat,Delhi,Delhi,PID421,Biography,Books,Biography,62126.99,4.0,30.0,Net Banking,Delayed,1.1,173955.57
ORD11415,2023-12-15,CUST1130,Vinaya Rege,Ahmedabad,Gujarat,PID429,Shampoo,Beauty,Shampoo,66615.2,2.0,25.0,Cash on Delivery,Returned,3.7,99922.8
ORD11445,2024-11-13,CUST1780,Devika Chokshi,Kolkata,West Bengal,PID424,Kurta,Fashion,Kurta,70004.3,4.0,25.0,Unknown,Returned,1.8,210012.9
ORD12384,2023-02-04,CUST1895,Luke Atwal,Kolkata,West Bengal,PID556,Football,Sports,Football,59771.32,3.0,20.0,Unknown,Delayed,3.2,143451.17
ORD14391,2024-03-23,CUST1264,Varsha Gade,Lucknow,Uttar Pradesh,PID259,Smartwatch,Electronics,Smartwatch,30343.94,5.0,30.0,Unknown,Returned,1.3,106203.79
ORD10003,2024-10-05,CUST1233,Dalaja Gaba,Mumbai,Maharashtra,PID495,Comic,Books,Comic,65716.4,4.0,20.0,Unknown,Delivered,4.4,210292.48
ORD10314,2024-04-17,CUST1849,Dalaja Sandhu,Surat,Gujarat,PID430,Sunscreen,Beauty,Sunscreen,86638.92,3.0,20.0,Unknown,Cancelled,2.2,207933.41
ORD13819,2023-08-13,CUST1694,Mohini Nair,Jaipur,Rajasthan,PID152,Shampoo,Beauty,Shampoo,9416.57,3.0,10.0,Cash on Delivery,Returned,3.4,25424.74
ORD11078,2023-11-23,CUST1508,Ekavir Nagar,Hyderabad,Telangana,PID525,Bedsheet,Home & Kitchen,Bedsheet,82474.87,3.0,0.0,Net Banking,Delivered,,247424.61
ORD12144,2023-08-15,CUST1248,Nitara Dalal,Kolkata,West Bengal,PID390,Air Fryer,Home & Kitchen,Air Fryer,17126.6,1.0,0.0,Credit Card,Delayed,1.4,17126.6
ORD13784,2023-10-10,CUST1149,Varsha Bala,Surat,Gujarat,PID177,Novel,Books,Novel,44886.04,1.0,10.0,UPI,Unknown,1.2,40397.44
ORD10654,2023-12-12,CUST1829,Ucchal Patla,Mumbai,Maharashtra,PID495,Jeans,Fashion,Jeans,25370.91,2.0,20.0,Debit Card,Returned,1.2,40593.46
ORD10935,2024-04-08,CUST1176,Hamsini Bhatt,Pune,Maharashtra,PID412,Face Wash,Beauty,Face Wash,20748.75,5.0,25.0,Net Banking,Delivered,5.0,77807.81
ORD12308,2023-08-20,CUST1449,Vihaan Sachar,Mumbai,Maharashtra,PID322,Football,Sports,Football,59731.65,2.0,40.0,Unknown,Delivered,1.5,71677.98
ORD12327,2024-04-14,CUST1481,Lucky Ramesh,Pune,Maharashtra,PID274,Perfume,Beauty,Perfume,55248.24,5.0,10.0,Net Banking,Delivered,1.7,248617.08
ORD13873,2024-11-13,CUST1817,Hiral Garg,Surat,Gujarat,PID452,Laptop,Electronics,Laptop,48202.09,5.0,10.0,Debit Card,Delivered,2.8,216909.4
ORD11980,2023-08-02,CUST1095,Osha Gaba,Surat,Gujarat,PID385,Sunscreen,Beauty,Sunscreen,53446.2,1.0,40.0,Unknown,Cancelled,1.1,32067.72
ORD14882,2024-12-23,CUST1210,Mugdha Dua,Delhi,Delhi,PID341,Laptop,Electronics,Laptop,37176.89,1.0,10.0,Cash on Delivery,Delivered,3.8,33459.2
ORD11681,2023-02-03,CUST1259,Bakhshi Walia,Lucknow,Uttar Pradesh,PID565,Kurta,Fashion,Kurta,40923.55,4.0,15.0,Net Banking,Delivered,3.0,139140.07
ORD14559,2024-09-20,CUST1948,Avni Kara,Delhi,Delhi,PID340,Dumbbells,Sports,Dumbbells,74982.65,2.0,0.0,Credit Card,Returned,2.4,149965.3
ORD11792,2024-03-12,CUST1787,Rehaan Salvi,Hyderabad,Telangana,PID331,Football,Sports,Football,25047.77,4.0,10.0,Debit Card,Returned,3.6,90171.97
ORD10038,2023-11-29,CUST1010,Ijaya Banerjee,Kolkata,West Bengal,PID364,Headphones,Electronics,Headphones,22061.13,4.0,40.0,Debit Card,Delivered,1.8,52946.71
ORD12932,2023-04-11,CUST1371,Fariq Pandit,Chennai,Tamil Nadu,PID471,Biography,Books,Biography,7061.1,4.0,25.0,Credit Card,Delivered,2.1,21183.3
ORD11385,2024-04-29,CUST1582,Daksha Soman,Kolkata,West Bengal,PID574,Bluetooth Speaker,Electronics,Bluetooth Speaker,71229.02,4.0,30.0,Cash on Delivery,Delayed,2.5,199441.26
ORD13504,2023-04-29,CUST1944,Radha Sen,Chennai,Tamil Nadu,PID137,Biography,Books,Biography,83589.11,5.0,20.0,Unknown,Delivered,3.7,334356.44
ORD13354,2023-02-25,CUST1153,Aarav Kanda,Lucknow,Uttar Pradesh,PID506,Sneakers,Fashion,Sneakers,25769.95,5.0,30.0,Debit Card,Unknown,1.6,90194.82
ORD10534,2024-09-12,CUST1145,Vidhi Mani,Surat,Gujarat,PID253,Comic,Books,Comic,48139.1,3.0,25.0,UPI,Delivered,1.8,108312.98
ORD14475,2023-05-13,CUST1848,Lekha Divan,Delhi,Delhi,PID130,Lipstick,Beauty,Lipstick,21636.86,4.0,10.0,UPI,Delivered,1.9,77892.7
ORD13301,2024-01-24,CUST1165,Qabil Parmar,Mumbai,Maharashtra,PID589,Cricket Bat,Sports,Cricket Bat,21082.98,1.0,0.0,Net Banking,Cancelled,1.6,21082.98
ORD13116,2024-03-15,CUST1319,Laksh Singhal,Bangalore,Karnataka,PID297,Bedsheet,Home & Kitchen,Bedsheet,21084.31,4.0,30.0,Unknown,Delivered,3.0,59036.07
ORD12828,2024-02-12,CUST1967,Sai Purohit,Mumbai,Maharashtra,PID387,Jacket,Fashion,Jacket,77065.01,3.0,40.0,Net Banking,Returned,4.5,138717.02
ORD11097,2024-11-09,CUST1002,Qabil Shroff,Indore,Madhya Pradesh,PID301,Mixer Grinder,Home & Kitchen,Mixer Grinder,80605.16,2.0,15.0,Unknown,Delivered,4.4,137028.77
ORD12130,2023-09-05,CUST1021,Zayyan Patla,Delhi,Delhi,PID305,Jeans,Fashion,Jeans,23236.34,2.0,15.0,UPI,Unknown,4.6,39501.78
ORD11336,2024-09-06,CUST1015,Indira Raval,Surat,Gujarat,PID385,Dumbbells,Sports,Dumbbells,24913.57,4.0,5.0,Cash on Delivery,Delayed,2.5,94671.57
ORD14532,2023-10-17,CUST1830,Harita Som,Delhi,Delhi,PID554,Saree,Fashion,Saree,23452.85,1.0,25.0,Debit Card,Cancelled,1.8,17589.64
ORD14132,2023-01-23,CUST1056,Aadi Chana,Surat,Gujarat,PID182,Textbook,Books,Textbook,67920.45,1.0,20.0,UPI,Cancelled,3.9,54336.36
ORD10887,2023-10-19,CUST1781,Leela Purohit,Jaipur,Rajasthan,PID363,Jacket,Fashion,Jacket,33508.29,5.0,25.0,Cash on Delivery,Unknown,4.2,125656.09
ORD14218,2024-12-13,CUST1976,Reva Tank,Jaipur,Rajasthan,PID571,Headphones,Electronics,Headphones,21651.49,4.0,0.0,Credit Card,Returned,2.4,86605.96
ORD11047,2024-08-03,CUST1822,Megha Jain,Indore,Madhya Pradesh,PID437,Textbook,Books,Textbook,87776.73,4.0,30.0,Debit Card,Cancelled,4.6,245774.84
ORD10148,2024-01-22,CUST1037,Onveer Sheth,Pune,Maharashtra,PID504,Mixer Grinder,Home & Kitchen,Mixer Grinder,60617.04,3.0,30.0,Cash on Delivery,Cancelled,5.0,127295.78
ORD14354,2024-06-17,CUST1792,Ranbir Tank,Chennai,Tamil Nadu,PID367,Cookware Set,Home & Kitchen,Cookware Set,29653.79,1.0,40.0,Cash on Delivery,Delayed,4.5,17792.27
ORD11229,2024-12-07,CUST1799,Mekhala Mannan,Bangalore,Karnataka,PID222,Shampoo,Beauty,Shampoo,807.95,1.0,40.0,Credit Card,Delivered,3.8,484.77
ORD10363,2024-11-17,CUST1631,Champak Sami,Hyderabad,Telangana,PID512,Yoga Mat,Sports,Yoga Mat,4918.25,4.0,10.0,Credit Card,Delayed,1.2,17705.7
ORD10982,2024-09-11,CUST1992,Alexander Batta,Jaipur,Rajasthan,PID249,Comic,Books,Comic,78146.78,1.0,0.0,Cash on Delivery,Returned,1.9,78146.78
ORD13644,2023-05-26,CUST1288,Chakradhar Nagy,Bangalore,Karnataka,PID575,Shampoo,Beauty,Shampoo,68443.65,4.0,20.0,Net Banking,Delayed,1.4,219019.68
ORD14970,2024-11-07,CUST1535,Samarth Batra,Lucknow,Uttar Pradesh,PID220,Biography,Books,Biography,46645.04,2.0,25.0,Credit Card,Delivered,2.5,69967.56
ORD11059,2024-11-29,CUST1248,Hiral Gole,Bangalore,Karnataka,PID440,Smartphone,Electronics,Smartphone,85010.12,4.0,40.0,Cash on Delivery,Delayed,3.9,204024.29
ORD12782,2023-10-16,CUST1288,Janaki Muni,Bangalore,Karnataka,PID183,Bluetooth Speaker,Electronics,Bluetooth Speaker,14843.42,4.0,40.0,Unknown,Returned,2.9,35624.21
ORD11998,2023-11-03,CUST1299,Nidhi Khurana,Ahmedabad,Gujarat,PID346,Shampoo,Beauty,Shampoo,67333.65,2.0,15.0,Unknown,Unknown,1.4,114467.2
ORD11687,2023-10-31,CUST1010,Saksham Golla,Kolkata,West Bengal,PID411,Perfume,Beauty,Perfume,13614.75,2.0,15.0,UPI,Unknown,2.1,23145.08
ORD13381,2024-09-18,CUST1620,Amaira Sha,Surat,Gujarat,PID423,Football,Sports,Football,5183.27,4.0,5.0,UPI,Delivered,4.8,19696.43
ORD12001,2024-09-21,CUST1961,Charvi Din,Delhi,Delhi,PID389,Cookware Set,Home & Kitchen,Cookware Set,72962.07,3.0,15.0,Net Banking,Unknown,4.8,186053.28
ORD14524,2023-10-17,CUST1468,Damyanti Hayer,Mumbai,Maharashtra,PID322,Dumbbells,Sports,Dumbbells,3214.33,4.0,30.0,UPI,Returned,1.5,9000.12
ORD14330,2023-07-05,CUST1942,Neel Bala,Kolkata,West Bengal,PID475,Cricket Bat,Sports,Cricket Bat,27774.78,3.0,30.0,Credit Card,Delivered,2.1,58327.04
ORD11885,2024-12-28,CUST1004,Advay Rama,Hyderabad,Telangana,PID128,Perfume,Beauty,Perfume,15645.7,4.0,25.0,Cash on Delivery,Delivered,3.0,46937.1
ORD14537,2024-01-22,CUST1449,Deepa Pau,Lucknow,Uttar Pradesh,PID403,Mixer Grinder,Home & Kitchen,Mixer Grinder,37723.65,5.0,10.0,Cash on Delivery,Delivered,3.7,169756.42
ORD11245,2023-05-05,CUST1581,Lucky Palla,Lucknow,Uttar Pradesh,PID485,Lipstick,Beauty,Lipstick,10144.01,5.0,5.0,Net Banking,Unknown,,48184.05
ORD14393,2023-11-29,CUST1950,Karan Saran,Lucknow,Uttar Pradesh,PID392,Laptop,Electronics,Laptop,61827.37,3.0,15.0,UPI,Returned,2.1,157659.79
ORD13169,2024-04-15,CUST1289,Nathaniel Chaudhary,Hyderabad,Telangana,PID398,Face Wash,Beauty,Face Wash,77126.83,5.0,20.0,Unknown,Delivered,4.8,308507.32
ORD10071,2024-11-17,CUST1614,Jagvi Dar,Pune,Maharashtra,PID259,Smartphone,Electronics,Smartphone,8826.31,5.0,25.0,Cash on Delivery,Unknown,2.4,33098.66
ORD10061,2023-12-13,CUST1374,Lohit Vora,Jaipur,Rajasthan,PID146,Water Bottle,Home & Kitchen,Water Bottle,82226.8,4.0,20.0,Credit Card,Unknown,,263125.76
ORD10951,2024-06-22,CUST1607,Ishaan Barad,Pune,Maharashtra,PID146,Cricket Bat,Sports,Cricket Bat,65601.32,1.0,40.0,UPI,Cancelled,4.5,39360.79
ORD10337,2023-04-02,CUST1378,Kamya Bath,Lucknow,Uttar Pradesh,PID561,Bedsheet,Home & Kitchen,Bedsheet,71522.05,4.0,25.0,Credit Card,Unknown,3.4,214566.15
ORD10579,2023-01-25,CUST1698,Ansh Rajagopalan,Bangalore,Karnataka,PID337,Football,Sports,Football,63283.71,5.0,10.0,UPI,Delivered,2.5,284776.7
ORD14472,2023-07-25,CUST1189,Chanchal Balan,Surat,Gujarat,PID463,Sunscreen,Beauty,Sunscreen,36112.1,5.0,30.0,Cash on Delivery,Cancelled,3.5,126392.35
ORD13760,2024-12-04,CUST1878,Ekantika Dani,Hyderabad,Telangana,PID587,Jeans,Fashion,Jeans,29568.4,5.0,0.0,Unknown,Unknown,,147842.0
ORD10663,2024-08-12,CUST1123,Veer Dayal,Lucknow,Uttar Pradesh,PID314,Yoga Mat,Sports,Yoga Mat,23536.06,1.0,10.0,Credit Card,Delayed,4.5,21182.45
ORD11534,2024-08-08,CUST1820,Raksha Sidhu,Hyderabad,Telangana,PID147,Bluetooth Speaker,Electronics,Bluetooth Speaker,11363.14,4.0,15.0,Debit Card,Unknown,4.3,38634.68
ORD11460,2024-09-11,CUST1629,Aahana Iyer,Pune,Maharashtra,PID596,Textbook,Books,Textbook,42957.85,3.0,15.0,UPI,Returned,3.2,109542.52
ORD14121,2023-07-25,CUST1485,Brijesh Pau,Bangalore,Karnataka,PID128,Bedsheet,Home & Kitchen,Bedsheet,82417.14,2.0,40.0,Unknown,Delivered,2.9,98900.57
ORD14335,2024-04-13,CUST1024,Agastya Shere,Indore,Madhya Pradesh,PID148,Sunscreen,Beauty,Sunscreen,88250.38,1.0,5.0,Net Banking,Delayed,2.5,83837.86
ORD12578,2023-11-12,CUST1081,Harita Reddy,Hyderabad,Telangana,PID315,Cricket Bat,Sports,Cricket Bat,1746.04,3.0,30.0,UPI,Returned,3.6,3666.68
ORD11941,2023-11-03,CUST1640,Jatin Dara,Pune,Maharashtra,PID341,Shampoo,Beauty,Shampoo,34265.23,2.0,40.0,UPI,Returned,3.8,41118.28
ORD12545,2024-11-18,CUST1996,Chanakya Gola,Hyderabad,Telangana,PID198,Smartwatch,Electronics,Smartwatch,15976.51,3.0,20.0,Unknown,Delivered,1.6,38343.62
ORD11277,2023-06-14,CUST1432,Yadavi Narula,Chennai,Tamil Nadu,PID495,Headphones,Electronics,Headphones,23474.82,1.0,40.0,Debit Card,Delayed,2.5,14084.89
ORD13296,2023-04-30,CUST1330,Hemang Minhas,Jaipur,Rajasthan,PID484,Comic,Books,Comic,83353.45,5.0,30.0,Unknown,Returned,4.7,291737.07
ORD12811,2024-07-23,CUST1733,Waida Kata,Chennai,Tamil Nadu,PID533,Perfume,Beauty,Perfume,17238.84,1.0,20.0,Debit Card,Delivered,1.3,13791.07
ORD14014,2024-12-27,CUST1251,Chatura Sethi,Pune,Maharashtra,PID575,Novel,Books,Novel,34637.6,1.0,5.0,Cash on Delivery,Cancelled,,32905.72
ORD11167,2023-06-29,CUST1465,Sanya Parikh,Indore,Madhya Pradesh,PID193,Comic,Books,Comic,32043.12,1.0,10.0,Debit Card,Delivered,3.0,28838.81
ORD10029,2024-07-15,CUST1283,Tanay Grover,Jaipur,Rajasthan,PID492,Sunscreen,Beauty,Sunscreen,53651.39,5.0,30.0,Cash on Delivery,Delivered,1.6,187779.86
ORD14190,2023-03-22,CUST1968,Akshay Sarma,Bangalore,Karnataka,PID382,Smartphone,Electronics,Smartphone,66175.5,2.0,20.0,Cash on Delivery,Returned,4.5,105880.8
ORD11324,2024-02-10,CUST1955,Ikbal Ganesan,Indore,Madhya Pradesh,PID169,Laptop,Electronics,Laptop,22430.88,5.0,0.0,Cash on Delivery,Delayed,2.8,112154.4
ORD14096,2023-04-15,CUST1615,Ryan Sibal,Delhi,Delhi,PID553,Lipstick,Beauty,Lipstick,63736.69,1.0,10.0,Unknown,Delivered,4.2,57363.02
ORD14748,2023-04-03,CUST1539,Chatura Chaudhari,Mumbai,Maharashtra,PID267,Biography,Books,Biography,60550.02,4.0,40.0,Cash on Delivery,Returned,1.8,145320.05
ORD10975,2024-08-29,CUST1301,Fitan Kaul,Pune,Maharashtra,PID361,Comic,Books,Comic,11045.59,5.0,20.0,Debit Card,Delivered,4.8,44182.36
ORD13439,2024-12-09,CUST1597,Pratyush Desai,Chennai,Tamil Nadu,PID376,Tablet,Electronics,Tablet,62607.39,1.0,5.0,Credit Card,Delivered,2.1,59477.02
ORD11700,2023-06-25,CUST1888,Shivansh Kibe,Pune,Maharashtra,PID469,Air Fryer,Home & Kitchen,Air Fryer,11974.98,1.0,25.0,Debit Card,Delivered,3.7,8981.24
ORD14662,2023-05-04,CUST1363,Anthony Kuruvilla,Indore,Madhya Pradesh,PID255,Dumbbells,Sports,Dumbbells,35438.19,3.0,5.0,Cash on Delivery,Delivered,3.2,100998.84
ORD14619,2024-05-04,CUST1110,Aahana Kade,Delhi,Delhi,PID391,Face Wash,Beauty,Face Wash,17139.22,5.0,25.0,Unknown,Cancelled,1.2,64272.08
ORD14082,2023-06-29,CUST1841,Tristan Ravi,Ahmedabad,Gujarat,PID514,Jeans,Fashion,Jeans,7130.26,2.0,0.0,Debit Card,Unknown,2.5,14260.52
ORD14155,2023-02-07,CUST1441,Fiyaz Gulati,Bangalore,Karnataka,PID367,Water Bottle,Home & Kitchen,Water Bottle,22334.52,1.0,5.0,Unknown,Unknown,2.9,21217.79
ORD13710,2024-06-14,CUST1671,Aditya Rastogi,Chennai,Tamil Nadu,PID324,Football,Sports,Football,2388.19,4.0,30.0,Cash on Delivery,Delivered,3.2,6686.93
ORD11931,2024-05-09,CUST1502,Gaurika Kamdar,Lucknow,Uttar Pradesh,PID520,Kurta,Fashion,Kurta,47060.09,5.0,30.0,Credit Card,Unknown,1.5,164710.31
ORD12468,2023-11-26,CUST1433,Wakeeta Hayer,Pune,Maharashtra,PID164,Dumbbells,Sports,Dumbbells,72282.13,2.0,0.0,Net Banking,Delivered,4.4,144564.26
ORD10010,2024-07-06,CUST1921,Yashica Som,Surat,Gujarat,PID364,Jeans,Fashion,Jeans,42854.12,5.0,15.0,Cash on Delivery,Returned,3.8,182130.01
ORD12229,2024-06-20,CUST1197,Amruta Mahal,Lucknow,Uttar Pradesh,PID106,T-Shirt,Fashion,T-Shirt,8279.34,2.0,0.0,UPI,Delayed,2.4,16558.68
ORD14471,2023-05-06,CUST1189,Nihal Goel,Indore,Madhya Pradesh,PID237,Jacket,Fashion,Jacket,61483.76,4.0,30.0,Net Banking,Cancelled,2.3,172154.53
ORD11003,2023-05-26,CUST1921,Oeshi D’Alia,Surat,Gujarat,PID436,Water Bottle,Home & Kitchen,Water Bottle,24016.88,5.0,25.0,Unknown,Returned,3.0,90063.3
ORD11663,2024-05-15,CUST1236,Tripti Nagarajan,Ahmedabad,Gujarat,PID510,Shampoo,Beauty,Shampoo,33216.1,5.0,0.0,Credit Card,Delivered,1.5,166080.5
ORD10786,2023-04-03,CUST1462,Saumya Bahl,Chennai,Tamil Nadu,PID484,Lipstick,Beauty,Lipstick,16591.62,4.0,40.0,Unknown,Returned,2.6,39819.89
ORD10610,2024-12-05,CUST1005,Osha Agarwal,Lucknow,Uttar Pradesh,PID578,Headphones,Electronics,Headphones,9381.51,2.0,25.0,Unknown,Unknown,1.9,14072.26
ORD12018,2023-07-14,CUST1006,Gagan Natt,Chennai,Tamil Nadu,PID261,Cricket Bat,Sports,Cricket Bat,63952.02,3.0,15.0,Credit Card,Delayed,4.1,163077.65
ORD10933,2024-04-16,CUST1642,Christopher Parmar,Ahmedabad,Gujarat,PID487,Jeans,Fashion,Jeans,66412.13,2.0,20.0,UPI,Delivered,2.8,106259.41
ORD10343,2024-12-12,CUST1484,Rehaan Kapur,Indore,Madhya Pradesh,PID396,Sunscreen,Beauty,Sunscreen,29936.53,3.0,0.0,Net Banking,Delivered,4.0,89809.59
ORD13854,2023-04-28,CUST1230,Udyati Oza,Pune,Maharashtra,PID415,Air Fryer,Home & Kitchen,Air Fryer,27998.0,3.0,30.0,Cash on Delivery,Delayed,1.3,58795.8
ORD12622,2023-07-12,CUST1354,Nitesh Sibal,Mumbai,Maharashtra,PID253,Smartwatch,Electronics,Smartwatch,15191.66,2.0,5.0,Credit Card,Cancelled,1.4,28864.15
ORD13115,2024-03-11,CUST1678,Krishna Chaudhari,Hyderabad,Telangana,PID217,Comic,Books,Comic,77122.0,4.0,40.0,Net Banking,Cancelled,3.4,185092.8
ORD11423,2024-03-10,CUST1680,Michael Shah,Chennai,Tamil Nadu,PID148,Water Bottle,Home & Kitchen,Water Bottle,49097.53,4.0,5.0,Credit Card,Delivered,,186570.61
ORD11515,2023-04-21,CUST1303,Oeshi Krishnamurthy,Lucknow,Uttar Pradesh,PID120,Face Wash,Beauty,Face Wash,75104.55,1.0,40.0,Cash on Delivery,Delayed,3.8,45062.73
ORD11119,2024-02-07,CUST1213,Kritika Bora,Ahmedabad,Gujarat,PID563,Football,Sports,Football,32540.26,4.0,20.0,Cash on Delivery,Unknown,3.9,104128.83
ORD13835,2023-10-28,CUST1723,Gavin Tank,Chennai,Tamil Nadu,PID162,Smartphone,Electronics,Smartphone,55020.07,2.0,5.0,UPI,Returned,4.5,104538.13
ORD12037,2024-06-11,CUST1659,Qushi Muni,Mumbai,Maharashtra,PID280,Perfume,Beauty,Perfume,77155.83,2.0,20.0,Unknown,Unknown,4.1,123449.33
ORD10856,2023-04-23,CUST1396,Ikshita Bahl,Bangalore,Karnataka,PID497,Dumbbells,Sports,Dumbbells,81218.22,3.0,30.0,Cash on Delivery,Delayed,,170558.26
ORD10446,2024-06-16,CUST1163,Nisha Sama,Ahmedabad,Gujarat,PID111,Dumbbells,Sports,Dumbbells,79305.58,4.0,10.0,Net Banking,Delivered,2.1,285500.09
ORD14371,2023-05-23,CUST1442,Nicholas Baral,Jaipur,Rajasthan,PID587,Saree,Fashion,Saree,22283.44,3.0,10.0,Net Banking,Delayed,1.3,60165.29
ORD10406,2024-06-18,CUST1420,Madhav Mallick,Hyderabad,Telangana,PID263,Dumbbells,Sports,Dumbbells,84354.09,4.0,0.0,Unknown,Returned,2.8,337416.36
ORD10285,2023-11-27,CUST1492,Hema Sani,Indore,Madhya Pradesh,PID426,Sneakers,Fashion,Sneakers,69423.99,4.0,20.0,Net Banking,Cancelled,3.9,222156.77
ORD10346,2024-10-14,CUST1053,Abdul Bhatt,Bangalore,Karnataka,PID185,Saree,Fashion,Saree,75409.64,4.0,40.0,UPI,Returned,3.3,180983.14
ORD11436,2023-05-27,CUST1964,Upkaar Anand,Bangalore,Karnataka,PID234,Perfume,Beauty,Perfume,29860.56,5.0,0.0,Credit Card,Unknown,4.3,149302.8
ORD14379,2023-04-28,CUST1329,Nachiket Tella,Lucknow,Uttar Pradesh,PID254,Smartwatch,Electronics,Smartwatch,83137.53,4.0,20.0,Debit Card,Unknown,3.9,266040.1
ORD11658,2024-10-05,CUST1001,Ansh Kumer,Chennai,Tamil Nadu,PID253,Air Fryer,Home & Kitchen,Air Fryer,83527.75,1.0,20.0,Credit Card,Delivered,4.1,66822.2
ORD12511,2023-01-06,CUST1725,Bina Balakrishnan,Jaipur,Rajasthan,PID373,Comic,Books,Comic,25954.59,5.0,0.0,Debit Card,Unknown,1.2,129772.95
ORD12651,2024-04-08,CUST1517,Radha Naidu,Pune,Maharashtra,PID219,Football,Sports,Football,70327.9,3.0,40.0,Net Banking,Delivered,3.0,126590.22
ORD10874,2024-07-08,CUST1021,Aishani Naik,Indore,Madhya Pradesh,PID355,Smartwatch,Electronics,Smartwatch,40055.36,5.0,0.0,Cash on Delivery,Unknown,1.8,200276.8
ORD11154,2023-03-28,CUST1195,Saumya Wali,Indore,Madhya Pradesh,PID524,Headphones,Electronics,Headphones,32540.58,3.0,15.0,UPI,Delivered,4.7,82978.48
ORD11335,2023-01-31,CUST1188,William Rajagopal,Bangalore,Karnataka,PID428,Saree,Fashion,Saree,54117.35,3.0,25.0,Net Banking,Returned,1.1,121764.04
ORD12235,2024-11-14,CUST1353,Damyanti Soni,Lucknow,Uttar Pradesh,PID424,Perfume,Beauty,Perfume,46460.63,4.0,10.0,Credit Card,Delayed,2.1,167258.27
ORD11593,2024-06-08,CUST1263,George Reddy,Hyderabad,Telangana,PID206,Cookware Set,Home & Kitchen,Cookware Set,58885.39,4.0,10.0,Debit Card,Returned,2.1,211987.4
ORD14932,2024-07-17,CUST1428,Advika Pillai,Delhi,Delhi,PID247,Kurta,Fashion,Kurta,58520.71,5.0,40.0,Cash on Delivery,Returned,2.6,175562.13
ORD12587,2024-09-23,CUST1551,Ladli Bose,Jaipur,Rajasthan,PID503,Face Wash,Beauty,Face Wash,29564.54,4.0,15.0,Credit Card,Returned,2.4,100519.44
ORD13456,2023-07-16,CUST1288,Lucky Bhatia,Kolkata,West Bengal,PID383,Perfume,Beauty,Perfume,9994.77,2.0,20.0,Debit Card,Delivered,3.8,15991.63
ORD12109,2023-02-18,CUST1348,Balveer Bobal,Chennai,Tamil Nadu,PID449,Smartwatch,Electronics,Smartwatch,1209.08,1.0,0.0,Unknown,Delivered,3.5,1209.08
ORD14397,2023-06-25,CUST1746,Fariq Zacharia,Ahmedabad,Gujarat,PID588,Jeans,Fashion,Jeans,10941.44,1.0,15.0,Debit Card,Delivered,,9300.22
ORD10449,2024-12-29,CUST1456,Alexander Pathak,Delhi,Delhi,PID139,Yoga Mat,Sports,Yoga Mat,29607.05,3.0,10.0,Cash on Delivery,Delivered,2.6,79939.04
ORD12624,2024-10-29,CUST1291,Jonathan Bansal,Lucknow,Uttar Pradesh,PID297,Biography,Books,Biography,56808.01,5.0,30.0,Credit Card,Unknown,2.4,198828.03
ORD14623,2024-06-06,CUST1429,Gaurang Rau,Mumbai,Maharashtra,PID339,Yoga Mat,Sports,Yoga Mat,8698.15,1.0,20.0,Net Banking,Delivered,1.7,6958.52
ORD13529,2023-09-15,CUST1369,Meghana Arya,Surat,Gujarat,PID169,Mixer Grinder,Home & Kitchen,Mixer Grinder,31911.86,5.0,40.0,Credit Card,Cancelled,1.6,95735.58
ORD12056,2024-03-20,CUST1189,Ishwar Loke,Indore,Madhya Pradesh,PID212,Smartwatch,Electronics,Smartwatch,73002.43,2.0,40.0,Credit Card,Cancelled,4.8,87602.92
ORD11906,2023-10-02,CUST1594,Aarush Dube,Indore,Madhya Pradesh,PID163,Jacket,Fashion,Jacket,74440.65,3.0,40.0,Unknown,Delayed,,133993.17
ORD13218,2024-11-12,CUST1738,Amrita Sandal,Pune,Maharashtra,PID139,Sunscreen,Beauty,Sunscreen,21761.71,3.0,40.0,Credit Card,Cancelled,2.2,39171.08
ORD10499,2024-07-29,CUST1218,Devansh Oommen,Surat,Gujarat,PID154,T-Shirt,Fashion,T-Shirt,15234.28,1.0,25.0,Cash on Delivery,Delayed,3.5,11425.71
ORD12161,2023-03-27,CUST1683,Yoshita Thakur,Lucknow,Uttar Pradesh,PID253,Bedsheet,Home & Kitchen,Bedsheet,80487.9,2.0,25.0,Cash on Delivery,Unknown,2.7,120731.85
ORD14214,2023-12-02,CUST1411,Onkar Halder,Pune,Maharashtra,PID220,Air Fryer,Home & Kitchen,Air Fryer,63430.56,5.0,15.0,Debit Card,Delivered,3.8,269579.88
ORD12118,2023-12-08,CUST1976,Manan Shenoy,Chennai,Tamil Nadu,PID205,Cookware Set,Home & Kitchen,Cookware Set,0.0,5.0,0.0,Unknown,Cancelled,4.2,0.0
ORD12282,2023-06-08,CUST1026,Barkha Chaudry,Surat,Gujarat,PID367,Mixer Grinder,Home & Kitchen,Mixer Grinder,75604.9,3.0,20.0,Net Banking,Delivered,3.2,181451.76
ORD13059,2023-03-22,CUST1884,Robert Aurora,Indore,Madhya Pradesh,PID525,Biography,Books,Biography,67096.22,3.0,40.0,Credit Card,Returned,1.3,120773.2
ORD13744,2023-11-14,CUST1181,Jonathan Din,Hyderabad,Telangana,PID595,Sneakers,Fashion,Sneakers,28022.83,1.0,20.0,Cash on Delivery,Unknown,4.1,22418.26
ORD14568,2023-06-05,CUST1661,Lajita Minhas,Chennai,Tamil Nadu,PID140,Smartphone,Electronics,Smartphone,40950.66,1.0,30.0,Net Banking,Delivered,3.8,28665.46
ORD12879,2024-02-21,CUST1843,Hemang Mahal,Jaipur,Rajasthan,PID328,Bedsheet,Home & Kitchen,Bedsheet,68057.09,1.0,5.0,Cash on Delivery,Returned,1.7,64654.24
ORD14819,2023-04-20,CUST1898,Indrajit Walla,Lucknow,Uttar Pradesh,PID319,Headphones,Electronics,Headphones,67847.39,3.0,0.0,UPI,Delivered,4.6,203542.17
ORD12734,2024-07-08,CUST1286,Ridhi Yohannan,Bangalore,Karnataka,PID272,Cricket Bat,Sports,Cricket Bat,41858.51,1.0,20.0,UPI,Delayed,1.3,33486.81
ORD10191,2024-08-04,CUST1144,Maya Wagle,Hyderabad,Telangana,PID269,Sneakers,Fashion,Sneakers,66099.45,1.0,30.0,Net Banking,Delivered,3.4,46269.62
ORD10741,2023-02-26,CUST1838,Teerth Brar,Kolkata,West Bengal,PID460,Bedsheet,Home & Kitchen,Bedsheet,27825.32,1.0,30.0,Cash on Delivery,Unknown,2.4,19477.72
ORD14703,2024-06-04,CUST1201,Jatin Viswanathan,Pune,Maharashtra,PID581,Novel,Books,Novel,50728.91,2.0,40.0,UPI,Returned,3.6,60874.69
ORD11096,2024-08-07,CUST1449,George Kanda,Mumbai,Maharashtra,PID344,Smartphone,Electronics,Smartphone,36769.0,1.0,30.0,UPI,Delivered,4.7,25738.3
ORD12656,2024-11-23,CUST1382,Frado Kade,Lucknow,Uttar Pradesh,PID329,Yoga Mat,Sports,Yoga Mat,71194.65,5.0,10.0,Debit Card,Delivered,2.5,320375.92
ORD12174,2023-03-05,CUST1751,Atharv Loke,Jaipur,Rajasthan,PID103,Mixer Grinder,Home & Kitchen,Mixer Grinder,23462.28,4.0,40.0,Cash on Delivery,Cancelled,3.0,56309.47
ORD10487,2024-07-25,CUST1829,Falak Sanghvi,Chennai,Tamil Nadu,PID437,Mixer Grinder,Home & Kitchen,Mixer Grinder,76145.28,4.0,40.0,Debit Card,Returned,1.6,182748.67
ORD13590,2024-02-21,CUST1010,Fitan Upadhyay,Surat,Gujarat,PID250,Comic,Books,Comic,89158.02,3.0,0.0,Debit Card,Delayed,1.5,267474.06
ORD11860,2023-01-24,CUST1028,Kashvi Gara,Hyderabad,Telangana,PID590,Biography,Books,Biography,3363.46,2.0,10.0,Debit Card,Cancelled,4.9,6054.23
ORD14915,2023-05-12,CUST1540,Mugdha Sarma,Mumbai,Maharashtra,PID470,Novel,Books,Novel,28952.75,4.0,10.0,Credit Card,Delivered,2.6,104229.9
ORD12311,2023-01-09,CUST1504,Indali Sura,Pune,Maharashtra,PID555,Cookware Set,Home & Kitchen,Cookware Set,10052.69,3.0,40.0,Debit Card,Delivered,4.8,18094.84
ORD12317,2024-06-11,CUST1872,Wriddhish Keer,Surat,Gujarat,PID109,Water Bottle,Home & Kitchen,Water Bottle,68823.17,1.0,30.0,UPI,Returned,4.0,48176.22
ORD10209,2023-09-23,CUST1743,Chakradev Sachdev,Lucknow,Uttar Pradesh,PID465,T-Shirt,Fashion,T-Shirt,36458.24,1.0,20.0,Net Banking,Returned,2.6,29166.59
ORD14236,2024-08-10,CUST1378,Praneel Goyal,Kolkata,West Bengal,PID531,Lipstick,Beauty,Lipstick,9295.56,2.0,25.0,Debit Card,Unknown,4.1,13943.34
ORD11919,2024-09-03,CUST1502,Urvashi Suresh,Surat,Gujarat,PID570,Biography,Books,Biography,44397.09,3.0,10.0,Net Banking,Returned,3.8,119872.14
ORD12119,2023-05-09,CUST1821,Aarnav Ravel,Hyderabad,Telangana,PID325,Laptop,Electronics,Laptop,6724.76,4.0,15.0,Net Banking,Delivered,2.3,22864.18
ORD11649,2023-02-13,CUST1251,Abeer Dutt,Jaipur,Rajasthan,PID540,Jacket,Fashion,Jacket,73917.9,2.0,25.0,Debit Card,Delivered,1.3,110876.85
ORD10151,2024-05-02,CUST1117,Gaurangi Gole,Indore,Madhya Pradesh,PID111,Smartphone,Electronics,Smartphone,12879.51,2.0,25.0,UPI,Delivered,3.9,19319.26
ORD13895,2024-03-20,CUST1649,Aradhana Sarna,Lucknow,Uttar Pradesh,PID427,Cricket Bat,Sports,Cricket Bat,14951.75,3.0,10.0,Credit Card,Delivered,4.3,40369.72
ORD13087,2024-09-03,CUST1554,Pallavi Keer,Indore,Madhya Pradesh,PID302,Lipstick,Beauty,Lipstick,56917.5,5.0,20.0,Debit Card,Delivered,3.7,227670.0
ORD12020,2023-08-06,CUST1860,Meera Mangal,Hyderabad,Telangana,PID533,Bluetooth Speaker,Electronics,Bluetooth Speaker,39759.13,5.0,15.0,Cash on Delivery,Delivered,3.5,168976.3
ORD14284,2023-06-04,CUST1531,Gaurang Bedi,Hyderabad,Telangana,PID115,Dumbbells,Sports,Dumbbells,6677.31,1.0,5.0,Credit Card,Unknown,4.6,6343.44
ORD14062,2023-06-12,CUST1007,Brijesh Palla,Lucknow,Uttar Pradesh,PID400,Cricket Bat,Sports,Cricket Bat,44310.9,4.0,20.0,Credit Card,Returned,1.3,141794.88
ORD13503,2023-09-23,CUST1848,Ekaraj De,Hyderabad,Telangana,PID325,Tablet,Electronics,Tablet,57942.76,1.0,0.0,Credit Card,Unknown,1.2,57942.76
ORD12167,2023-04-27,CUST1118,Qarin Pingle,Hyderabad,Telangana,PID158,Jeans,Fashion,Jeans,76516.75,2.0,40.0,Cash on Delivery,Delivered,1.3,91820.1
ORD12510,2024-10-13,CUST1398,Abha Raja,Ahmedabad,Gujarat,PID265,Biography,Books,Biography,74038.76,4.0,15.0,UPI,Returned,4.6,251731.78
ORD14003,2024-11-21,CUST1429,Suhani Arya,Mumbai,Maharashtra,PID482,T-Shirt,Fashion,T-Shirt,9951.35,2.0,10.0,Debit Card,Delivered,1.9,17912.43
ORD11137,2023-09-15,CUST1438,Unnati Sarma,Surat,Gujarat,PID468,Biography,Books,Biography,32978.95,4.0,25.0,Unknown,Delivered,4.2,98936.85
ORD12305,2023-06-11,CUST1930,Dayita Bhat,Chennai,Tamil Nadu,PID468,Jacket,Fashion,Jacket,982.96,2.0,40.0,Debit Card,Delivered,,1179.55
ORD12555,2024-10-14,CUST1998,Diya Deol,Bangalore,Karnataka,PID383,Cricket Bat,Sports,Cricket Bat,47145.78,1.0,20.0,Debit Card,Delivered,4.9,37716.62
ORD13124,2023-07-26,CUST1113,Finn Kar,Ahmedabad,Gujarat,PID393,Lipstick,Beauty,Lipstick,42844.05,1.0,5.0,UPI,Cancelled,3.5,40701.85
ORD14620,2024-03-06,CUST1846,Anamika Samra,Bangalore,Karnataka,PID557,Perfume,Beauty,Perfume,58026.42,1.0,30.0,Unknown,Returned,1.2,40618.49
ORD11219,2023-04-03,CUST1840,Kashvi Kala,Lucknow,Uttar Pradesh,PID292,Cookware Set,Home & Kitchen,Cookware Set,5572.77,3.0,30.0,Credit Card,Delivered,4.8,11702.82
ORD14243,2023-11-08,CUST1608,Thomas Baral,Ahmedabad,Gujarat,PID472,Jeans,Fashion,Jeans,78959.14,5.0,20.0,Net Banking,Returned,2.6,315836.56
ORD13534,2024-01-08,CUST1332,Jeremiah Khurana,Surat,Gujarat,PID249,Textbook,Books,Textbook,52724.5,4.0,15.0,Cash on Delivery,Delivered,3.8,179263.3
ORD14962,2023-09-14,CUST1465,Ishwar Dave,Lucknow,Uttar Pradesh,PID165,T-Shirt,Fashion,T-Shirt,60427.16,3.0,25.0,Credit Card,Delivered,1.2,135961.11
ORD11087,2024-07-07,CUST1368,Nimrat Dugal,Ahmedabad,Gujarat,PID329,Kurta,Fashion,Kurta,34528.86,3.0,10.0,Cash on Delivery,Delivered,2.3,93227.92
ORD13739,2023-07-30,CUST1885,Balveer Pai,Surat,Gujarat,PID481,Saree,Fashion,Saree,41899.4,1.0,5.0,Credit Card,Cancelled,3.0,39804.43
ORD12417,2023-04-07,CUST1486,Advaith Nair,Pune,Maharashtra,PID143,T-Shirt,Fashion,T-Shirt,66930.22,2.0,30.0,Credit Card,Delivered,4.6,93702.31
ORD14824,2023-04-16,CUST1400,Yash Rana,Mumbai,Maharashtra,PID331,Cookware Set,Home & Kitchen,Cookware Set,8349.79,3.0,0.0,Credit Card,Unknown,4.3,25049.37
ORD12262,2023-09-08,CUST1054,Mugdha Sekhon,Indore,Madhya Pradesh,PID273,Football,Sports,Football,67137.28,2.0,10.0,Debit Card,Unknown,4.9,120847.1
ORD14668,2023-03-10,CUST1554,Nathaniel Sharma,Mumbai,Maharashtra,PID230,Yoga Mat,Sports,Yoga Mat,47477.85,5.0,15.0,Net Banking,Delayed,3.4,201780.86
ORD12274,2023-02-14,CUST1605,Yuvraj Chopra,Mumbai,Maharashtra,PID109,Bluetooth Speaker,Electronics,Bluetooth Speaker,46103.79,4.0,30.0,Cash on Delivery,Delivered,4.2,129090.61
ORD14887,2023-04-26,CUST1897,Praneel Sarin,Kolkata,West Bengal,PID250,Perfume,Beauty,Perfume,22209.62,4.0,40.0,Net Banking,Cancelled,1.8,53303.09
ORD12117,2024-04-13,CUST1145,Siya Sibal,Bangalore,Karnataka,PID461,Shampoo,Beauty,Shampoo,89012.31,1.0,25.0,Net Banking,Delivered,4.5,66759.23
ORD13622,2024-08-22,CUST1359,Vrinda Agarwal,Delhi,Delhi,PID544,Saree,Fashion,Saree,54126.72,1.0,25.0,UPI,Delivered,2.4,40595.04
ORD10421,2023-04-02,CUST1511,Aashi Issac,Lucknow,Uttar Pradesh,PID546,Novel,Books,Novel,16266.59,3.0,10.0,UPI,Delivered,3.1,43919.79
ORD10762,2023-07-10,CUST1876,Ikshita Bandi,Jaipur,Rajasthan,PID275,Comic,Books,Comic,39671.69,5.0,25.0,Net Banking,Delayed,4.2,148768.84
ORD14506,2023-06-02,CUST1008,Advik Soman,Bangalore,Karnataka,PID189,Cricket Bat,Sports,Cricket Bat,67580.24,4.0,25.0,Debit Card,Unknown,2.3,202740.72
ORD12573,2024-03-18,CUST1339,Chavvi Bakshi,Surat,Gujarat,PID395,Tablet,Electronics,Tablet,34098.16,1.0,0.0,Cash on Delivery,Unknown,,34098.16
ORD12677,2024-10-10,CUST1615,Oviya Bala,Lucknow,Uttar Pradesh,PID186,Bluetooth Speaker,Electronics,Bluetooth Speaker,14786.53,4.0,20.0,Net Banking,Delivered,3.1,47316.9
ORD10341,2023-02-04,CUST1081,Niharika Yohannan,Lucknow,Uttar Pradesh,PID172,Novel,Books,Novel,44909.4,3.0,25.0,UPI,Cancelled,3.3,101046.15
ORD14871,2023-07-10,CUST1050,Pranav Dubey,Hyderabad,Telangana,PID280,Bluetooth Speaker,Electronics,Bluetooth Speaker,10962.05,5.0,15.0,Cash on Delivery,Unknown,1.9,46588.71
ORD12857,2023-11-24,CUST1506,Theodore D’Alia,Ahmedabad,Gujarat,PID549,Novel,Books,Novel,23182.59,1.0,0.0,Unknown,Unknown,1.3,23182.59
ORD10885,2024-10-17,CUST1612,Gauri Palan,Chennai,Tamil Nadu,PID250,Dumbbells,Sports,Dumbbells,79432.15,1.0,10.0,Cash on Delivery,Delayed,,71488.94
ORD11448,2023-08-18,CUST1472,Tanish Mallick,Lucknow,Uttar Pradesh,PID145,Textbook,Books,Textbook,54816.4,1.0,25.0,Net Banking,Returned,3.0,41112.3
ORD13396,2023-08-01,CUST1639,Vihaan Mani,Pune,Maharashtra,PID445,Jacket,Fashion,Jacket,18421.95,5.0,0.0,Net Banking,Delivered,,92109.75
ORD12104,2024-07-27,CUST1487,Yuvraj Narula,Chennai,Tamil Nadu,PID418,Face Wash,Beauty,Face Wash,81248.96,1.0,0.0,Credit Card,Delivered,1.8,81248.96
ORD10393,2023-05-07,CUST1739,Patrick Dhingra,Chennai,Tamil Nadu,PID120,Laptop,Electronics,Laptop,88319.91,4.0,25.0,Debit Card,Returned,3.1,264959.73
ORD11537,2023-06-02,CUST1649,Max Choudhury,Kolkata,West Bengal,PID387,Cricket Bat,Sports,Cricket Bat,24880.05,4.0,25.0,Cash on Delivery,Cancelled,1.6,74640.15
ORD13754,2023-05-11,CUST1264,Tamanna Krishnan,Ahmedabad,Gujarat,PID564,Face Wash,Beauty,Face Wash,57918.9,5.0,0.0,Unknown,Delayed,3.0,289594.5
ORD11626,2023-09-01,CUST1605,Chaitaly Mishra,Chennai,Tamil Nadu,PID150,Dumbbells,Sports,Dumbbells,55309.94,3.0,30.0,Debit Card,Delivered,2.2,116150.87
ORD10099,2023-03-31,CUST1555,Yoshita Yohannan,Indore,Madhya Pradesh,PID248,Comic,Books,Comic,82495.63,1.0,40.0,Unknown,Delivered,4.9,49497.38
ORD10891,2024-08-31,CUST1962,Chaman Subramaniam,Jaipur,Rajasthan,PID360,Water Bottle,Home & Kitchen,Water Bottle,49381.09,3.0,20.0,Cash on Delivery,Delayed,2.0,118514.62
ORD11040,2023-03-08,CUST1593,Omkaar Date,Indore,Madhya Pradesh,PID489,Textbook,Books,Textbook,23945.1,4.0,10.0,Cash on Delivery,Delivered,1.6,86202.36
ORD12206,2023-08-18,CUST1350,Faris Deep,Hyderabad,Telangana,PID392,Shampoo,Beauty,Shampoo,61126.13,5.0,0.0,UPI,Delivered,,305630.65
ORD14699,2024-09-06,CUST1503,Eesha Das,Indore,Madhya Pradesh,PID327,Sunscreen,Beauty,Sunscreen,47039.69,2.0,5.0,Debit Card,Delayed,1.2,89375.41
ORD14720,2024-06-20,CUST1418,Janani Dhingra,Jaipur,Rajasthan,PID392,Kurta,Fashion,Kurta,88435.01,4.0,15.0,Debit Card,Cancelled,2.2,300679.03
ORD13195,2024-03-02,CUST1438,Omkaar Murthy,Hyderabad,Telangana,PID261,Mixer Grinder,Home & Kitchen,Mixer Grinder,43405.87,4.0,10.0,Unknown,Delivered,4.8,156261.13
ORD11063,2024-05-01,CUST1702,Diya Lata,Hyderabad,Telangana,PID433,Bedsheet,Home & Kitchen,Bedsheet,38560.65,5.0,5.0,Net Banking,Delivered,1.9,183163.09
ORD11527,2024-12-15,CUST1848,Fariq Ratti,Bangalore,Karnataka,PID541,Laptop,Electronics,Laptop,60742.96,5.0,40.0,Debit Card,Returned,4.1,182228.88
ORD14714,2024-10-24,CUST1325,Chavvi Mangal,Delhi,Delhi,PID372,Water Bottle,Home & Kitchen,Water Bottle,7589.51,4.0,25.0,Credit Card,Delayed,4.5,22768.53
ORD12640,2024-06-16,CUST1537,Krisha Sharaf,Indore,Madhya Pradesh,PID503,Textbook,Books,Textbook,8567.93,2.0,15.0,Unknown,Delivered,1.0,14565.48
ORD12377,2024-09-12,CUST1560,Agastya Pandey,Indore,Madhya Pradesh,PID224,Smartwatch,Electronics,Smartwatch,62884.58,2.0,30.0,Net Banking,Delivered,1.7,88038.41
ORD10671,2024-12-24,CUST1861,Advika Kunda,Chennai,Tamil Nadu,PID385,Cricket Bat,Sports,Cricket Bat,14231.94,5.0,5.0,UPI,Returned,,67601.72
ORD10714,2023-10-09,CUST1078,Jatin Bains,Ahmedabad,Gujarat,PID267,Biography,Books,Biography,15894.74,2.0,30.0,Unknown,Unknown,2.8,22252.64
ORD12266,2024-02-06,CUST1349,Dev Char,Indore,Madhya Pradesh,PID288,Mixer Grinder,Home & Kitchen,Mixer Grinder,86676.62,2.0,0.0,Unknown,Delivered,2.0,173353.24
ORD14346,2023-09-05,CUST1047,Thomas Joshi,Hyderabad,Telangana,PID418,Bluetooth Speaker,Electronics,Bluetooth Speaker,46391.02,4.0,40.0,UPI,Delivered,1.9,111338.45
ORD11259,2023-05-30,CUST1743,Akshay Pal,Pune,Maharashtra,PID314,Smartphone,Electronics,Smartphone,87750.81,5.0,20.0,Credit Card,Delivered,2.3,351003.24
ORD10417,2023-01-15,CUST1229,Balhaar Goel,Lucknow,Uttar Pradesh,PID465,Smartwatch,Electronics,Smartwatch,38686.97,3.0,5.0,Cash on Delivery,Unknown,2.7,110257.86
ORD13119,2024-11-08,CUST1015,Ikshita Singh,Jaipur,Rajasthan,PID370,Dumbbells,Sports,Dumbbells,14569.04,3.0,20.0,Debit Card,Returned,1.9,34965.7
ORD12288,2024-01-18,CUST1682,Azaan Chaudry,Chennai,Tamil Nadu,PID479,Textbook,Books,Textbook,10659.46,3.0,40.0,Debit Card,Cancelled,4.7,19187.03
ORD12537,2023-04-12,CUST1946,Henry Raman,Bangalore,Karnataka,PID575,Lipstick,Beauty,Lipstick,88443.46,1.0,0.0,Net Banking,Delivered,4.1,88443.46
ORD14350,2024-04-21,CUST1641,Gaurang Minhas,Bangalore,Karnataka,PID230,Biography,Books,Biography,4310.29,4.0,40.0,Credit Card,Unknown,4.1,10344.7
ORD13821,2023-01-04,CUST1417,Oviya Dugar,Hyderabad,Telangana,PID463,Bedsheet,Home & Kitchen,Bedsheet,64812.97,1.0,5.0,Cash on Delivery,Cancelled,4.1,61572.32
ORD11209,2023-06-17,CUST1174,Ranveer Bail,Lucknow,Uttar Pradesh,PID433,Tablet,Electronics,Tablet,49936.21,5.0,25.0,Unknown,Cancelled,1.3,187260.79
ORD12456,2023-10-12,CUST1457,Hemang Bail,Mumbai,Maharashtra,PID234,Football,Sports,Football,82847.33,4.0,20.0,Unknown,Returned,2.3,265111.46
ORD14637,2024-11-11,CUST1122,Mason Saha,Bangalore,Karnataka,PID172,Dumbbells,Sports,Dumbbells,83832.32,2.0,15.0,Credit Card,Delivered,,142514.94
ORD12943,2023-08-30,CUST1492,Logan Saran,Lucknow,Uttar Pradesh,PID215,Yoga Mat,Sports,Yoga Mat,60788.26,4.0,25.0,UPI,Delivered,3.6,182364.78
ORD14268,2023-03-03,CUST1054,Tarak Badami,Kolkata,West Bengal,PID468,Sunscreen,Beauty,Sunscreen,44997.85,3.0,25.0,Credit Card,Delayed,2.8,101245.16
ORD14461,2023-09-24,CUST1439,Brijesh Mody,Delhi,Delhi,PID526,Laptop,Electronics,Laptop,39412.93,4.0,15.0,Debit Card,Unknown,3.1,134003.96
ORD14908,2023-04-14,CUST1366,Amaira Date,Jaipur,Rajasthan,PID272,Kurta,Fashion,Kurta,57622.96,3.0,25.0,Unknown,Cancelled,4.3,129651.66
ORD11662,2024-11-11,CUST1202,Bhavya Balasubramanian,Pune,Maharashtra,PID504,Cricket Bat,Sports,Cricket Bat,81362.31,3.0,15.0,Cash on Delivery,Delayed,4.2,207473.89
ORD10573,2023-05-31,CUST1783,Jairaj Wason,Indore,Madhya Pradesh,PID193,Mixer Grinder,Home & Kitchen,Mixer Grinder,9674.98,5.0,0.0,Net Banking,Unknown,,48374.9
ORD12164,2023-07-19,CUST1786,Rehaan Choudhary,Mumbai,Maharashtra,PID102,Cookware Set,Home & Kitchen,Cookware Set,680.46,3.0,5.0,Unknown,Delivered,4.3,1939.31
ORD10735,2023-05-16,CUST1100,Damyanti Shroff,Mumbai,Maharashtra,PID374,Lipstick,Beauty,Lipstick,88147.07,2.0,5.0,Net Banking,Unknown,1.2,167479.43
ORD13220,2024-02-18,CUST1094,Hritik Dara,Mumbai,Maharashtra,PID372,Cookware Set,Home & Kitchen,Cookware Set,29846.43,3.0,20.0,Debit Card,Unknown,4.3,71631.43
ORD11748,2023-08-18,CUST1500,Tanish Srinivas,Bangalore,Karnataka,PID573,Mixer Grinder,Home & Kitchen,Mixer Grinder,73451.46,1.0,0.0,Credit Card,Delivered,4.0,73451.46
ORD13659,2023-12-10,CUST1879,Advaith Dixit,Lucknow,Uttar Pradesh,PID260,Comic,Books,Comic,74273.97,5.0,30.0,Debit Card,Delivered,3.2,259958.89
ORD13779,2023-06-24,CUST1670,Kevin Sur,Kolkata,West Bengal,PID422,Textbook,Books,Textbook,20712.41,1.0,20.0,Debit Card,Delayed,2.3,16569.93
ORD13946,2023-09-22,CUST1798,Ira Konda,Lucknow,Uttar Pradesh,PID330,Bluetooth Speaker,Electronics,Bluetooth Speaker,14543.66,4.0,0.0,Credit Card,Delivered,4.0,58174.64
ORD14660,2023-05-13,CUST1273,Rehaan Mody,Lucknow,Uttar Pradesh,PID220,Cookware Set,Home & Kitchen,Cookware Set,67242.92,2.0,25.0,Cash on Delivery,Delivered,3.9,100864.38
ORD10401,2024-02-26,CUST1067,Faraj Ravi,Mumbai,Maharashtra,PID544,Water Bottle,Home & Kitchen,Water Bottle,68902.68,4.0,25.0,Unknown,Delivered,3.6,206708.04
ORD14928,2023-10-24,CUST1588,Yashica Apte,Bangalore,Karnataka,PID246,Cookware Set,Home & Kitchen,Cookware Set,48918.18,1.0,10.0,Cash on Delivery,Delivered,2.5,44026.36
ORD14543,2023-01-31,CUST1571,Janaki Varkey,Surat,Gujarat,PID337,Comic,Books,Comic,54605.03,2.0,30.0,Unknown,Delayed,2.6,76447.04
ORD11115,2024-11-01,CUST1752,Simon Ram,Hyderabad,Telangana,PID352,Smartphone,Electronics,Smartphone,87183.87,2.0,25.0,UPI,Returned,2.3,130775.8
ORD10399,2024-12-24,CUST1691,Chaaya Mander,Kolkata,West Bengal,PID351,Smartwatch,Electronics,Smartwatch,28413.14,1.0,20.0,Cash on Delivery,Delayed,2.7,22730.51
ORD12331,2023-03-23,CUST1759,Maya Agarwal,Surat,Gujarat,PID339,Shampoo,Beauty,Shampoo,43848.76,2.0,5.0,Credit Card,Cancelled,,83312.64
ORD11611,2024-08-07,CUST1518,Irya Vasa,Ahmedabad,Gujarat,PID176,Air Fryer,Home & Kitchen,Air Fryer,58708.9,1.0,0.0,Debit Card,Delayed,4.0,58708.9
ORD12092,2023-02-19,CUST1559,Daksh Date,Pune,Maharashtra,PID322,Water Bottle,Home & Kitchen,Water Bottle,23919.22,4.0,0.0,Net Banking,Delivered,2.5,95676.88
ORD12030,2023-10-16,CUST1563,Charvi Mangal,Delhi,Delhi,PID257,Water Bottle,Home & Kitchen,Water Bottle,49657.06,4.0,40.0,Net Banking,Cancelled,3.4,119176.94
ORD10994,2023-07-01,CUST1061,Yachana Seth,Surat,Gujarat,PID409,Jacket,Fashion,Jacket,72244.07,1.0,25.0,UPI,Returned,3.5,54183.05
ORD11311,2023-05-18,CUST1711,Abha Rai,Mumbai,Maharashtra,PID123,Novel,Books,Novel,66398.55,3.0,10.0,Net Banking,Delivered,4.3,179276.09
ORD10815,2024-02-21,CUST1288,Chavvi Aggarwal,Pune,Maharashtra,PID236,Shampoo,Beauty,Shampoo,3383.09,3.0,30.0,Debit Card,Cancelled,1.5,7104.49
ORD10020,2024-08-19,CUST1215,Samarth Bahl,Jaipur,Rajasthan,PID449,Dumbbells,Sports,Dumbbells,63554.22,2.0,25.0,Debit Card,Unknown,,95331.33
ORD12153,2023-08-24,CUST1219,Januja Nazareth,Chennai,Tamil Nadu,PID129,Bedsheet,Home & Kitchen,Bedsheet,43274.15,2.0,10.0,Debit Card,Delivered,2.7,77893.47
ORD11732,2023-09-03,CUST1387,Max Singhal,Bangalore,Karnataka,PID353,Saree,Fashion,Saree,1610.74,3.0,15.0,Credit Card,Delivered,3.8,4107.39
ORD10892,2024-07-22,CUST1714,Caleb Tandon,Indore,Madhya Pradesh,PID377,Air Fryer,Home & Kitchen,Air Fryer,89219.46,3.0,10.0,Credit Card,Delayed,4.1,240892.54
ORD10649,2024-01-11,CUST1554,Victor Khalsa,Indore,Madhya Pradesh,PID357,Sneakers,Fashion,Sneakers,66209.39,2.0,20.0,Net Banking,Delivered,2.2,105935.02
ORD14316,2024-07-02,CUST1689,Viraj Peri,Indore,Madhya Pradesh,PID213,Yoga Mat,Sports,Yoga Mat,82807.54,3.0,10.0,Unknown,Cancelled,1.0,223580.36
ORD14867,2024-09-25,CUST1120,Samarth Bajwa,Kolkata,West Bengal,PID541,Novel,Books,Novel,4954.76,5.0,15.0,Credit Card,Delivered,5.0,21057.73
ORD11036,2023-11-03,CUST1836,Amaira Grover,Chennai,Tamil Nadu,PID402,Shampoo,Beauty,Shampoo,42673.78,2.0,5.0,UPI,Delivered,1.4,81080.18
ORD12411,2024-04-17,CUST1138,Kabir Gupta,Lucknow,Uttar Pradesh,PID394,Air Fryer,Home & Kitchen,Air Fryer,47180.69,2.0,10.0,Credit Card,Delivered,1.5,84925.24
ORD10220,2023-06-28,CUST1118,Indira Cherian,Hyderabad,Telangana,PID148,Cricket Bat,Sports,Cricket Bat,58043.66,3.0,5.0,Unknown,Delivered,4.4,165424.43
ORD12015,2024-01-28,CUST1588,Chandran Yohannan,Mumbai,Maharashtra,PID511,Sunscreen,Beauty,Sunscreen,28830.73,2.0,5.0,Credit Card,Delivered,3.8,54778.39
ORD10281,2023-09-27,CUST1664,Jacob Choudhary,Pune,Maharashtra,PID480,Sunscreen,Beauty,Sunscreen,35618.47,4.0,15.0,Net Banking,Unknown,3.5,121102.8
ORD14784,2024-04-13,CUST1415,Anamika Ram,Hyderabad,Telangana,PID195,Textbook,Books,Textbook,11950.54,5.0,20.0,Debit Card,Delivered,1.7,47802.16
ORD10134,2023-06-06,CUST1781,Banjeet Venkataraman,Indore,Madhya Pradesh,PID520,Textbook,Books,Textbook,13261.16,5.0,20.0,Credit Card,Delayed,1.9,53044.64
ORD14204,2023-09-28,CUST1996,Harini Bera,Pune,Maharashtra,PID533,Sunscreen,Beauty,Sunscreen,86491.82,4.0,5.0,UPI,Delivered,1.9,328668.92
ORD13093,2024-12-15,CUST1066,Urishilla Edwin,Lucknow,Uttar Pradesh,PID546,Smartphone,Electronics,Smartphone,56029.13,4.0,10.0,Debit Card,Returned,3.6,201704.87
ORD14538,2023-02-07,CUST1356,Logan Prabhakar,Pune,Maharashtra,PID180,Shampoo,Beauty,Shampoo,84820.23,5.0,25.0,Unknown,Delivered,,318075.86
ORD10739,2023-04-16,CUST1196,Madhav Roy,Ahmedabad,Gujarat,PID492,Textbook,Books,Textbook,70124.44,5.0,40.0,Unknown,Delivered,4.7,210373.32
ORD11375,2024-01-10,CUST1740,Timothy Vyas,Ahmedabad,Gujarat,PID335,Laptop,Electronics,Laptop,53227.15,1.0,20.0,Cash on Delivery,Cancelled,3.7,42581.72
ORD13332,2024-12-07,CUST1883,Nikita Bahl,Delhi,Delhi,PID514,Shampoo,Beauty,Shampoo,9352.26,2.0,25.0,Cash on Delivery,Delivered,3.8,14028.39
ORD13545,2023-05-15,CUST1861,Tara Gala,Pune,Maharashtra,PID298,Kurta,Fashion,Kurta,63603.3,2.0,0.0,Credit Card,Returned,3.2,127206.6
ORD14505,2023-05-14,CUST1132,Aarush Varghese,Surat,Gujarat,PID554,Sneakers,Fashion,Sneakers,78654.56,5.0,20.0,Debit Card,Cancelled,2.5,314618.24
ORD13800,2023-07-12,CUST1165,Hamsini Mital,Lucknow,Uttar Pradesh,PID109,Biography,Books,Biography,51362.64,5.0,5.0,Unknown,Cancelled,3.6,243972.54
ORD11733,2024-11-20,CUST1978,Rushil Guha,Delhi,Delhi,PID518,Dumbbells,Sports,Dumbbells,53332.46,3.0,40.0,Unknown,Delivered,4.4,95998.43
ORD10001,2024-08-27,CUST1203,Atharv Malhotra,Mumbai,Maharashtra,PID466,Cricket Bat,Sports,Cricket Bat,66778.31,1.0,5.0,Net Banking,Cancelled,1.1,63439.39
ORD14695,2023-05-25,CUST1131,Aadhya Tandon,Jaipur,Rajasthan,PID125,Tablet,Electronics,Tablet,68400.12,1.0,40.0,Cash on Delivery,Delivered,1.1,41040.07
ORD14400,2023-08-18,CUST1921,Harish Nori,Bangalore,Karnataka,PID154,Sunscreen,Beauty,Sunscreen,40629.51,5.0,0.0,Credit Card,Cancelled,1.5,203147.55
ORD13574,2023-08-18,CUST1799,Faraj Lanka,Hyderabad,Telangana,PID453,Saree,Fashion,Saree,9236.26,4.0,5.0,Unknown,Delivered,1.9,35097.79
ORD10601,2024-09-20,CUST1030,George Narasimhan,Lucknow,Uttar Pradesh,PID374,Jacket,Fashion,Jacket,56864.52,3.0,40.0,Debit Card,Delivered,1.0,102356.14
ORD10702,2024-08-23,CUST1367,Alexander Golla,Ahmedabad,Gujarat,PID545,Kurta,Fashion,Kurta,42171.78,2.0,40.0,UPI,Delivered,3.3,50606.14
ORD14109,2024-10-16,CUST1096,Lekha Suresh,Pune,Maharashtra,PID173,Dumbbells,Sports,Dumbbells,12674.42,5.0,5.0,Net Banking,Returned,4.2,60203.5
ORD11772,2024-02-07,CUST1298,Jhalak Ganesh,Pune,Maharashtra,PID473,Yoga Mat,Sports,Yoga Mat,86691.3,5.0,25.0,UPI,Delivered,2.9,325092.38
ORD11954,2024-05-02,CUST1853,Meera Sen,Indore,Madhya Pradesh,PID497,Lipstick,Beauty,Lipstick,35539.85,4.0,40.0,Net Banking,Delayed,3.3,85295.64
ORD11392,2024-02-15,CUST1025,Hemangini Sahota,Indore,Madhya Pradesh,PID485,Smartwatch,Electronics,Smartwatch,7071.59,3.0,25.0,Net Banking,Unknown,4.0,15911.08
ORD14102,2024-12-05,CUST1433,Yochana Rau,Indore,Madhya Pradesh,PID377,Saree,Fashion,Saree,11364.62,1.0,0.0,Net Banking,Cancelled,,11364.62
ORD14203,2024-09-15,CUST1640,Maya Krishna,Ahmedabad,Gujarat,PID585,Bluetooth Speaker,Electronics,Bluetooth Speaker,36562.71,3.0,40.0,Debit Card,Unknown,1.8,65812.88
ORD13666,2024-08-10,CUST1206,Kevin Trivedi,Lucknow,Uttar Pradesh,PID393,Cricket Bat,Sports,Cricket Bat,78021.18,4.0,40.0,UPI,Cancelled,1.4,187250.83
ORD10855,2024-04-19,CUST1599,Suhani Mukherjee,Surat,Gujarat,PID160,Smartphone,Electronics,Smartphone,11685.32,5.0,10.0,Net Banking,Returned,3.3,52583.94
ORD10488,2024-08-04,CUST1209,Chasmum Aurora,Ahmedabad,Gujarat,PID585,Bedsheet,Home & Kitchen,Bedsheet,37810.39,5.0,0.0,Debit Card,Cancelled,4.7,189051.95
ORD11442,2023-09-11,CUST1677,Avni Dar,Lucknow,Uttar Pradesh,PID393,Kurta,Fashion,Kurta,46153.09,1.0,25.0,Unknown,Unknown,2.8,34614.82
ORD14820,2023-07-22,CUST1379,Upkaar Sachar,Chennai,Tamil Nadu,PID442,Face Wash,Beauty,Face Wash,79638.93,4.0,25.0,Credit Card,Returned,3.7,238916.79
ORD13833,2024-07-07,CUST1239,Lopa Ganesh,Bangalore,Karnataka,PID262,Jeans,Fashion,Jeans,17643.84,1.0,10.0,UPI,Delivered,4.5,15879.46
ORD13334,2023-03-09,CUST1858,Aahana Magar,Indore,Madhya Pradesh,PID506,Jacket,Fashion,Jacket,32100.17,5.0,10.0,Net Banking,Delivered,2.3,144450.76
ORD13982,2024-10-07,CUST1892,Hardik Thakkar,Bangalore,Karnataka,PID384,Yoga Mat,Sports,Yoga Mat,3031.65,5.0,10.0,Cash on Delivery,Cancelled,4.9,13642.42
ORD11273,2024-05-30,CUST1828,Widisha Rattan,Indore,Madhya Pradesh,PID514,Jacket,Fashion,Jacket,62581.21,5.0,20.0,UPI,Returned,1.1,250324.84
ORD11556,2023-10-20,CUST1446,Lavanya Sharaf,Kolkata,West Bengal,PID552,Shampoo,Beauty,Shampoo,16754.76,3.0,0.0,Unknown,Delivered,1.8,50264.28
ORD14307,2023-07-11,CUST1529,Hamsini Mammen,Ahmedabad,Gujarat,PID337,T-Shirt,Fashion,T-Shirt,24174.94,1.0,15.0,Credit Card,Delayed,2.6,20548.7
ORD14228,2023-08-15,CUST1433,Jason Subramanian,Hyderabad,Telangana,PID284,Air Fryer,Home & Kitchen,Air Fryer,0.0,1.0,15.0,Credit Card,Returned,2.3,0.0
ORD13523,2024-05-11,CUST1834,Aarna Soni,Lucknow,Uttar Pradesh,PID366,Face Wash,Beauty,Face Wash,79640.1,1.0,10.0,Debit Card,Delivered,2.5,71676.09
ORD12036,2024-11-16,CUST1706,Janaki Panchal,Indore,Madhya Pradesh,PID269,Shampoo,Beauty,Shampoo,43504.06,3.0,10.0,Debit Card,Delivered,2.2,117460.96
ORD12750,2024-10-17,CUST1379,Yahvi Prasad,Surat,Gujarat,PID263,Biography,Books,Biography,28728.34,4.0,0.0,UPI,Delivered,4.4,114913.36
ORD14553,2024-03-20,CUST1150,Vasatika Karpe,Jaipur,Rajasthan,PID367,Tablet,Electronics,Tablet,11417.62,1.0,40.0,Net Banking,Unknown,4.1,6850.57
ORD14990,2024-12-13,CUST1912,Raksha Raju,Surat,Gujarat,PID301,Dumbbells,Sports,Dumbbells,26204.2,3.0,15.0,Net Banking,Unknown,3.3,66820.71
ORD11189,2023-03-06,CUST1800,Lila Pai,Lucknow,Uttar Pradesh,PID404,Saree,Fashion,Saree,2169.36,5.0,20.0,UPI,Cancelled,3.3,8677.44
ORD11083,2024-07-29,CUST1607,Unni Pingle,Kolkata,West Bengal,PID384,Smartphone,Electronics,Smartphone,23189.85,1.0,20.0,Unknown,Delivered,3.8,18551.88
ORD14877,2024-04-20,CUST1973,Omya Krish,Bangalore,Karnataka,PID389,Biography,Books,Biography,31256.8,4.0,5.0,Unknown,Delivered,3.8,118775.84
ORD12002,2024-11-08,CUST1392,Zaid Tank,Lucknow,Uttar Pradesh,PID386,Perfume,Beauty,Perfume,35065.8,5.0,5.0,Credit Card,Delivered,1.7,166562.55
ORD10037,2024-09-22,CUST1872,Chakradhar Lalla,Chennai,Tamil Nadu,PID225,Smartwatch,Electronics,Smartwatch,57257.32,4.0,20.0,Cash on Delivery,Unknown,3.2,183223.42
ORD13401,2024-09-14,CUST1235,Vihaan Naidu,Bangalore,Karnataka,PID349,Smartphone,Electronics,Smartphone,86411.73,3.0,5.0,Net Banking,Unknown,2.3,246273.43
ORD10590,2024-03-06,CUST1995,Harsh Saxena,Surat,Gujarat,PID447,Lipstick,Beauty,Lipstick,40522.18,2.0,15.0,Credit Card,Delivered,4.1,68887.71
ORD14147,2024-12-18,CUST1472,Bishakha Kaul,Delhi,Delhi,PID273,Cookware Set,Home & Kitchen,Cookware Set,51513.19,5.0,40.0,Net Banking,Returned,2.6,154539.57
ORD11783,2023-06-28,CUST1089,Reva Hora,Ahmedabad,Gujarat,PID159,Football,Sports,Football,31583.26,3.0,30.0,Net Banking,Delivered,4.0,66324.85
ORD14290,2024-04-20,CUST1384,Harish Kota,Bangalore,Karnataka,PID337,Water Bottle,Home & Kitchen,Water Bottle,44060.46,4.0,10.0,Net Banking,Delivered,4.2,158617.66
ORD13990,2023-06-01,CUST1129,Samarth Kanda,Indore,Madhya Pradesh,PID533,Jeans,Fashion,Jeans,37970.14,1.0,40.0,Credit Card,Returned,4.4,22782.08
ORD10021,2023-06-16,CUST1821,Oeshi Khosla,Delhi,Delhi,PID442,Jacket,Fashion,Jacket,31928.03,5.0,15.0,UPI,Delivered,4.2,135694.13
ORD13019,2024-03-23,CUST1319,Samuel Varughese,Pune,Maharashtra,PID532,Water Bottle,Home & Kitchen,Water Bottle,20850.66,4.0,40.0,Unknown,Cancelled,2.5,50041.58
ORD14212,2024-02-23,CUST1615,Aarush Kale,Surat,Gujarat,PID590,Kurta,Fashion,Kurta,57179.54,5.0,25.0,Net Banking,Returned,3.0,214423.28
ORD12329,2023-05-17,CUST1682,Tripti Manne,Surat,Gujarat,PID209,Face Wash,Beauty,Face Wash,87588.41,3.0,0.0,Debit Card,Delayed,3.6,262765.23
ORD14225,2024-04-14,CUST1222,Omaja Bose,Mumbai,Maharashtra,PID203,Dumbbells,Sports,Dumbbells,56228.17,2.0,5.0,UPI,Delivered,3.8,106833.52
ORD10541,2023-03-20,CUST1951,Om Uppal,Hyderabad,Telangana,PID352,Textbook,Books,Textbook,57261.83,3.0,5.0,UPI,Delivered,4.8,163196.22
ORD13630,2024-07-01,CUST1726,Mitali Mohanty,Bangalore,Karnataka,PID215,Laptop,Electronics,Laptop,65795.53,4.0,0.0,UPI,Unknown,3.2,263182.12
ORD14795,2024-01-09,CUST1765,Lakshmi Kade,Lucknow,Uttar Pradesh,PID261,Football,Sports,Football,75037.56,1.0,15.0,Unknown,Returned,4.9,63781.93
ORD13088,2024-04-05,CUST1686,Lakshit Mangat,Indore,Madhya Pradesh,PID464,Lipstick,Beauty,Lipstick,14010.34,5.0,0.0,Net Banking,Unknown,2.8,70051.7
ORD11391,2023-07-29,CUST1397,Radha Suri,Indore,Madhya Pradesh,PID367,Shampoo,Beauty,Shampoo,45435.81,5.0,10.0,UPI,Delivered,3.6,204461.14
ORD11991,2023-04-26,CUST1347,Rehaan Ganguly,Kolkata,West Bengal,PID244,Jeans,Fashion,Jeans,13405.15,1.0,25.0,Unknown,Unknown,1.8,10053.86
ORD12689,2023-08-23,CUST1698,Niharika Contractor,Hyderabad,Telangana,PID279,Saree,Fashion,Saree,54688.92,4.0,15.0,Credit Card,Delivered,3.4,185942.33
ORD10581,2023-06-06,CUST1888,Urmi Soman,Mumbai,Maharashtra,PID596,Biography,Books,Biography,80177.59,2.0,5.0,UPI,Delivered,5.0,152337.42
ORD11707,2024-10-23,CUST1313,Gaurangi Basak,Indore,Madhya Pradesh,PID201,Textbook,Books,Textbook,6447.57,4.0,15.0,Debit Card,Delivered,4.2,21921.74
ORD14315,2023-04-15,CUST1376,Nachiket Rama,Lucknow,Uttar Pradesh,PID223,Air Fryer,Home & Kitchen,Air Fryer,85096.28,1.0,0.0,Net Banking,Delivered,3.1,85096.28
ORD14895,2024-10-23,CUST1101,Gaurang Brahmbhatt,Delhi,Delhi,PID367,Football,Sports,Football,75631.17,1.0,5.0,Cash on Delivery,Delivered,4.9,71849.61
ORD10480,2023-02-17,CUST1253,Vedhika Sharaf,Ahmedabad,Gujarat,PID127,Jeans,Fashion,Jeans,17372.56,5.0,15.0,Debit Card,Unknown,3.3,73833.38
ORD12751,2023-12-11,CUST1578,Pavani Vala,Hyderabad,Telangana,PID545,Dumbbells,Sports,Dumbbells,5731.19,5.0,20.0,Cash on Delivery,Delayed,3.2,22924.76
ORD14013,2023-04-20,CUST1648,Elijah Pillai,Surat,Gujarat,PID587,Sneakers,Fashion,Sneakers,15681.04,3.0,20.0,Unknown,Unknown,2.0,37634.5
ORD10064,2023-08-11,CUST1923,Mason Raj,Surat,Gujarat,PID430,Sneakers,Fashion,Sneakers,9047.09,3.0,25.0,UPI,Returned,4.8,20355.95
ORD12528,2024-03-08,CUST1681,Bhavya Sridhar,Indore,Madhya Pradesh,PID412,Headphones,Electronics,Headphones,77923.02,3.0,0.0,Credit Card,Delivered,1.3,233769.06
ORD13550,2024-04-03,CUST1163,Saanvi Raja,Kolkata,West Bengal,PID107,Novel,Books,Novel,21022.42,1.0,5.0,Unknown,Delivered,2.9,19971.3
ORD13252,2023-01-17,CUST1927,Chatresh Patla,Kolkata,West Bengal,PID446,Jeans,Fashion,Jeans,5021.68,3.0,25.0,Credit Card,Cancelled,1.8,11298.78
ORD11421,2024-10-19,CUST1381,Robert Goda,Mumbai,Maharashtra,PID135,Jacket,Fashion,Jacket,12432.96,3.0,20.0,Debit Card,Delivered,4.3,29839.1
ORD11122,2024-03-01,CUST1580,Tamanna Murty,Surat,Gujarat,PID311,Mixer Grinder,Home & Kitchen,Mixer Grinder,85836.08,2.0,10.0,Debit Card,Delivered,2.2,154504.94
ORD10260,2023-05-22,CUST1219,Ira Om,Bangalore,Karnataka,PID360,Biography,Books,Biography,33413.64,3.0,30.0,Cash on Delivery,Unknown,3.6,70168.64
ORD10706,2023-04-03,CUST1352,Zansi Hegde,Ahmedabad,Gujarat,PID151,Yoga Mat,Sports,Yoga Mat,79483.48,2.0,30.0,Debit Card,Delivered,1.6,111276.87
ORD12842,2023-05-16,CUST1840,Radhika Arya,Indore,Madhya Pradesh,PID463,Bedsheet,Home & Kitchen,Bedsheet,27952.09,1.0,15.0,Net Banking,Delivered,4.4,23759.28
ORD10440,2023-06-04,CUST1818,Patrick Vasa,Delhi,Delhi,PID334,Textbook,Books,Textbook,50644.03,3.0,20.0,UPI,Returned,4.5,121545.67
ORD12645,2023-07-08,CUST1607,Ishanvi Bhattacharyya,Surat,Gujarat,PID262,Saree,Fashion,Saree,48673.2,1.0,10.0,Debit Card,Delayed,3.6,43805.88
ORD13414,2023-12-01,CUST1784,Mohini Kapadia,Kolkata,West Bengal,PID191,T-Shirt,Fashion,T-Shirt,14570.92,1.0,20.0,Debit Card,Delayed,,11656.74
ORD14700,2023-11-06,CUST1028,Pranav Ramakrishnan,Delhi,Delhi,PID191,Perfume,Beauty,Perfume,31313.23,2.0,15.0,UPI,Delivered,4.7,53232.49
ORD10925,2024-10-22,CUST1274,Noah Tak,Pune,Maharashtra,PID469,Air Fryer,Home & Kitchen,Air Fryer,24377.11,2.0,15.0,Net Banking,Returned,1.9,41441.09
ORD13290,2024-02-14,CUST1291,Ikbal Chakraborty,Delhi,Delhi,PID429,Yoga Mat,Sports,Yoga Mat,48324.24,5.0,5.0,Credit Card,Cancelled,1.5,229540.14
ORD14832,2023-10-11,CUST1572,Chandran Peri,Indore,Madhya Pradesh,PID579,Perfume,Beauty,Perfume,33956.06,1.0,25.0,UPI,Returned,2.5,25467.04
ORD13056,2023-01-13,CUST1456,Mohammed Pathak,Ahmedabad,Gujarat,PID254,Bluetooth Speaker,Electronics,Bluetooth Speaker,25966.15,2.0,30.0,Unknown,Cancelled,2.2,36352.61
ORD11135,2024-06-28,CUST1497,Aditya Joshi,Surat,Gujarat,PID442,Lipstick,Beauty,Lipstick,71163.47,1.0,5.0,Debit Card,Delivered,2.6,67605.3
ORD11109,2024-12-13,CUST1095,Jai Comar,Ahmedabad,Gujarat,PID313,Yoga Mat,Sports,Yoga Mat,76735.92,3.0,10.0,UPI,Unknown,2.0,207186.98
ORD12535,2023-04-28,CUST1629,Kavya Bala,Mumbai,Maharashtra,PID457,Comic,Books,Comic,82954.64,4.0,0.0,Cash on Delivery,Delivered,2.8,331818.56
ORD11807,2024-06-07,CUST1292,Manan Keer,Bangalore,Karnataka,PID417,Laptop,Electronics,Laptop,82780.04,5.0,10.0,Credit Card,Delayed,2.9,372510.18
ORD14989,2023-10-22,CUST1056,Vasana Mane,Ahmedabad,Gujarat,PID524,Comic,Books,Comic,62399.19,1.0,40.0,Unknown,Unknown,4.2,37439.51
ORD11948,2024-02-25,CUST1985,Noah Zacharia,Kolkata,West Bengal,PID467,Air Fryer,Home & Kitchen,Air Fryer,0.0,1.0,30.0,UPI,Delivered,4.9,0.0
ORD10588,2024-12-14,CUST1740,Vrinda Sharma,Chennai,Tamil Nadu,PID441,Smartwatch,Electronics,Smartwatch,86708.41,4.0,10.0,UPI,Cancelled,4.7,312150.28
ORD10769,2024-03-12,CUST1535,Sara Shah,Hyderabad,Telangana,PID152,Football,Sports,Football,85461.49,3.0,40.0,Cash on Delivery,Unknown,4.5,153830.68
ORD11983,2024-11-25,CUST1363,Zayan Manda,Ahmedabad,Gujarat,PID544,Football,Sports,Football,47435.06,5.0,10.0,Debit Card,Unknown,3.1,213457.77
ORD11086,2024-04-03,CUST1310,Chandani Divan,Bangalore,Karnataka,PID595,Kurta,Fashion,Kurta,37947.82,5.0,30.0,Debit Card,Delivered,3.2,132817.37
ORD14610,2023-11-25,CUST1188,Idika Cheema,Bangalore,Karnataka,PID111,Perfume,Beauty,Perfume,81024.72,3.0,30.0,Cash on Delivery,Delivered,4.6,170151.91
ORD14896,2024-09-27,CUST1944,Timothy Murty,Surat,Gujarat,PID355,Cricket Bat,Sports,Cricket Bat,69712.55,4.0,20.0,Credit Card,Delivered,1.7,223080.16
ORD14055,2023-09-13,CUST1862,Arin Yohannan,Delhi,Delhi,PID464,Sneakers,Fashion,Sneakers,76638.58,3.0,30.0,Credit Card,Returned,4.4,160941.02
ORD11546,2023-11-04,CUST1351,Jack Brahmbhatt,Bangalore,Karnataka,PID216,Smartwatch,Electronics,Smartwatch,30257.16,1.0,0.0,Net Banking,Delivered,1.1,30257.16
ORD11525,2024-06-23,CUST1901,Zashil Narula,Indore,Madhya Pradesh,PID582,Novel,Books,Novel,469.1,5.0,10.0,Debit Card,Delivered,4.8,2110.95
ORD13813,2024-02-05,CUST1390,Laban Ramesh,Delhi,Delhi,PID206,Lipstick,Beauty,Lipstick,45163.67,3.0,10.0,Debit Card,Returned,,121941.91
ORD10638,2023-04-18,CUST1256,Chandresh Natarajan,Delhi,Delhi,PID158,Jeans,Fashion,Jeans,59923.7,3.0,15.0,Cash on Delivery,Delivered,1.7,152805.43
ORD13152,2023-05-08,CUST1357,Nicholas Swamy,Surat,Gujarat,PID107,Mixer Grinder,Home & Kitchen,Mixer Grinder,51746.07,5.0,25.0,UPI,Delivered,2.2,194047.76
ORD10333,2024-06-04,CUST1545,Pranav Prasad,Kolkata,West Bengal,PID336,Smartphone,Electronics,Smartphone,10292.9,3.0,10.0,Debit Card,Cancelled,4.3,27790.83
ORD13830,2024-10-04,CUST1131,Ishani Parmer,Lucknow,Uttar Pradesh,PID510,Cookware Set,Home & Kitchen,Cookware Set,73913.81,3.0,40.0,UPI,Delivered,1.7,133044.86
ORD14321,2023-02-13,CUST1229,Indali Borah,Hyderabad,Telangana,PID261,Sneakers,Fashion,Sneakers,85606.7,5.0,40.0,Debit Card,Delayed,3.3,256820.1
ORD11719,2024-02-14,CUST1725,Oliver Kadakia,Indore,Madhya Pradesh,PID145,Cookware Set,Home & Kitchen,Cookware Set,73731.02,3.0,5.0,UPI,Unknown,2.0,210133.41
ORD12884,2023-08-10,CUST1052,Rachana Bhatnagar,Pune,Maharashtra,PID240,Football,Sports,Football,28966.43,2.0,20.0,Credit Card,Delivered,1.6,46346.29
ORD10063,2023-04-10,CUST1760,Owen Mand,Surat,Gujarat,PID472,Perfume,Beauty,Perfume,36835.38,3.0,5.0,Debit Card,Returned,3.2,104980.83
ORD13715,2023-05-07,CUST1691,Jai Dewan,Surat,Gujarat,PID206,Mixer Grinder,Home & Kitchen,Mixer Grinder,31061.74,4.0,30.0,Cash on Delivery,Unknown,3.0,86972.87
ORD12728,2024-11-02,CUST1062,Guneet Borah,Ahmedabad,Gujarat,PID539,Headphones,Electronics,Headphones,41127.41,5.0,10.0,Credit Card,Delivered,1.6,185073.35
ORD10158,2024-07-13,CUST1895,Barkha Luthra,Hyderabad,Telangana,PID116,Novel,Books,Novel,69793.91,1.0,40.0,Unknown,Unknown,2.7,41876.35
ORD10439,2024-01-03,CUST1440,Balvan Muni,Pune,Maharashtra,PID158,Face Wash,Beauty,Face Wash,84883.46,5.0,0.0,Net Banking,Delivered,2.4,424417.3
ORD12406,2024-07-19,CUST1984,David Ranganathan,Pune,Maharashtra,PID428,Laptop,Electronics,Laptop,82169.5,3.0,40.0,Debit Card,Delivered,1.5,147905.1
ORD13229,2023-07-01,CUST1542,Jack Raval,Bangalore,Karnataka,PID450,Smartwatch,Electronics,Smartwatch,82984.26,3.0,40.0,Credit Card,Delivered,2.1,149371.67
ORD14312,2023-03-27,CUST1247,Caleb Shanker,Bangalore,Karnataka,PID369,Perfume,Beauty,Perfume,4661.91,3.0,15.0,Credit Card,Delivered,2.7,11887.87
ORD13894,2024-06-20,CUST1095,Ranveer Varma,Kolkata,West Bengal,PID365,Dumbbells,Sports,Dumbbells,41993.96,3.0,15.0,Unknown,Delayed,4.2,107084.6
ORD13806,2023-03-01,CUST1824,Zaid Bhatti,Ahmedabad,Gujarat,PID144,Sunscreen,Beauty,Sunscreen,58724.84,2.0,40.0,Debit Card,Unknown,1.3,70469.81
ORD14221,2023-08-08,CUST1182,Sai Patil,Indore,Madhya Pradesh,PID158,Sneakers,Fashion,Sneakers,30708.85,1.0,40.0,Unknown,Delivered,1.4,18425.31
ORD14651,2024-05-11,CUST1109,Chandran Gade,Bangalore,Karnataka,PID481,Lipstick,Beauty,Lipstick,24013.18,4.0,20.0,Credit Card,Delivered,2.0,76842.18
ORD14135,2023-03-07,CUST1896,Vasatika Boase,Indore,Madhya Pradesh,PID135,T-Shirt,Fashion,T-Shirt,23016.06,3.0,10.0,Unknown,Delivered,,62143.36
ORD14865,2023-01-07,CUST1722,Zehaan Pai,Surat,Gujarat,PID314,Sunscreen,Beauty,Sunscreen,68914.36,4.0,40.0,UPI,Delivered,,165394.46
ORD11671,2023-11-28,CUST1212,Ishita Jha,Surat,Gujarat,PID566,Air Fryer,Home & Kitchen,Air Fryer,12241.93,5.0,15.0,Credit Card,Delayed,1.2,52028.2
ORD14092,2024-10-02,CUST1577,Lila Raman,Surat,Gujarat,PID419,Textbook,Books,Textbook,19851.63,5.0,15.0,Credit Card,Delayed,,84369.43
ORD12255,2023-08-17,CUST1448,Vivaan Sawhney,Kolkata,West Bengal,PID524,T-Shirt,Fashion,T-Shirt,11148.39,5.0,15.0,Net Banking,Delayed,1.4,47380.66
ORD14334,2023-08-29,CUST1974,Tejas Thaker,Hyderabad,Telangana,PID434,Shampoo,Beauty,Shampoo,12980.82,4.0,0.0,Credit Card,Delivered,1.5,51923.28
ORD10013,2023-05-24,CUST1667,Anvi Sanghvi,Mumbai,Maharashtra,PID376,Cricket Bat,Sports,Cricket Bat,36325.52,2.0,40.0,UPI,Delayed,2.1,43590.62
ORD14361,2024-11-10,CUST1777,Chandani Keer,Hyderabad,Telangana,PID446,Biography,Books,Biography,0.0,3.0,10.0,Net Banking,Cancelled,4.0,0.0
ORD11721,2024-05-12,CUST1357,Devika Nori,Lucknow,Uttar Pradesh,PID466,Tablet,Electronics,Tablet,14190.81,2.0,0.0,Credit Card,Unknown,1.3,28381.62
ORD13031,2024-01-26,CUST1509,Oliver Merchant,Indore,Madhya Pradesh,PID253,Sneakers,Fashion,Sneakers,80581.07,4.0,20.0,Unknown,Delivered,2.1,257859.42
ORD14113,2024-03-01,CUST1149,Zayyan Ganesh,Pune,Maharashtra,PID331,Novel,Books,Novel,16747.98,4.0,10.0,Credit Card,Delivered,2.5,60292.73
ORD13256,2023-11-17,CUST1228,Januja Johal,Indore,Madhya Pradesh,PID201,Smartphone,Electronics,Smartphone,77398.6,1.0,40.0,Credit Card,Delivered,2.2,46439.16
ORD14044,2024-03-31,CUST1883,Liam Sane,Jaipur,Rajasthan,PID516,Football,Sports,Football,58249.45,3.0,10.0,Credit Card,Unknown,2.4,157273.51
ORD13599,2023-10-19,CUST1658,Neha Korpal,Chennai,Tamil Nadu,PID172,Cricket Bat,Sports,Cricket Bat,21830.91,4.0,20.0,Credit Card,Delivered,2.1,69858.91
ORD14669,2023-02-22,CUST1926,Yashvi Morar,Delhi,Delhi,PID491,Bedsheet,Home & Kitchen,Bedsheet,59269.83,5.0,40.0,Cash on Delivery,Cancelled,4.5,177809.49
ORD11055,2024-05-07,CUST1953,Jasmit Kuruvilla,Mumbai,Maharashtra,PID502,Dumbbells,Sports,Dumbbells,699.82,1.0,30.0,UPI,Delivered,5.0,489.87
ORD12888,2024-05-18,CUST1098,Jack Zachariah,Indore,Madhya Pradesh,PID528,Smartphone,Electronics,Smartphone,2598.68,2.0,30.0,Cash on Delivery,Delivered,,3638.15
ORD14801,2024-11-23,CUST1314,Dominic Mani,Indore,Madhya Pradesh,PID420,T-Shirt,Fashion,T-Shirt,67256.56,3.0,30.0,Unknown,Delayed,3.7,141238.78
ORD14757,2023-04-15,CUST1904,Aarnav Rege,Bangalore,Karnataka,PID547,Yoga Mat,Sports,Yoga Mat,46156.5,2.0,20.0,Net Banking,Delivered,1.1,73850.4
ORD14971,2023-05-22,CUST1569,Ojasvi Varty,Ahmedabad,Gujarat,PID353,Cookware Set,Home & Kitchen,Cookware Set,79356.82,5.0,30.0,Unknown,Delayed,3.6,277748.87
ORD14432,2024-04-18,CUST1174,Upasna Bali,Mumbai,Maharashtra,PID216,Kurta,Fashion,Kurta,33494.93,2.0,25.0,Cash on Delivery,Cancelled,3.3,50242.4
ORD11382,2023-07-26,CUST1251,Girish Singhal,Indore,Madhya Pradesh,PID209,Bedsheet,Home & Kitchen,Bedsheet,30887.37,4.0,5.0,Unknown,Unknown,,117372.01
ORD12195,2024-10-16,CUST1718,Siya Kannan,Mumbai,Maharashtra,PID415,Headphones,Electronics,Headphones,16974.09,5.0,15.0,Cash on Delivery,Delivered,,72139.88
ORD12558,2024-05-21,CUST1398,Wishi Bhat,Lucknow,Uttar Pradesh,PID389,Sunscreen,Beauty,Sunscreen,89887.39,4.0,40.0,Credit Card,Cancelled,1.7,215729.74
ORD10110,2024-09-23,CUST1576,Raksha Shere,Kolkata,West Bengal,PID253,Sunscreen,Beauty,Sunscreen,13532.32,5.0,30.0,Net Banking,Cancelled,2.2,47363.12
ORD12170,2023-06-01,CUST1478,Turvi Jhaveri,Bangalore,Karnataka,PID388,Textbook,Books,Textbook,61539.21,4.0,25.0,Credit Card,Delivered,1.2,184617.63
ORD14521,2023-05-01,CUST1959,Hredhaan Jani,Lucknow,Uttar Pradesh,PID216,Football,Sports,Football,72194.56,5.0,10.0,Net Banking,Unknown,2.8,324875.52
ORD14364,2023-10-24,CUST1467,Yashawini Sami,Kolkata,West Bengal,PID361,Water Bottle,Home & Kitchen,Water Bottle,48123.3,5.0,20.0,Credit Card,Delivered,1.1,192493.2
ORD13561,2023-04-22,CUST1286,Bhavika Sandhu,Kolkata,West Bengal,PID215,Air Fryer,Home & Kitchen,Air Fryer,28438.85,3.0,20.0,Credit Card,Unknown,2.7,68253.24
ORD14289,2024-08-06,CUST1805,Odika Samra,Kolkata,West Bengal,PID533,Cookware Set,Home & Kitchen,Cookware Set,24205.04,4.0,15.0,Credit Card,Delayed,1.1,82297.14
ORD14693,2024-02-12,CUST1518,Oeshi Sagar,Chennai,Tamil Nadu,PID349,Dumbbells,Sports,Dumbbells,10430.1,5.0,15.0,UPI,Delivered,4.3,44327.92
ORD13030,2024-04-14,CUST1272,Jatin Gaba,Indore,Madhya Pradesh,PID535,Shampoo,Beauty,Shampoo,20485.46,2.0,0.0,Cash on Delivery,Delivered,4.4,40970.92
ORD14180,2023-02-28,CUST1916,Darpan Kaur,Mumbai,Maharashtra,PID119,T-Shirt,Fashion,T-Shirt,19045.45,1.0,40.0,Net Banking,Delivered,2.8,11427.27
ORD10653,2024-07-01,CUST1478,Gautami Nath,Pune,Maharashtra,PID481,Biography,Books,Biography,70467.75,1.0,20.0,Net Banking,Delivered,3.3,56374.2
ORD12851,2023-12-19,CUST1610,Hemang Chaudhari,Chennai,Tamil Nadu,PID353,Cookware Set,Home & Kitchen,Cookware Set,18251.28,1.0,10.0,Unknown,Cancelled,4.0,16426.15
ORD12064,2023-12-28,CUST1977,Chaaya Kala,Ahmedabad,Gujarat,PID520,Yoga Mat,Sports,Yoga Mat,57052.09,1.0,15.0,Unknown,Unknown,2.2,48494.28
ORD10591,2024-12-17,CUST1997,Ishita Garg,Chennai,Tamil Nadu,PID491,Novel,Books,Novel,73268.07,5.0,5.0,Debit Card,Delivered,5.0,348023.33
ORD13065,2024-01-20,CUST1021,Balhaar Sachdeva,Kolkata,West Bengal,PID375,Novel,Books,Novel,82576.75,1.0,0.0,Credit Card,Returned,4.6,82576.75
ORD10896,2023-02-11,CUST1000,Siya Ratti,Bangalore,Karnataka,PID520,T-Shirt,Fashion,T-Shirt,26334.36,3.0,5.0,Net Banking,Delivered,2.2,75052.93
ORD13353,2024-01-19,CUST1324,Bakhshi Pai,Delhi,Delhi,PID100,T-Shirt,Fashion,T-Shirt,55817.65,4.0,25.0,Unknown,Returned,1.9,167452.95
ORD13621,2024-11-26,CUST1915,Triya Apte,Surat,Gujarat,PID340,Shampoo,Beauty,Shampoo,3195.27,1.0,15.0,Net Banking,Delivered,1.1,2715.98
ORD12797,2024-08-26,CUST1902,Adweta Kothari,Pune,Maharashtra,PID449,Sneakers,Fashion,Sneakers,7688.11,1.0,10.0,Credit Card,Delayed,2.3,6919.3
ORD10128,2024-07-06,CUST1589,Max Jhaveri,Lucknow,Uttar Pradesh,PID263,Smartwatch,Electronics,Smartwatch,60531.32,1.0,15.0,Net Banking,Delivered,,51451.62
ORD10118,2023-10-24,CUST1656,Hemangini Desai,Pune,Maharashtra,PID378,Laptop,Electronics,Laptop,79419.71,4.0,10.0,UPI,Delivered,1.0,285910.96
ORD14872,2024-03-16,CUST1269,Lipika Agate,Kolkata,West Bengal,PID373,Smartwatch,Electronics,Smartwatch,10488.49,2.0,25.0,UPI,Cancelled,3.7,15732.74
ORD14085,2023-06-03,CUST1050,Kabir Ray,Mumbai,Maharashtra,PID455,Mixer Grinder,Home & Kitchen,Mixer Grinder,81257.27,5.0,5.0,Net Banking,Unknown,3.5,385972.03
ORD11675,2024-08-05,CUST1305,Damini Kothari,Chennai,Tamil Nadu,PID166,Face Wash,Beauty,Face Wash,64655.48,1.0,20.0,Cash on Delivery,Returned,3.3,51724.38
ORD12532,2024-12-23,CUST1294,Brinda Biswas,Indore,Madhya Pradesh,PID558,Biography,Books,Biography,50087.04,5.0,25.0,Cash on Delivery,Returned,2.0,187826.4
ORD14606,2023-06-23,CUST1718,Gaurang Bhandari,Kolkata,West Bengal,PID343,Textbook,Books,Textbook,60339.1,1.0,0.0,Debit Card,Returned,4.0,60339.1
ORD12647,2024-01-30,CUST1908,Fariq Pradhan,Ahmedabad,Gujarat,PID100,Yoga Mat,Sports,Yoga Mat,89406.88,5.0,20.0,UPI,Unknown,5.0,357627.52
ORD14643,2024-11-08,CUST1765,Lakshmi Kibe,Pune,Maharashtra,PID198,Jeans,Fashion,Jeans,34396.19,3.0,0.0,Unknown,Delayed,,103188.57
ORD10031,2024-08-12,CUST1765,Vrinda Choudhary,Kolkata,West Bengal,PID476,Water Bottle,Home & Kitchen,Water Bottle,37507.31,5.0,0.0,Cash on Delivery,Unknown,1.0,187536.55
ORD14389,2024-09-28,CUST1828,Mitali Ganesh,Chennai,Tamil Nadu,PID380,Bluetooth Speaker,Electronics,Bluetooth Speaker,26642.85,3.0,30.0,Net Banking,Unknown,5.0,55949.98
ORD11353,2023-03-30,CUST1762,Ishani Dubey,Kolkata,West Bengal,PID527,Smartwatch,Electronics,Smartwatch,44703.75,3.0,30.0,UPI,Delivered,4.0,93877.88
ORD14841,2024-08-26,CUST1221,Mugdha Gade,Surat,Gujarat,PID218,Bluetooth Speaker,Electronics,Bluetooth Speaker,2230.17,1.0,0.0,Cash on Delivery,Delayed,2.3,2230.17
ORD13097,2024-03-21,CUST1055,Chaman Kothari,Hyderabad,Telangana,PID112,Mixer Grinder,Home & Kitchen,Mixer Grinder,32347.31,5.0,5.0,UPI,Delayed,4.5,153649.72
ORD14890,2023-03-30,CUST1115,Yashica Sethi,Delhi,Delhi,PID544,Kurta,Fashion,Kurta,17471.2,1.0,40.0,Unknown,Returned,2.3,10482.72
ORD14616,2023-11-10,CUST1699,Geetika Sura,Surat,Gujarat,PID198,T-Shirt,Fashion,T-Shirt,33220.05,5.0,40.0,Debit Card,Returned,3.6,99660.15
ORD12322,2024-03-19,CUST1400,Ladli Hans,Mumbai,Maharashtra,PID281,Sneakers,Fashion,Sneakers,77598.86,1.0,20.0,Unknown,Unknown,4.9,62079.09
ORD14696,2024-05-10,CUST1056,Hemangini Pau,Delhi,Delhi,PID507,Bedsheet,Home & Kitchen,Bedsheet,30046.75,1.0,10.0,Net Banking,Delivered,3.4,27042.08
ORD14631,2024-11-13,CUST1745,Champak Pandit,Bangalore,Karnataka,PID124,Face Wash,Beauty,Face Wash,22136.51,1.0,40.0,UPI,Cancelled,,13281.91
ORD11914,2023-07-01,CUST1320,Bimala Sidhu,Hyderabad,Telangana,PID279,Air Fryer,Home & Kitchen,Air Fryer,41441.09,1.0,10.0,Credit Card,Returned,2.4,37296.98
ORD12941,2024-12-11,CUST1313,Ladli Dutta,Hyderabad,Telangana,PID513,Perfume,Beauty,Perfume,59393.14,2.0,40.0,Net Banking,Returned,2.6,71271.77
ORD10451,2023-06-10,CUST1123,Balveer Mallick,Bangalore,Karnataka,PID289,Shampoo,Beauty,Shampoo,87127.66,2.0,0.0,Net Banking,Unknown,2.5,174255.32
ORD11731,2024-02-16,CUST1671,Matthew Mannan,Kolkata,West Bengal,PID324,Comic,Books,Comic,80405.41,4.0,25.0,UPI,Cancelled,2.2,241216.23
ORD11803,2024-12-11,CUST1911,Ronith Chand,Ahmedabad,Gujarat,PID575,Shampoo,Beauty,Shampoo,51953.77,4.0,10.0,Unknown,Returned,2.0,187033.57
ORD14122,2023-08-02,CUST1752,Ishita Handa,Bangalore,Karnataka,PID543,Jeans,Fashion,Jeans,79519.3,5.0,30.0,Net Banking,Unknown,3.8,278317.55
ORD12336,2023-11-14,CUST1973,Ekanta Acharya,Surat,Gujarat,PID248,Yoga Mat,Sports,Yoga Mat,53138.42,1.0,25.0,Unknown,Returned,4.4,39853.82
ORD11120,2024-06-04,CUST1589,Tanveer Savant,Delhi,Delhi,PID295,Cookware Set,Home & Kitchen,Cookware Set,16060.93,1.0,20.0,Net Banking,Delivered,2.4,12848.74
ORD10325,2023-12-29,CUST1620,Gagan Balay,Hyderabad,Telangana,PID299,Tablet,Electronics,Tablet,50910.1,1.0,25.0,Debit Card,Delayed,1.6,38182.57
ORD14672,2023-04-16,CUST1905,Onveer D’Alia,Pune,Maharashtra,PID256,Kurta,Fashion,Kurta,44172.07,2.0,40.0,Net Banking,Returned,,53006.48
ORD10824,2023-06-04,CUST1345,Sara De,Pune,Maharashtra,PID201,Kurta,Fashion,Kurta,89080.13,1.0,10.0,Cash on Delivery,Delayed,1.7,80172.12
ORD13903,2024-05-01,CUST1109,Ronith Pathak,Chennai,Tamil Nadu,PID452,Textbook,Books,Textbook,69804.12,2.0,5.0,Net Banking,Delivered,1.3,132627.83
ORD10457,2023-05-28,CUST1629,Benjamin Bhagat,Jaipur,Rajasthan,PID592,Face Wash,Beauty,Face Wash,28666.81,1.0,20.0,Cash on Delivery,Returned,4.1,22933.45
ORD10905,2024-02-09,CUST1440,Indali Batta,Chennai,Tamil Nadu,PID124,Textbook,Books,Textbook,75156.97,1.0,20.0,Cash on Delivery,Delivered,,60125.58
ORD12894,2024-11-17,CUST1484,Hitesh Kapur,Lucknow,Uttar Pradesh,PID442,Sneakers,Fashion,Sneakers,22399.71,1.0,20.0,Unknown,Unknown,4.0,17919.77
ORD12897,2023-07-10,CUST1344,Falan Bhattacharyya,Delhi,Delhi,PID158,Mixer Grinder,Home & Kitchen,Mixer Grinder,52725.56,4.0,10.0,UPI,Delivered,,189812.02
ORD10290,2024-11-05,CUST1289,Aradhana Varty,Indore,Madhya Pradesh,PID265,Biography,Books,Biography,16820.26,5.0,5.0,Unknown,Delayed,4.3,79896.23
ORD12544,2023-05-01,CUST1034,Idika Mangat,Indore,Madhya Pradesh,PID586,Smartphone,Electronics,Smartphone,40351.99,4.0,5.0,Debit Card,Delivered,1.4,153337.56
ORD13650,2024-06-23,CUST1417,Omisha Menon,Jaipur,Rajasthan,PID522,Tablet,Electronics,Tablet,27283.88,4.0,10.0,Credit Card,Unknown,2.6,98221.97
ORD11107,2023-03-02,CUST1134,Xiti Devan,Ahmedabad,Gujarat,PID573,Saree,Fashion,Saree,55411.52,2.0,10.0,Debit Card,Returned,2.1,99740.74
ORD12713,2024-02-12,CUST1964,Maanav Nadkarni,Pune,Maharashtra,PID142,Cricket Bat,Sports,Cricket Bat,16788.79,3.0,30.0,UPI,Cancelled,4.3,35256.46
ORD14021,2024-08-23,CUST1280,Nidhi Oak,Bangalore,Karnataka,PID560,Headphones,Electronics,Headphones,82654.99,3.0,30.0,Cash on Delivery,Cancelled,2.4,173575.48
ORD14120,2023-12-30,CUST1186,Neel Sharma,Kolkata,West Bengal,PID491,T-Shirt,Fashion,T-Shirt,53917.29,1.0,25.0,Credit Card,Cancelled,4.3,40437.97
ORD14075,2024-06-04,CUST1551,Charles Dhillon,Jaipur,Rajasthan,PID298,Dumbbells,Sports,Dumbbells,41870.06,1.0,10.0,Debit Card,Delivered,2.9,37683.05
ORD14431,2023-04-30,CUST1714,Patrick Mangat,Hyderabad,Telangana,PID541,Tablet,Electronics,Tablet,728.26,1.0,5.0,Credit Card,Delayed,3.1,691.85
ORD12683,2023-05-09,CUST1710,Faraj Kohli,Chennai,Tamil Nadu,PID361,Cookware Set,Home & Kitchen,Cookware Set,78902.36,3.0,30.0,Unknown,Returned,3.1,165694.96
ORD10137,2023-12-29,CUST1231,Timothy Kata,Bangalore,Karnataka,PID253,Biography,Books,Biography,9765.43,2.0,20.0,Cash on Delivery,Delayed,2.6,15624.69
ORD14275,2024-02-27,CUST1143,Anjali Goswami,Surat,Gujarat,PID331,Lipstick,Beauty,Lipstick,76241.71,5.0,20.0,UPI,Returned,3.2,304966.84
ORD14476,2023-04-27,CUST1022,Neha Chandra,Indore,Madhya Pradesh,PID234,Mixer Grinder,Home & Kitchen,Mixer Grinder,61081.42,4.0,40.0,Net Banking,Delivered,3.0,146595.41
ORD14083,2024-06-20,CUST1953,Ikshita Varghese,Chennai,Tamil Nadu,PID560,Sneakers,Fashion,Sneakers,78731.91,1.0,10.0,Credit Card,Cancelled,2.1,70858.72
ORD11609,2023-05-22,CUST1985,Peter Devan,Lucknow,Uttar Pradesh,PID485,Perfume,Beauty,Perfume,24644.46,3.0,25.0,Cash on Delivery,Unknown,4.4,55450.04
ORD10802,2024-09-25,CUST1239,Upkaar Kant,Bangalore,Karnataka,PID103,Textbook,Books,Textbook,49309.03,1.0,0.0,UPI,Delivered,3.9,49309.03
ORD13358,2023-10-31,CUST1511,Jeet Sarna,Lucknow,Uttar Pradesh,PID595,Comic,Books,Comic,9161.86,3.0,10.0,UPI,Delivered,2.8,24737.02
ORD12902,2024-04-08,CUST1460,Praneel Kale,Hyderabad,Telangana,PID521,Face Wash,Beauty,Face Wash,42409.99,1.0,15.0,Credit Card,Unknown,2.1,36048.49
ORD10853,2024-12-06,CUST1039,Onkar Pai,Hyderabad,Telangana,PID592,Mixer Grinder,Home & Kitchen,Mixer Grinder,63101.74,5.0,30.0,Unknown,Delayed,4.5,220856.09
ORD10533,2024-06-02,CUST1047,Gautami Issac,Ahmedabad,Gujarat,PID584,Saree,Fashion,Saree,58789.75,1.0,5.0,Unknown,Delivered,4.9,55850.26
ORD12799,2023-02-15,CUST1348,Chanakya Char,Mumbai,Maharashtra,PID281,Sneakers,Fashion,Sneakers,69741.16,2.0,25.0,Cash on Delivery,Delayed,3.8,104611.74
ORD14682,2024-07-27,CUST1183,Banjeet Mangal,Hyderabad,Telangana,PID186,T-Shirt,Fashion,T-Shirt,15997.98,5.0,5.0,Cash on Delivery,Unknown,3.2,75990.4
ORD12524,2024-04-23,CUST1322,Mitesh Mukhopadhyay,Hyderabad,Telangana,PID344,Smartphone,Electronics,Smartphone,22177.53,4.0,20.0,UPI,Returned,3.0,70968.1
ORD10992,2023-03-30,CUST1334,Nandini Barad,Bangalore,Karnataka,PID523,Biography,Books,Biography,4363.05,5.0,0.0,Debit Card,Delivered,1.8,21815.25
ORD12740,2024-11-21,CUST1642,Fiyaz Batta,Jaipur,Rajasthan,PID494,Bluetooth Speaker,Electronics,Bluetooth Speaker,19254.37,5.0,5.0,Credit Card,Delivered,3.9,91458.26
ORD12297,2024-11-24,CUST1723,Raagini Uppal,Lucknow,Uttar Pradesh,PID506,Cricket Bat,Sports,Cricket Bat,79144.84,1.0,25.0,Credit Card,Delayed,4.1,59358.63
ORD10604,2024-03-15,CUST1981,Advay D’Alia,Pune,Maharashtra,PID361,Dumbbells,Sports,Dumbbells,79474.73,3.0,30.0,UPI,Delayed,2.4,166896.93
ORD10540,2024-12-24,CUST1975,Garima Dasgupta,Mumbai,Maharashtra,PID319,Football,Sports,Football,82671.98,2.0,30.0,Cash on Delivery,Cancelled,2.8,115740.77
ORD14497,2024-02-21,CUST1705,Yutika Ramanathan,Lucknow,Uttar Pradesh,PID179,Cookware Set,Home & Kitchen,Cookware Set,19213.1,2.0,20.0,UPI,Delayed,3.6,30740.96
ORD13357,2024-08-06,CUST1953,Abhimanyu Agarwal,Mumbai,Maharashtra,PID234,Football,Sports,Football,16610.99,1.0,40.0,Cash on Delivery,Returned,1.9,9966.59
ORD13661,2023-06-01,CUST1261,Faraj Chokshi,Mumbai,Maharashtra,PID189,Headphones,Electronics,Headphones,43522.88,3.0,5.0,UPI,Cancelled,2.8,124040.21
ORD11936,2024-05-08,CUST1950,Aadi Menon,Jaipur,Rajasthan,PID158,Biography,Books,Biography,20136.73,2.0,40.0,Debit Card,Delivered,3.2,24164.08
ORD13686,2024-01-28,CUST1100,Unnati Pai,Hyderabad,Telangana,PID142,Yoga Mat,Sports,Yoga Mat,27652.54,2.0,20.0,Debit Card,Cancelled,2.0,44244.06
ORD10035,2023-11-15,CUST1203,Nicholas Sane,Chennai,Tamil Nadu,PID138,Perfume,Beauty,Perfume,15225.85,1.0,10.0,Unknown,Delayed,1.1,13703.27
ORD13423,2024-12-11,CUST1497,Reva Loke,Kolkata,West Bengal,PID498,Face Wash,Beauty,Face Wash,50531.29,4.0,20.0,Cash on Delivery,Delivered,3.8,161700.13
ORD14681,2023-07-21,CUST1264,Chakradev Aggarwal,Ahmedabad,Gujarat,PID466,Yoga Mat,Sports,Yoga Mat,88359.57,5.0,5.0,Debit Card,Unknown,4.2,419707.96
ORD14516,2023-07-16,CUST1556,Ikbal Nori,Pune,Maharashtra,PID176,Jeans,Fashion,Jeans,42038.26,1.0,20.0,Cash on Delivery,Delivered,2.1,33630.61
ORD10744,2023-11-29,CUST1204,Chakradhar Chand,Hyderabad,Telangana,PID387,Football,Sports,Football,48479.93,4.0,5.0,Credit Card,Cancelled,3.9,184223.73
ORD12881,2024-09-03,CUST1914,Samar Mahajan,Delhi,Delhi,PID326,Bedsheet,Home & Kitchen,Bedsheet,73779.19,3.0,40.0,Net Banking,Unknown,4.2,132802.54
ORD12712,2024-12-04,CUST1402,Girindra Dora,Kolkata,West Bengal,PID164,Air Fryer,Home & Kitchen,Air Fryer,13712.61,1.0,25.0,Net Banking,Unknown,4.4,10284.46
ORD10904,2023-02-15,CUST1936,Rajeshri Tandon,Pune,Maharashtra,PID552,Textbook,Books,Textbook,69308.61,5.0,40.0,UPI,Delayed,1.1,207925.83
ORD10263,2023-10-10,CUST1720,Jagrati Nath,Lucknow,Uttar Pradesh,PID135,Textbook,Books,Textbook,15378.04,1.0,5.0,Net Banking,Delivered,2.4,14609.14
ORD14437,2023-11-06,CUST1904,Vincent Halder,Kolkata,West Bengal,PID373,Football,Sports,Football,16787.99,3.0,0.0,Debit Card,Delayed,4.7,50363.97
ORD12997,2023-06-21,CUST1012,Wriddhish Chandran,Bangalore,Karnataka,PID242,Sneakers,Fashion,Sneakers,88937.04,4.0,10.0,Cash on Delivery,Delivered,3.8,320173.34
ORD11077,2023-06-16,CUST1830,Matthew Luthra,Hyderabad,Telangana,PID462,Yoga Mat,Sports,Yoga Mat,8407.4,2.0,10.0,Net Banking,Delivered,4.8,15133.32
ORD13173,2023-02-06,CUST1566,Ekapad Oak,Chennai,Tamil Nadu,PID176,Water Bottle,Home & Kitchen,Water Bottle,63245.45,2.0,10.0,Credit Card,Delivered,,113841.81
ORD11374,2023-11-20,CUST1261,Yashoda Sha,Mumbai,Maharashtra,PID254,Jacket,Fashion,Jacket,6246.46,1.0,5.0,UPI,Delivered,2.4,5934.14
ORD14629,2024-04-10,CUST1637,Darika Parsa,Kolkata,West Bengal,PID428,Cookware Set,Home & Kitchen,Cookware Set,71608.57,4.0,0.0,Debit Card,Delayed,2.4,286434.28
ORD14448,2024-08-30,CUST1054,Bakhshi Sinha,Hyderabad,Telangana,PID577,Yoga Mat,Sports,Yoga Mat,18242.28,4.0,0.0,Cash on Delivery,Cancelled,,72969.12
ORD12291,2024-04-19,CUST1546,Veer D’Alia,Indore,Madhya Pradesh,PID134,Biography,Books,Biography,27516.55,4.0,40.0,UPI,Cancelled,4.0,66039.72
ORD11779,2024-11-23,CUST1065,Wridesh Setty,Ahmedabad,Gujarat,PID582,Shampoo,Beauty,Shampoo,11288.51,5.0,40.0,Debit Card,Delivered,2.0,33865.53
ORD13082,2024-01-14,CUST1980,Yashvi Rege,Indore,Madhya Pradesh,PID317,Cookware Set,Home & Kitchen,Cookware Set,0.0,3.0,25.0,UPI,Delivered,3.6,0.0
ORD12398,2023-03-15,CUST1633,Chaaya Som,Hyderabad,Telangana,PID208,Tablet,Electronics,Tablet,58303.7,1.0,40.0,Unknown,Returned,1.8,34982.22
ORD11832,2024-01-23,CUST1218,Sara Wable,Surat,Gujarat,PID528,Face Wash,Beauty,Face Wash,37786.87,3.0,5.0,Debit Card,Delivered,3.8,107692.58
ORD13277,2023-02-16,CUST1176,Onkar Date,Jaipur,Rajasthan,PID140,Novel,Books,Novel,0.0,3.0,10.0,Net Banking,Cancelled,1.3,0.0
ORD10122,2024-03-01,CUST1696,Oscar Dua,Lucknow,Uttar Pradesh,PID486,Bedsheet,Home & Kitchen,Bedsheet,19993.3,4.0,25.0,Unknown,Unknown,4.7,59979.9
ORD10790,2023-04-30,CUST1813,Meghana Desai,Lucknow,Uttar Pradesh,PID306,Textbook,Books,Textbook,82811.92,5.0,40.0,Credit Card,Delivered,1.3,248435.76
ORD13192,2023-05-26,CUST1419,Manthan Kalita,Bangalore,Karnataka,PID536,Sunscreen,Beauty,Sunscreen,20485.24,1.0,40.0,Credit Card,Delivered,2.2,12291.14
ORD11544,2024-02-15,CUST1939,Vanya Sandhu,Hyderabad,Telangana,PID488,Bluetooth Speaker,Electronics,Bluetooth Speaker,28823.58,1.0,20.0,Cash on Delivery,Delivered,,23058.86
ORD13595,2023-12-14,CUST1408,Frederick Khare,Ahmedabad,Gujarat,PID429,Biography,Books,Biography,63754.71,3.0,0.0,UPI,Returned,1.2,191264.13
ORD13452,2023-09-03,CUST1419,Jagat Mand,Ahmedabad,Gujarat,PID464,Dumbbells,Sports,Dumbbells,11471.72,2.0,10.0,Debit Card,Cancelled,4.2,20649.1
ORD12462,2023-04-22,CUST1072,Madhav Pandey,Mumbai,Maharashtra,PID423,Football,Sports,Football,50185.02,5.0,15.0,UPI,Unknown,1.1,213286.33
ORD11032,2023-06-19,CUST1052,Yashodhara Sarma,Lucknow,Uttar Pradesh,PID363,Football,Sports,Football,51226.36,1.0,20.0,Credit Card,Delivered,4.4,40981.09
ORD10112,2023-02-02,CUST1422,Turvi Oza,Jaipur,Rajasthan,PID453,Lipstick,Beauty,Lipstick,56667.92,2.0,15.0,Cash on Delivery,Delivered,3.8,96335.46
ORD10998,2023-11-30,CUST1208,Warjas Nazareth,Surat,Gujarat,PID424,Bedsheet,Home & Kitchen,Bedsheet,20777.17,2.0,5.0,Debit Card,Delayed,,39476.62
ORD11531,2024-03-21,CUST1659,Chatura Dhawan,Surat,Gujarat,PID303,Dumbbells,Sports,Dumbbells,14657.63,2.0,30.0,Net Banking,Returned,4.3,20520.68
ORD12755,2023-10-08,CUST1251,Reva Wable,Jaipur,Rajasthan,PID470,Laptop,Electronics,Laptop,66963.38,4.0,20.0,Credit Card,Returned,2.1,214282.82
ORD10730,2024-05-01,CUST1299,Jalsa Vohra,Chennai,Tamil Nadu,PID539,Laptop,Electronics,Laptop,50784.02,2.0,20.0,Unknown,Delivered,3.7,81254.43
ORD12023,2023-06-02,CUST1509,Arjun Manne,Indore,Madhya Pradesh,PID536,Football,Sports,Football,27102.98,3.0,25.0,Debit Card,Delayed,2.3,60981.7
ORD13342,2023-11-27,CUST1452,Maya Balan,Kolkata,West Bengal,PID188,Textbook,Books,Textbook,36379.34,2.0,25.0,Credit Card,Delivered,4.0,54569.01
ORD13231,2023-04-21,CUST1784,Yatan Mitra,Surat,Gujarat,PID375,Jacket,Fashion,Jacket,45776.68,3.0,20.0,Credit Card,Delayed,3.7,109864.03
ORD14310,2023-04-20,CUST1783,Hiral Dhingra,Bangalore,Karnataka,PID119,Laptop,Electronics,Laptop,80359.4,3.0,10.0,Credit Card,Delivered,2.2,216970.38
ORD14694,2024-06-04,CUST1680,Hredhaan Iyengar,Ahmedabad,Gujarat,PID188,Textbook,Books,Textbook,16915.12,2.0,25.0,Debit Card,Delivered,2.9,25372.68
ORD13957,2024-07-12,CUST1708,Anay Sarin,Bangalore,Karnataka,PID104,Dumbbells,Sports,Dumbbells,23607.04,3.0,5.0,Credit Card,Unknown,4.1,67280.06
ORD10199,2023-06-27,CUST1080,Aarnav Amble,Jaipur,Rajasthan,PID449,Face Wash,Beauty,Face Wash,51474.11,5.0,40.0,Credit Card,Delivered,1.7,154422.33
ORD13814,2024-03-04,CUST1530,Ranveer Saraf,Delhi,Delhi,PID314,Jeans,Fashion,Jeans,4281.74,3.0,20.0,Credit Card,Delivered,1.1,10276.18
ORD13200,2023-12-19,CUST1913,Darika Sem,Mumbai,Maharashtra,PID255,Textbook,Books,Textbook,50924.28,4.0,30.0,Unknown,Cancelled,4.3,142587.98
ORD10548,2024-05-05,CUST1731,Mohini Dutt,Mumbai,Maharashtra,PID165,Kurta,Fashion,Kurta,12161.18,1.0,15.0,Cash on Delivery,Cancelled,4.9,10337.0
ORD10102,2023-06-18,CUST1201,Vasatika Khanna,Bangalore,Karnataka,PID425,Textbook,Books,Textbook,39020.75,1.0,20.0,Net Banking,Delivered,4.7,31216.6
ORD11451,2024-09-04,CUST1220,Diya Deshmukh,Pune,Maharashtra,PID302,Yoga Mat,Sports,Yoga Mat,75843.95,2.0,15.0,Net Banking,Returned,1.6,128934.72
ORD12910,2023-03-06,CUST1634,Waida Vohra,Chennai,Tamil Nadu,PID416,Perfume,Beauty,Perfume,77454.12,4.0,25.0,Cash on Delivery,Returned,2.8,232362.36
ORD11768,2024-05-05,CUST1931,Ikshita Suri,Mumbai,Maharashtra,PID298,Jeans,Fashion,Jeans,38433.8,1.0,40.0,Net Banking,Returned,2.3,23060.28
ORD10565,2023-06-17,CUST1556,Lakshit Bhatt,Indore,Madhya Pradesh,PID163,Tablet,Electronics,Tablet,73670.24,2.0,40.0,Net Banking,Returned,2.9,88404.29
ORD11430,2024-09-19,CUST1449,Pooja Sule,Bangalore,Karnataka,PID292,Sneakers,Fashion,Sneakers,34257.96,3.0,30.0,Unknown,Delivered,2.4,71941.72
ORD11684,2023-09-28,CUST1879,Lipika Jaggi,Hyderabad,Telangana,PID122,Jeans,Fashion,Jeans,52275.95,4.0,40.0,Debit Card,Cancelled,2.4,125462.28
ORD10695,2023-03-26,CUST1099,Fitan Shenoy,Mumbai,Maharashtra,PID539,Cricket Bat,Sports,Cricket Bat,33352.62,2.0,10.0,Unknown,Returned,,60034.72
ORD12062,2024-05-24,CUST1751,Zilmil Kamdar,Lucknow,Uttar Pradesh,PID409,Mixer Grinder,Home & Kitchen,Mixer Grinder,37300.33,1.0,30.0,Cash on Delivery,Delivered,1.4,26110.23
ORD11716,2024-01-08,CUST1700,Garima Chaudhuri,Ahmedabad,Gujarat,PID394,Jacket,Fashion,Jacket,11375.94,1.0,40.0,Net Banking,Delivered,2.1,6825.56
ORD11599,2023-04-16,CUST1668,Nimrat Boase,Delhi,Delhi,PID273,Biography,Books,Biography,7409.3,5.0,40.0,Cash on Delivery,Returned,2.9,22227.9
ORD11962,2024-08-28,CUST1278,Ayushman Wali,Surat,Gujarat,PID552,Comic,Books,Comic,54504.78,4.0,40.0,Credit Card,Unknown,1.9,130811.47
ORD11114,2023-11-06,CUST1137,Ekbal Mane,Surat,Gujarat,PID322,Lipstick,Beauty,Lipstick,27659.34,5.0,0.0,Credit Card,Unknown,2.5,138296.7
ORD10749,2024-08-11,CUST1154,Tanish Bains,Lucknow,Uttar Pradesh,PID232,Jacket,Fashion,Jacket,30681.9,4.0,30.0,UPI,Delivered,3.5,85909.32
ORD14028,2023-07-02,CUST1574,Sai Chokshi,Lucknow,Uttar Pradesh,PID549,Perfume,Beauty,Perfume,80833.35,4.0,20.0,Credit Card,Delivered,,258666.72
ORD12324,2023-05-11,CUST1260,Hemang Gour,Pune,Maharashtra,PID148,Tablet,Electronics,Tablet,13103.49,3.0,10.0,Debit Card,Returned,1.1,35379.42
ORD12351,2023-11-04,CUST1894,Jagat Shankar,Mumbai,Maharashtra,PID577,Cricket Bat,Sports,Cricket Bat,32379.46,4.0,0.0,Unknown,Returned,3.0,129517.84
ORD14282,2024-04-21,CUST1117,Upadhriti Bakshi,Ahmedabad,Gujarat,PID470,Novel,Books,Novel,28605.54,4.0,10.0,Unknown,Returned,3.0,102979.94
ORD11730,2024-07-31,CUST1070,Wazir Gera,Lucknow,Uttar Pradesh,PID544,Bedsheet,Home & Kitchen,Bedsheet,49443.93,3.0,20.0,Unknown,Delayed,2.7,118665.43
ORD10705,2023-02-25,CUST1471,Manan Mutti,Indore,Madhya Pradesh,PID100,Water Bottle,Home & Kitchen,Water Bottle,84864.74,2.0,25.0,Debit Card,Delayed,2.2,127297.11
ORD10669,2024-05-15,CUST1129,Tara Sha,Mumbai,Maharashtra,PID525,Textbook,Books,Textbook,53915.48,5.0,0.0,Net Banking,Delayed,1.1,269577.4
ORD11333,2024-08-17,CUST1001,Eshana Goyal,Surat,Gujarat,PID202,Headphones,Electronics,Headphones,47564.2,1.0,20.0,Unknown,Cancelled,3.6,38051.36
ORD14378,2023-12-12,CUST1979,Ranveer Bajaj,Hyderabad,Telangana,PID536,Dumbbells,Sports,Dumbbells,57914.32,4.0,20.0,Credit Card,Delayed,1.3,185325.82
ORD10380,2023-10-12,CUST1403,Ranveer Sehgal,Kolkata,West Bengal,PID199,Textbook,Books,Textbook,32261.81,2.0,15.0,Unknown,Returned,1.3,54845.08
ORD11454,2024-12-03,CUST1745,Yahvi Issac,Ahmedabad,Gujarat,PID131,Laptop,Electronics,Laptop,20961.4,4.0,15.0,Net Banking,Cancelled,4.2,71268.76
ORD11354,2023-10-28,CUST1505,Falak Wable,Lucknow,Uttar Pradesh,PID320,Novel,Books,Novel,17965.09,1.0,10.0,Debit Card,Cancelled,2.2,16168.58
ORD12681,2024-01-14,CUST1819,Advay Johal,Surat,Gujarat,PID131,Lipstick,Beauty,Lipstick,16376.77,2.0,30.0,Unknown,Delivered,4.6,22927.48
ORD11117,2023-08-19,CUST1080,Turvi De,Kolkata,West Bengal,PID461,Football,Sports,Football,87673.63,1.0,15.0,UPI,Unknown,4.8,74522.59
ORD11400,2024-12-08,CUST1655,Atharv Yadav,Hyderabad,Telangana,PID427,Sunscreen,Beauty,Sunscreen,47467.41,4.0,30.0,UPI,Cancelled,5.0,132908.75
ORD13927,2024-04-18,CUST1239,Mitali Gulati,Bangalore,Karnataka,PID312,Yoga Mat,Sports,Yoga Mat,66944.68,1.0,40.0,Debit Card,Delayed,4.8,40166.81
ORD13034,2023-10-14,CUST1720,Dalbir Ramakrishnan,Hyderabad,Telangana,PID417,Smartphone,Electronics,Smartphone,57310.6,4.0,25.0,UPI,Returned,3.3,171931.8
ORD11439,2023-08-26,CUST1143,Upkaar Khatri,Jaipur,Rajasthan,PID435,Jacket,Fashion,Jacket,12787.36,1.0,25.0,Credit Card,Delivered,3.3,9590.52
ORD13703,2024-03-25,CUST1901,Lakshit Oza,Mumbai,Maharashtra,PID397,T-Shirt,Fashion,T-Shirt,65225.43,2.0,10.0,Cash on Delivery,Delayed,,117405.77
ORD10241,2023-09-22,CUST1121,Azad Sen,Indore,Madhya Pradesh,PID373,Smartwatch,Electronics,Smartwatch,29954.63,3.0,15.0,Debit Card,Delivered,2.8,76384.31
ORD10950,2023-10-26,CUST1322,Shivansh Randhawa,Lucknow,Uttar Pradesh,PID552,Sneakers,Fashion,Sneakers,74883.04,1.0,0.0,Debit Card,Delivered,4.7,74883.04
ORD11794,2023-12-04,CUST1313,Jagdish Khosla,Chennai,Tamil Nadu,PID446,Dumbbells,Sports,Dumbbells,45639.4,2.0,40.0,Cash on Delivery,Delayed,4.9,54767.28
ORD12348,2024-11-08,CUST1274,Shravya Char,Kolkata,West Bengal,PID585,Shampoo,Beauty,Shampoo,18738.19,5.0,0.0,Net Banking,Delivered,3.1,93690.95
ORD10456,2023-03-28,CUST1447,Gavin Deo,Surat,Gujarat,PID192,Smartphone,Electronics,Smartphone,84265.94,2.0,40.0,UPI,Delayed,3.4,101119.13
ORD13243,2024-04-26,CUST1926,Balvan Bajaj,Hyderabad,Telangana,PID349,Novel,Books,Novel,38306.38,1.0,20.0,Debit Card,Cancelled,1.7,30645.1
ORD14130,2024-10-03,CUST1412,Abhimanyu Kanda,Pune,Maharashtra,PID151,Yoga Mat,Sports,Yoga Mat,21904.41,2.0,15.0,Debit Card,Delivered,4.4,37237.5
ORD13815,2023-10-17,CUST1705,Maya Yogi,Bangalore,Karnataka,PID543,Sunscreen,Beauty,Sunscreen,42370.99,1.0,5.0,Debit Card,Delivered,4.2,40252.44
ORD12418,2024-09-10,CUST1861,Dalbir Dhaliwal,Delhi,Delhi,PID524,Dumbbells,Sports,Dumbbells,54245.58,3.0,5.0,UPI,Cancelled,,154599.9
ORD12051,2023-04-08,CUST1412,Pahal Madan,Delhi,Delhi,PID524,Water Bottle,Home & Kitchen,Water Bottle,89653.54,2.0,0.0,Credit Card,Delivered,1.2,179307.08
ORD13228,2024-09-08,CUST1203,Wridesh Keer,Hyderabad,Telangana,PID598,Kurta,Fashion,Kurta,35404.72,5.0,0.0,Net Banking,Delivered,2.6,177023.6
ORD10728,2023-06-23,CUST1270,Mitali Rajagopal,Pune,Maharashtra,PID149,Dumbbells,Sports,Dumbbells,70900.0,5.0,5.0,Credit Card,Unknown,3.6,336775.0
ORD12762,2023-12-08,CUST1407,Praneel Mital,Hyderabad,Telangana,PID265,Headphones,Electronics,Headphones,41117.22,4.0,0.0,Debit Card,Cancelled,4.4,164468.88
ORD11522,2023-01-22,CUST1327,Harsh Mistry,Indore,Madhya Pradesh,PID144,Textbook,Books,Textbook,0.0,1.0,10.0,Unknown,Returned,3.7,0.0
ORD14483,2023-08-27,CUST1470,Vanya Sen,Mumbai,Maharashtra,PID285,Sunscreen,Beauty,Sunscreen,70733.34,3.0,40.0,Debit Card,Cancelled,1.4,127320.01
ORD13963,2024-07-10,CUST1317,Gunbir Pingle,Hyderabad,Telangana,PID194,Sunscreen,Beauty,Sunscreen,42884.29,1.0,10.0,Cash on Delivery,Cancelled,3.0,38595.86
ORD10928,2024-01-25,CUST1482,Upadhriti Varma,Ahmedabad,Gujarat,PID488,Water Bottle,Home & Kitchen,Water Bottle,56651.91,5.0,5.0,UPI,Unknown,1.8,269096.57
ORD10823,2024-04-19,CUST1972,Zashil Shukla,Lucknow,Uttar Pradesh,PID112,Jeans,Fashion,Jeans,15474.18,4.0,30.0,Unknown,Unknown,2.9,43327.7
ORD11661,2024-08-09,CUST1320,Vritti Sant,Surat,Gujarat,PID260,Novel,Books,Novel,76197.59,1.0,40.0,Net Banking,Delayed,,45718.55
ORD13565,2023-07-18,CUST1587,Zarna Kuruvilla,Ahmedabad,Gujarat,PID289,Cricket Bat,Sports,Cricket Bat,58400.02,4.0,20.0,Debit Card,Delivered,1.6,186880.06
ORD14080,2023-05-20,CUST1025,Manbir Dua,Surat,Gujarat,PID462,Dumbbells,Sports,Dumbbells,79917.67,1.0,25.0,Unknown,Delayed,3.1,59938.25
ORD10197,2023-07-11,CUST1063,Dhruv Warrior,Surat,Gujarat,PID177,Shampoo,Beauty,Shampoo,23960.65,3.0,25.0,Credit Card,Unknown,2.1,53911.46
ORD12795,2024-04-27,CUST1505,Qabil Butala,Indore,Madhya Pradesh,PID101,Yoga Mat,Sports,Yoga Mat,79035.39,1.0,40.0,Cash on Delivery,Delayed,3.1,47421.23
ORD13004,2024-06-18,CUST1924,Bishakha Dhar,Mumbai,Maharashtra,PID213,Cookware Set,Home & Kitchen,Cookware Set,68379.55,5.0,40.0,Debit Card,Delivered,4.7,205138.65
ORD12450,2023-12-29,CUST1221,Oeshi Contractor,Jaipur,Rajasthan,PID480,Jacket,Fashion,Jacket,25337.87,2.0,40.0,Debit Card,Delivered,1.3,30405.44
ORD12457,2024-12-08,CUST1119,Forum Joshi,Mumbai,Maharashtra,PID473,Cookware Set,Home & Kitchen,Cookware Set,87280.5,3.0,25.0,Debit Card,Delivered,2.7,196381.12
ORD12041,2024-02-10,CUST1191,Jyoti Bose,Delhi,Delhi,PID254,Novel,Books,Novel,8160.35,2.0,25.0,Cash on Delivery,Delivered,1.4,12240.53
ORD10025,2023-12-01,CUST1766,Triya Parmar,Lucknow,Uttar Pradesh,PID562,Football,Sports,Football,28355.32,3.0,30.0,Cash on Delivery,Returned,2.2,59546.17
ORD10717,2024-11-03,CUST1230,Harshil Goyal,Pune,Maharashtra,PID109,Tablet,Electronics,Tablet,81890.71,4.0,30.0,Unknown,Delivered,2.1,229293.99
ORD13562,2023-04-27,CUST1787,Krishna Kala,Indore,Madhya Pradesh,PID270,T-Shirt,Fashion,T-Shirt,52370.5,4.0,30.0,Unknown,Delivered,1.2,146637.4
ORD12162,2023-05-05,CUST1660,Manan Johal,Jaipur,Rajasthan,PID526,Mixer Grinder,Home & Kitchen,Mixer Grinder,87755.27,1.0,0.0,Cash on Delivery,Cancelled,4.0,87755.27
ORD11365,2024-08-13,CUST1184,Pahal Naidu,Delhi,Delhi,PID227,Smartwatch,Electronics,Smartwatch,26141.4,5.0,15.0,Cash on Delivery,Delayed,4.5,111100.95
ORD13372,2023-01-15,CUST1811,Owen Chaudry,Jaipur,Rajasthan,PID382,Face Wash,Beauty,Face Wash,69359.21,5.0,0.0,UPI,Delayed,1.7,346796.05
ORD13625,2024-07-28,CUST1180,Avni Sandal,Kolkata,West Bengal,PID512,Tablet,Electronics,Tablet,74450.96,5.0,15.0,Net Banking,Delivered,4.2,316416.58
ORD13791,2023-11-29,CUST1686,Harrison Handa,Pune,Maharashtra,PID139,Novel,Books,Novel,8377.11,5.0,30.0,UPI,Delivered,2.7,29319.88
ORD13506,2023-02-06,CUST1828,Daniel Wadhwa,Mumbai,Maharashtra,PID465,Air Fryer,Home & Kitchen,Air Fryer,80465.13,5.0,30.0,Debit Card,Unknown,2.5,281627.96
ORD10637,2024-08-25,CUST1872,Jeet Gaba,Lucknow,Uttar Pradesh,PID475,Textbook,Books,Textbook,63808.74,3.0,25.0,Cash on Delivery,Delivered,2.4,143569.66
ORD10431,2023-03-27,CUST1827,Naksh Sood,Mumbai,Maharashtra,PID235,Tablet,Electronics,Tablet,10387.1,2.0,0.0,Unknown,Delayed,3.8,20774.2
ORD10721,2024-08-07,CUST1769,Raagini Nagar,Pune,Maharashtra,PID211,Textbook,Books,Textbook,54699.89,2.0,5.0,Unknown,Delayed,4.5,103929.79
ORD10796,2023-07-29,CUST1843,Jyoti Pau,Bangalore,Karnataka,PID311,Face Wash,Beauty,Face Wash,12879.0,4.0,20.0,Cash on Delivery,Returned,3.6,41212.8
ORD12290,2023-07-12,CUST1086,Vritti Deol,Chennai,Tamil Nadu,PID230,Saree,Fashion,Saree,21743.59,4.0,25.0,Credit Card,Delivered,4.2,65230.77
ORD12133,2024-11-11,CUST1709,Riya Desai,Ahmedabad,Gujarat,PID162,Biography,Books,Biography,59185.95,5.0,30.0,Credit Card,Delivered,2.9,207150.82
ORD13875,2023-03-14,CUST1251,Bhavna Ratta,Chennai,Tamil Nadu,PID299,Jacket,Fashion,Jacket,88553.96,3.0,40.0,Debit Card,Returned,3.7,159397.13
ORD10268,2023-03-22,CUST1635,Omkaar Goel,Ahmedabad,Gujarat,PID261,Cookware Set,Home & Kitchen,Cookware Set,18368.58,2.0,5.0,Net Banking,Delivered,3.7,34900.3
ORD10793,2024-10-18,CUST1987,Jacob Jayaraman,Jaipur,Rajasthan,PID375,Mixer Grinder,Home & Kitchen,Mixer Grinder,74838.46,5.0,10.0,Debit Card,Delayed,,336773.07
ORD11875,2024-11-26,CUST1619,Ranveer Rajagopal,Jaipur,Rajasthan,PID393,Sneakers,Fashion,Sneakers,20973.1,1.0,25.0,Credit Card,Delivered,1.1,15729.82
ORD12644,2024-08-24,CUST1624,Bina Sankaran,Indore,Madhya Pradesh,PID424,Sneakers,Fashion,Sneakers,61760.99,3.0,15.0,Net Banking,Cancelled,,157490.52
ORD13041,2024-12-10,CUST1630,Alka Bassi,Kolkata,West Bengal,PID403,Dumbbells,Sports,Dumbbells,29846.71,4.0,0.0,Debit Card,Delivered,4.4,119386.84
ORD11211,2023-03-15,CUST1306,Brinda Chandra,Jaipur,Rajasthan,PID370,Comic,Books,Comic,11508.69,5.0,10.0,Net Banking,Returned,3.3,51789.1
ORD10100,2023-07-25,CUST1822,Chatresh Choudhary,Indore,Madhya Pradesh,PID382,Cookware Set,Home & Kitchen,Cookware Set,63904.31,3.0,5.0,Debit Card,Cancelled,1.9,182127.28
ORD12574,2024-11-21,CUST1952,Idika Sodhi,Delhi,Delhi,PID418,Headphones,Electronics,Headphones,10898.3,4.0,30.0,Cash on Delivery,Delayed,3.4,30515.24
ORD14185,2024-11-04,CUST1694,Hredhaan Mangat,Bangalore,Karnataka,PID192,Laptop,Electronics,Laptop,84232.67,4.0,0.0,Credit Card,Cancelled,3.5,336930.68
ORD10620,2023-09-11,CUST1515,Vasana Narain,Bangalore,Karnataka,PID185,Mixer Grinder,Home & Kitchen,Mixer Grinder,61176.38,4.0,40.0,Unknown,Delivered,,146823.31
ORD13905,2023-12-19,CUST1264,Ojas Chad,Jaipur,Rajasthan,PID562,Sneakers,Fashion,Sneakers,24168.94,5.0,5.0,UPI,Delivered,4.9,114802.46
ORD12675,2023-02-01,CUST1665,Harrison Yadav,Hyderabad,Telangana,PID272,Biography,Books,Biography,2596.25,3.0,40.0,Credit Card,Unknown,1.9,4673.25
ORD12467,2024-07-27,CUST1489,Abeer Dada,Jaipur,Rajasthan,PID303,Perfume,Beauty,Perfume,23067.92,5.0,20.0,UPI,Returned,4.2,92271.68
ORD10513,2024-03-17,CUST1971,Girish Ramaswamy,Bangalore,Karnataka,PID156,Mixer Grinder,Home & Kitchen,Mixer Grinder,73502.59,4.0,20.0,Credit Card,Delayed,2.5,235208.29
ORD11313,2024-03-31,CUST1805,Rishi Sharma,Mumbai,Maharashtra,PID310,Football,Sports,Football,1473.07,2.0,5.0,Unknown,Delivered,3.6,2798.83
ORD13972,2023-08-06,CUST1386,Kiaan Dubey,Kolkata,West Bengal,PID342,Smartphone,Electronics,Smartphone,22794.54,5.0,20.0,UPI,Returned,1.9,91178.16
ORD14712,2023-03-18,CUST1952,Krishna Hayre,Delhi,Delhi,PID444,Dumbbells,Sports,Dumbbells,737.12,5.0,15.0,Credit Card,Delivered,2.0,3132.76
ORD14902,2023-10-31,CUST1982,Lekha Sahota,Delhi,Delhi,PID579,Tablet,Electronics,Tablet,75621.57,3.0,0.0,Debit Card,Returned,1.3,226864.71
ORD11917,2024-01-19,CUST1581,Fiyaz Mall,Bangalore,Karnataka,PID494,Smartphone,Electronics,Smartphone,77022.71,1.0,5.0,UPI,Cancelled,2.5,73171.57
ORD12346,2024-11-15,CUST1768,Diya Kamdar,Kolkata,West Bengal,PID579,Novel,Books,Novel,75836.86,4.0,40.0,Unknown,Delivered,1.6,182008.46
ORD14226,2023-03-25,CUST1588,Wyatt Nagi,Jaipur,Rajasthan,PID324,Novel,Books,Novel,53254.37,5.0,25.0,Credit Card,Unknown,3.7,199703.89
ORD11747,2023-01-04,CUST1992,Tejas Comar,Ahmedabad,Gujarat,PID414,Mixer Grinder,Home & Kitchen,Mixer Grinder,19449.29,3.0,40.0,Unknown,Delivered,1.9,35008.72
ORD10988,2024-02-05,CUST1414,Yutika Sheth,Bangalore,Karnataka,PID184,Comic,Books,Comic,57501.36,5.0,20.0,Net Banking,Cancelled,1.9,230005.44
ORD13925,2024-03-02,CUST1877,Chanchal Wason,Pune,Maharashtra,PID357,Perfume,Beauty,Perfume,16135.03,2.0,15.0,UPI,Returned,3.4,27429.55
ORD10461,2024-11-27,CUST1165,Ishani Sagar,Hyderabad,Telangana,PID478,Sunscreen,Beauty,Sunscreen,58827.34,4.0,20.0,Net Banking,Unknown,2.4,188247.49
ORD13807,2024-06-21,CUST1044,Lohit Ratti,Hyderabad,Telangana,PID296,Football,Sports,Football,59445.25,3.0,0.0,Cash on Delivery,Delivered,4.2,178335.75
ORD13114,2024-04-10,CUST1400,Leela Baria,Hyderabad,Telangana,PID319,Cricket Bat,Sports,Cricket Bat,24508.32,5.0,5.0,Debit Card,Delayed,1.0,116414.52
ORD12906,2024-12-07,CUST1243,Sai Ganguly,Bangalore,Karnataka,PID174,Cookware Set,Home & Kitchen,Cookware Set,43628.77,4.0,10.0,Credit Card,Delivered,3.8,157063.57
ORD14645,2024-12-19,CUST1042,Girindra Kaur,Surat,Gujarat,PID112,Novel,Books,Novel,40721.69,1.0,40.0,Net Banking,Delivered,3.6,24433.01
ORD14886,2024-04-20,CUST1087,Bhavika Bains,Indore,Madhya Pradesh,PID582,Dumbbells,Sports,Dumbbells,23808.65,2.0,20.0,Unknown,Cancelled,2.2,38093.84
ORD10718,2024-07-08,CUST1155,Keya Edwin,Ahmedabad,Gujarat,PID336,Football,Sports,Football,5875.46,4.0,25.0,Debit Card,Delivered,,17626.38
ORD14692,2023-11-13,CUST1942,Chanakya Som,Surat,Gujarat,PID314,Football,Sports,Football,5328.1,3.0,0.0,Unknown,Delivered,1.4,15984.3
ORD11376,2023-11-04,CUST1240,Pallavi Dixit,Indore,Madhya Pradesh,PID199,Tablet,Electronics,Tablet,7333.68,5.0,30.0,Debit Card,Delayed,2.6,25667.88
ORD14466,2023-07-23,CUST1866,Rachit Kara,Bangalore,Karnataka,PID271,Laptop,Electronics,Laptop,14724.97,3.0,15.0,Credit Card,Unknown,3.9,37548.67
ORD10360,2024-10-09,CUST1183,Janani Lad,Bangalore,Karnataka,PID574,Sneakers,Fashion,Sneakers,62712.18,5.0,5.0,Cash on Delivery,Delivered,,297882.86
ORD14127,2023-09-01,CUST1510,Gaurang Srinivas,Lucknow,Uttar Pradesh,PID191,Headphones,Electronics,Headphones,9203.57,3.0,10.0,Unknown,Delivered,1.8,24849.64
ORD10888,2023-12-05,CUST1095,Vihaan Vora,Jaipur,Rajasthan,PID415,Bluetooth Speaker,Electronics,Bluetooth Speaker,65620.5,2.0,30.0,Debit Card,Delivered,2.8,91868.7
ORD12219,2023-12-05,CUST1613,Tanveer Mannan,Chennai,Tamil Nadu,PID451,Mixer Grinder,Home & Kitchen,Mixer Grinder,15413.27,5.0,25.0,Net Banking,Cancelled,4.6,57799.76
ORD10842,2023-03-19,CUST1269,Oscar Peri,Delhi,Delhi,PID333,Textbook,Books,Textbook,4960.38,4.0,25.0,UPI,Delivered,3.6,14881.14
ORD13635,2023-06-24,CUST1936,Sai Gola,Surat,Gujarat,PID132,Water Bottle,Home & Kitchen,Water Bottle,58025.04,5.0,20.0,Credit Card,Delivered,1.8,232100.16
ORD14987,2023-08-14,CUST1220,Jason Ramachandran,Delhi,Delhi,PID120,Bedsheet,Home & Kitchen,Bedsheet,34388.26,3.0,40.0,Net Banking,Unknown,2.1,61898.87
ORD11306,2024-07-08,CUST1414,Pallavi Ramaswamy,Hyderabad,Telangana,PID503,Air Fryer,Home & Kitchen,Air Fryer,5301.11,3.0,15.0,Unknown,Unknown,4.1,13517.83
ORD13978,2024-06-29,CUST1554,Faraj Reddy,Ahmedabad,Gujarat,PID274,Dumbbells,Sports,Dumbbells,44109.71,2.0,20.0,Unknown,Delayed,2.9,70575.54
ORD10528,2024-01-21,CUST1183,Amrita Chawla,Indore,Madhya Pradesh,PID583,Jeans,Fashion,Jeans,17729.61,5.0,10.0,UPI,Delivered,2.7,79783.25
ORD14540,2023-03-27,CUST1618,Bachittar Sehgal,Surat,Gujarat,PID377,Mixer Grinder,Home & Kitchen,Mixer Grinder,86495.27,2.0,10.0,Net Banking,Cancelled,2.5,155691.49
ORD13248,2023-08-17,CUST1737,Amol Sharma,Ahmedabad,Gujarat,PID220,Smartwatch,Electronics,Smartwatch,45761.5,2.0,15.0,Unknown,Returned,4.1,77794.55
ORD13723,2023-10-21,CUST1585,Leela Lala,Delhi,Delhi,PID363,Jeans,Fashion,Jeans,38176.9,2.0,20.0,UPI,Delivered,1.5,61083.04
ORD12821,2024-02-06,CUST1483,Janya Sood,Indore,Madhya Pradesh,PID243,Cookware Set,Home & Kitchen,Cookware Set,28783.78,4.0,15.0,UPI,Delivered,1.8,97864.85
ORD10135,2024-06-20,CUST1140,Neha Morar,Kolkata,West Bengal,PID531,Shampoo,Beauty,Shampoo,15265.79,5.0,0.0,Unknown,Delivered,4.4,76328.95
ORD13840,2023-09-12,CUST1683,Irya Ganesan,Delhi,Delhi,PID201,Mixer Grinder,Home & Kitchen,Mixer Grinder,20661.01,2.0,15.0,Net Banking,Delayed,1.7,35123.72
ORD14124,2024-11-21,CUST1599,Pahal Natarajan,Lucknow,Uttar Pradesh,PID162,Bluetooth Speaker,Electronics,Bluetooth Speaker,26524.09,1.0,0.0,Debit Card,Delivered,3.7,26524.09
ORD13667,2023-12-19,CUST1514,Indira Sidhu,Hyderabad,Telangana,PID553,Water Bottle,Home & Kitchen,Water Bottle,30008.87,2.0,30.0,Debit Card,Delayed,1.2,42012.42
ORD14288,2024-05-14,CUST1385,Adweta Mittal,Chennai,Tamil Nadu,PID119,Face Wash,Beauty,Face Wash,6955.21,5.0,10.0,Debit Card,Returned,1.6,31298.45
ORD12173,2024-01-05,CUST1458,Robert Khurana,Kolkata,West Bengal,PID265,Mixer Grinder,Home & Kitchen,Mixer Grinder,61766.39,1.0,0.0,UPI,Delivered,1.3,61766.39
ORD10525,2023-03-02,CUST1753,Hemang Korpal,Indore,Madhya Pradesh,PID126,Headphones,Electronics,Headphones,51721.38,3.0,30.0,Credit Card,Unknown,2.3,108614.9
ORD12353,2024-12-11,CUST1720,Chakrika Iyengar,Chennai,Tamil Nadu,PID381,Cricket Bat,Sports,Cricket Bat,32544.7,1.0,10.0,Net Banking,Delivered,3.4,29290.23
ORD10911,2024-08-23,CUST1789,Aahana Baral,Delhi,Delhi,PID334,Shampoo,Beauty,Shampoo,72683.66,2.0,40.0,Credit Card,Unknown,1.3,87220.39
ORD14030,2024-10-02,CUST1429,Tanmayi Chandra,Ahmedabad,Gujarat,PID564,Smartwatch,Electronics,Smartwatch,86652.57,5.0,25.0,Credit Card,Delivered,3.9,324947.14
ORD10504,2023-12-17,CUST1893,Bakhshi Gupta,Jaipur,Rajasthan,PID295,Cricket Bat,Sports,Cricket Bat,71291.41,1.0,25.0,Unknown,Delivered,3.2,53468.56
ORD11672,2023-02-17,CUST1994,Fiyaz Gupta,Ahmedabad,Gujarat,PID378,Face Wash,Beauty,Face Wash,295.51,3.0,40.0,Unknown,Delayed,1.0,531.92
ORD10125,2023-02-02,CUST1912,Aarini Som,Indore,Madhya Pradesh,PID295,Perfume,Beauty,Perfume,5878.83,1.0,40.0,Unknown,Returned,1.7,3527.3
ORD11471,2024-11-02,CUST1037,Amruta Cherian,Delhi,Delhi,PID189,Kurta,Fashion,Kurta,55251.81,5.0,5.0,Cash on Delivery,Delivered,2.9,262446.1
ORD14365,2023-08-26,CUST1655,Ishwar Parekh,Kolkata,West Bengal,PID219,Kurta,Fashion,Kurta,18035.58,2.0,0.0,Debit Card,Delivered,4.3,36071.16
ORD11285,2023-07-04,CUST1779,Jyoti Bobal,Bangalore,Karnataka,PID138,Comic,Books,Comic,76080.28,2.0,15.0,Credit Card,Delayed,1.7,129336.48
ORD14588,2024-12-04,CUST1617,Ethan Pau,Chennai,Tamil Nadu,PID396,Mixer Grinder,Home & Kitchen,Mixer Grinder,76368.34,2.0,10.0,Credit Card,Delayed,1.1,137463.01
ORD14299,2024-11-12,CUST1921,Dalbir Sarin,Mumbai,Maharashtra,PID195,Sunscreen,Beauty,Sunscreen,2953.65,3.0,40.0,Cash on Delivery,Delivered,3.5,5316.57
ORD11095,2023-12-21,CUST1370,Jagdish Ahluwalia,Ahmedabad,Gujarat,PID298,Novel,Books,Novel,89145.14,2.0,25.0,Net Banking,Delivered,2.0,133717.71
ORD12306,2023-11-16,CUST1522,Turvi Bawa,Pune,Maharashtra,PID258,Shampoo,Beauty,Shampoo,12324.08,4.0,25.0,Credit Card,Cancelled,1.3,36972.24
ORD11184,2023-07-25,CUST1919,Aarna Reddy,Pune,Maharashtra,PID195,Laptop,Electronics,Laptop,49760.68,1.0,10.0,Unknown,Cancelled,3.9,44784.61
ORD10225,2023-10-12,CUST1470,Ekapad Taneja,Kolkata,West Bengal,PID327,Saree,Fashion,Saree,76690.62,4.0,25.0,Cash on Delivery,Unknown,1.9,230071.86
ORD12191,2024-07-25,CUST1257,Christopher Ghose,Hyderabad,Telangana,PID307,Textbook,Books,Textbook,43287.61,2.0,40.0,UPI,Delivered,2.3,51945.13
ORD13931,2023-04-27,CUST1478,Eesha Sarna,Surat,Gujarat,PID510,Mixer Grinder,Home & Kitchen,Mixer Grinder,63057.19,3.0,5.0,Debit Card,Delivered,4.6,179712.99
ORD12924,2024-03-26,CUST1364,Yashawini Bala,Ahmedabad,Gujarat,PID578,Mixer Grinder,Home & Kitchen,Mixer Grinder,54330.06,4.0,25.0,Debit Card,Delivered,,162990.18
ORD13024,2024-03-03,CUST1788,Aadhya Sengupta,Bangalore,Karnataka,PID347,Jeans,Fashion,Jeans,88222.77,2.0,30.0,Net Banking,Cancelled,1.6,123511.88
ORD13179,2023-05-26,CUST1088,Anya More,Bangalore,Karnataka,PID445,Cookware Set,Home & Kitchen,Cookware Set,39775.44,5.0,0.0,Debit Card,Unknown,2.1,198877.2
ORD11372,2024-12-17,CUST1317,Neel Raju,Lucknow,Uttar Pradesh,PID377,Jeans,Fashion,Jeans,71509.05,5.0,25.0,Cash on Delivery,Delivered,1.0,268158.94
ORD13183,2023-12-13,CUST1564,Yadavi Mangat,Surat,Gujarat,PID288,Jeans,Fashion,Jeans,81972.22,1.0,5.0,Debit Card,Returned,4.4,77873.61
ORD10685,2023-02-09,CUST1895,Priya Varkey,Bangalore,Karnataka,PID380,Smartwatch,Electronics,Smartwatch,68156.27,2.0,5.0,Net Banking,Delayed,3.0,129496.91
ORD12805,2024-01-12,CUST1677,Arya Bahl,Pune,Maharashtra,PID457,Laptop,Electronics,Laptop,44688.84,3.0,40.0,UPI,Delivered,4.1,80439.91
ORD10828,2024-12-26,CUST1320,Dominic Kar,Jaipur,Rajasthan,PID361,Perfume,Beauty,Perfume,30767.05,2.0,15.0,Cash on Delivery,Cancelled,1.9,52303.98
ORD14945,2024-04-03,CUST1004,Raksha Vohra,Chennai,Tamil Nadu,PID358,Bedsheet,Home & Kitchen,Bedsheet,34524.08,1.0,5.0,UPI,Delivered,4.9,32797.88
ORD13514,2023-07-26,CUST1957,Ijaya Lala,Ahmedabad,Gujarat,PID438,Bedsheet,Home & Kitchen,Bedsheet,58599.25,4.0,25.0,Net Banking,Delayed,4.9,175797.75
ORD10633,2024-11-04,CUST1523,Aahana Zacharia,Kolkata,West Bengal,PID479,Air Fryer,Home & Kitchen,Air Fryer,88445.26,5.0,40.0,Credit Card,Delivered,2.7,265335.78
ORD12022,2023-09-11,CUST1531,Advay Saini,Indore,Madhya Pradesh,PID408,Football,Sports,Football,32773.07,4.0,15.0,Cash on Delivery,Delivered,1.3,111428.44
ORD11307,2023-11-09,CUST1804,Idika Kumer,Indore,Madhya Pradesh,PID399,T-Shirt,Fashion,T-Shirt,45786.2,5.0,25.0,Debit Card,Returned,4.4,171698.25
ORD14254,2024-08-12,CUST1269,Tamanna Brar,Chennai,Tamil Nadu,PID119,Face Wash,Beauty,Face Wash,85797.45,4.0,5.0,Debit Card,Returned,3.5,326030.31
ORD11242,2024-02-07,CUST1285,Rayaan Dara,Delhi,Delhi,PID376,Textbook,Books,Textbook,39430.91,5.0,15.0,Credit Card,Unknown,3.9,167581.37
ORD13306,2023-12-24,CUST1980,Kalpit Rama,Surat,Gujarat,PID273,Bluetooth Speaker,Electronics,Bluetooth Speaker,63473.03,2.0,15.0,Credit Card,Delivered,1.5,107904.15
ORD11461,2023-12-23,CUST1052,Hemang Oak,Pune,Maharashtra,PID310,Bluetooth Speaker,Electronics,Bluetooth Speaker,11121.96,2.0,5.0,UPI,Delivered,1.2,21131.72
ORD11398,2023-02-19,CUST1070,Rohan Jhaveri,Bangalore,Karnataka,PID208,Bedsheet,Home & Kitchen,Bedsheet,82480.18,2.0,25.0,Net Banking,Unknown,3.9,123720.27
ORD10963,2024-08-01,CUST1911,Damyanti Iyengar,Jaipur,Rajasthan,PID197,Cookware Set,Home & Kitchen,Cookware Set,70550.24,5.0,25.0,Debit Card,Cancelled,1.1,264563.4
ORD13176,2024-01-27,CUST1629,Kabir Sule,Pune,Maharashtra,PID420,Water Bottle,Home & Kitchen,Water Bottle,30591.88,4.0,0.0,Net Banking,Returned,2.2,122367.52
ORD11278,2023-05-06,CUST1680,Lucky Pradhan,Bangalore,Karnataka,PID470,Shampoo,Beauty,Shampoo,3445.56,4.0,40.0,Cash on Delivery,Cancelled,4.2,8269.34
ORD11963,2024-08-31,CUST1759,Jeevika Pillai,Bangalore,Karnataka,PID298,Face Wash,Beauty,Face Wash,34533.69,4.0,25.0,Debit Card,Cancelled,4.5,103601.07
ORD10746,2023-09-19,CUST1825,Vaishnavi Goyal,Bangalore,Karnataka,PID349,Lipstick,Beauty,Lipstick,29015.85,2.0,20.0,Unknown,Delayed,4.7,46425.36
ORD13378,2024-06-11,CUST1866,Logan Mistry,Surat,Gujarat,PID213,Jeans,Fashion,Jeans,30989.77,1.0,20.0,Credit Card,Unknown,,24791.82
ORD13431,2023-09-20,CUST1004,Anika Goda,Delhi,Delhi,PID170,T-Shirt,Fashion,T-Shirt,69669.92,4.0,20.0,Debit Card,Delivered,3.7,222943.74
ORD14172,2024-09-11,CUST1981,Indali Pingle,Hyderabad,Telangana,PID418,Face Wash,Beauty,Face Wash,86568.15,4.0,40.0,Credit Card,Delivered,1.9,207763.56
ORD10142,2023-03-26,CUST1369,Falan Karan,Surat,Gujarat,PID154,Lipstick,Beauty,Lipstick,52790.88,3.0,5.0,Credit Card,Returned,2.5,150454.01
ORD11116,2024-11-04,CUST1908,Garima Balan,Indore,Madhya Pradesh,PID168,Novel,Books,Novel,56106.3,3.0,5.0,Credit Card,Cancelled,3.7,159902.96
ORD10805,2024-02-16,CUST1751,Aishani Lad,Indore,Madhya Pradesh,PID331,Kurta,Fashion,Kurta,2031.2,4.0,15.0,Cash on Delivery,Delayed,3.5,6906.08
ORD13188,2023-10-08,CUST1815,Aarnav Shah,Hyderabad,Telangana,PID267,Textbook,Books,Textbook,56671.89,3.0,0.0,Net Banking,Returned,2.2,170015.67
ORD10530,2023-04-30,CUST1586,Suhani Barman,Kolkata,West Bengal,PID393,Cricket Bat,Sports,Cricket Bat,77860.89,4.0,5.0,Net Banking,Delivered,3.0,295871.38
ORD13745,2024-11-30,CUST1654,Ijaya Radhakrishnan,Surat,Gujarat,PID512,T-Shirt,Fashion,T-Shirt,53298.32,2.0,10.0,Unknown,Delivered,2.0,95936.98
ORD10201,2023-10-20,CUST1623,Ekbal Garde,Lucknow,Uttar Pradesh,PID342,Saree,Fashion,Saree,52503.54,1.0,5.0,Debit Card,Delayed,4.5,49878.36
ORD10455,2023-07-17,CUST1514,Yashica Swamy,Mumbai,Maharashtra,PID559,Jacket,Fashion,Jacket,51543.73,5.0,5.0,Net Banking,Cancelled,3.2,244832.72
ORD14114,2023-02-16,CUST1130,Falak Chowdhury,Mumbai,Maharashtra,PID447,Kurta,Fashion,Kurta,43896.74,1.0,20.0,Credit Card,Delivered,4.7,35117.39
ORD12767,2024-09-10,CUST1287,Osha Divan,Surat,Gujarat,PID557,Mixer Grinder,Home & Kitchen,Mixer Grinder,52806.74,2.0,10.0,Cash on Delivery,Delayed,2.5,95052.13
ORD14788,2024-12-20,CUST1920,Xavier Chatterjee,Jaipur,Rajasthan,PID201,Bedsheet,Home & Kitchen,Bedsheet,88981.49,2.0,5.0,Net Banking,Delivered,3.3,169064.83
ORD10441,2023-06-21,CUST1452,Pratyush Dugal,Lucknow,Uttar Pradesh,PID490,Smartphone,Electronics,Smartphone,54927.58,5.0,5.0,Credit Card,Returned,4.5,260906.0
ORD11972,2023-01-30,CUST1492,Zaid Grewal,Chennai,Tamil Nadu,PID143,Mixer Grinder,Home & Kitchen,Mixer Grinder,60231.03,4.0,40.0,Cash on Delivery,Unknown,4.4,144554.47
ORD13775,2024-09-29,CUST1774,Rudra Batra,Surat,Gujarat,PID577,Mixer Grinder,Home & Kitchen,Mixer Grinder,1947.31,4.0,40.0,UPI,Delivered,4.7,4673.54
ORD14208,2023-07-17,CUST1591,Zarna Brahmbhatt,Ahmedabad,Gujarat,PID309,Sneakers,Fashion,Sneakers,18485.34,3.0,0.0,Unknown,Delivered,2.9,55456.02
ORD10433,2023-05-09,CUST1492,Thomas Subramaniam,Hyderabad,Telangana,PID432,Biography,Books,Biography,55722.17,4.0,5.0,Unknown,Delivered,1.8,211744.25
ORD11903,2023-09-05,CUST1618,Tristan Sami,Bangalore,Karnataka,PID231,Kurta,Fashion,Kurta,77107.99,3.0,30.0,Unknown,Delayed,2.8,161926.78
ORD13112,2024-04-25,CUST1226,Gautami Bhatnagar,Lucknow,Uttar Pradesh,PID450,Water Bottle,Home & Kitchen,Water Bottle,59234.81,2.0,25.0,UPI,Unknown,,88852.22
ORD12227,2024-08-08,CUST1725,Devika Halder,Kolkata,West Bengal,PID204,Water Bottle,Home & Kitchen,Water Bottle,51460.5,4.0,5.0,Cash on Delivery,Returned,1.9,195549.9
ORD12210,2023-10-26,CUST1680,Bhavya Sarraf,Ahmedabad,Gujarat,PID192,Face Wash,Beauty,Face Wash,18329.57,2.0,25.0,Cash on Delivery,Returned,3.1,27494.36
ORD14753,2024-11-28,CUST1515,Dalbir Natt,Hyderabad,Telangana,PID305,Bluetooth Speaker,Electronics,Bluetooth Speaker,49282.74,4.0,40.0,Net Banking,Delivered,3.9,118278.58
ORD13900,2023-05-04,CUST1926,Geetika Koshy,Mumbai,Maharashtra,PID133,Laptop,Electronics,Laptop,71100.83,5.0,0.0,Cash on Delivery,Unknown,2.5,355504.15
ORD12095,2024-12-24,CUST1060,Chandani Thakur,Kolkata,West Bengal,PID432,Football,Sports,Football,2942.72,2.0,5.0,UPI,Delivered,1.8,5591.17
ORD13953,2023-10-04,CUST1871,Bimala Banik,Jaipur,Rajasthan,PID260,Dumbbells,Sports,Dumbbells,14487.08,1.0,15.0,UPI,Delivered,2.1,12314.02
ORD14247,2023-10-29,CUST1267,Shravya Bhardwaj,Pune,Maharashtra,PID506,Bluetooth Speaker,Electronics,Bluetooth Speaker,26021.67,5.0,20.0,Credit Card,Delayed,3.9,104086.68
ORD10985,2024-06-01,CUST1767,Rachit Desai,Lucknow,Uttar Pradesh,PID119,Shampoo,Beauty,Shampoo,47967.93,5.0,30.0,Credit Card,Delivered,4.4,167887.75
ORD12563,2023-07-17,CUST1213,Sanaya Mann,Surat,Gujarat,PID187,Mixer Grinder,Home & Kitchen,Mixer Grinder,11402.5,1.0,30.0,Credit Card,Delayed,3.8,7981.75
ORD13614,2024-01-23,CUST1287,Qabil Dasgupta,Delhi,Delhi,PID527,Cricket Bat,Sports,Cricket Bat,45757.85,3.0,0.0,Credit Card,Delivered,4.7,137273.55
ORD12804,2023-07-01,CUST1969,Jairaj Sarna,Surat,Gujarat,PID398,Perfume,Beauty,Perfume,78391.24,4.0,10.0,Net Banking,Delayed,1.2,282208.46
ORD11749,2023-10-30,CUST1021,Abhiram Salvi,Delhi,Delhi,PID131,Lipstick,Beauty,Lipstick,61737.24,5.0,25.0,Cash on Delivery,Delivered,1.4,231514.65
ORD13340,2024-07-02,CUST1993,Urmi Sankaran,Surat,Gujarat,PID268,Jeans,Fashion,Jeans,64273.19,3.0,20.0,Net Banking,Unknown,2.4,154255.66
ORD12668,2024-06-02,CUST1434,Akshay Sangha,Lucknow,Uttar Pradesh,PID218,Shampoo,Beauty,Shampoo,25202.9,4.0,30.0,UPI,Cancelled,3.3,70568.12
ORD10822,2024-04-06,CUST1559,Jhalak Saran,Chennai,Tamil Nadu,PID481,Water Bottle,Home & Kitchen,Water Bottle,62872.13,5.0,25.0,Debit Card,Unknown,4.2,235770.49
ORD12078,2024-05-21,CUST1704,Gopal Nadkarni,Mumbai,Maharashtra,PID327,Bluetooth Speaker,Electronics,Bluetooth Speaker,41079.54,3.0,20.0,Credit Card,Delivered,1.3,98590.9
ORD12729,2023-06-21,CUST1002,Lakshmi Raval,Pune,Maharashtra,PID529,Novel,Books,Novel,51463.63,5.0,30.0,Unknown,Delivered,2.1,180122.7
ORD11051,2023-11-19,CUST1461,William Cheema,Pune,Maharashtra,PID500,Dumbbells,Sports,Dumbbells,44850.68,3.0,20.0,Debit Card,Cancelled,2.5,107641.63
ORD13399,2023-03-29,CUST1557,Quincy Kari,Delhi,Delhi,PID352,Dumbbells,Sports,Dumbbells,19800.16,2.0,30.0,Net Banking,Unknown,1.5,27720.22
ORD10377,2023-06-15,CUST1188,Saksham Sant,Lucknow,Uttar Pradesh,PID205,Lipstick,Beauty,Lipstick,83183.23,2.0,10.0,Credit Card,Delayed,1.2,149729.81
ORD10593,2024-10-10,CUST1228,Christopher Chokshi,Surat,Gujarat,PID497,Smartphone,Electronics,Smartphone,1625.92,5.0,5.0,Debit Card,Unknown,,7723.12
ORD13047,2024-04-09,CUST1390,Unni Venkataraman,Kolkata,West Bengal,PID318,Headphones,Electronics,Headphones,66153.5,4.0,0.0,Debit Card,Delivered,1.7,264614.0
ORD14520,2023-06-07,CUST1888,Lohit Sathe,Ahmedabad,Gujarat,PID290,Mixer Grinder,Home & Kitchen,Mixer Grinder,39902.79,5.0,10.0,UPI,Delayed,1.2,179562.56
ORD10164,2024-10-27,CUST1084,Nicholas Edwin,Delhi,Delhi,PID290,Face Wash,Beauty,Face Wash,83659.54,4.0,10.0,UPI,Returned,4.5,301174.34
ORD11410,2023-06-21,CUST1210,Lavanya Golla,Chennai,Tamil Nadu,PID368,Novel,Books,Novel,44546.01,3.0,30.0,Net Banking,Cancelled,3.2,93546.62
ORD12753,2023-07-05,CUST1830,Anya Boase,Chennai,Tamil Nadu,PID458,Football,Sports,Football,52532.64,3.0,0.0,UPI,Unknown,2.3,157597.92
ORD11377,2024-12-04,CUST1820,Shivansh Verma,Kolkata,West Bengal,PID474,Water Bottle,Home & Kitchen,Water Bottle,23856.31,5.0,25.0,Unknown,Returned,4.1,89461.16
ORD11041,2023-09-30,CUST1264,Samarth Rau,Pune,Maharashtra,PID302,Jacket,Fashion,Jacket,0.0,5.0,15.0,Net Banking,Delivered,3.1,0.0
ORD12380,2024-05-01,CUST1935,Bakhshi Sami,Bangalore,Karnataka,PID485,Shampoo,Beauty,Shampoo,18025.78,4.0,30.0,Debit Card,Delayed,5.0,50472.18
ORD11355,2023-01-06,CUST1034,Yagnesh Subramanian,Indore,Madhya Pradesh,PID570,Smartwatch,Electronics,Smartwatch,86295.39,2.0,5.0,Net Banking,Delivered,2.9,163961.24
ORD12980,2023-06-08,CUST1266,Ekta Agarwal,Lucknow,Uttar Pradesh,PID369,Tablet,Electronics,Tablet,20755.97,1.0,20.0,Cash on Delivery,Returned,4.8,16604.78
ORD13448,2024-07-29,CUST1568,Nidra Chakrabarti,Chennai,Tamil Nadu,PID370,Bedsheet,Home & Kitchen,Bedsheet,72320.91,5.0,5.0,Cash on Delivery,Delivered,4.2,343524.32
ORD12013,2023-12-31,CUST1346,Tristan Nazareth,Chennai,Tamil Nadu,PID176,Shampoo,Beauty,Shampoo,35923.19,4.0,30.0,Debit Card,Delayed,1.1,100584.93
ORD10370,2024-10-03,CUST1033,Anvi Bir,Kolkata,West Bengal,PID251,Novel,Books,Novel,41818.89,2.0,25.0,UPI,Delayed,3.5,62728.34
ORD12356,2024-12-08,CUST1154,Daksha Narayanan,Chennai,Tamil Nadu,PID493,Football,Sports,Football,50284.05,3.0,10.0,Cash on Delivery,Delivered,3.2,135766.94
ORD10419,2024-12-04,CUST1570,Adya Basak,Lucknow,Uttar Pradesh,PID130,Kurta,Fashion,Kurta,61631.4,2.0,30.0,Net Banking,Delivered,2.5,86283.96
ORD10284,2024-01-26,CUST1755,Gagan Chawla,Hyderabad,Telangana,PID117,T-Shirt,Fashion,T-Shirt,69842.41,2.0,20.0,Credit Card,Delayed,1.5,111747.86
ORD12687,2023-04-21,CUST1015,Inaya Kata,Mumbai,Maharashtra,PID550,Saree,Fashion,Saree,61962.79,5.0,15.0,Cash on Delivery,Cancelled,,263341.86
ORD10872,2023-04-04,CUST1865,Dominic Mohanty,Ahmedabad,Gujarat,PID308,Comic,Books,Comic,15590.03,5.0,10.0,Cash on Delivery,Delivered,3.5,70155.14
ORD12990,2023-12-31,CUST1518,Harshil Purohit,Surat,Gujarat,PID395,Bedsheet,Home & Kitchen,Bedsheet,56170.26,4.0,5.0,UPI,Unknown,4.6,213446.99
ORD10355,2023-10-24,CUST1712,Jai Bhargava,Surat,Gujarat,PID299,Face Wash,Beauty,Face Wash,89731.87,3.0,40.0,Cash on Delivery,Returned,,161517.37
ORD14935,2024-08-06,CUST1253,Harita Venkatesh,Pune,Maharashtra,PID505,T-Shirt,Fashion,T-Shirt,13416.66,4.0,30.0,Debit Card,Unknown,3.9,37566.65
ORD12714,2024-06-24,CUST1498,Isaac Sampath,Hyderabad,Telangana,PID174,Yoga Mat,Sports,Yoga Mat,83805.53,4.0,30.0,Cash on Delivery,Cancelled,5.0,234655.48
ORD10315,2023-11-28,CUST1256,Upma Jain,Indore,Madhya Pradesh,PID265,Face Wash,Beauty,Face Wash,45134.1,5.0,30.0,Unknown,Delivered,1.7,157969.35
ORD11758,2023-11-06,CUST1961,Mekhala Dugar,Indore,Madhya Pradesh,PID251,Smartwatch,Electronics,Smartwatch,73060.31,3.0,30.0,Net Banking,Delayed,4.3,153426.65
ORD11280,2024-04-06,CUST1256,Maanav Sagar,Lucknow,Uttar Pradesh,PID169,Laptop,Electronics,Laptop,15672.34,5.0,10.0,UPI,Delayed,3.1,70525.53
ORD13048,2023-03-25,CUST1394,Omya Agate,Pune,Maharashtra,PID490,Face Wash,Beauty,Face Wash,51865.78,3.0,30.0,Debit Card,Delivered,2.7,108918.14
ORD12808,2024-09-05,CUST1076,Thomas Verma,Pune,Maharashtra,PID322,Mixer Grinder,Home & Kitchen,Mixer Grinder,35962.94,4.0,20.0,Unknown,Returned,1.9,115081.41
ORD11648,2024-10-06,CUST1613,Vivaan Baral,Hyderabad,Telangana,PID453,Shampoo,Beauty,Shampoo,83835.84,2.0,0.0,Debit Card,Cancelled,1.8,167671.68
ORD14227,2024-11-29,CUST1107,Lekha Bhatt,Mumbai,Maharashtra,PID222,Kurta,Fashion,Kurta,86490.97,1.0,10.0,Unknown,Delivered,2.8,77841.87
ORD11821,2024-06-26,CUST1533,Frederick Madan,Surat,Gujarat,PID252,Sunscreen,Beauty,Sunscreen,54772.05,4.0,0.0,Cash on Delivery,Delivered,3.0,219088.2
ORD11597,2023-08-06,CUST1386,Vamakshi Suri,Mumbai,Maharashtra,PID364,Textbook,Books,Textbook,3531.56,3.0,40.0,Net Banking,Returned,4.9,6356.81
ORD12918,2024-03-13,CUST1329,Alexander Mall,Kolkata,West Bengal,PID227,Bedsheet,Home & Kitchen,Bedsheet,10796.91,1.0,5.0,Net Banking,Delivered,2.5,10257.06
ORD13891,2024-03-05,CUST1147,Yahvi Gaba,Surat,Gujarat,PID568,Tablet,Electronics,Tablet,31425.25,2.0,40.0,Net Banking,Cancelled,4.2,37710.3
ORD11602,2024-12-20,CUST1864,Baljiwan Swamy,Indore,Madhya Pradesh,PID166,Laptop,Electronics,Laptop,67482.69,5.0,40.0,Cash on Delivery,Delivered,1.7,202448.07
ORD14708,2024-09-27,CUST1529,Ronith Nagi,Lucknow,Uttar Pradesh,PID310,Biography,Books,Biography,5075.98,3.0,0.0,UPI,Cancelled,1.5,15227.94
ORD10400,2024-09-23,CUST1857,Yachana Butala,Kolkata,West Bengal,PID287,Dumbbells,Sports,Dumbbells,50668.65,3.0,30.0,UPI,Delivered,4.1,106404.16
ORD14133,2023-09-09,CUST1210,Xalak Reddy,Delhi,Delhi,PID442,Shampoo,Beauty,Shampoo,42087.08,2.0,15.0,Credit Card,Returned,2.1,71548.04
ORD10459,2024-10-10,CUST1781,Anika Singh,Delhi,Delhi,PID384,Biography,Books,Biography,24345.48,1.0,30.0,Net Banking,Returned,4.5,17041.84
ORD14170,2023-12-14,CUST1305,Darsh Pandit,Delhi,Delhi,PID429,Biography,Books,Biography,84154.32,1.0,15.0,UPI,Unknown,4.1,71531.17
ORD13535,2024-02-24,CUST1396,Indrajit Walia,Pune,Maharashtra,PID324,Jacket,Fashion,Jacket,12147.94,5.0,10.0,UPI,Cancelled,1.2,54665.73
ORD12453,2024-01-15,CUST1459,Aarna Warrior,Mumbai,Maharashtra,PID598,Yoga Mat,Sports,Yoga Mat,37363.05,1.0,20.0,UPI,Delayed,1.2,29890.44
ORD11950,2024-08-06,CUST1908,Januja Gola,Lucknow,Uttar Pradesh,PID239,Cookware Set,Home & Kitchen,Cookware Set,18658.24,3.0,30.0,Cash on Delivery,Returned,4.0,39182.3
ORD12035,2024-12-03,CUST1333,Jagdish Gala,Surat,Gujarat,PID594,Smartwatch,Electronics,Smartwatch,41489.09,1.0,20.0,Unknown,Returned,4.4,33191.27
ORD13611,2024-11-22,CUST1282,Shravya Sant,Surat,Gujarat,PID297,Novel,Books,Novel,27259.72,1.0,15.0,Debit Card,Delivered,4.0,23170.76
ORD10376,2023-11-10,CUST1361,Hredhaan Shroff,Kolkata,West Bengal,PID245,Football,Sports,Football,53463.15,4.0,10.0,Debit Card,Unknown,2.0,192467.34
ORD10884,2024-10-26,CUST1408,Andrew Dalal,Chennai,Tamil Nadu,PID338,Mixer Grinder,Home & Kitchen,Mixer Grinder,43926.86,2.0,10.0,Credit Card,Delayed,2.6,79068.35
ORD14528,2023-03-01,CUST1650,Barkha Goda,Pune,Maharashtra,PID343,Comic,Books,Comic,54243.55,2.0,5.0,Credit Card,Unknown,1.8,103062.74
ORD10692,2024-05-16,CUST1025,Ethan Sarma,Ahmedabad,Gujarat,PID543,Tablet,Electronics,Tablet,85989.11,2.0,40.0,Cash on Delivery,Returned,2.0,103186.93
ORD13773,2024-08-28,CUST1090,Daksh Bhavsar,Indore,Madhya Pradesh,PID149,Novel,Books,Novel,4184.68,4.0,5.0,Cash on Delivery,Delayed,,15901.78
ORD10009,2023-09-03,CUST1778,Jagrati Ray,Jaipur,Rajasthan,PID372,Saree,Fashion,Saree,82676.64,1.0,20.0,UPI,Returned,4.5,66141.31
ORD13701,2023-06-28,CUST1207,Anita Varughese,Jaipur,Rajasthan,PID375,Smartwatch,Electronics,Smartwatch,88107.27,2.0,0.0,Net Banking,Cancelled,4.0,176214.54
ORD12707,2024-03-01,CUST1954,Guneet Yohannan,Indore,Madhya Pradesh,PID314,Face Wash,Beauty,Face Wash,36509.52,1.0,40.0,Credit Card,Delivered,4.9,21905.71
ORD10899,2023-04-21,CUST1327,Caleb Pant,Kolkata,West Bengal,PID396,Jeans,Fashion,Jeans,13512.57,5.0,10.0,Debit Card,Unknown,1.5,60806.57
ORD10318,2023-03-23,CUST1189,Yauvani Devan,Mumbai,Maharashtra,PID175,Sunscreen,Beauty,Sunscreen,54777.36,4.0,40.0,Debit Card,Cancelled,1.0,131465.66
ORD14969,2023-09-18,CUST1636,Chakradev Mahajan,Pune,Maharashtra,PID408,Comic,Books,Comic,45635.66,5.0,15.0,Debit Card,Delayed,2.8,193951.56
ORD11802,2024-05-25,CUST1661,Saanvi Nair,Lucknow,Uttar Pradesh,PID170,Bedsheet,Home & Kitchen,Bedsheet,30067.09,3.0,40.0,Debit Card,Unknown,3.2,54120.76
ORD13182,2024-02-26,CUST1108,Jason Brahmbhatt,Jaipur,Rajasthan,PID521,Textbook,Books,Textbook,31590.56,4.0,5.0,Cash on Delivery,Unknown,4.1,120044.13
ORD12732,2024-10-25,CUST1328,Frado Rajagopalan,Kolkata,West Bengal,PID591,Comic,Books,Comic,76094.17,2.0,15.0,UPI,Returned,3.4,129360.09
ORD10509,2023-05-08,CUST1726,Indira Dayal,Indore,Madhya Pradesh,PID350,Shampoo,Beauty,Shampoo,33677.07,5.0,0.0,Cash on Delivery,Delivered,3.3,168385.35
ORD14954,2024-12-08,CUST1089,Hemang Rau,Indore,Madhya Pradesh,PID303,Air Fryer,Home & Kitchen,Air Fryer,69008.45,2.0,10.0,Net Banking,Delivered,3.7,124215.21
ORD14359,2023-07-07,CUST1817,Anusha Boase,Surat,Gujarat,PID537,T-Shirt,Fashion,T-Shirt,4007.07,5.0,15.0,Cash on Delivery,Delivered,3.6,17030.05
ORD14134,2023-10-08,CUST1489,Yug Upadhyay,Indore,Madhya Pradesh,PID317,Cricket Bat,Sports,Cricket Bat,43050.05,4.0,5.0,Cash on Delivery,Delivered,2.9,163590.19
ORD10547,2024-11-03,CUST1203,Qushi Modi,Chennai,Tamil Nadu,PID156,Shampoo,Beauty,Shampoo,27040.75,3.0,40.0,Cash on Delivery,Delivered,1.6,48673.35
ORD12962,2024-07-12,CUST1453,Raghav Buch,Bangalore,Karnataka,PID189,Football,Sports,Football,1650.1,1.0,10.0,Net Banking,Delivered,4.8,1485.09
ORD13655,2024-08-30,CUST1052,Jairaj Nagy,Surat,Gujarat,PID349,Jacket,Fashion,Jacket,74832.28,5.0,5.0,Credit Card,Cancelled,4.0,355453.33
ORD13123,2024-09-19,CUST1359,Ayaan Mani,Kolkata,West Bengal,PID551,Jeans,Fashion,Jeans,62065.19,1.0,30.0,Cash on Delivery,Returned,2.7,43445.63
ORD13215,2024-06-01,CUST1451,Krisha Gara,Pune,Maharashtra,PID283,Air Fryer,Home & Kitchen,Air Fryer,77902.3,3.0,20.0,Net Banking,Cancelled,2.7,186965.52
ORD12653,2024-06-13,CUST1777,Arin Boase,Mumbai,Maharashtra,PID155,Bedsheet,Home & Kitchen,Bedsheet,16540.0,1.0,40.0,Net Banking,Cancelled,2.3,9924.0
ORD14787,2024-08-05,CUST1260,Wridesh Seth,Kolkata,West Bengal,PID120,Football,Sports,Football,32813.42,3.0,10.0,Unknown,Returned,1.3,88596.23
ORD12432,2023-01-15,CUST1313,Nitesh Lanka,Surat,Gujarat,PID528,Sunscreen,Beauty,Sunscreen,67484.48,1.0,15.0,Debit Card,Returned,3.8,57361.81
ORD14414,2024-06-19,CUST1523,Ira Gade,Ahmedabad,Gujarat,PID112,Comic,Books,Comic,45774.87,5.0,0.0,Credit Card,Delayed,2.1,228874.35
ORD12786,2024-01-15,CUST1324,Ishwar Bava,Mumbai,Maharashtra,PID119,Smartwatch,Electronics,Smartwatch,60461.37,1.0,25.0,Net Banking,Cancelled,1.9,45346.03
ORD11551,2024-05-02,CUST1904,Harsh Nagi,Ahmedabad,Gujarat,PID151,Shampoo,Beauty,Shampoo,22383.45,2.0,25.0,Unknown,Delivered,2.7,33575.18
ORD13962,2023-12-06,CUST1579,Ucchal Sami,Jaipur,Rajasthan,PID489,Sneakers,Fashion,Sneakers,18620.8,4.0,20.0,Debit Card,Unknown,4.8,59586.56
ORD13809,2024-06-30,CUST1780,Samar Bhargava,Mumbai,Maharashtra,PID133,Comic,Books,Comic,53660.4,1.0,20.0,Unknown,Returned,4.9,42928.32
ORD10126,2023-05-02,CUST1305,Zaid Tandon,Pune,Maharashtra,PID337,Shampoo,Beauty,Shampoo,7360.46,2.0,25.0,Unknown,Delivered,3.1,11040.69
ORD13085,2024-06-18,CUST1891,Charvi Muni,Jaipur,Rajasthan,PID468,Yoga Mat,Sports,Yoga Mat,40232.78,5.0,30.0,UPI,Delayed,3.1,140814.73
ORD13307,2024-11-05,CUST1351,Tanveer Mukherjee,Chennai,Tamil Nadu,PID255,Cricket Bat,Sports,Cricket Bat,28949.97,4.0,5.0,UPI,Delayed,3.7,110009.89
ORD14457,2023-09-06,CUST1402,Nandini Buch,Chennai,Tamil Nadu,PID419,Novel,Books,Novel,64858.5,2.0,10.0,Cash on Delivery,Delivered,,116745.3
ORD11600,2023-09-25,CUST1625,Arin Mutti,Indore,Madhya Pradesh,PID554,Tablet,Electronics,Tablet,45540.71,4.0,20.0,Debit Card,Returned,3.9,145730.27
ORD12254,2024-10-10,CUST1248,Gaurika Kakar,Mumbai,Maharashtra,PID361,Cookware Set,Home & Kitchen,Cookware Set,47595.06,2.0,15.0,UPI,Delivered,3.7,80911.6
ORD13418,2024-03-12,CUST1165,Yachana Barad,Bangalore,Karnataka,PID299,Yoga Mat,Sports,Yoga Mat,76840.64,1.0,25.0,UPI,Returned,,57630.48
ORD14273,2024-12-15,CUST1295,Faqid Amble,Pune,Maharashtra,PID480,Novel,Books,Novel,28845.78,5.0,30.0,Credit Card,Delivered,2.2,100960.23
ORD12421,2023-12-12,CUST1811,Kevin Choudhry,Kolkata,West Bengal,PID446,Shampoo,Beauty,Shampoo,25986.24,3.0,40.0,Unknown,Cancelled,1.5,46775.23
ORD11724,2023-06-07,CUST1667,Ranveer Kibe,Mumbai,Maharashtra,PID315,Cookware Set,Home & Kitchen,Cookware Set,78678.97,1.0,20.0,Net Banking,Unknown,3.4,62943.18
ORD11158,2024-06-16,CUST1410,Ikbal Dani,Pune,Maharashtra,PID393,Comic,Books,Comic,35267.28,2.0,10.0,Credit Card,Delivered,3.5,63481.1
ORD11845,2024-05-14,CUST1966,Jagrati Batta,Chennai,Tamil Nadu,PID467,Comic,Books,Comic,52504.13,2.0,0.0,Credit Card,Delivered,3.5,105008.26
ORD13131,2023-03-02,CUST1478,Gavin Chanda,Ahmedabad,Gujarat,PID230,Mixer Grinder,Home & Kitchen,Mixer Grinder,60982.65,4.0,30.0,Net Banking,Cancelled,4.3,170751.42
ORD12739,2024-12-06,CUST1395,Mahika Kuruvilla,Hyderabad,Telangana,PID224,Lipstick,Beauty,Lipstick,62542.85,3.0,40.0,Cash on Delivery,Delayed,1.6,112577.13
ORD12040,2023-06-09,CUST1541,Vrinda Bath,Jaipur,Rajasthan,PID257,Novel,Books,Novel,49180.92,5.0,15.0,Debit Card,Delayed,4.5,209018.91
ORD11159,2023-03-11,CUST1876,Nimrat Patel,Ahmedabad,Gujarat,PID318,Laptop,Electronics,Laptop,79021.65,3.0,40.0,Cash on Delivery,Delivered,1.5,142238.97
ORD10634,2024-02-05,CUST1468,Ronith Johal,Kolkata,West Bengal,PID161,Yoga Mat,Sports,Yoga Mat,43319.91,5.0,20.0,Cash on Delivery,Delivered,4.2,173279.64
ORD11417,2023-02-20,CUST1616,Widisha Grover,Surat,Gujarat,PID138,Face Wash,Beauty,Face Wash,82789.2,2.0,25.0,Debit Card,Returned,3.1,124183.8
ORD12701,2023-08-19,CUST1954,Bhavini Shanker,Jaipur,Rajasthan,PID408,Perfume,Beauty,Perfume,56737.04,5.0,15.0,Unknown,Cancelled,2.8,241132.42
ORD12472,2023-09-20,CUST1831,Joshua Nanda,Bangalore,Karnataka,PID265,Face Wash,Beauty,Face Wash,87238.31,1.0,20.0,Net Banking,Returned,1.1,69790.65
ORD10508,2024-04-25,CUST1414,Vidhi Vohra,Kolkata,West Bengal,PID573,Air Fryer,Home & Kitchen,Air Fryer,27630.38,4.0,10.0,Net Banking,Returned,,99469.37
ORD12832,2023-12-16,CUST1387,Isaac Mandal,Delhi,Delhi,PID577,Shampoo,Beauty,Shampoo,10162.28,4.0,5.0,Credit Card,Delivered,1.5,38616.66
ORD10245,2024-10-22,CUST1365,Noah Mistry,Ahmedabad,Gujarat,PID165,Comic,Books,Comic,10448.84,1.0,40.0,UPI,Delivered,,6269.3
ORD11169,2024-06-04,CUST1880,Abhimanyu Gaba,Hyderabad,Telangana,PID291,Jeans,Fashion,Jeans,26604.32,1.0,40.0,Cash on Delivery,Delivered,,15962.59
ORD11416,2023-09-27,CUST1065,Henry Sule,Kolkata,West Bengal,PID257,Tablet,Electronics,Tablet,55665.38,5.0,20.0,Credit Card,Delivered,2.5,222661.52
ORD13318,2024-03-26,CUST1514,Oscar Wable,Chennai,Tamil Nadu,PID540,Kurta,Fashion,Kurta,82609.65,5.0,10.0,UPI,Cancelled,1.4,371743.42
ORD14605,2024-05-21,CUST1547,Chavvi Sheth,Kolkata,West Bengal,PID406,Bedsheet,Home & Kitchen,Bedsheet,55134.13,1.0,15.0,Cash on Delivery,Delivered,3.3,46864.01
ORD13505,2023-07-23,CUST1084,Chaitaly Pillai,Kolkata,West Bengal,PID479,Laptop,Electronics,Laptop,67376.19,2.0,10.0,Credit Card,Delayed,,121277.14
ORD14585,2024-04-12,CUST1514,Matthew Bajaj,Pune,Maharashtra,PID595,T-Shirt,Fashion,T-Shirt,76565.97,1.0,10.0,Debit Card,Delayed,2.3,68909.37
ORD10301,2024-07-28,CUST1701,Qarin Mohanty,Indore,Madhya Pradesh,PID573,Biography,Books,Biography,11864.21,4.0,15.0,UPI,Delivered,3.9,40338.31
ORD12321,2024-09-28,CUST1076,Vanya Sodhi,Lucknow,Uttar Pradesh,PID533,Football,Sports,Football,47203.14,1.0,20.0,Net Banking,Returned,3.2,37762.51
ORD14405,2024-01-13,CUST1090,Shravya Narain,Kolkata,West Bengal,PID140,Cookware Set,Home & Kitchen,Cookware Set,80274.74,2.0,25.0,Cash on Delivery,Unknown,4.4,120412.11
ORD11704,2023-01-04,CUST1165,Ojasvi Dewan,Indore,Madhya Pradesh,PID403,Saree,Fashion,Saree,64920.21,2.0,40.0,Cash on Delivery,Cancelled,3.3,77904.25
ORD14806,2023-09-07,CUST1664,Kavya Jayaraman,Indore,Madhya Pradesh,PID563,Dumbbells,Sports,Dumbbells,260.14,2.0,5.0,Debit Card,Unknown,1.8,494.27
ORD12774,2024-06-04,CUST1248,Damini Barad,Delhi,Delhi,PID490,Perfume,Beauty,Perfume,31814.45,2.0,40.0,UPI,Returned,3.3,38177.34
ORD12636,2023-05-04,CUST1924,Yagnesh Munshi,Mumbai,Maharashtra,PID579,Lipstick,Beauty,Lipstick,40154.29,2.0,20.0,Cash on Delivery,Unknown,4.9,64246.86
ORD12904,2023-06-28,CUST1514,Amara Anne,Indore,Madhya Pradesh,PID153,Sneakers,Fashion,Sneakers,51733.6,3.0,40.0,Net Banking,Unknown,3.1,93120.48
ORD13640,2023-03-08,CUST1981,Baghyawati Kapadia,Hyderabad,Telangana,PID596,Biography,Books,Biography,74889.6,1.0,30.0,Cash on Delivery,Returned,,52422.72
ORD14452,2023-04-28,CUST1512,Ekbal Buch,Pune,Maharashtra,PID321,Jacket,Fashion,Jacket,74816.28,3.0,10.0,Net Banking,Cancelled,3.3,202003.96
ORD10863,2023-05-11,CUST1613,Hema Hari,Ahmedabad,Gujarat,PID366,Face Wash,Beauty,Face Wash,60498.29,5.0,15.0,Cash on Delivery,Returned,4.8,257117.73
ORD13219,2023-02-26,CUST1683,Dayita Balay,Delhi,Delhi,PID465,Laptop,Electronics,Laptop,47220.08,2.0,30.0,Net Banking,Returned,3.7,66108.11
ORD13387,2024-09-23,CUST1710,Dayita Kamdar,Indore,Madhya Pradesh,PID190,Football,Sports,Football,2741.13,5.0,5.0,Net Banking,Delayed,3.8,13020.37
ORD11141,2024-04-16,CUST1557,Ridhi Toor,Lucknow,Uttar Pradesh,PID315,T-Shirt,Fashion,T-Shirt,88660.33,4.0,0.0,Net Banking,Cancelled,3.8,354641.32
ORD13777,2023-10-05,CUST1560,Gautam Wadhwa,Pune,Maharashtra,PID424,Shampoo,Beauty,Shampoo,53450.62,2.0,25.0,Cash on Delivery,Unknown,2.5,80175.93
ORD12390,2023-09-16,CUST1114,Lajita Pant,Pune,Maharashtra,PID179,Comic,Books,Comic,54306.03,3.0,30.0,Credit Card,Delivered,4.7,114042.66
ORD14443,2024-01-11,CUST1170,Rushil Bobal,Lucknow,Uttar Pradesh,PID473,Headphones,Electronics,Headphones,21025.32,2.0,15.0,Unknown,Delayed,4.4,35743.04
ORD12175,2023-11-26,CUST1656,Atharv Dutt,Mumbai,Maharashtra,PID404,Textbook,Books,Textbook,58589.48,1.0,15.0,Credit Card,Delayed,4.6,49801.06
ORD12787,2024-06-18,CUST1272,Advika Seth,Mumbai,Maharashtra,PID468,Shampoo,Beauty,Shampoo,69403.37,1.0,20.0,UPI,Cancelled,4.7,55522.7
ORD14785,2023-02-05,CUST1766,Parth Lall,Lucknow,Uttar Pradesh,PID541,Football,Sports,Football,55515.25,5.0,10.0,Debit Card,Delivered,1.1,249818.62
ORD14818,2023-08-09,CUST1971,Zilmil Misra,Mumbai,Maharashtra,PID441,Face Wash,Beauty,Face Wash,44524.45,5.0,10.0,UPI,Delivered,3.8,200360.02
ORD14454,2023-11-17,CUST1315,Isha Naidu,Bangalore,Karnataka,PID335,Headphones,Electronics,Headphones,69647.18,4.0,5.0,UPI,Delivered,3.1,264659.28
ORD12289,2023-09-12,CUST1225,Chavvi Bhasin,Ahmedabad,Gujarat,PID105,Smartwatch,Electronics,Smartwatch,36124.4,2.0,5.0,Credit Card,Cancelled,2.9,68636.36
ORD13095,2023-05-26,CUST1956,Mohammed Loke,Indore,Madhya Pradesh,PID223,Face Wash,Beauty,Face Wash,5675.65,5.0,40.0,Cash on Delivery,Returned,1.6,17026.95
ORD14597,2024-07-17,CUST1453,Onkar Suresh,Indore,Madhya Pradesh,PID181,Shampoo,Beauty,Shampoo,74354.71,2.0,5.0,Cash on Delivery,Cancelled,3.3,141273.95
ORD10397,2024-10-05,CUST1391,Radhika Sachdeva,Jaipur,Rajasthan,PID409,Shampoo,Beauty,Shampoo,25208.32,3.0,15.0,UPI,Delayed,1.1,64281.22
ORD10929,2023-08-25,CUST1697,Veer Randhawa,Chennai,Tamil Nadu,PID599,Saree,Fashion,Saree,44459.58,1.0,10.0,Net Banking,Returned,1.2,40013.62
ORD12709,2023-12-18,CUST1493,Vrishti Gade,Hyderabad,Telangana,PID515,Water Bottle,Home & Kitchen,Water Bottle,38581.66,4.0,10.0,Net Banking,Cancelled,2.8,138893.98
ORD11815,2024-01-11,CUST1059,Anamika Pillai,Indore,Madhya Pradesh,PID245,Face Wash,Beauty,Face Wash,10797.21,4.0,5.0,Unknown,Delivered,2.9,41029.4
ORD10282,2023-10-06,CUST1995,Naksh Pradhan,Pune,Maharashtra,PID152,Comic,Books,Comic,17041.86,1.0,40.0,Credit Card,Delivered,3.0,10225.12
ORD13864,2023-03-30,CUST1187,Aarna Krishna,Ahmedabad,Gujarat,PID257,Headphones,Electronics,Headphones,74251.06,1.0,25.0,UPI,Delayed,1.8,55688.3
ORD14244,2024-10-21,CUST1342,Anay Vyas,Delhi,Delhi,PID537,Air Fryer,Home & Kitchen,Air Fryer,61289.52,1.0,20.0,Credit Card,Delayed,,49031.62
ORD10737,2024-06-10,CUST1694,Mohini Jha,Mumbai,Maharashtra,PID387,Dumbbells,Sports,Dumbbells,22769.54,2.0,40.0,Net Banking,Delivered,3.6,27323.45
ORD12461,2023-03-23,CUST1181,Abha Saha,Kolkata,West Bengal,PID448,Kurta,Fashion,Kurta,38071.36,1.0,25.0,UPI,Unknown,3.0,28553.52
ORD11579,2024-12-15,CUST1505,Zansi Chand,Indore,Madhya Pradesh,PID278,Saree,Fashion,Saree,63990.88,1.0,10.0,UPI,Delayed,4.1,57591.79
ORD10340,2024-09-30,CUST1190,Oviya Manne,Bangalore,Karnataka,PID317,Shampoo,Beauty,Shampoo,7757.01,4.0,30.0,Cash on Delivery,Delayed,3.0,21719.63
ORD14263,2024-09-17,CUST1276,Advik Bawa,Lucknow,Uttar Pradesh,PID118,Bluetooth Speaker,Electronics,Bluetooth Speaker,57498.78,3.0,25.0,Cash on Delivery,Delivered,2.1,129372.26
ORD10462,2023-08-04,CUST1463,Qarin Dhar,Hyderabad,Telangana,PID239,Novel,Books,Novel,8210.9,5.0,30.0,Unknown,Delivered,4.8,28738.15
ORD10898,2024-06-05,CUST1682,Robert Wali,Mumbai,Maharashtra,PID267,Football,Sports,Football,35496.4,4.0,25.0,Cash on Delivery,Unknown,3.6,106489.2
ORD11750,2024-06-04,CUST1025,Fitan Raman,Hyderabad,Telangana,PID127,Air Fryer,Home & Kitchen,Air Fryer,85559.9,5.0,20.0,Unknown,Delivered,,342239.6
ORD10179,2024-11-09,CUST1851,Falguni Gopal,Delhi,Delhi,PID476,Tablet,Electronics,Tablet,45562.68,5.0,30.0,Debit Card,Unknown,1.9,159469.38
ORD13636,2023-10-08,CUST1690,Qasim Boase,Jaipur,Rajasthan,PID521,Tablet,Electronics,Tablet,54627.79,1.0,40.0,Unknown,Unknown,2.0,32776.67
ORD13598,2024-07-19,CUST1822,Inaya Dube,Chennai,Tamil Nadu,PID144,Biography,Books,Biography,79989.83,1.0,40.0,Debit Card,Delivered,4.1,47993.9
ORD13520,2023-05-27,CUST1621,Zehaan Swaminathan,Ahmedabad,Gujarat,PID146,Cookware Set,Home & Kitchen,Cookware Set,60621.79,3.0,0.0,Net Banking,Delivered,,181865.37
ORD11068,2024-01-31,CUST1295,Matthew Barad,Kolkata,West Bengal,PID131,Dumbbells,Sports,Dumbbells,39142.25,5.0,40.0,Credit Card,Delivered,3.2,117426.75
ORD10803,2024-07-31,CUST1702,Vinaya Sridhar,Lucknow,Uttar Pradesh,PID415,Face Wash,Beauty,Face Wash,5398.82,2.0,0.0,Cash on Delivery,Cancelled,1.1,10797.64
ORD10820,2024-06-02,CUST1007,Eshana Gour,Chennai,Tamil Nadu,PID435,Jeans,Fashion,Jeans,68102.32,5.0,30.0,Debit Card,Returned,1.9,238358.12
ORD12307,2024-10-31,CUST1727,Zayyan Bose,Kolkata,West Bengal,PID507,Perfume,Beauty,Perfume,11481.04,4.0,10.0,Cash on Delivery,Returned,1.8,41331.74
ORD10207,2023-12-24,CUST1104,Ojasvi Nayak,Ahmedabad,Gujarat,PID103,Novel,Books,Novel,22827.28,3.0,30.0,Net Banking,Unknown,1.9,47937.29
ORD11052,2023-09-22,CUST1717,Zayan Keer,Ahmedabad,Gujarat,PID248,Bedsheet,Home & Kitchen,Bedsheet,17427.03,4.0,25.0,Unknown,Delivered,4.5,52281.09
ORD10452,2023-01-29,CUST1187,Shravya Kumer,Mumbai,Maharashtra,PID519,Comic,Books,Comic,47121.56,3.0,40.0,UPI,Delivered,1.6,84818.81
ORD11342,2023-05-11,CUST1599,Zaid Nigam,Kolkata,West Bengal,PID137,Dumbbells,Sports,Dumbbells,22501.96,4.0,15.0,Cash on Delivery,Cancelled,1.2,76506.66
ORD12991,2023-02-23,CUST1060,Shravya Bora,Pune,Maharashtra,PID159,Mixer Grinder,Home & Kitchen,Mixer Grinder,36601.24,1.0,0.0,Credit Card,Delayed,,36601.24
ORD10940,2024-03-25,CUST1153,Advay Kakar,Indore,Madhya Pradesh,PID280,Cookware Set,Home & Kitchen,Cookware Set,72746.3,2.0,5.0,Unknown,Returned,3.2,138217.97
ORD10070,2023-11-17,CUST1093,Mason Bhatia,Pune,Maharashtra,PID525,Textbook,Books,Textbook,40722.21,4.0,5.0,Credit Card,Returned,3.7,154744.4
ORD12271,2023-11-16,CUST1082,Ranveer Rattan,Pune,Maharashtra,PID423,Jacket,Fashion,Jacket,87075.14,2.0,30.0,Unknown,Delayed,3.1,121905.2
ORD12433,2024-09-09,CUST1078,Oni Arya,Ahmedabad,Gujarat,PID440,Lipstick,Beauty,Lipstick,24181.7,5.0,30.0,Debit Card,Delivered,1.4,84635.95
ORD11326,2024-12-14,CUST1864,Charan Bali,Mumbai,Maharashtra,PID261,Water Bottle,Home & Kitchen,Water Bottle,34940.89,2.0,10.0,Cash on Delivery,Delayed,3.5,62893.6
ORD13748,2024-06-10,CUST1676,Utkarsh Ghose,Delhi,Delhi,PID269,Textbook,Books,Textbook,65985.2,2.0,25.0,Net Banking,Returned,2.0,98977.8
ORD10572,2023-02-27,CUST1988,Aarav Ranganathan,Kolkata,West Bengal,PID317,Kurta,Fashion,Kurta,13101.0,4.0,15.0,Credit Card,Delayed,1.5,44543.4
ORD10119,2024-10-25,CUST1625,Wriddhish Bal,Bangalore,Karnataka,PID538,Biography,Books,Biography,76617.72,1.0,40.0,Debit Card,Cancelled,1.7,45970.63
ORD13583,2024-09-10,CUST1529,Andrew Jayaraman,Surat,Gujarat,PID306,Dumbbells,Sports,Dumbbells,73954.96,4.0,10.0,Debit Card,Delivered,1.3,266237.86
ORD13515,2024-05-20,CUST1654,Manthan Karpe,Mumbai,Maharashtra,PID123,Kurta,Fashion,Kurta,80801.88,2.0,15.0,Net Banking,Delivered,2.3,137363.2
ORD12983,2024-04-11,CUST1193,Veda Balakrishnan,Pune,Maharashtra,PID595,Cricket Bat,Sports,Cricket Bat,21373.29,5.0,40.0,UPI,Cancelled,4.8,64119.87
ORD13178,2024-10-02,CUST1888,Isaac Nath,Delhi,Delhi,PID244,Novel,Books,Novel,63112.43,2.0,0.0,Debit Card,Cancelled,1.0,126224.86
ORD10859,2023-03-30,CUST1068,Mugdha Johal,Kolkata,West Bengal,PID597,Bedsheet,Home & Kitchen,Bedsheet,36209.23,2.0,10.0,Net Banking,Delivered,3.7,65176.61
ORD12058,2023-03-14,CUST1195,Hardik Choudhury,Kolkata,West Bengal,PID263,Kurta,Fashion,Kurta,69628.58,5.0,15.0,Net Banking,Delivered,3.9,295921.47
ORD12055,2023-05-29,CUST1354,Shivansh Desai,Mumbai,Maharashtra,PID248,Jacket,Fashion,Jacket,79439.91,5.0,40.0,Debit Card,Delivered,2.8,238319.73
ORD11842,2024-10-26,CUST1807,Anusha Sarin,Lucknow,Uttar Pradesh,PID398,Sunscreen,Beauty,Sunscreen,65421.11,5.0,40.0,Net Banking,Cancelled,1.4,196263.33
ORD10297,2023-06-09,CUST1584,Robert Doshi,Jaipur,Rajasthan,PID304,Football,Sports,Football,46087.74,1.0,25.0,Credit Card,Delivered,2.5,34565.8
ORD13367,2024-11-26,CUST1299,Zinal Barad,Hyderabad,Telangana,PID304,Air Fryer,Home & Kitchen,Air Fryer,65943.03,3.0,20.0,UPI,Returned,4.8,158263.27
ORD10277,2023-04-17,CUST1755,Vritti Nath,Delhi,Delhi,PID245,Smartphone,Electronics,Smartphone,84320.91,4.0,5.0,Cash on Delivery,Delivered,1.6,320419.46
ORD11359,2024-07-11,CUST1455,Yashodhara Chakraborty,Surat,Gujarat,PID373,Novel,Books,Novel,18929.2,1.0,25.0,Unknown,Returned,3.7,14196.9
ORD11990,2023-01-31,CUST1308,Lajita Seth,Pune,Maharashtra,PID163,Comic,Books,Comic,59360.34,3.0,25.0,Debit Card,Cancelled,4.1,133560.76
ORD14561,2023-11-24,CUST1262,Mekhala Subramaniam,Ahmedabad,Gujarat,PID383,Comic,Books,Comic,68087.85,4.0,30.0,Credit Card,Delivered,4.9,190645.98
ORD11001,2024-10-03,CUST1268,Mason Rajagopalan,Bangalore,Karnataka,PID350,Bluetooth Speaker,Electronics,Bluetooth Speaker,17259.57,2.0,0.0,UPI,Delivered,1.4,34519.14
ORD11986,2024-03-30,CUST1714,Bhavna Garde,Surat,Gujarat,PID509,Textbook,Books,Textbook,23089.39,2.0,0.0,Debit Card,Unknown,2.7,46178.78
ORD11902,2023-09-10,CUST1540,Bimala Gala,Kolkata,West Bengal,PID271,Kurta,Fashion,Kurta,37666.97,5.0,30.0,UPI,Returned,3.3,131834.39
ORD14084,2024-08-01,CUST1391,Robert Zacharia,Indore,Madhya Pradesh,PID147,Novel,Books,Novel,8521.52,4.0,15.0,Unknown,Delayed,3.9,28973.17
ORD12448,2023-11-17,CUST1940,Yash Srinivasan,Kolkata,West Bengal,PID282,Jeans,Fashion,Jeans,5648.83,2.0,25.0,UPI,Delivered,2.8,8473.24
ORD11213,2023-08-11,CUST1591,Ijaya Guha,Kolkata,West Bengal,PID225,Sneakers,Fashion,Sneakers,68485.37,5.0,10.0,Cash on Delivery,Unknown,1.8,308184.16
ORD14892,2023-12-30,CUST1059,Abhiram Palla,Chennai,Tamil Nadu,PID380,Mixer Grinder,Home & Kitchen,Mixer Grinder,58296.04,3.0,30.0,Unknown,Returned,3.2,122421.68
ORD10194,2023-03-18,CUST1031,Udant Shanker,Mumbai,Maharashtra,PID320,Headphones,Electronics,Headphones,28786.71,2.0,10.0,Net Banking,Cancelled,4.6,51816.08
ORD12159,2024-04-23,CUST1426,Chaman Morar,Jaipur,Rajasthan,PID303,Air Fryer,Home & Kitchen,Air Fryer,73830.38,1.0,20.0,Debit Card,Returned,4.1,59064.3
ORD11855,2023-08-27,CUST1785,Ekavir Soni,Jaipur,Rajasthan,PID451,Smartphone,Electronics,Smartphone,81018.99,1.0,20.0,UPI,Delivered,3.0,64815.19
ORD10496,2023-01-19,CUST1687,Rachita Parikh,Surat,Gujarat,PID490,Tablet,Electronics,Tablet,21920.08,3.0,10.0,Unknown,Delayed,1.7,59184.22
ORD14250,2024-07-29,CUST1662,Yagnesh Batra,Kolkata,West Bengal,PID508,Tablet,Electronics,Tablet,10194.06,4.0,30.0,Net Banking,Returned,3.5,28543.37
ORD14615,2023-08-01,CUST1052,Krishna Mohan,Ahmedabad,Gujarat,PID454,Comic,Books,Comic,55298.07,5.0,15.0,UPI,Delayed,1.3,235016.8
ORD14065,2024-02-15,CUST1656,Omisha Sura,Hyderabad,Telangana,PID261,Cookware Set,Home & Kitchen,Cookware Set,3511.66,4.0,40.0,Unknown,Delivered,2.9,8427.98
ORD12273,2024-04-09,CUST1782,Sathvik Varkey,Hyderabad,Telangana,PID528,Saree,Fashion,Saree,32750.56,1.0,25.0,Credit Card,Delivered,4.7,24562.92
ORD11741,2023-08-20,CUST1695,Gagan Jain,Indore,Madhya Pradesh,PID294,Lipstick,Beauty,Lipstick,6484.12,1.0,0.0,Net Banking,Delivered,4.4,6484.12
ORD11170,2024-05-23,CUST1970,Suhani Dutta,Jaipur,Rajasthan,PID549,Biography,Books,Biography,61639.27,3.0,40.0,Cash on Delivery,Returned,3.8,110950.69
ORD11256,2024-05-18,CUST1547,Amaira Ben,Lucknow,Uttar Pradesh,PID186,Smartphone,Electronics,Smartphone,8066.92,2.0,20.0,Cash on Delivery,Delivered,2.0,12907.07
ORD14358,2024-10-07,CUST1811,Ethan Chokshi,Bangalore,Karnataka,PID277,Laptop,Electronics,Laptop,50192.18,5.0,15.0,Credit Card,Cancelled,,213316.76
ORD12853,2023-08-29,CUST1451,Michael Ramakrishnan,Delhi,Delhi,PID451,Football,Sports,Football,7387.58,2.0,0.0,Cash on Delivery,Unknown,,14775.16
ORD11309,2023-03-31,CUST1174,Hemangini Rau,Bangalore,Karnataka,PID525,Comic,Books,Comic,58203.8,2.0,20.0,UPI,Cancelled,3.3,93126.08
ORD12785,2024-08-05,CUST1133,Priya Tank,Delhi,Delhi,PID137,Jacket,Fashion,Jacket,65917.09,2.0,20.0,Debit Card,Delivered,1.1,105467.34
ORD13637,2024-05-25,CUST1549,Chakradev Contractor,Jaipur,Rajasthan,PID215,Face Wash,Beauty,Face Wash,67129.23,3.0,40.0,Net Banking,Delivered,4.8,120832.61
ORD13642,2023-08-02,CUST1231,Vedhika Salvi,Kolkata,West Bengal,PID135,Tablet,Electronics,Tablet,31840.04,5.0,20.0,Debit Card,Delivered,3.4,127360.16
ORD10136,2024-11-06,CUST1293,Jairaj Tandon,Delhi,Delhi,PID108,Yoga Mat,Sports,Yoga Mat,63689.19,3.0,40.0,UPI,Delivered,1.0,114640.54
ORD10978,2024-06-11,CUST1768,Leena Setty,Ahmedabad,Gujarat,PID330,Dumbbells,Sports,Dumbbells,68245.38,5.0,5.0,UPI,Delivered,3.7,324165.56
ORD12798,2024-11-20,CUST1919,Kavya Gara,Lucknow,Uttar Pradesh,PID347,Biography,Books,Biography,38180.81,1.0,0.0,Unknown,Returned,1.1,38180.81
ORD12087,2024-01-10,CUST1126,Hemang Memon,Surat,Gujarat,PID526,T-Shirt,Fashion,T-Shirt,27939.88,4.0,15.0,Debit Card,Unknown,3.2,94995.59
ORD14175,2024-06-24,CUST1901,Advika Bir,Bangalore,Karnataka,PID391,Shampoo,Beauty,Shampoo,26718.92,2.0,0.0,Cash on Delivery,Delivered,4.0,53437.84
ORD14764,2024-02-10,CUST1562,Urvashi Mangat,Surat,Gujarat,PID412,Cookware Set,Home & Kitchen,Cookware Set,29271.01,4.0,25.0,Net Banking,Delivered,1.8,87813.03
ORD11813,2024-08-14,CUST1901,Pavani Sani,Jaipur,Rajasthan,PID189,Dumbbells,Sports,Dumbbells,46450.7,4.0,40.0,Net Banking,Cancelled,3.5,111481.68
ORD13837,2023-01-02,CUST1416,Chaitanya Saran,Delhi,Delhi,PID234,Jacket,Fashion,Jacket,73275.56,1.0,5.0,Net Banking,Cancelled,4.8,69611.78
ORD12639,2024-12-10,CUST1080,Hardik Srinivasan,Indore,Madhya Pradesh,PID234,Air Fryer,Home & Kitchen,Air Fryer,16734.8,1.0,20.0,Cash on Delivery,Delivered,4.7,13387.84
ORD13788,2024-07-21,CUST1018,Aadi Sani,Surat,Gujarat,PID531,Water Bottle,Home & Kitchen,Water Bottle,78902.42,2.0,25.0,Debit Card,Cancelled,3.3,118353.63
ORD13967,2023-08-26,CUST1616,Lajita Parmer,Jaipur,Rajasthan,PID209,Football,Sports,Football,16628.37,1.0,0.0,UPI,Delayed,,16628.37
ORD13086,2024-05-17,CUST1556,Neel Aggarwal,Delhi,Delhi,PID599,Sunscreen,Beauty,Sunscreen,82007.89,2.0,0.0,Unknown,Cancelled,3.5,164015.78
ORD13547,2023-07-11,CUST1571,Finn Bahl,Ahmedabad,Gujarat,PID287,Textbook,Books,Textbook,67909.38,5.0,5.0,Cash on Delivery,Unknown,,322569.56
ORD10755,2024-12-12,CUST1632,Ekanta Edwin,Mumbai,Maharashtra,PID312,Bedsheet,Home & Kitchen,Bedsheet,12795.11,2.0,10.0,Credit Card,Unknown,1.2,23031.2
ORD12514,2024-07-09,CUST1163,Ikbal Sinha,Lucknow,Uttar Pradesh,PID361,Smartphone,Electronics,Smartphone,49155.91,3.0,15.0,Cash on Delivery,Delivered,1.0,125347.57
ORD11848,2023-12-28,CUST1912,Bina Sandhu,Pune,Maharashtra,PID275,Headphones,Electronics,Headphones,33018.42,4.0,20.0,Net Banking,Delivered,2.4,105658.94
ORD12114,2023-08-10,CUST1441,Yatin Soni,Delhi,Delhi,PID479,Perfume,Beauty,Perfume,45434.73,4.0,25.0,Debit Card,Cancelled,1.2,136304.19
ORD10837,2023-08-02,CUST1920,Sathvik Bahri,Mumbai,Maharashtra,PID524,Air Fryer,Home & Kitchen,Air Fryer,60317.34,1.0,0.0,UPI,Cancelled,3.0,60317.34
ORD11771,2024-07-31,CUST1065,Neel Bava,Lucknow,Uttar Pradesh,PID345,Textbook,Books,Textbook,74777.46,3.0,5.0,Cash on Delivery,Delivered,4.3,213115.76
ORD12355,2023-06-26,CUST1484,Omisha Mangal,Delhi,Delhi,PID323,Comic,Books,Comic,32469.6,5.0,20.0,Net Banking,Delivered,,129878.4
ORD13551,2023-09-12,CUST1995,Jagdish Tella,Ahmedabad,Gujarat,PID272,Bluetooth Speaker,Electronics,Bluetooth Speaker,62050.51,2.0,10.0,Debit Card,Delivered,,111690.92
ORD10972,2024-01-29,CUST1406,Abeer Chad,Chennai,Tamil Nadu,PID579,Textbook,Books,Textbook,1898.7,4.0,40.0,Net Banking,Delivered,4.9,4556.88
ORD11380,2023-05-20,CUST1433,Omya Basu,Lucknow,Uttar Pradesh,PID415,Lipstick,Beauty,Lipstick,83984.73,3.0,0.0,Debit Card,Returned,1.7,251954.19
ORD10546,2023-03-28,CUST1256,Praneel Dewan,Chennai,Tamil Nadu,PID215,Smartphone,Electronics,Smartphone,80134.14,1.0,15.0,Cash on Delivery,Delivered,4.6,68114.02
ORD10516,2024-01-05,CUST1003,Nilima Kant,Kolkata,West Bengal,PID333,Air Fryer,Home & Kitchen,Air Fryer,68158.51,3.0,15.0,Debit Card,Unknown,,173804.2
ORD10362,2023-05-01,CUST1788,Laban Sule,Delhi,Delhi,PID420,Sunscreen,Beauty,Sunscreen,56503.17,1.0,15.0,Net Banking,Cancelled,4.9,48027.69
ORD14658,2024-12-01,CUST1847,Edhitha Wali,Surat,Gujarat,PID465,Face Wash,Beauty,Face Wash,44022.66,5.0,30.0,Debit Card,Delivered,3.1,154079.31
ORD12963,2024-04-13,CUST1388,Chakrika Bhatti,Mumbai,Maharashtra,PID436,Bedsheet,Home & Kitchen,Bedsheet,63592.36,1.0,15.0,UPI,Unknown,2.8,54053.51
ORD13210,2024-02-11,CUST1770,Naveen Mane,Lucknow,Uttar Pradesh,PID120,Tablet,Electronics,Tablet,6977.48,5.0,20.0,Net Banking,Delivered,,27909.92
ORD13311,2024-09-04,CUST1919,Yashasvi Dyal,Surat,Gujarat,PID209,Novel,Books,Novel,52197.84,3.0,40.0,Net Banking,Cancelled,2.1,93956.11
ORD14612,2024-07-26,CUST1223,Aachal Minhas,Mumbai,Maharashtra,PID218,Shampoo,Beauty,Shampoo,77100.64,2.0,10.0,UPI,Delivered,4.3,138781.15
ORD11286,2023-02-28,CUST1857,Irya Jaggi,Surat,Gujarat,PID382,Perfume,Beauty,Perfume,79847.6,4.0,10.0,Debit Card,Delivered,1.6,287451.36
ORD13445,2023-11-24,CUST1814,Yutika Sant,Surat,Gujarat,PID298,Lipstick,Beauty,Lipstick,26884.85,4.0,30.0,Cash on Delivery,Delivered,2.4,75277.58
ORD14609,2023-05-07,CUST1842,Yasti Parmar,Hyderabad,Telangana,PID181,Novel,Books,Novel,27224.65,2.0,15.0,Unknown,Cancelled,3.5,46281.9
ORD12680,2023-02-24,CUST1651,Bakhshi Parekh,Chennai,Tamil Nadu,PID433,Bedsheet,Home & Kitchen,Bedsheet,40380.11,2.0,25.0,UPI,Cancelled,,60570.16
ORD12121,2023-09-02,CUST1501,Joshua Sahni,Hyderabad,Telangana,PID509,Dumbbells,Sports,Dumbbells,80272.59,4.0,30.0,UPI,Delivered,3.8,224763.25
ORD10269,2023-02-25,CUST1881,Sai Grover,Hyderabad,Telangana,PID451,Sunscreen,Beauty,Sunscreen,44248.86,3.0,10.0,UPI,Cancelled,2.7,119471.92
ORD11884,2023-09-21,CUST1776,Upadhriti Bal,Indore,Madhya Pradesh,PID395,Smartwatch,Electronics,Smartwatch,51980.67,1.0,30.0,UPI,Cancelled,3.9,36386.47
ORD10215,2024-03-20,CUST1970,Harish Vala,Bangalore,Karnataka,PID564,Comic,Books,Comic,6016.04,4.0,25.0,Cash on Delivery,Delivered,5.0,18048.12
ORD13003,2024-11-19,CUST1948,Anvi Sant,Pune,Maharashtra,PID192,Cookware Set,Home & Kitchen,Cookware Set,47788.2,5.0,40.0,Cash on Delivery,Cancelled,1.2,143364.6
ORD11152,2023-01-29,CUST1751,Abha Morar,Pune,Maharashtra,PID542,Water Bottle,Home & Kitchen,Water Bottle,76365.85,5.0,0.0,Credit Card,Unknown,3.9,381829.25
ORD12854,2024-06-27,CUST1604,Lila Mohanty,Surat,Gujarat,PID107,Tablet,Electronics,Tablet,88560.04,3.0,30.0,Credit Card,Cancelled,1.2,185976.08
ORD14664,2023-09-11,CUST1136,Janaki Pall,Hyderabad,Telangana,PID565,Headphones,Electronics,Headphones,43137.04,5.0,0.0,UPI,Unknown,1.4,215685.2
ORD10228,2023-04-20,CUST1733,Oliver Pandya,Jaipur,Rajasthan,PID273,Football,Sports,Football,47050.36,2.0,30.0,Cash on Delivery,Delivered,1.8,65870.5
ORD10253,2024-11-22,CUST1130,Sathvik Sarraf,Lucknow,Uttar Pradesh,PID393,Kurta,Fashion,Kurta,64599.65,3.0,40.0,Cash on Delivery,Delivered,1.8,116279.37
ORD10644,2023-08-30,CUST1072,Nikita Lad,Chennai,Tamil Nadu,PID586,Cookware Set,Home & Kitchen,Cookware Set,79939.32,3.0,0.0,Net Banking,Returned,4.2,239817.96
ORD11505,2023-04-16,CUST1860,Jacob Devi,Hyderabad,Telangana,PID517,Sneakers,Fashion,Sneakers,41308.62,1.0,0.0,Debit Card,Delayed,3.1,41308.62
ORD13510,2024-11-04,CUST1194,Warinder Mital,Indore,Madhya Pradesh,PID378,Textbook,Books,Textbook,47802.96,3.0,25.0,Unknown,Cancelled,1.6,107556.66
ORD12388,2024-05-22,CUST1756,Rishi Varghese,Hyderabad,Telangana,PID324,Cricket Bat,Sports,Cricket Bat,63177.6,5.0,30.0,UPI,Returned,4.4,221121.6
ORD13063,2024-03-23,CUST1520,Karan Bhasin,Surat,Gujarat,PID504,Lipstick,Beauty,Lipstick,65730.78,1.0,0.0,Debit Card,Delivered,2.1,65730.78
ORD14412,2023-07-18,CUST1331,Jhalak Balay,Indore,Madhya Pradesh,PID566,Smartwatch,Electronics,Smartwatch,87269.45,3.0,5.0,Unknown,Delivered,2.7,248717.93
ORD14894,2023-07-27,CUST1563,Jagrati Yohannan,Kolkata,West Bengal,PID174,Football,Sports,Football,82958.47,2.0,25.0,Debit Card,Cancelled,3.6,124437.7
ORD13062,2023-02-06,CUST1700,Girik Bawa,Delhi,Delhi,PID158,Bluetooth Speaker,Electronics,Bluetooth Speaker,46851.51,1.0,20.0,Net Banking,Delivered,2.0,37481.21
ORD14608,2024-08-07,CUST1980,Rayaan Vaidya,Kolkata,West Bengal,PID265,Face Wash,Beauty,Face Wash,26814.68,2.0,15.0,Net Banking,Delivered,3.2,45584.96
ORD12499,2023-02-14,CUST1420,Yatin Thakur,Indore,Madhya Pradesh,PID361,Cookware Set,Home & Kitchen,Cookware Set,36485.75,5.0,25.0,Unknown,Cancelled,4.3,136821.56
ORD14725,2024-10-20,CUST1632,Ojas Dutta,Mumbai,Maharashtra,PID577,Bedsheet,Home & Kitchen,Bedsheet,31638.81,1.0,40.0,Net Banking,Cancelled,,18983.29
ORD12028,2023-06-02,CUST1245,Mohini Mahal,Ahmedabad,Gujarat,PID538,Shampoo,Beauty,Shampoo,57271.23,5.0,10.0,UPI,Delivered,4.5,257720.54
ORD12393,2024-01-14,CUST1924,Charita Jhaveri,Hyderabad,Telangana,PID505,Headphones,Electronics,Headphones,40384.59,3.0,5.0,Unknown,Returned,2.0,115096.08
ORD11512,2023-05-09,CUST1812,Xalak Bose,Jaipur,Rajasthan,PID343,T-Shirt,Fashion,T-Shirt,42120.35,5.0,40.0,Credit Card,Cancelled,4.4,126361.05
ORD11011,2023-11-06,CUST1471,Ekansh Parsa,Mumbai,Maharashtra,PID134,Biography,Books,Biography,71912.48,1.0,20.0,Net Banking,Unknown,2.6,57529.98
ORD13314,2023-03-03,CUST1100,Pooja Biswas,Chennai,Tamil Nadu,PID109,Mixer Grinder,Home & Kitchen,Mixer Grinder,50818.76,4.0,5.0,Cash on Delivery,Cancelled,1.4,193111.29
ORD12268,2024-03-29,CUST1199,Widisha Rao,Lucknow,Uttar Pradesh,PID175,Bedsheet,Home & Kitchen,Bedsheet,965.08,5.0,25.0,Unknown,Delayed,4.3,3619.05
ORD13674,2024-09-12,CUST1610,Aishani Boase,Jaipur,Rajasthan,PID217,Tablet,Electronics,Tablet,19360.31,2.0,20.0,UPI,Delivered,1.4,30976.5
ORD12423,2023-11-09,CUST1945,Vyanjana Dasgupta,Indore,Madhya Pradesh,PID479,Cookware Set,Home & Kitchen,Cookware Set,23789.03,5.0,25.0,Unknown,Delivered,,89208.86
ORD12987,2023-01-26,CUST1197,Abeer Srinivasan,Surat,Gujarat,PID213,Tablet,Electronics,Tablet,84918.26,2.0,0.0,Cash on Delivery,Delivered,1.3,169836.52
ORD13966,2024-07-18,CUST1597,Mahika Sur,Chennai,Tamil Nadu,PID489,Dumbbells,Sports,Dumbbells,17943.53,5.0,5.0,UPI,Delivered,4.9,85231.77
ORD10903,2023-08-05,CUST1400,Nikita Patel,Chennai,Tamil Nadu,PID555,Bluetooth Speaker,Electronics,Bluetooth Speaker,64066.16,1.0,15.0,Unknown,Cancelled,3.7,54456.24
ORD11586,2024-12-24,CUST1174,Xavier Bajwa,Kolkata,West Bengal,PID476,Saree,Fashion,Saree,17411.04,2.0,15.0,Debit Card,Delivered,1.0,29598.77
ORD14191,2023-09-07,CUST1604,Yashvi Sandhu,Surat,Gujarat,PID433,Textbook,Books,Textbook,64935.91,4.0,0.0,Net Banking,Cancelled,,259743.64
ORD13549,2024-04-15,CUST1439,Ekta Gole,Bangalore,Karnataka,PID309,Tablet,Electronics,Tablet,39085.65,3.0,30.0,UPI,Cancelled,4.3,82079.87
ORD12300,2023-11-09,CUST1842,Hemal Chaudhuri,Lucknow,Uttar Pradesh,PID479,Lipstick,Beauty,Lipstick,37089.5,5.0,25.0,Debit Card,Cancelled,4.7,139085.62
ORD14216,2024-03-22,CUST1487,Mason Khosla,Pune,Maharashtra,PID382,Football,Sports,Football,48169.47,5.0,30.0,Credit Card,Returned,1.5,168593.14
ORD13726,2023-05-09,CUST1693,Girindra Nazareth,Hyderabad,Telangana,PID387,Kurta,Fashion,Kurta,81274.31,4.0,0.0,Unknown,Delivered,3.4,325097.24
ORD10080,2023-12-27,CUST1660,Vidhi Batra,Surat,Gujarat,PID542,Comic,Books,Comic,28555.08,3.0,0.0,UPI,Delivered,2.2,85665.24
ORD13054,2023-07-06,CUST1095,Yashodhara Randhawa,Hyderabad,Telangana,PID541,Biography,Books,Biography,51306.74,4.0,30.0,Cash on Delivery,Delayed,2.4,143658.87
ORD11390,2024-08-28,CUST1165,Damini Bahri,Bangalore,Karnataka,PID274,Cricket Bat,Sports,Cricket Bat,61702.28,2.0,15.0,Cash on Delivery,Delivered,3.8,104893.88
ORD14812,2023-08-02,CUST1326,Tamanna Mall,Bangalore,Karnataka,PID216,Sunscreen,Beauty,Sunscreen,69076.77,2.0,10.0,Credit Card,Delayed,2.1,124338.19
ORD13160,2023-06-11,CUST1607,Chandani Sandhu,Delhi,Delhi,PID550,T-Shirt,Fashion,T-Shirt,32206.89,5.0,20.0,Debit Card,Delivered,3.6,128827.56
ORD11131,2023-07-24,CUST1660,Upkaar Wadhwa,Mumbai,Maharashtra,PID532,Biography,Books,Biography,46103.84,1.0,10.0,Credit Card,Delayed,1.4,41493.46
ORD13909,2023-05-15,CUST1533,Nimrat Bhakta,Indore,Madhya Pradesh,PID378,Headphones,Electronics,Headphones,45923.21,2.0,30.0,Credit Card,Delivered,1.4,64292.49
ORD10848,2024-08-10,CUST1901,Advaith Mandal,Mumbai,Maharashtra,PID157,Textbook,Books,Textbook,31009.32,2.0,10.0,Unknown,Delayed,4.3,55816.78
ORD13329,2023-06-14,CUST1097,Warhi Chatterjee,Pune,Maharashtra,PID362,Face Wash,Beauty,Face Wash,34652.23,1.0,10.0,Net Banking,Delivered,4.0,31187.01
ORD10204,2023-06-27,CUST1940,Timothy Som,Bangalore,Karnataka,PID284,Tablet,Electronics,Tablet,6045.68,5.0,0.0,Credit Card,Delivered,4.3,30228.4
ORD14430,2024-12-14,CUST1009,Bimala Lad,Kolkata,West Bengal,PID458,Smartphone,Electronics,Smartphone,20128.63,5.0,25.0,Unknown,Delayed,4.8,75482.36
ORD11606,2023-09-17,CUST1756,Vihaan Varkey,Ahmedabad,Gujarat,PID467,Face Wash,Beauty,Face Wash,34948.12,2.0,15.0,Debit Card,Delayed,2.1,59411.8
ORD12379,2024-06-27,CUST1951,Vedant Sodhi,Kolkata,West Bengal,PID163,Face Wash,Beauty,Face Wash,21833.85,2.0,25.0,Net Banking,Delivered,2.6,32750.78
ORD12956,2024-08-17,CUST1387,Xavier Swaminathan,Chennai,Tamil Nadu,PID224,Jeans,Fashion,Jeans,15854.1,2.0,10.0,Cash on Delivery,Unknown,3.9,28537.38
ORD11466,2024-10-15,CUST1497,Aayush Kapadia,Bangalore,Karnataka,PID169,Biography,Books,Biography,23571.83,1.0,0.0,UPI,Returned,2.6,23571.83
ORD12180,2023-01-30,CUST1339,Triya Garde,Kolkata,West Bengal,PID138,Dumbbells,Sports,Dumbbells,39592.18,3.0,30.0,UPI,Delayed,1.2,83143.58
ORD10443,2023-08-22,CUST1453,Vihaan Acharya,Indore,Madhya Pradesh,PID174,Bedsheet,Home & Kitchen,Bedsheet,67972.84,2.0,30.0,Cash on Delivery,Unknown,2.7,95161.98
ORD12017,2024-10-05,CUST1070,Reva Dutt,Jaipur,Rajasthan,PID538,Bluetooth Speaker,Electronics,Bluetooth Speaker,20564.11,3.0,25.0,UPI,Delivered,2.3,46269.25
ORD10936,2024-01-20,CUST1235,Guneet Bhatnagar,Chennai,Tamil Nadu,PID477,Perfume,Beauty,Perfume,23531.55,1.0,20.0,Net Banking,Delivered,2.9,18825.24
ORD12646,2024-10-09,CUST1818,Ayaan Shere,Lucknow,Uttar Pradesh,PID555,Sneakers,Fashion,Sneakers,46564.96,2.0,10.0,Unknown,Delivered,3.0,83816.93
ORD13289,2024-08-11,CUST1169,Jalsa Raju,Indore,Madhya Pradesh,PID372,Dumbbells,Sports,Dumbbells,12485.15,1.0,0.0,Cash on Delivery,Delivered,2.1,12485.15
ORD13208,2023-09-05,CUST1987,Vritti Kade,Pune,Maharashtra,PID489,Jeans,Fashion,Jeans,59738.37,1.0,0.0,Unknown,Cancelled,4.1,59738.37
ORD11182,2024-06-30,CUST1864,Nitesh Sankaran,Lucknow,Uttar Pradesh,PID384,Sneakers,Fashion,Sneakers,15506.81,1.0,30.0,Cash on Delivery,Delivered,1.7,10854.77
ORD13499,2024-07-27,CUST1853,Henry Narayan,Lucknow,Uttar Pradesh,PID444,Headphones,Electronics,Headphones,61864.88,4.0,30.0,Cash on Delivery,Unknown,4.6,173221.66
ORD14742,2023-05-23,CUST1968,Ekantika Naidu,Ahmedabad,Gujarat,PID560,Headphones,Electronics,Headphones,26076.17,3.0,20.0,Net Banking,Delayed,4.4,62582.81
ORD14845,2024-04-20,CUST1619,Abha Sathe,Hyderabad,Telangana,PID423,Water Bottle,Home & Kitchen,Water Bottle,58815.54,1.0,15.0,Unknown,Delivered,4.1,49993.21
ORD10908,2023-03-20,CUST1988,Omya Parsa,Ahmedabad,Gujarat,PID191,Sneakers,Fashion,Sneakers,65665.19,3.0,5.0,UPI,Delivered,4.5,187145.79
ORD14515,2023-08-10,CUST1526,Advik Chahal,Delhi,Delhi,PID496,Yoga Mat,Sports,Yoga Mat,24810.55,2.0,5.0,Credit Card,Cancelled,1.1,47140.04
ORD11777,2024-04-07,CUST1722,Samar Brahmbhatt,Bangalore,Karnataka,PID563,Cookware Set,Home & Kitchen,Cookware Set,38720.31,1.0,0.0,Unknown,Returned,,38720.31
ORD12454,2023-03-04,CUST1733,Inaya Pathak,Bangalore,Karnataka,PID556,Football,Sports,Football,26975.1,2.0,25.0,Net Banking,Returned,4.8,40462.65
ORD10235,2023-07-18,CUST1041,Chasmum Solanki,Kolkata,West Bengal,PID319,Saree,Fashion,Saree,74724.02,3.0,15.0,Credit Card,Delivered,1.7,190546.25
ORD10150,2024-04-19,CUST1302,Omya Anand,Jaipur,Rajasthan,PID312,Cookware Set,Home & Kitchen,Cookware Set,67254.74,2.0,30.0,Debit Card,Delivered,3.4,94156.64
ORD12320,2024-03-16,CUST1722,Aarna Aurora,Pune,Maharashtra,PID450,Comic,Books,Comic,2130.33,2.0,20.0,Credit Card,Cancelled,4.3,3408.53
ORD11920,2023-07-19,CUST1681,Ekalinga Patla,Lucknow,Uttar Pradesh,PID126,Cricket Bat,Sports,Cricket Bat,38117.42,2.0,5.0,UPI,Cancelled,2.4,72423.1
ORD10181,2023-06-01,CUST1839,Aachal Bhatt,Delhi,Delhi,PID189,Mixer Grinder,Home & Kitchen,Mixer Grinder,14311.74,5.0,25.0,Net Banking,Delivered,2.0,53669.02
ORD13461,2023-08-15,CUST1405,Girik Ravel,Jaipur,Rajasthan,PID427,Kurta,Fashion,Kurta,37832.93,2.0,25.0,Cash on Delivery,Delayed,1.7,56749.4
ORD13122,2024-11-17,CUST1313,Balhaar Handa,Ahmedabad,Gujarat,PID266,Biography,Books,Biography,28118.19,4.0,5.0,Cash on Delivery,Delivered,4.6,106849.12
ORD11770,2023-06-29,CUST1738,Eta Andra,Pune,Maharashtra,PID333,Dumbbells,Sports,Dumbbells,65277.4,5.0,0.0,Net Banking,Delayed,2.4,326387.0
ORD10279,2024-05-08,CUST1310,Tristan Jani,Surat,Gujarat,PID105,Biography,Books,Biography,67439.71,5.0,25.0,Debit Card,Delayed,4.2,252898.91
ORD13167,2024-05-05,CUST1199,Dominic Mand,Pune,Maharashtra,PID102,Cookware Set,Home & Kitchen,Cookware Set,43857.36,4.0,30.0,Credit Card,Delayed,2.6,122800.61
ORD11006,2023-11-24,CUST1761,Darpan Hayer,Ahmedabad,Gujarat,PID551,Textbook,Books,Textbook,80719.08,2.0,15.0,Cash on Delivery,Returned,2.2,137222.44
ORD13442,2023-11-16,CUST1059,Amrita Bakshi,Mumbai,Maharashtra,PID413,Perfume,Beauty,Perfume,7915.84,2.0,40.0,Credit Card,Delivered,1.6,9499.01
ORD13335,2023-04-06,CUST1041,Manbir Mukherjee,Indore,Madhya Pradesh,PID413,Textbook,Books,Textbook,5140.98,3.0,5.0,Credit Card,Delivered,4.0,14651.79
ORD10027,2023-01-26,CUST1589,Bhanumati Kalla,Delhi,Delhi,PID199,Football,Sports,Football,73685.35,2.0,10.0,UPI,Delayed,4.9,132633.63
ORD14709,2024-09-29,CUST1614,Krishna Dyal,Mumbai,Maharashtra,PID290,Textbook,Books,Textbook,10143.57,1.0,20.0,Debit Card,Delivered,3.9,8114.86
ORD11872,2024-01-24,CUST1273,Yashasvi Patla,Pune,Maharashtra,PID513,Football,Sports,Football,87425.58,4.0,15.0,Credit Card,Delayed,2.0,297246.97
ORD10583,2024-03-27,CUST1460,Naveen Buch,Lucknow,Uttar Pradesh,PID234,T-Shirt,Fashion,T-Shirt,44020.07,4.0,10.0,Debit Card,Delivered,4.4,158472.25
ORD14848,2023-10-14,CUST1507,Advika Khurana,Kolkata,West Bengal,PID258,Comic,Books,Comic,66487.73,2.0,25.0,UPI,Delivered,3.0,99731.6
ORD12756,2023-02-08,CUST1694,Yashawini Patel,Hyderabad,Telangana,PID427,Air Fryer,Home & Kitchen,Air Fryer,6784.21,5.0,40.0,Unknown,Returned,2.3,20352.63
ORD12769,2023-05-05,CUST1501,Vasana Rajagopalan,Mumbai,Maharashtra,PID481,Tablet,Electronics,Tablet,35381.19,1.0,15.0,Unknown,Delivered,2.3,30074.01
ORD11464,2023-05-30,CUST1413,Vidhi Seth,Pune,Maharashtra,PID168,Comic,Books,Comic,40709.88,2.0,20.0,UPI,Delayed,1.7,65135.81
ORD11429,2024-01-05,CUST1562,Vasatika Singhal,Lucknow,Uttar Pradesh,PID296,Mixer Grinder,Home & Kitchen,Mixer Grinder,14903.78,1.0,30.0,Cash on Delivery,Unknown,2.2,10432.65
ORD14941,2024-12-28,CUST1178,Nitesh Sanghvi,Hyderabad,Telangana,PID131,Dumbbells,Sports,Dumbbells,42226.96,5.0,15.0,Cash on Delivery,Delivered,2.7,179464.58
ORD14024,2024-08-22,CUST1345,Balveer Reddy,Surat,Gujarat,PID583,Sneakers,Fashion,Sneakers,76972.9,2.0,20.0,Unknown,Cancelled,1.1,123156.64
ORD14996,2023-12-26,CUST1157,Darpan Sahni,Hyderabad,Telangana,PID350,Comic,Books,Comic,37088.99,5.0,15.0,UPI,Delayed,4.1,157628.21
ORD12882,2024-05-11,CUST1601,Warda Subramanian,Hyderabad,Telangana,PID189,Cricket Bat,Sports,Cricket Bat,56837.5,1.0,5.0,Credit Card,Delayed,4.1,53995.62
ORD10058,2024-05-09,CUST1849,Rajeshri Shenoy,Hyderabad,Telangana,PID437,Water Bottle,Home & Kitchen,Water Bottle,57558.64,3.0,30.0,Debit Card,Returned,2.5,120873.14
ORD11473,2024-02-17,CUST1803,Owen Mody,Bangalore,Karnataka,PID290,Bluetooth Speaker,Electronics,Bluetooth Speaker,8896.62,4.0,15.0,Net Banking,Delivered,1.1,30248.51
ORD13782,2023-04-08,CUST1999,Maya Prabhakar,Delhi,Delhi,PID528,Bedsheet,Home & Kitchen,Bedsheet,36514.55,4.0,20.0,Cash on Delivery,Cancelled,1.2,116846.56
ORD12371,2024-12-19,CUST1954,Wyatt Keer,Kolkata,West Bengal,PID340,Tablet,Electronics,Tablet,50478.6,4.0,10.0,Cash on Delivery,Delivered,4.9,181722.96
ORD13347,2024-10-27,CUST1332,Laban Rastogi,Chennai,Tamil Nadu,PID245,Air Fryer,Home & Kitchen,Air Fryer,7633.02,5.0,15.0,Credit Card,Delivered,2.2,32440.34
ORD14313,2023-05-16,CUST1782,Tanmayi Raman,Hyderabad,Telangana,PID217,Perfume,Beauty,Perfume,0.0,2.0,30.0,Unknown,Cancelled,,0.0
ORD11475,2024-04-08,CUST1454,Maya Lata,Mumbai,Maharashtra,PID312,Biography,Books,Biography,34047.01,4.0,15.0,UPI,Delayed,2.5,115759.83
ORD11569,2024-07-10,CUST1557,Jhalak Kulkarni,Chennai,Tamil Nadu,PID533,Saree,Fashion,Saree,36161.16,4.0,40.0,Credit Card,Delayed,1.1,86786.78
ORD13046,2023-04-10,CUST1443,Hredhaan Chopra,Surat,Gujarat,PID200,Mixer Grinder,Home & Kitchen,Mixer Grinder,79994.44,3.0,15.0,Debit Card,Delivered,1.8,203985.82
ORD11590,2023-11-04,CUST1880,Vrishti Sathe,Jaipur,Rajasthan,PID138,Saree,Fashion,Saree,55860.71,1.0,10.0,Net Banking,Delivered,5.0,50274.64
ORD11009,2024-02-11,CUST1271,Chatura Ravi,Bangalore,Karnataka,PID489,Textbook,Books,Textbook,13559.18,1.0,25.0,Credit Card,Delivered,,10169.38
ORD12814,2024-05-18,CUST1020,Turvi Lata,Chennai,Tamil Nadu,PID293,Cricket Bat,Sports,Cricket Bat,6384.89,1.0,30.0,Net Banking,Delayed,1.0,4469.42
ORD11580,2023-09-05,CUST1317,Laksh Chaudhry,Indore,Madhya Pradesh,PID452,Jacket,Fashion,Jacket,15580.89,2.0,5.0,Debit Card,Cancelled,3.5,29603.69
ORD13828,2023-06-30,CUST1393,Oscar Zacharia,Ahmedabad,Gujarat,PID102,Air Fryer,Home & Kitchen,Air Fryer,47672.08,4.0,5.0,Debit Card,Unknown,1.0,181153.9
ORD14481,2023-05-07,CUST1264,Isaac Mistry,Bangalore,Karnataka,PID580,Jeans,Fashion,Jeans,13793.54,2.0,10.0,Debit Card,Cancelled,4.9,24828.37
ORD10347,2024-04-30,CUST1694,Zehaan Ghosh,Kolkata,West Bengal,PID261,Shampoo,Beauty,Shampoo,27227.84,5.0,30.0,Debit Card,Unknown,3.1,95297.44
ORD10503,2024-10-19,CUST1284,Alka Mahajan,Lucknow,Uttar Pradesh,PID262,Lipstick,Beauty,Lipstick,7283.16,2.0,15.0,Cash on Delivery,Returned,4.7,12381.37
ORD11233,2024-07-10,CUST1098,Simon Yohannan,Pune,Maharashtra,PID353,Cookware Set,Home & Kitchen,Cookware Set,80409.64,5.0,30.0,Net Banking,Delivered,1.0,281433.74
ORD11644,2023-02-21,CUST1803,Kashvi Contractor,Hyderabad,Telangana,PID198,Dumbbells,Sports,Dumbbells,79821.84,5.0,0.0,Credit Card,Delivered,1.8,399109.2
ORD10834,2023-06-05,CUST1346,Kamya Balakrishnan,Jaipur,Rajasthan,PID141,Novel,Books,Novel,5168.95,1.0,10.0,UPI,Unknown,1.7,4652.06
ORD14493,2024-02-16,CUST1876,Qushi Char,Kolkata,West Bengal,PID252,Shampoo,Beauty,Shampoo,39053.85,2.0,40.0,Debit Card,Returned,2.8,46864.62
ORD13992,2023-02-21,CUST1137,Zashil Dalal,Surat,Gujarat,PID568,Shampoo,Beauty,Shampoo,36572.81,2.0,0.0,Net Banking,Returned,2.2,73145.62
ORD11165,2023-02-18,CUST1566,Sanya Pant,Kolkata,West Bengal,PID312,Yoga Mat,Sports,Yoga Mat,51670.3,1.0,5.0,Credit Card,Returned,2.8,49086.78
ORD14500,2024-09-26,CUST1098,Dayamai Kumer,Pune,Maharashtra,PID316,Comic,Books,Comic,22901.96,5.0,0.0,Cash on Delivery,Unknown,2.9,114509.8
ORD14768,2024-07-09,CUST1622,Yashvi Jha,Jaipur,Rajasthan,PID123,Cricket Bat,Sports,Cricket Bat,89567.3,2.0,15.0,Debit Card,Unknown,2.1,152264.41
ORD11426,2024-03-01,CUST1975,Chaaya Thakur,Indore,Madhya Pradesh,PID139,Football,Sports,Football,2806.88,2.0,15.0,Cash on Delivery,Delayed,2.8,4771.7
ORD10543,2024-09-13,CUST1375,Azad Ratti,Indore,Madhya Pradesh,PID529,Cookware Set,Home & Kitchen,Cookware Set,59556.49,5.0,0.0,Net Banking,Delivered,1.7,297782.45
ORD11492,2024-02-02,CUST1886,Henry Virk,Ahmedabad,Gujarat,PID506,Headphones,Electronics,Headphones,82753.59,3.0,0.0,Debit Card,Delivered,1.7,248260.77
ORD12961,2024-06-16,CUST1091,Ekavir Sengupta,Surat,Gujarat,PID108,Biography,Books,Biography,86598.86,3.0,25.0,Debit Card,Cancelled,4.6,194847.44
ORD13398,2024-04-11,CUST1888,Lopa Karnik,Hyderabad,Telangana,PID102,Kurta,Fashion,Kurta,71766.01,4.0,5.0,Cash on Delivery,Delayed,2.6,272710.84
ORD10566,2023-01-25,CUST1905,Tanveer Chakraborty,Delhi,Delhi,PID466,Smartphone,Electronics,Smartphone,49086.09,4.0,15.0,Debit Card,Delivered,2.5,166892.71
ORD10264,2023-08-20,CUST1416,Jeet Nanda,Hyderabad,Telangana,PID359,Tablet,Electronics,Tablet,65393.56,3.0,20.0,Net Banking,Delivered,1.8,156944.54
ORD12887,2024-07-07,CUST1928,Daksh Sachdeva,Indore,Madhya Pradesh,PID235,Smartwatch,Electronics,Smartwatch,31361.59,1.0,25.0,Credit Card,Delayed,2.1,23521.19
ORD10382,2023-05-23,CUST1955,Azad Mammen,Kolkata,West Bengal,PID591,Shampoo,Beauty,Shampoo,26083.77,4.0,30.0,Debit Card,Delayed,3.4,73034.56
ORD13855,2024-05-30,CUST1612,Kiaan Jaggi,Lucknow,Uttar Pradesh,PID494,Kurta,Fashion,Kurta,57886.47,3.0,10.0,Unknown,Cancelled,1.3,156293.47
ORD10614,2024-01-08,CUST1070,Anmol Gour,Hyderabad,Telangana,PID242,Comic,Books,Comic,63809.84,1.0,15.0,Credit Card,Unknown,2.8,54238.36
ORD14933,2024-11-29,CUST1374,Ansh Oommen,Surat,Gujarat,PID160,T-Shirt,Fashion,T-Shirt,65113.52,2.0,25.0,Cash on Delivery,Cancelled,2.8,97670.28
ORD13257,2024-08-15,CUST1442,Libni Vohra,Ahmedabad,Gujarat,PID211,Dumbbells,Sports,Dumbbells,10292.64,2.0,30.0,Cash on Delivery,Delivered,3.7,14409.7
ORD14525,2024-08-07,CUST1452,Ekapad Bhattacharyya,Lucknow,Uttar Pradesh,PID133,T-Shirt,Fashion,T-Shirt,49356.59,5.0,25.0,Debit Card,Cancelled,1.3,185087.21
ORD11979,2024-09-06,CUST1250,Utkarsh Hari,Bangalore,Karnataka,PID115,Cricket Bat,Sports,Cricket Bat,54693.6,4.0,0.0,Cash on Delivery,Delivered,1.7,218774.4
ORD13677,2023-12-20,CUST1308,Chasmum Char,Delhi,Delhi,PID181,Face Wash,Beauty,Face Wash,44284.42,3.0,0.0,Cash on Delivery,Unknown,3.2,132853.26
ORD12523,2023-01-05,CUST1016,Xiti Vohra,Ahmedabad,Gujarat,PID232,Jeans,Fashion,Jeans,62281.44,1.0,30.0,Unknown,Returned,2.3,43597.01
ORD14031,2023-02-21,CUST1138,Manbir Khalsa,Surat,Gujarat,PID510,Mixer Grinder,Home & Kitchen,Mixer Grinder,30180.56,3.0,0.0,UPI,Delayed,2.7,90541.68
ORD11694,2023-06-20,CUST1253,Geetika Barad,Delhi,Delhi,PID598,Cookware Set,Home & Kitchen,Cookware Set,10612.84,5.0,20.0,Net Banking,Unknown,4.9,42451.36
ORD11618,2024-04-11,CUST1105,Nathan Pingle,Lucknow,Uttar Pradesh,PID108,Saree,Fashion,Saree,75445.06,5.0,20.0,Credit Card,Delivered,2.2,301780.24
ORD10033,2024-04-10,CUST1019,Anthony Hegde,Surat,Gujarat,PID483,Smartphone,Electronics,Smartphone,38660.86,3.0,15.0,Cash on Delivery,Delivered,4.0,98585.19
ORD14045,2023-05-20,CUST1993,Peter Hayre,Mumbai,Maharashtra,PID482,Kurta,Fashion,Kurta,73217.93,5.0,5.0,Credit Card,Cancelled,4.9,347785.17
ORD10115,2023-12-21,CUST1712,Janaki Swamy,Pune,Maharashtra,PID239,Dumbbells,Sports,Dumbbells,73681.21,3.0,5.0,Credit Card,Delivered,3.6,209991.45
ORD14554,2024-06-02,CUST1823,Imaran Banerjee,Delhi,Delhi,PID391,Kurta,Fashion,Kurta,73638.45,5.0,30.0,Cash on Delivery,Cancelled,2.1,257734.58
ORD13061,2024-04-10,CUST1599,Ishanvi Madan,Ahmedabad,Gujarat,PID340,Cricket Bat,Sports,Cricket Bat,80293.23,4.0,40.0,Unknown,Returned,,192703.75
ORD10821,2024-09-26,CUST1690,Quincy Choudhury,Hyderabad,Telangana,PID145,Football,Sports,Football,67923.59,3.0,0.0,Unknown,Delayed,2.7,203770.77
ORD11348,2024-10-12,CUST1335,Balveer Barad,Ahmedabad,Gujarat,PID526,Cricket Bat,Sports,Cricket Bat,27151.63,5.0,10.0,Net Banking,Cancelled,,122182.34
ORD11364,2024-05-06,CUST1916,Ridhi Bhargava,Kolkata,West Bengal,PID200,Saree,Fashion,Saree,61079.13,3.0,20.0,Net Banking,Returned,,146589.91
ORD10394,2023-08-20,CUST1961,Ishita Dutta,Kolkata,West Bengal,PID447,Headphones,Electronics,Headphones,10547.68,3.0,40.0,Credit Card,Unknown,2.2,18985.82
ORD13859,2023-03-31,CUST1237,William Gandhi,Jaipur,Rajasthan,PID410,Cookware Set,Home & Kitchen,Cookware Set,70240.03,1.0,10.0,Debit Card,Delayed,2.6,63216.03
ORD13039,2023-10-13,CUST1930,Orinder Sachdev,Chennai,Tamil Nadu,PID347,Textbook,Books,Textbook,80659.78,1.0,25.0,Debit Card,Delayed,4.1,60494.84
ORD14531,2023-10-13,CUST1537,Charan Gandhi,Chennai,Tamil Nadu,PID482,Bluetooth Speaker,Electronics,Bluetooth Speaker,66944.65,5.0,15.0,Credit Card,Delivered,1.4,284514.76
ORD12426,2024-03-08,CUST1876,Divya Gill,Kolkata,West Bengal,PID166,Cricket Bat,Sports,Cricket Bat,14735.61,4.0,25.0,Unknown,Unknown,1.1,44206.83
ORD11852,2023-07-13,CUST1755,Faraj Saran,Kolkata,West Bengal,PID245,Comic,Books,Comic,18342.93,2.0,0.0,Credit Card,Returned,2.4,36685.86
ORD11523,2024-10-29,CUST1920,Krishna Aggarwal,Jaipur,Rajasthan,PID315,Novel,Books,Novel,68947.26,4.0,30.0,Unknown,Delivered,1.2,193052.33
ORD10218,2024-05-24,CUST1419,Tanveer Sarraf,Pune,Maharashtra,PID251,Textbook,Books,Textbook,74784.15,1.0,5.0,Net Banking,Delivered,1.8,71044.94
ORD13346,2023-06-15,CUST1275,Dakshesh Hari,Chennai,Tamil Nadu,PID546,Sunscreen,Beauty,Sunscreen,35665.88,1.0,30.0,Credit Card,Unknown,4.5,24966.12
ORD13151,2023-02-16,CUST1045,Chandresh Loke,Hyderabad,Telangana,PID449,T-Shirt,Fashion,T-Shirt,51128.37,1.0,30.0,Net Banking,Cancelled,3.6,35789.86
ORD10984,2023-01-27,CUST1642,Wishi Bir,Bangalore,Karnataka,PID439,Headphones,Electronics,Headphones,21289.99,4.0,10.0,UPI,Cancelled,2.8,76643.96
ORD10190,2024-10-16,CUST1681,Veer Din,Lucknow,Uttar Pradesh,PID401,Dumbbells,Sports,Dumbbells,9227.74,2.0,30.0,Net Banking,Returned,3.6,12918.84
ORD13896,2023-06-12,CUST1507,Teerth Kumer,Surat,Gujarat,PID298,Kurta,Fashion,Kurta,27589.08,5.0,20.0,Unknown,Delivered,2.2,110356.32
ORD14544,2023-11-01,CUST1645,Aadi Chaudhuri,Delhi,Delhi,PID270,Bluetooth Speaker,Electronics,Bluetooth Speaker,31443.1,4.0,25.0,Unknown,Delayed,4.9,94329.3
ORD10554,2024-08-26,CUST1908,Maya Ramachandran,Delhi,Delhi,PID154,Mixer Grinder,Home & Kitchen,Mixer Grinder,60254.94,2.0,25.0,Credit Card,Cancelled,2.5,90382.41
ORD14219,2024-01-10,CUST1995,Daksh Chawla,Kolkata,West Bengal,PID150,Yoga Mat,Sports,Yoga Mat,35770.83,4.0,10.0,Unknown,Delayed,4.7,128774.99
ORD13009,2024-12-15,CUST1353,Yagnesh Kumer,Delhi,Delhi,PID412,Biography,Books,Biography,47683.07,1.0,40.0,Cash on Delivery,Unknown,1.9,28609.84
ORD11381,2024-09-11,CUST1882,Faras Chawla,Bangalore,Karnataka,PID143,Jeans,Fashion,Jeans,46536.47,3.0,5.0,Unknown,Delayed,1.6,132628.94
ORD11254,2023-03-12,CUST1509,Indali Mutti,Delhi,Delhi,PID476,Smartphone,Electronics,Smartphone,65148.05,2.0,30.0,Debit Card,Cancelled,1.5,91207.27
ORD12874,2024-03-17,CUST1314,Chandresh Wali,Jaipur,Rajasthan,PID566,Jeans,Fashion,Jeans,7851.31,4.0,5.0,Unknown,Delayed,4.0,29834.98
ORD12866,2023-09-10,CUST1270,Udant Gade,Hyderabad,Telangana,PID497,Tablet,Electronics,Tablet,53427.06,2.0,20.0,Credit Card,Delivered,1.6,85483.3
ORD13273,2023-12-21,CUST1914,Rachita Malhotra,Indore,Madhya Pradesh,PID535,Novel,Books,Novel,60556.81,2.0,5.0,Net Banking,Delivered,1.9,115057.94
ORD14659,2024-12-09,CUST1720,Anamika Chhabra,Bangalore,Karnataka,PID157,Comic,Books,Comic,28929.57,3.0,30.0,Debit Card,Cancelled,1.7,60752.1
ORD10405,2024-11-18,CUST1511,Ayushman Menon,Pune,Maharashtra,PID209,Comic,Books,Comic,59761.58,3.0,40.0,Unknown,Cancelled,,107570.84
ORD11784,2024-02-16,CUST1020,Ganga Nadkarni,Chennai,Tamil Nadu,PID230,Cookware Set,Home & Kitchen,Cookware Set,28842.82,4.0,10.0,Net Banking,Cancelled,1.3,103834.15
ORD10667,2023-10-20,CUST1531,Krishna Peri,Ahmedabad,Gujarat,PID242,Mixer Grinder,Home & Kitchen,Mixer Grinder,26866.77,5.0,30.0,Credit Card,Delivered,2.3,94033.7
ORD12442,2024-05-15,CUST1983,Laban Jayaraman,Kolkata,West Bengal,PID448,Dumbbells,Sports,Dumbbells,54760.4,4.0,10.0,Credit Card,Cancelled,3.3,197137.44
ORD11414,2024-06-15,CUST1456,Aishani Toor,Ahmedabad,Gujarat,PID106,Face Wash,Beauty,Face Wash,64289.25,4.0,30.0,Credit Card,Delivered,4.5,180009.9
ORD12792,2023-06-18,CUST1717,Neelima Kant,Indore,Madhya Pradesh,PID532,Novel,Books,Novel,75384.22,5.0,5.0,Unknown,Delivered,4.4,358075.04
ORD13731,2023-06-05,CUST1202,Ladli Kar,Chennai,Tamil Nadu,PID230,Kurta,Fashion,Kurta,56491.91,2.0,5.0,UPI,Returned,4.2,107334.63
ORD11387,2024-08-11,CUST1613,Indrajit Behl,Lucknow,Uttar Pradesh,PID567,Bedsheet,Home & Kitchen,Bedsheet,43790.25,2.0,40.0,Net Banking,Unknown,3.8,52548.3
ORD12424,2023-11-22,CUST1914,Jagat Kaul,Delhi,Delhi,PID162,Perfume,Beauty,Perfume,51666.79,4.0,20.0,UPI,Delivered,3.2,165333.73
ORD12061,2023-04-14,CUST1068,Abhiram Savant,Hyderabad,Telangana,PID279,Water Bottle,Home & Kitchen,Water Bottle,66625.35,3.0,25.0,UPI,Returned,4.4,149907.04
ORD10486,2024-02-12,CUST1833,Chakrika Shanker,Pune,Maharashtra,PID336,Bedsheet,Home & Kitchen,Bedsheet,85131.48,1.0,10.0,Credit Card,Cancelled,3.9,76618.33
ORD13525,2023-09-26,CUST1029,Hemal Shah,Indore,Madhya Pradesh,PID359,Sneakers,Fashion,Sneakers,26431.34,5.0,10.0,Unknown,Returned,4.7,118941.03
ORD14118,2024-02-10,CUST1954,Bakhshi De,Ahmedabad,Gujarat,PID424,Tablet,Electronics,Tablet,27651.13,5.0,15.0,Cash on Delivery,Unknown,1.3,117517.3
ORD14650,2024-04-25,CUST1809,Udant Batra,Indore,Madhya Pradesh,PID412,Jeans,Fashion,Jeans,67030.62,2.0,15.0,Cash on Delivery,Delivered,2.5,113952.05
ORD13632,2023-03-16,CUST1480,Mohini Chada,Lucknow,Uttar Pradesh,PID443,Laptop,Electronics,Laptop,41719.45,2.0,40.0,Debit Card,Delivered,4.8,50063.34
ORD14266,2023-08-26,CUST1511,Vrishti Khurana,Jaipur,Rajasthan,PID497,Bluetooth Speaker,Electronics,Bluetooth Speaker,37001.8,2.0,10.0,UPI,Cancelled,1.4,66603.24
ORD14487,2024-03-07,CUST1670,Adya Tripathi,Delhi,Delhi,PID573,Bedsheet,Home & Kitchen,Bedsheet,13396.81,1.0,15.0,Unknown,Delayed,5.0,11387.29
ORD11598,2024-04-13,CUST1866,Abhiram Oak,Kolkata,West Bengal,PID233,Shampoo,Beauty,Shampoo,53075.5,1.0,5.0,Cash on Delivery,Cancelled,,50421.72
ORD10599,2023-04-24,CUST1079,Farhan Nori,Surat,Gujarat,PID353,Perfume,Beauty,Perfume,4799.64,1.0,5.0,Debit Card,Delivered,3.4,4559.66
ORD10159,2023-08-03,CUST1630,Gautam Bir,Chennai,Tamil Nadu,PID171,Perfume,Beauty,Perfume,77618.64,1.0,15.0,Unknown,Cancelled,3.4,65975.84
ORD13747,2023-02-13,CUST1023,Advay Anand,Pune,Maharashtra,PID292,Lipstick,Beauty,Lipstick,30869.19,4.0,40.0,UPI,Returned,1.8,74086.06
ORD13385,2024-07-27,CUST1723,Xiti Dalal,Lucknow,Uttar Pradesh,PID260,Kurta,Fashion,Kurta,76409.62,1.0,0.0,Cash on Delivery,Unknown,2.2,76409.62
ORD14790,2024-07-08,CUST1233,Kala Shetty,Lucknow,Uttar Pradesh,PID266,Comic,Books,Comic,34762.67,4.0,20.0,Unknown,Delivered,,111240.54
ORD12731,2024-09-15,CUST1371,Amrita Varughese,Lucknow,Uttar Pradesh,PID534,Saree,Fashion,Saree,69456.57,3.0,25.0,Unknown,Delivered,3.4,156277.28
ORD13022,2024-05-26,CUST1643,Wyatt Toor,Pune,Maharashtra,PID240,Sneakers,Fashion,Sneakers,38448.56,5.0,10.0,Debit Card,Delayed,4.1,173018.52
ORD13728,2023-05-01,CUST1045,Finn Dugar,Delhi,Delhi,PID443,Dumbbells,Sports,Dumbbells,39088.75,2.0,0.0,UPI,Delivered,1.4,78177.5
ORD11124,2024-03-19,CUST1115,Daniel Nadkarni,Jaipur,Rajasthan,PID354,Face Wash,Beauty,Face Wash,25384.49,3.0,10.0,Debit Card,Unknown,3.0,68538.12
ORD14549,2024-03-05,CUST1021,Chasmum Kade,Bangalore,Karnataka,PID372,Smartphone,Electronics,Smartphone,58285.25,1.0,15.0,Unknown,Delivered,,49542.46
ORD10227,2024-11-03,CUST1363,Rajeshri Bains,Chennai,Tamil Nadu,PID524,Dumbbells,Sports,Dumbbells,32796.32,4.0,40.0,Unknown,Delivered,2.8,78711.17
ORD13438,2024-01-08,CUST1302,Mitali Mann,Ahmedabad,Gujarat,PID560,Yoga Mat,Sports,Yoga Mat,77137.09,4.0,40.0,UPI,Unknown,4.8,185129.02
ORD12671,2024-07-26,CUST1925,Jagdish Morar,Lucknow,Uttar Pradesh,PID109,Textbook,Books,Textbook,11283.0,2.0,10.0,Net Banking,Cancelled,1.1,20309.4
ORD10556,2024-04-04,CUST1613,Dhriti Pandey,Ahmedabad,Gujarat,PID240,Laptop,Electronics,Laptop,37726.4,5.0,25.0,Cash on Delivery,Delayed,1.5,141474.0
ORD13943,2024-02-23,CUST1834,Janya Gandhi,Lucknow,Uttar Pradesh,PID286,Smartphone,Electronics,Smartphone,57764.26,3.0,20.0,UPI,Delayed,,138634.22
ORD13263,2024-12-04,CUST1937,Gabriel Thakkar,Mumbai,Maharashtra,PID104,Novel,Books,Novel,71347.22,1.0,0.0,Net Banking,Cancelled,3.9,71347.22
ORD14759,2024-03-22,CUST1657,Tristan Mitra,Bangalore,Karnataka,PID589,Smartphone,Electronics,Smartphone,29268.84,3.0,40.0,Debit Card,Cancelled,2.9,52683.91
ORD10708,2023-08-29,CUST1661,Mugdha Verma,Lucknow,Uttar Pradesh,PID217,Dumbbells,Sports,Dumbbells,35537.45,5.0,10.0,Net Banking,Cancelled,2.4,159918.52
ORD14277,2024-03-30,CUST1486,Ekansh Bajwa,Pune,Maharashtra,PID295,Dumbbells,Sports,Dumbbells,52787.3,3.0,0.0,UPI,Cancelled,1.6,158361.9
ORD13805,2023-10-07,CUST1247,Rachita Kapur,Chennai,Tamil Nadu,PID315,Cricket Bat,Sports,Cricket Bat,80615.98,4.0,5.0,Debit Card,Delivered,2.0,306340.72
ORD14360,2024-09-21,CUST1866,Finn Saraf,Jaipur,Rajasthan,PID212,Headphones,Electronics,Headphones,13020.98,1.0,25.0,Debit Card,Delayed,3.1,9765.74
ORD12361,2023-08-23,CUST1514,Nilima Savant,Chennai,Tamil Nadu,PID158,Air Fryer,Home & Kitchen,Air Fryer,21914.99,4.0,30.0,Credit Card,Delivered,2.9,61361.97
ORD11172,2023-03-15,CUST1605,Sathvik Parmer,Mumbai,Maharashtra,PID262,Textbook,Books,Textbook,58922.67,2.0,5.0,Cash on Delivery,Delivered,4.5,111953.07
ORD11456,2024-07-11,CUST1298,Ikbal Zacharia,Mumbai,Maharashtra,PID173,Cookware Set,Home & Kitchen,Cookware Set,13674.41,4.0,30.0,Net Banking,Cancelled,,38288.35
ORD13362,2024-12-01,CUST1980,Ekaja Raja,Pune,Maharashtra,PID307,Perfume,Beauty,Perfume,66188.41,3.0,15.0,UPI,Returned,2.5,168780.45
ORD14776,2024-09-01,CUST1988,Ira Das,Jaipur,Rajasthan,PID221,Comic,Books,Comic,14774.39,5.0,25.0,Unknown,Returned,2.7,55403.96
ORD10327,2024-05-10,CUST1692,Bhavika Pradhan,Delhi,Delhi,PID167,Laptop,Electronics,Laptop,40023.1,5.0,25.0,Credit Card,Unknown,3.1,150086.62
ORD14465,2023-02-13,CUST1238,Onkar Peri,Ahmedabad,Gujarat,PID423,Biography,Books,Biography,55689.93,4.0,5.0,Unknown,Unknown,4.2,211621.73
ORD10477,2023-07-30,CUST1568,Utkarsh Sundaram,Kolkata,West Bengal,PID158,Yoga Mat,Sports,Yoga Mat,56209.21,3.0,30.0,UPI,Delivered,,118039.34
ORD14108,2023-05-29,CUST1914,Anusha Ramaswamy,Delhi,Delhi,PID570,Cricket Bat,Sports,Cricket Bat,67844.32,1.0,15.0,UPI,Unknown,4.7,57667.67
ORD12654,2024-06-04,CUST1640,Isaiah Cheema,Ahmedabad,Gujarat,PID180,Cricket Bat,Sports,Cricket Bat,39518.53,5.0,15.0,Credit Card,Delayed,,167953.75
ORD12667,2023-06-17,CUST1860,Yasti Parikh,Delhi,Delhi,PID401,Sunscreen,Beauty,Sunscreen,72843.82,3.0,0.0,Debit Card,Delivered,3.5,218531.46
ORD13711,2023-01-09,CUST1142,Damyanti Krishnan,Bangalore,Karnataka,PID298,Water Bottle,Home & Kitchen,Water Bottle,15489.65,3.0,25.0,Unknown,Unknown,2.1,34851.71
ORD12845,2024-05-16,CUST1035,Saumya Verma,Delhi,Delhi,PID586,Novel,Books,Novel,33311.92,3.0,20.0,UPI,Returned,1.3,79948.61
ORD11420,2024-09-07,CUST1792,Darika Arya,Surat,Gujarat,PID480,Sunscreen,Beauty,Sunscreen,18866.89,4.0,10.0,Credit Card,Delivered,3.7,67920.8
ORD12410,2023-07-01,CUST1292,Ekani Ganesan,Lucknow,Uttar Pradesh,PID362,Novel,Books,Novel,80445.39,3.0,30.0,Credit Card,Returned,,168935.32
ORD12319,2024-08-28,CUST1718,Yatin Hegde,Indore,Madhya Pradesh,PID312,Bluetooth Speaker,Electronics,Bluetooth Speaker,80402.61,2.0,30.0,Credit Card,Delivered,3.5,112563.65
ORD13886,2024-08-17,CUST1666,Jason Pillai,Hyderabad,Telangana,PID359,Football,Sports,Football,31420.17,5.0,20.0,Debit Card,Delivered,3.2,125680.68
ORD10524,2024-09-07,CUST1514,Vedika Bains,Chennai,Tamil Nadu,PID452,Biography,Books,Biography,13151.37,4.0,10.0,Unknown,Delivered,4.0,47344.93
ORD10993,2024-06-21,CUST1272,Leela Mitra,Delhi,Delhi,PID587,Cookware Set,Home & Kitchen,Cookware Set,19611.14,2.0,40.0,Debit Card,Delivered,4.2,23533.37
ORD11831,2024-01-04,CUST1989,Tanveer Chauhan,Hyderabad,Telangana,PID582,Water Bottle,Home & Kitchen,Water Bottle,70918.19,3.0,5.0,Credit Card,Returned,4.2,202116.84
ORD12265,2024-02-28,CUST1741,Arya Barad,Surat,Gujarat,PID392,Laptop,Electronics,Laptop,50152.35,5.0,10.0,UPI,Unknown,3.3,225685.58
ORD10731,2024-01-08,CUST1659,Faraj Shankar,Surat,Gujarat,PID179,Perfume,Beauty,Perfume,20628.43,2.0,20.0,Cash on Delivery,Delayed,4.0,33005.49
ORD13580,2024-02-21,CUST1537,Amaira Radhakrishnan,Pune,Maharashtra,PID341,Textbook,Books,Textbook,21900.73,5.0,5.0,Net Banking,Cancelled,2.4,104028.47
ORD13026,2024-10-13,CUST1561,Girish Prabhakar,Delhi,Delhi,PID137,Face Wash,Beauty,Face Wash,82293.12,1.0,5.0,Credit Card,Cancelled,,78178.46
ORD12452,2023-09-19,CUST1497,Mohini Toor,Chennai,Tamil Nadu,PID392,Comic,Books,Comic,66959.16,2.0,15.0,UPI,Delayed,1.9,113830.57
ORD14975,2023-08-10,CUST1078,Diya Natt,Surat,Gujarat,PID431,Lipstick,Beauty,Lipstick,17533.75,2.0,20.0,Net Banking,Returned,2.3,28054.0
ORD11940,2023-12-11,CUST1268,Daksh Yohannan,Surat,Gujarat,PID325,Sunscreen,Beauty,Sunscreen,50205.32,1.0,20.0,Net Banking,Delayed,3.2,40164.26
ORD11397,2024-04-26,CUST1903,Ishanvi Datta,Jaipur,Rajasthan,PID418,Jeans,Fashion,Jeans,36677.25,5.0,25.0,Credit Card,Delayed,3.9,137539.69
ORD10752,2024-03-25,CUST1935,Mohini Grover,Pune,Maharashtra,PID396,Face Wash,Beauty,Face Wash,2434.34,2.0,40.0,UPI,Delivered,1.8,2921.21
ORD13690,2024-10-27,CUST1068,Zilmil Ranganathan,Kolkata,West Bengal,PID308,Jeans,Fashion,Jeans,32324.92,3.0,25.0,Credit Card,Unknown,4.8,72731.07
ORD10489,2023-04-06,CUST1191,Janani Roy,Jaipur,Rajasthan,PID201,Face Wash,Beauty,Face Wash,34871.08,4.0,20.0,Unknown,Cancelled,3.7,111587.46
ORD13454,2023-11-05,CUST1152,Sachi Madan,Delhi,Delhi,PID283,Bluetooth Speaker,Electronics,Bluetooth Speaker,51037.01,2.0,25.0,Net Banking,Delivered,2.4,76555.52
ORD11017,2023-06-03,CUST1738,Zarna Solanki,Surat,Gujarat,PID294,Dumbbells,Sports,Dumbbells,47304.75,5.0,10.0,Net Banking,Delivered,,212871.38
ORD12107,2024-08-06,CUST1928,Darpan Kaur,Lucknow,Uttar Pradesh,PID499,Tablet,Electronics,Tablet,76097.49,2.0,25.0,UPI,Unknown,1.2,114146.24
ORD14786,2024-02-04,CUST1379,Yashoda Patil,Lucknow,Uttar Pradesh,PID108,Perfume,Beauty,Perfume,54043.09,2.0,20.0,Debit Card,Delayed,4.6,86468.94
ORD12004,2024-12-03,CUST1839,Bachittar Chhabra,Kolkata,West Bengal,PID441,Comic,Books,Comic,45204.66,3.0,30.0,Cash on Delivery,Returned,4.6,94929.79
ORD12617,2023-12-21,CUST1010,Tanay Kumar,Surat,Gujarat,PID172,Yoga Mat,Sports,Yoga Mat,13211.24,3.0,30.0,Net Banking,Unknown,4.5,27743.6
ORD13276,2023-05-27,CUST1693,Zilmil Puri,Lucknow,Uttar Pradesh,PID543,Tablet,Electronics,Tablet,34242.39,1.0,15.0,Cash on Delivery,Delayed,2.5,29106.03
ORD13984,2023-05-12,CUST1014,Vinaya More,Lucknow,Uttar Pradesh,PID517,Novel,Books,Novel,15339.53,1.0,0.0,Credit Card,Cancelled,3.1,15339.53
ORD11725,2024-08-30,CUST1750,Bishakha Rout,Kolkata,West Bengal,PID210,Biography,Books,Biography,78972.21,4.0,0.0,Cash on Delivery,Returned,1.2,315888.84
ORD10011,2023-03-14,CUST1526,Ishaan Sood,Ahmedabad,Gujarat,PID221,Face Wash,Beauty,Face Wash,20339.06,2.0,0.0,UPI,Unknown,,40678.12
ORD12201,2023-12-01,CUST1398,Priya Narayan,Ahmedabad,Gujarat,PID184,Biography,Books,Biography,32246.79,4.0,40.0,UPI,Cancelled,4.2,77392.3
ORD12098,2024-06-25,CUST1614,Jalsa Chawla,Indore,Madhya Pradesh,PID594,Smartwatch,Electronics,Smartwatch,78686.26,2.0,5.0,Debit Card,Delivered,4.4,149503.89
ORD10979,2024-04-09,CUST1798,Omya Sachdeva,Kolkata,West Bengal,PID513,Cricket Bat,Sports,Cricket Bat,70736.85,4.0,5.0,Cash on Delivery,Delivered,1.2,268800.03
ORD10775,2024-05-26,CUST1848,Varenya Dubey,Jaipur,Rajasthan,PID256,Jeans,Fashion,Jeans,69407.18,4.0,10.0,Unknown,Unknown,2.3,249865.85
ORD10760,2023-05-15,CUST1927,Yashica Zachariah,Surat,Gujarat,PID509,Jacket,Fashion,Jacket,27204.57,5.0,20.0,Unknown,Unknown,2.5,108818.28
ORD11612,2024-01-10,CUST1032,Unni Mohan,Hyderabad,Telangana,PID423,Jacket,Fashion,Jacket,65053.28,3.0,30.0,Unknown,Delivered,4.8,136611.89
ORD14413,2024-06-14,CUST1947,Zashil Balakrishnan,Mumbai,Maharashtra,PID321,Bluetooth Speaker,Electronics,Bluetooth Speaker,26232.87,5.0,25.0,Debit Card,Delayed,3.3,98373.26
ORD12221,2023-09-05,CUST1226,David Padmanabhan,Hyderabad,Telangana,PID439,Bluetooth Speaker,Electronics,Bluetooth Speaker,59992.92,1.0,40.0,Credit Card,Delivered,,35995.75
ORD12928,2023-02-18,CUST1269,Oviya Randhawa,Chennai,Tamil Nadu,PID375,Jacket,Fashion,Jacket,53787.65,5.0,25.0,Net Banking,Unknown,3.3,201703.69
ORD12076,2023-07-10,CUST1689,Kiaan Saraf,Mumbai,Maharashtra,PID263,Laptop,Electronics,Laptop,66538.51,3.0,20.0,Unknown,Delivered,4.6,159692.42
ORD10111,2024-09-03,CUST1052,Agastya Chadha,Chennai,Tamil Nadu,PID398,Face Wash,Beauty,Face Wash,29911.88,3.0,0.0,Net Banking,Cancelled,4.9,89735.64
ORD14153,2023-02-19,CUST1907,Xiti Bhasin,Mumbai,Maharashtra,PID404,Laptop,Electronics,Laptop,3407.94,3.0,15.0,Unknown,Delivered,2.0,8690.25
ORD14329,2023-02-18,CUST1551,Manan Johal,Ahmedabad,Gujarat,PID179,Cricket Bat,Sports,Cricket Bat,37611.12,5.0,20.0,Unknown,Unknown,,150444.48
ORD10491,2024-08-24,CUST1065,Mohammed Krish,Bangalore,Karnataka,PID522,Lipstick,Beauty,Lipstick,78359.85,4.0,20.0,Credit Card,Delivered,3.9,250751.52
ORD11191,2024-01-25,CUST1170,Brinda Doctor,Kolkata,West Bengal,PID439,Kurta,Fashion,Kurta,46781.03,5.0,5.0,Debit Card,Delivered,,222209.89
ORD13684,2023-03-30,CUST1894,Abhiram Devan,Surat,Gujarat,PID491,Novel,Books,Novel,13874.6,2.0,20.0,UPI,Cancelled,3.6,22199.36
ORD14395,2024-02-20,CUST1071,Sudiksha Apte,Pune,Maharashtra,PID211,Textbook,Books,Textbook,28820.93,4.0,10.0,Unknown,Delivered,,103755.35
ORD11480,2023-05-24,CUST1161,Isha Korpal,Surat,Gujarat,PID150,Headphones,Electronics,Headphones,48473.16,2.0,0.0,Unknown,Cancelled,2.6,96946.32
ORD12604,2023-06-30,CUST1473,Isaiah Agate,Lucknow,Uttar Pradesh,PID185,Biography,Books,Biography,87175.47,5.0,20.0,UPI,Delivered,1.5,348701.88
ORD12470,2024-03-06,CUST1446,Viraj Som,Delhi,Delhi,PID475,Yoga Mat,Sports,Yoga Mat,40431.95,1.0,25.0,UPI,Returned,2.8,30323.96
ORD11907,2023-06-07,CUST1480,Eesha Sekhon,Mumbai,Maharashtra,PID363,Tablet,Electronics,Tablet,27317.38,1.0,15.0,Net Banking,Cancelled,2.2,23219.77
ORD14470,2023-09-01,CUST1977,Matthew Buch,Surat,Gujarat,PID594,Cookware Set,Home & Kitchen,Cookware Set,76765.59,5.0,25.0,Debit Card,Delivered,3.6,287870.96
ORD11299,2024-01-29,CUST1350,Yamini Mohanty,Delhi,Delhi,PID418,Lipstick,Beauty,Lipstick,43378.82,2.0,0.0,UPI,Cancelled,4.1,86757.64
ORD12073,2024-10-22,CUST1984,Shivansh Bhattacharyya,Lucknow,Uttar Pradesh,PID598,Mixer Grinder,Home & Kitchen,Mixer Grinder,22874.2,5.0,5.0,Debit Card,Delivered,2.8,108652.45
ORD13426,2024-07-06,CUST1761,Jhalak Chada,Surat,Gujarat,PID265,Smartwatch,Electronics,Smartwatch,4142.6,3.0,0.0,Debit Card,Cancelled,5.0,12427.8
ORD10072,2023-04-28,CUST1951,Tanvi Karnik,Lucknow,Uttar Pradesh,PID436,Mixer Grinder,Home & Kitchen,Mixer Grinder,45741.02,1.0,25.0,Net Banking,Unknown,3.3,34305.76
ORD13457,2023-12-22,CUST1165,Zashil Saha,Kolkata,West Bengal,PID327,Cricket Bat,Sports,Cricket Bat,74784.31,4.0,20.0,Debit Card,Delivered,3.1,239309.79
ORD13694,2023-01-20,CUST1628,Azad Pandey,Jaipur,Rajasthan,PID402,Yoga Mat,Sports,Yoga Mat,66252.42,5.0,10.0,Cash on Delivery,Returned,4.5,298135.89
ORD11853,2024-08-12,CUST1850,Balendra Varma,Indore,Madhya Pradesh,PID437,Mixer Grinder,Home & Kitchen,Mixer Grinder,63245.43,4.0,0.0,Net Banking,Delivered,1.7,252981.72
ORD11943,2023-03-25,CUST1724,Aryan Kannan,Hyderabad,Telangana,PID336,Cricket Bat,Sports,Cricket Bat,0.0,1.0,30.0,Net Banking,Delayed,2.1,0.0
ORD11255,2023-11-09,CUST1845,Hritik Merchant,Chennai,Tamil Nadu,PID594,Shampoo,Beauty,Shampoo,20311.29,3.0,0.0,Cash on Delivery,Delivered,4.6,60933.87
ORD13573,2024-02-01,CUST1139,George Das,Jaipur,Rajasthan,PID280,Tablet,Electronics,Tablet,79123.93,5.0,15.0,Credit Card,Cancelled,,336276.7
ORD10185,2024-10-07,CUST1557,Wridesh Patla,Kolkata,West Bengal,PID500,Sunscreen,Beauty,Sunscreen,5628.97,2.0,15.0,Cash on Delivery,Unknown,,9569.25
ORD10825,2024-09-13,CUST1984,Vyanjana Rai,Pune,Maharashtra,PID154,Smartwatch,Electronics,Smartwatch,14374.72,3.0,40.0,Credit Card,Delayed,2.7,25874.5
ORD11720,2023-10-07,CUST1312,Yoshita Morar,Chennai,Tamil Nadu,PID136,Bedsheet,Home & Kitchen,Bedsheet,48158.78,3.0,0.0,Unknown,Delivered,4.6,144476.34
ORD14419,2023-12-14,CUST1188,Osha Kakar,Kolkata,West Bengal,PID391,Jeans,Fashion,Jeans,5672.02,4.0,30.0,Credit Card,Delayed,4.6,15881.66
ORD13802,2024-05-27,CUST1428,Ekaraj Gill,Indore,Madhya Pradesh,PID233,Water Bottle,Home & Kitchen,Water Bottle,50561.04,4.0,30.0,UPI,Delivered,2.6,141570.91
ORD12873,2023-10-16,CUST1664,Varenya Shroff,Surat,Gujarat,PID467,Football,Sports,Football,16683.67,4.0,0.0,Net Banking,Returned,4.8,66734.68
ORD10469,2023-08-20,CUST1318,Karan Kari,Jaipur,Rajasthan,PID132,Air Fryer,Home & Kitchen,Air Fryer,40480.21,1.0,0.0,Credit Card,Delivered,,40480.21
ORD11419,2024-03-13,CUST1223,Megha Garde,Lucknow,Uttar Pradesh,PID488,Shampoo,Beauty,Shampoo,72946.94,2.0,30.0,Credit Card,Delivered,,102125.72
ORD13074,2023-08-19,CUST1637,Yutika Thakkar,Chennai,Tamil Nadu,PID560,Smartwatch,Electronics,Smartwatch,88612.93,5.0,5.0,Unknown,Delivered,3.7,420911.42
ORD10537,2023-05-30,CUST1801,Tanish Gala,Surat,Gujarat,PID573,Novel,Books,Novel,49420.94,3.0,20.0,Cash on Delivery,Delivered,,118610.26
ORD12277,2023-01-25,CUST1444,Bhanumati Arora,Delhi,Delhi,PID327,Smartwatch,Electronics,Smartwatch,72052.72,4.0,25.0,Debit Card,Returned,,216158.16
ORD10342,2024-12-01,CUST1464,Girish Acharya,Kolkata,West Bengal,PID362,Football,Sports,Football,46597.92,2.0,5.0,UPI,Delivered,4.2,88536.05
ORD12971,2024-03-01,CUST1684,Victor Ranganathan,Surat,Gujarat,PID545,Comic,Books,Comic,73298.73,5.0,5.0,UPI,Unknown,3.3,348168.97
ORD13923,2023-04-09,CUST1703,Dalbir Acharya,Jaipur,Rajasthan,PID324,Biography,Books,Biography,70685.96,4.0,40.0,Credit Card,Returned,5.0,169646.3
ORD11996,2024-12-03,CUST1601,Tarak Khanna,Ahmedabad,Gujarat,PID121,Headphones,Electronics,Headphones,15713.06,1.0,15.0,Net Banking,Delayed,1.9,13356.1
ORD14456,2024-05-05,CUST1681,Wahab Loyal,Surat,Gujarat,PID129,Biography,Books,Biography,68513.75,5.0,5.0,Credit Card,Returned,4.5,325440.31
ORD11620,2023-11-22,CUST1171,Timothy Ratta,Jaipur,Rajasthan,PID455,Mixer Grinder,Home & Kitchen,Mixer Grinder,60737.29,3.0,30.0,Net Banking,Cancelled,1.3,127548.31
ORD14913,2023-08-16,CUST1787,Adya Pandya,Chennai,Tamil Nadu,PID204,T-Shirt,Fashion,T-Shirt,85780.12,2.0,0.0,Credit Card,Returned,3.1,171560.24
ORD13416,2024-10-21,CUST1783,Vedant Ghose,Lucknow,Uttar Pradesh,PID265,Novel,Books,Novel,36508.85,5.0,20.0,UPI,Delayed,2.9,146035.4
ORD12951,2023-03-18,CUST1779,Arjun Chowdhury,Indore,Madhya Pradesh,PID384,Saree,Fashion,Saree,29456.25,5.0,20.0,Cash on Delivery,Delayed,3.0,117825.0
ORD11928,2024-09-27,CUST1868,Darpan Butala,Bangalore,Karnataka,PID197,Perfume,Beauty,Perfume,54813.72,5.0,20.0,Cash on Delivery,Delayed,4.7,219254.88
ORD14206,2023-07-15,CUST1868,Upkaar Chahal,Kolkata,West Bengal,PID172,Football,Sports,Football,37496.23,3.0,40.0,UPI,Delivered,,67493.21
ORD10720,2024-03-01,CUST1384,Gaurika Bobal,Surat,Gujarat,PID571,Air Fryer,Home & Kitchen,Air Fryer,42144.1,5.0,30.0,Net Banking,Returned,1.1,147504.35
ORD11084,2023-04-01,CUST1830,Yug Krishnan,Pune,Maharashtra,PID375,Textbook,Books,Textbook,31113.55,4.0,30.0,Credit Card,Delayed,4.2,87117.94
ORD12686,2023-05-02,CUST1913,Inaya Nazareth,Lucknow,Uttar Pradesh,PID526,Football,Sports,Football,40971.84,2.0,15.0,Net Banking,Unknown,2.1,69652.13
ORD12836,2024-09-27,CUST1275,Divya Prasad,Ahmedabad,Gujarat,PID165,Yoga Mat,Sports,Yoga Mat,86100.92,1.0,0.0,Cash on Delivery,Delivered,4.0,86100.92
ORD10750,2024-08-13,CUST1616,Kabir Acharya,Surat,Gujarat,PID583,Saree,Fashion,Saree,69134.93,2.0,25.0,Credit Card,Delivered,4.1,103702.39
ORD13209,2024-07-29,CUST1579,Qasim Bal,Indore,Madhya Pradesh,PID577,T-Shirt,Fashion,T-Shirt,84757.11,3.0,30.0,Unknown,Delivered,2.9,177989.93
ORD12339,2023-10-27,CUST1087,Brinda Karnik,Pune,Maharashtra,PID462,Sunscreen,Beauty,Sunscreen,12516.9,5.0,25.0,Cash on Delivery,Returned,3.3,46938.38
ORD12778,2023-07-02,CUST1917,Ekapad Vaidya,Surat,Gujarat,PID430,Bedsheet,Home & Kitchen,Bedsheet,9431.82,3.0,30.0,Unknown,Delayed,4.9,19806.82
ORD11559,2024-03-29,CUST1140,Ishaan Buch,Bangalore,Karnataka,PID389,Saree,Fashion,Saree,14232.27,5.0,25.0,UPI,Unknown,2.8,53371.01
ORD11082,2023-02-24,CUST1321,Radhika Balasubramanian,Bangalore,Karnataka,PID448,Headphones,Electronics,Headphones,38552.22,3.0,40.0,Cash on Delivery,Delivered,,69394.0
ORD10921,2024-12-01,CUST1215,Girish Kanda,Surat,Gujarat,PID467,Cricket Bat,Sports,Cricket Bat,22502.89,2.0,5.0,UPI,Cancelled,4.9,42755.49
ORD12704,2023-12-16,CUST1862,Harrison Sehgal,Lucknow,Uttar Pradesh,PID514,Jacket,Fashion,Jacket,39159.83,4.0,10.0,Unknown,Delivered,2.9,140975.39
ORD11854,2024-09-14,CUST1309,Dalbir Mannan,Kolkata,West Bengal,PID308,Kurta,Fashion,Kurta,51514.92,1.0,40.0,Unknown,Delivered,1.4,30908.95
ORD13100,2024-08-20,CUST1378,Upma Naik,Lucknow,Uttar Pradesh,PID462,Shampoo,Beauty,Shampoo,54032.75,5.0,30.0,Debit Card,Returned,4.6,189114.62
ORD14823,2023-07-31,CUST1948,Rachita Banik,Delhi,Delhi,PID337,Saree,Fashion,Saree,6082.46,4.0,10.0,UPI,Delivered,4.0,21896.86
ORD10849,2024-05-15,CUST1590,Girish Walia,Jaipur,Rajasthan,PID279,Novel,Books,Novel,9477.81,2.0,25.0,Net Banking,Delayed,3.9,14216.72
ORD11604,2023-11-27,CUST1449,Alexander Dasgupta,Ahmedabad,Gujarat,PID381,Water Bottle,Home & Kitchen,Water Bottle,68322.87,1.0,15.0,UPI,Delivered,1.9,58074.44
ORD14001,2024-03-14,CUST1563,Vrinda Shere,Surat,Gujarat,PID588,Shampoo,Beauty,Shampoo,88651.28,4.0,20.0,Unknown,Returned,4.7,283684.1
ORD14296,2023-12-31,CUST1107,Aarush Dayal,Jaipur,Rajasthan,PID196,Novel,Books,Novel,61023.63,1.0,0.0,Cash on Delivery,Returned,3.7,61023.63
ORD12479,2023-05-25,CUST1881,Chatura Mukherjee,Mumbai,Maharashtra,PID466,Cricket Bat,Sports,Cricket Bat,47221.14,3.0,0.0,Credit Card,Unknown,4.1,141663.42
ORD13994,2024-05-22,CUST1009,Darpan Ravi,Chennai,Tamil Nadu,PID508,Sneakers,Fashion,Sneakers,3701.75,3.0,5.0,Debit Card,Returned,4.1,10549.99
ORD14575,2023-08-19,CUST1607,Ekani Halder,Ahmedabad,Gujarat,PID416,Comic,Books,Comic,27272.98,1.0,30.0,Credit Card,Delivered,4.0,19091.09
ORD14099,2024-09-25,CUST1339,Chaitaly Kade,Ahmedabad,Gujarat,PID530,Air Fryer,Home & Kitchen,Air Fryer,45817.64,2.0,5.0,Credit Card,Cancelled,2.2,87053.52
ORD14548,2024-12-16,CUST1577,Anusha De,Chennai,Tamil Nadu,PID542,Yoga Mat,Sports,Yoga Mat,36888.21,4.0,5.0,Net Banking,Delivered,4.9,140175.2
ORD14904,2024-04-08,CUST1539,Nitesh Choudhary,Kolkata,West Bengal,PID202,Air Fryer,Home & Kitchen,Air Fryer,87397.8,2.0,30.0,Cash on Delivery,Delivered,1.8,122356.92
ORD11295,2023-01-07,CUST1824,Urishilla Chadha,Lucknow,Uttar Pradesh,PID269,Novel,Books,Novel,20381.57,2.0,10.0,Credit Card,Unknown,,36686.83
ORD12190,2024-01-04,CUST1077,Chandresh Jayaraman,Chennai,Tamil Nadu,PID508,Yoga Mat,Sports,Yoga Mat,19414.53,4.0,5.0,UPI,Delivered,1.0,73775.21
ORD11532,2024-04-19,CUST1331,Peter Dube,Chennai,Tamil Nadu,PID274,Smartwatch,Electronics,Smartwatch,15335.38,5.0,0.0,Net Banking,Cancelled,3.3,76676.9
ORD12576,2023-07-01,CUST1583,Turvi Narasimhan,Hyderabad,Telangana,PID465,Textbook,Books,Textbook,70024.9,5.0,30.0,Unknown,Delivered,2.0,245087.15
ORD12435,2024-05-09,CUST1407,Balveer Dayal,Bangalore,Karnataka,PID358,Comic,Books,Comic,50884.64,3.0,25.0,Debit Card,Delayed,,114490.44
ORD11252,2024-07-18,CUST1997,Anya Dube,Kolkata,West Bengal,PID267,Kurta,Fashion,Kurta,1713.11,1.0,10.0,Cash on Delivery,Delivered,1.4,1541.8
ORD11893,2024-01-12,CUST1737,Aachal Dugal,Delhi,Delhi,PID508,Kurta,Fashion,Kurta,39026.35,3.0,40.0,Cash on Delivery,Unknown,2.4,70247.43
ORD10569,2024-08-14,CUST1361,Priya Biswas,Bangalore,Karnataka,PID263,Jacket,Fashion,Jacket,28925.0,4.0,5.0,Debit Card,Delivered,3.9,109915.0
ORD13259,2024-01-13,CUST1877,Manthan Kaur,Mumbai,Maharashtra,PID541,Textbook,Books,Textbook,1124.31,1.0,40.0,Unknown,Delivered,4.9,674.59
ORD10437,2023-08-26,CUST1904,Zayan Raval,Kolkata,West Bengal,PID250,Comic,Books,Comic,62821.67,2.0,40.0,Net Banking,Unknown,3.4,75386.0
ORD11560,2024-01-18,CUST1134,Varsha Thakur,Kolkata,West Bengal,PID497,Biography,Books,Biography,237.95,5.0,5.0,UPI,Delivered,1.2,1130.26
ORD14000,2023-04-24,CUST1150,Yashawini Contractor,Bangalore,Karnataka,PID243,Novel,Books,Novel,74360.12,5.0,25.0,Cash on Delivery,Returned,1.4,278850.45
ORD10656,2023-09-23,CUST1117,Samuel Saini,Lucknow,Uttar Pradesh,PID435,Headphones,Electronics,Headphones,49697.59,3.0,20.0,Credit Card,Unknown,1.5,119274.22
ORD14220,2024-01-21,CUST1502,Divya Bajwa,Indore,Madhya Pradesh,PID454,Tablet,Electronics,Tablet,48553.09,3.0,0.0,Credit Card,Delivered,3.4,145659.27
ORD10781,2023-04-18,CUST1275,Ojasvi Baral,Indore,Madhya Pradesh,PID394,Kurta,Fashion,Kurta,22333.55,5.0,25.0,Unknown,Returned,3.4,83750.81
ORD12517,2023-10-09,CUST1821,Kala Char,Hyderabad,Telangana,PID495,Mixer Grinder,Home & Kitchen,Mixer Grinder,9299.29,1.0,0.0,Net Banking,Cancelled,2.5,9299.29
ORD12890,2024-04-11,CUST1580,Aradhana Kaul,Bangalore,Karnataka,PID198,Cookware Set,Home & Kitchen,Cookware Set,3097.64,2.0,0.0,Debit Card,Cancelled,1.7,6195.28
ORD13719,2024-03-07,CUST1269,Mohini Iyer,Surat,Gujarat,PID160,Football,Sports,Football,60167.95,3.0,5.0,Debit Card,Unknown,2.2,171478.66
ORD11198,2023-12-06,CUST1510,Nimrat Brar,Bangalore,Karnataka,PID257,Shampoo,Beauty,Shampoo,28491.06,2.0,0.0,Debit Card,Delayed,4.7,56982.12
ORD12603,2024-08-24,CUST1246,Radha Chokshi,Kolkata,West Bengal,PID123,Dumbbells,Sports,Dumbbells,76852.99,2.0,5.0,Debit Card,Delivered,,146020.68
ORD14076,2023-05-24,CUST1493,Rachita Bansal,Surat,Gujarat,PID151,Comic,Books,Comic,5864.68,1.0,30.0,Credit Card,Delivered,3.1,4105.28
ORD11988,2024-08-23,CUST1063,Siya Thakur,Chennai,Tamil Nadu,PID463,Textbook,Books,Textbook,25655.89,5.0,20.0,Net Banking,Delivered,2.0,102623.56
ORD10846,2024-11-05,CUST1178,Jeevika Dar,Hyderabad,Telangana,PID397,Cricket Bat,Sports,Cricket Bat,32858.53,4.0,25.0,Debit Card,Returned,3.9,98575.59
ORD10603,2023-06-27,CUST1813,Ishani Deep,Kolkata,West Bengal,PID205,Comic,Books,Comic,67105.72,4.0,20.0,Cash on Delivery,Delivered,4.4,214738.3
ORD13680,2023-08-02,CUST1061,Divya Balasubramanian,Chennai,Tamil Nadu,PID112,Smartphone,Electronics,Smartphone,69881.86,4.0,15.0,Debit Card,Cancelled,4.8,237598.32
ORD14653,2023-08-14,CUST1959,Isaac Bahl,Chennai,Tamil Nadu,PID520,Textbook,Books,Textbook,2962.99,3.0,15.0,UPI,Cancelled,,7555.62
ORD10109,2023-05-28,CUST1341,Rajeshri Balay,Bangalore,Karnataka,PID511,Novel,Books,Novel,87761.19,3.0,25.0,UPI,Delivered,3.0,197462.68
ORD14326,2024-11-06,CUST1297,Sneha Nagar,Bangalore,Karnataka,PID450,Football,Sports,Football,61926.91,5.0,15.0,Cash on Delivery,Delayed,2.9,263189.37
ORD14304,2023-09-06,CUST1695,Pranit Loke,Pune,Maharashtra,PID137,Shampoo,Beauty,Shampoo,43321.96,2.0,15.0,Credit Card,Delayed,4.1,73647.33
ORD11303,2024-10-15,CUST1157,Shaurya Dugal,Ahmedabad,Gujarat,PID597,Headphones,Electronics,Headphones,60007.21,4.0,40.0,Debit Card,Returned,2.9,144017.3
ORD10829,2023-03-10,CUST1868,Aayush Talwar,Bangalore,Karnataka,PID498,Smartwatch,Electronics,Smartwatch,56181.09,5.0,20.0,Debit Card,Returned,4.1,224724.36
ORD10152,2023-12-05,CUST1655,Adweta Sarna,Surat,Gujarat,PID436,Mixer Grinder,Home & Kitchen,Mixer Grinder,72034.5,5.0,10.0,Cash on Delivery,Returned,4.8,324155.25
ORD13753,2024-12-08,CUST1508,Meghana Brahmbhatt,Lucknow,Uttar Pradesh,PID244,Jeans,Fashion,Jeans,79566.62,4.0,25.0,Net Banking,Returned,4.4,238699.86
ORD14635,2023-02-16,CUST1981,Shaurya Konda,Bangalore,Karnataka,PID100,Smartphone,Electronics,Smartphone,33275.83,2.0,30.0,Debit Card,Delivered,2.3,46586.16
ORD12632,2023-12-01,CUST1239,Rishi Karpe,Kolkata,West Bengal,PID257,Cookware Set,Home & Kitchen,Cookware Set,68080.73,5.0,0.0,UPI,Delivered,4.1,340403.65
ORD14420,2024-02-10,CUST1424,Daksha Hegde,Mumbai,Maharashtra,PID514,Sunscreen,Beauty,Sunscreen,31133.57,5.0,10.0,Debit Card,Delivered,1.7,140101.06
ORD12085,2023-11-19,CUST1111,Vedant Morar,Surat,Gujarat,PID426,Air Fryer,Home & Kitchen,Air Fryer,42289.3,3.0,10.0,UPI,Delivered,3.6,114181.11
ORD12074,2023-11-23,CUST1677,Patrick Sahni,Hyderabad,Telangana,PID300,Biography,Books,Biography,65553.1,1.0,40.0,UPI,Unknown,3.5,39331.86
ORD13693,2023-10-25,CUST1531,Leela Bahl,Chennai,Tamil Nadu,PID266,Football,Sports,Football,18159.38,3.0,20.0,Debit Card,Delivered,1.4,43582.51
ORD10398,2023-07-26,CUST1440,Rachita Sanghvi,Bangalore,Karnataka,PID550,Football,Sports,Football,27352.32,5.0,40.0,Net Banking,Delivered,3.0,82056.96
ORD10167,2023-08-11,CUST1986,Urvashi Swaminathan,Surat,Gujarat,PID319,Tablet,Electronics,Tablet,14895.87,2.0,40.0,Net Banking,Returned,1.4,17875.04
ORD14325,2024-03-10,CUST1728,Kevin Choudhry,Hyderabad,Telangana,PID181,Laptop,Electronics,Laptop,89577.91,4.0,0.0,Credit Card,Unknown,1.3,358311.64
ORD11226,2023-02-05,CUST1561,Tanay Korpal,Pune,Maharashtra,PID340,Bluetooth Speaker,Electronics,Bluetooth Speaker,72573.06,1.0,20.0,Net Banking,Delivered,4.8,58058.45
ORD11797,2023-11-19,CUST1291,Bhavani Soman,Indore,Madhya Pradesh,PID419,Mixer Grinder,Home & Kitchen,Mixer Grinder,16977.74,2.0,30.0,Unknown,Returned,2.8,23768.84
ORD11643,2024-03-10,CUST1785,Maanav Mohanty,Kolkata,West Bengal,PID283,Sneakers,Fashion,Sneakers,29192.26,1.0,40.0,Debit Card,Unknown,1.9,17515.36
ORD13596,2023-08-05,CUST1158,Harini Saraf,Mumbai,Maharashtra,PID584,Shampoo,Beauty,Shampoo,33699.86,5.0,20.0,Debit Card,Cancelled,4.8,134799.44
ORD10143,2024-07-24,CUST1612,Geetika Bhardwaj,Hyderabad,Telangana,PID501,Smartphone,Electronics,Smartphone,40109.52,1.0,40.0,Debit Card,Cancelled,,24065.71
ORD11241,2024-03-24,CUST1298,Faraj Pandey,Mumbai,Maharashtra,PID417,Face Wash,Beauty,Face Wash,45092.96,1.0,15.0,Net Banking,Delivered,3.2,38329.02
ORD11987,2024-03-25,CUST1278,Ubika Patil,Chennai,Tamil Nadu,PID290,Kurta,Fashion,Kurta,45821.07,2.0,40.0,Cash on Delivery,Returned,2.2,54985.28
ORD12652,2024-07-08,CUST1133,Jyoti Doshi,Jaipur,Rajasthan,PID237,Face Wash,Beauty,Face Wash,87570.37,2.0,20.0,Net Banking,Delayed,4.6,140112.59
ORD12224,2024-07-27,CUST1244,Triveni Dixit,Indore,Madhya Pradesh,PID298,Face Wash,Beauty,Face Wash,29360.34,1.0,30.0,Net Banking,Delivered,4.6,20552.24
ORD10238,2024-04-01,CUST1937,Manan Raja,Jaipur,Rajasthan,PID507,Saree,Fashion,Saree,42815.92,1.0,25.0,Credit Card,Delivered,3.6,32111.94
ORD10990,2024-07-27,CUST1972,Ekani Gola,Chennai,Tamil Nadu,PID535,Yoga Mat,Sports,Yoga Mat,47747.22,2.0,5.0,Unknown,Delayed,,90719.72
ORD14255,2024-01-25,CUST1226,Bimala Shere,Kolkata,West Bengal,PID531,Biography,Books,Biography,73633.52,1.0,10.0,Credit Card,Delivered,1.1,66270.17
ORD11759,2024-05-01,CUST1329,Bhavna Kumer,Chennai,Tamil Nadu,PID164,Football,Sports,Football,43816.89,2.0,10.0,Cash on Delivery,Delayed,4.9,78870.4
ORD11022,2024-03-29,CUST1257,Kamya Suresh,Lucknow,Uttar Pradesh,PID345,Shampoo,Beauty,Shampoo,82291.46,3.0,25.0,Debit Card,Delayed,4.1,185155.78
ORD14189,2024-12-19,CUST1257,Krish Ramakrishnan,Jaipur,Rajasthan,PID575,Novel,Books,Novel,4962.87,4.0,25.0,Credit Card,Delayed,2.8,14888.61
ORD10867,2024-04-18,CUST1612,Nidra Prashad,Indore,Madhya Pradesh,PID504,Textbook,Books,Textbook,26657.12,5.0,15.0,Debit Card,Returned,1.7,113292.76
ORD14507,2024-02-24,CUST1559,Ekiya Bir,Chennai,Tamil Nadu,PID287,Mixer Grinder,Home & Kitchen,Mixer Grinder,42025.12,1.0,20.0,Unknown,Delivered,,33620.1
ORD13284,2024-03-15,CUST1728,Bimala Pathak,Kolkata,West Bengal,PID113,Jeans,Fashion,Jeans,7858.79,5.0,10.0,Credit Card,Cancelled,5.0,35364.56
ORD14444,2024-03-30,CUST1486,Charvi Khalsa,Delhi,Delhi,PID459,Air Fryer,Home & Kitchen,Air Fryer,80611.9,1.0,10.0,Unknown,Delivered,4.6,72550.71
ORD14810,2024-05-01,CUST1801,Rajeshri Shanker,Delhi,Delhi,PID212,Perfume,Beauty,Perfume,60581.08,4.0,15.0,Debit Card,Delivered,,205975.67
ORD11698,2023-11-28,CUST1961,Keya Bera,Ahmedabad,Gujarat,PID110,Face Wash,Beauty,Face Wash,17643.63,1.0,0.0,Debit Card,Delivered,1.2,17643.63
ORD13682,2023-06-29,CUST1636,Harshil Balay,Delhi,Delhi,PID231,Bedsheet,Home & Kitchen,Bedsheet,8878.15,3.0,40.0,Unknown,Delivered,2.9,15980.67
ORD12218,2024-11-03,CUST1006,Vyanjana Mani,Surat,Gujarat,PID115,Smartwatch,Electronics,Smartwatch,65311.78,5.0,30.0,Debit Card,Delivered,5.0,228591.23
ORD13105,2023-02-18,CUST1400,Pratyush Khatri,Kolkata,West Bengal,PID546,Water Bottle,Home & Kitchen,Water Bottle,27648.88,4.0,0.0,Unknown,Delivered,,110595.52
ORD14467,2023-08-14,CUST1934,Omaja Dave,Bangalore,Karnataka,PID417,Face Wash,Beauty,Face Wash,35209.26,2.0,30.0,Cash on Delivery,Delivered,1.7,49292.96
ORD14248,2024-09-03,CUST1815,Vamakshi Khare,Lucknow,Uttar Pradesh,PID407,Saree,Fashion,Saree,49051.99,4.0,20.0,Credit Card,Unknown,3.7,156966.37
ORD11583,2023-08-27,CUST1239,Jhalak Mane,Indore,Madhya Pradesh,PID148,T-Shirt,Fashion,T-Shirt,89232.48,1.0,30.0,Credit Card,Returned,2.0,62462.74
ORD10804,2024-04-10,CUST1263,Darsh Sama,Indore,Madhya Pradesh,PID551,Shampoo,Beauty,Shampoo,21504.56,4.0,10.0,Unknown,Returned,2.4,77416.42
ORD11227,2023-04-07,CUST1845,Arjun Sidhu,Jaipur,Rajasthan,PID426,Perfume,Beauty,Perfume,20136.66,4.0,20.0,UPI,Delivered,,64437.31
ORD11204,2023-02-07,CUST1222,Shaurya Kibe,Indore,Madhya Pradesh,PID315,Comic,Books,Comic,72549.12,3.0,15.0,Credit Card,Delivered,3.0,185000.26
ORD13238,2023-01-13,CUST1729,Anthony Parsa,Lucknow,Uttar Pradesh,PID343,Lipstick,Beauty,Lipstick,85123.69,3.0,5.0,Net Banking,Returned,1.1,242602.52
ORD13237,2023-08-04,CUST1615,Januja Guha,Delhi,Delhi,PID471,Face Wash,Beauty,Face Wash,20865.62,4.0,40.0,Cash on Delivery,Unknown,1.2,50077.49
ORD12757,2023-02-14,CUST1052,Lohit Gopal,Chennai,Tamil Nadu,PID424,Yoga Mat,Sports,Yoga Mat,76923.5,2.0,25.0,Net Banking,Delivered,4.0,115385.25
ORD12912,2024-09-13,CUST1782,Ganga Tank,Kolkata,West Bengal,PID239,Cookware Set,Home & Kitchen,Cookware Set,60046.63,3.0,20.0,UPI,Delayed,2.7,144111.91
ORD14766,2024-06-15,CUST1282,Unni Sodhi,Jaipur,Rajasthan,PID320,Cookware Set,Home & Kitchen,Cookware Set,35291.82,2.0,20.0,Debit Card,Delivered,,56466.91
ORD12812,2024-06-08,CUST1401,Netra Sathe,Surat,Gujarat,PID485,Jacket,Fashion,Jacket,69177.37,1.0,0.0,Cash on Delivery,Cancelled,2.4,69177.37
ORD13954,2023-11-17,CUST1434,Shivani Divan,Mumbai,Maharashtra,PID489,Novel,Books,Novel,46083.22,4.0,15.0,Unknown,Cancelled,1.0,156682.95
ORD11268,2023-05-13,CUST1492,Anirudh Viswanathan,Delhi,Delhi,PID351,Smartwatch,Electronics,Smartwatch,38493.66,5.0,10.0,Net Banking,Returned,3.7,173221.47
ORD10806,2024-12-30,CUST1561,Oeshi Sant,Kolkata,West Bengal,PID541,Shampoo,Beauty,Shampoo,32815.89,5.0,15.0,Unknown,Unknown,1.8,139467.53
ORD11444,2023-11-04,CUST1714,Pallavi Vyas,Chennai,Tamil Nadu,PID289,Lipstick,Beauty,Lipstick,70909.95,5.0,30.0,Credit Card,Delivered,2.9,248184.82
ORD14388,2024-06-20,CUST1947,Saumya Iyengar,Indore,Madhya Pradesh,PID244,Smartphone,Electronics,Smartphone,33987.93,1.0,15.0,Credit Card,Delayed,3.3,28889.74
ORD10186,2023-10-15,CUST1253,Upkaar Singhal,Lucknow,Uttar Pradesh,PID436,Perfume,Beauty,Perfume,45290.03,3.0,0.0,Net Banking,Delivered,5.0,135870.09
ORD13824,2024-11-27,CUST1948,Lohit Bera,Ahmedabad,Gujarat,PID264,Smartphone,Electronics,Smartphone,0.0,2.0,25.0,Cash on Delivery,Delayed,4.9,0.0
ORD12086,2023-04-15,CUST1892,Leena Venkatesh,Lucknow,Uttar Pradesh,PID165,Smartphone,Electronics,Smartphone,75261.66,1.0,40.0,UPI,Unknown,2.6,45157.0
ORD10097,2024-10-22,CUST1380,Raghav Lata,Mumbai,Maharashtra,PID327,Yoga Mat,Sports,Yoga Mat,12978.74,1.0,15.0,Net Banking,Delivered,2.5,11031.93
ORD14425,2024-01-24,CUST1385,Ganga Borde,Kolkata,West Bengal,PID591,Comic,Books,Comic,32163.36,5.0,20.0,Cash on Delivery,Delayed,3.4,128653.44
ORD14797,2024-06-09,CUST1556,Pavani Khalsa,Pune,Maharashtra,PID457,Air Fryer,Home & Kitchen,Air Fryer,35459.08,4.0,5.0,Unknown,Unknown,3.4,134744.5
ORD12120,2023-10-12,CUST1605,Lekha Choudhary,Kolkata,West Bengal,PID140,Bluetooth Speaker,Electronics,Bluetooth Speaker,72143.94,3.0,5.0,UPI,Unknown,2.0,205610.23
ORD13757,2023-10-01,CUST1177,Tanay Pandey,Hyderabad,Telangana,PID448,Biography,Books,Biography,30581.78,5.0,30.0,Unknown,Delayed,,107036.23
ORD12562,2023-06-25,CUST1786,Praneel Swaminathan,Kolkata,West Bengal,PID102,Face Wash,Beauty,Face Wash,34244.47,1.0,0.0,Net Banking,Delivered,2.7,34244.47
ORD10670,2023-05-21,CUST1812,Zayan Wali,Delhi,Delhi,PID213,Perfume,Beauty,Perfume,64505.14,4.0,5.0,Debit Card,Unknown,3.9,245119.53
ORD11753,2024-01-19,CUST1744,Keya Das,Surat,Gujarat,PID219,Jeans,Fashion,Jeans,59628.85,4.0,25.0,Cash on Delivery,Unknown,1.9,178886.55
ORD12982,2023-05-30,CUST1050,Waida Grewal,Hyderabad,Telangana,PID582,Textbook,Books,Textbook,68190.73,2.0,40.0,Cash on Delivery,Delivered,,81828.88
ORD12568,2023-10-08,CUST1745,Anjali Raj,Ahmedabad,Gujarat,PID335,Smartphone,Electronics,Smartphone,8204.79,1.0,5.0,UPI,Cancelled,4.0,7794.55
ORD14408,2023-05-01,CUST1513,Baghyawati Bhagat,Chennai,Tamil Nadu,PID339,Cookware Set,Home & Kitchen,Cookware Set,7525.71,2.0,30.0,UPI,Returned,1.4,10535.99
ORD11660,2024-02-17,CUST1471,Veda Thakkar,Lucknow,Uttar Pradesh,PID278,Bedsheet,Home & Kitchen,Bedsheet,30703.1,4.0,25.0,Cash on Delivery,Delivered,2.8,92109.3
ORD13460,2023-10-04,CUST1873,Aayush Ravi,Delhi,Delhi,PID333,Dumbbells,Sports,Dumbbells,1892.29,3.0,25.0,Debit Card,Delivered,1.9,4257.65
ORD13569,2023-06-22,CUST1634,Robert Iyengar,Bangalore,Karnataka,PID304,Smartphone,Electronics,Smartphone,54741.0,5.0,20.0,Unknown,Delivered,3.2,218964.0
ORD12692,2023-04-12,CUST1054,Barkha Mammen,Chennai,Tamil Nadu,PID506,Jacket,Fashion,Jacket,61150.49,2.0,40.0,Debit Card,Cancelled,4.2,73380.59
ORD13344,2024-11-06,CUST1860,Leena Bajaj,Kolkata,West Bengal,PID469,Bluetooth Speaker,Electronics,Bluetooth Speaker,31027.96,1.0,5.0,Credit Card,Cancelled,3.3,29476.56
ORD11378,2024-09-09,CUST1805,Dhruv Dewan,Hyderabad,Telangana,PID449,Tablet,Electronics,Tablet,22105.8,5.0,0.0,Credit Card,Returned,3.0,110529.0
ORD13132,2024-09-14,CUST1050,Dhruv Handa,Chennai,Tamil Nadu,PID598,Bluetooth Speaker,Electronics,Bluetooth Speaker,8210.84,4.0,5.0,Debit Card,Delayed,1.4,31201.19
ORD12818,2023-03-19,CUST1072,Ladli Yadav,Delhi,Delhi,PID191,Sunscreen,Beauty,Sunscreen,55674.49,4.0,0.0,Credit Card,Delivered,3.1,222697.96
ORD14257,2023-12-20,CUST1820,Neha Murthy,Delhi,Delhi,PID105,Sunscreen,Beauty,Sunscreen,42262.04,2.0,20.0,Net Banking,Unknown,1.7,67619.26
ORD12627,2024-07-31,CUST1190,Lavanya Magar,Surat,Gujarat,PID371,Kurta,Fashion,Kurta,30120.64,5.0,25.0,Net Banking,Unknown,4.1,112952.4
ORD13587,2024-02-01,CUST1631,Anvi Parmar,Ahmedabad,Gujarat,PID460,Perfume,Beauty,Perfume,2543.48,3.0,30.0,Unknown,Delivered,1.0,5341.31
ORD14654,2024-08-03,CUST1353,Isaiah Patel,Surat,Gujarat,PID437,Cookware Set,Home & Kitchen,Cookware Set,48866.98,3.0,15.0,Cash on Delivery,Cancelled,3.3,124610.8
ORD12752,2023-04-22,CUST1754,Urishilla Vohra,Bangalore,Karnataka,PID220,Bluetooth Speaker,Electronics,Bluetooth Speaker,37506.09,5.0,15.0,Net Banking,Delivered,3.8,159400.88
ORD14691,2024-09-02,CUST1683,Jeet Gole,Lucknow,Uttar Pradesh,PID281,Air Fryer,Home & Kitchen,Air Fryer,73999.01,5.0,30.0,Unknown,Delivered,1.4,258996.53
ORD10944,2023-09-04,CUST1797,Eesha Choudhary,Pune,Maharashtra,PID425,Saree,Fashion,Saree,65704.53,4.0,15.0,Net Banking,Delivered,4.4,223395.4
ORD14068,2023-08-03,CUST1966,Harshil Mukhopadhyay,Bangalore,Karnataka,PID459,Jacket,Fashion,Jacket,38782.56,1.0,20.0,Credit Card,Delayed,1.7,31026.05
ORD12623,2024-07-16,CUST1773,Ria Jani,Chennai,Tamil Nadu,PID534,Smartwatch,Electronics,Smartwatch,24041.43,4.0,25.0,Credit Card,Cancelled,1.7,72124.29
ORD10242,2023-10-24,CUST1031,Faris Sami,Indore,Madhya Pradesh,PID342,Bluetooth Speaker,Electronics,Bluetooth Speaker,55708.69,1.0,5.0,Cash on Delivery,Delayed,2.2,52923.26
ORD11790,2023-05-30,CUST1667,Tripti Pingle,Mumbai,Maharashtra,PID153,Air Fryer,Home & Kitchen,Air Fryer,82126.03,5.0,25.0,Net Banking,Unknown,3.9,307972.61
ORD11927,2024-03-18,CUST1669,Ekanta Raval,Jaipur,Rajasthan,PID120,Football,Sports,Football,3270.63,4.0,30.0,Net Banking,Unknown,1.9,9157.76
ORD10527,2024-12-27,CUST1918,Tanveer Tak,Indore,Madhya Pradesh,PID174,Cookware Set,Home & Kitchen,Cookware Set,77084.26,5.0,0.0,Cash on Delivery,Returned,3.6,385421.3
ORD14931,2023-08-07,CUST1790,Chavvi Bala,Delhi,Delhi,PID336,Dumbbells,Sports,Dumbbells,71539.6,4.0,20.0,Net Banking,Delivered,2.7,228926.72
ORD13400,2023-06-15,CUST1444,Yatin Nadig,Lucknow,Uttar Pradesh,PID344,Biography,Books,Biography,2762.97,1.0,5.0,Unknown,Unknown,1.9,2624.82
ORD12601,2024-06-21,CUST1720,Baljiwan Patel,Surat,Gujarat,PID304,Novel,Books,Novel,86963.91,5.0,0.0,UPI,Delivered,,434819.55
ORD12253,2023-01-18,CUST1472,Faraj Patel,Jaipur,Rajasthan,PID246,Jacket,Fashion,Jacket,52014.89,1.0,20.0,Cash on Delivery,Cancelled,3.3,41611.91
ORD14143,2023-11-30,CUST1997,Leela Goyal,Hyderabad,Telangana,PID430,Jacket,Fashion,Jacket,70166.0,5.0,5.0,Net Banking,Cancelled,3.4,333288.5
ORD12137,2023-06-04,CUST1217,Gunbir Panchal,Indore,Madhya Pradesh,PID447,Bedsheet,Home & Kitchen,Bedsheet,71716.4,3.0,10.0,Credit Card,Returned,2.6,193634.28
ORD13365,2023-11-17,CUST1193,Manbir Sane,Mumbai,Maharashtra,PID498,Yoga Mat,Sports,Yoga Mat,72624.68,4.0,5.0,Net Banking,Unknown,3.3,275973.78
ORD10430,2024-06-09,CUST1260,Zashil Ravi,Hyderabad,Telangana,PID399,Jacket,Fashion,Jacket,75762.19,1.0,0.0,Unknown,Returned,2.7,75762.19
ORD14976,2023-09-20,CUST1493,Matthew Bumb,Ahmedabad,Gujarat,PID117,Headphones,Electronics,Headphones,53262.0,1.0,15.0,Cash on Delivery,Delivered,,45272.7
ORD12067,2023-01-25,CUST1649,Shaurya Majumdar,Surat,Gujarat,PID381,Mixer Grinder,Home & Kitchen,Mixer Grinder,3513.49,2.0,20.0,Debit Card,Delayed,2.8,5621.58
ORD12326,2024-06-11,CUST1443,Omisha Mohan,Ahmedabad,Gujarat,PID413,Tablet,Electronics,Tablet,33304.03,2.0,40.0,UPI,Cancelled,3.3,39964.84
ORD13878,2024-06-22,CUST1808,Netra Kale,Bangalore,Karnataka,PID226,Headphones,Electronics,Headphones,26373.06,1.0,30.0,UPI,Unknown,3.9,18461.14
ORD11479,2023-08-15,CUST1953,Devansh Taneja,Pune,Maharashtra,PID213,Sunscreen,Beauty,Sunscreen,1492.93,1.0,15.0,Net Banking,Delivered,3.5,1268.99
ORD10339,2023-10-23,CUST1738,Raksha Kashyap,Kolkata,West Bengal,PID553,Yoga Mat,Sports,Yoga Mat,12645.34,3.0,10.0,UPI,Returned,3.7,34142.42
ORD12075,2024-04-03,CUST1917,Adya Bains,Mumbai,Maharashtra,PID333,Yoga Mat,Sports,Yoga Mat,32648.49,2.0,10.0,Cash on Delivery,Delivered,3.3,58767.28
ORD12012,2023-06-08,CUST1183,Upma Nigam,Chennai,Tamil Nadu,PID311,Perfume,Beauty,Perfume,72351.33,3.0,15.0,Cash on Delivery,Delivered,2.0,184495.89
ORD10254,2024-06-13,CUST1221,Brijesh Mannan,Bangalore,Karnataka,PID329,Textbook,Books,Textbook,56714.21,1.0,10.0,UPI,Returned,3.4,51042.79
ORD10321,2024-03-13,CUST1576,Ronith Sangha,Mumbai,Maharashtra,PID354,Saree,Fashion,Saree,9970.81,1.0,20.0,Net Banking,Delivered,2.3,7976.65
ORD12049,2023-06-05,CUST1515,Lipika Chowdhury,Delhi,Delhi,PID362,T-Shirt,Fashion,T-Shirt,74622.05,4.0,0.0,Unknown,Delivered,4.6,298488.2
ORD10947,2023-08-08,CUST1298,Nachiket Shan,Pune,Maharashtra,PID584,Comic,Books,Comic,26888.17,2.0,30.0,Cash on Delivery,Unknown,4.8,37643.44
ORD11085,2023-08-16,CUST1262,Falguni Salvi,Indore,Madhya Pradesh,PID368,Laptop,Electronics,Laptop,69644.14,2.0,30.0,Credit Card,Unknown,1.3,97501.8
ORD11192,2024-04-14,CUST1547,Suhani Sood,Mumbai,Maharashtra,PID526,Dumbbells,Sports,Dumbbells,29501.03,1.0,10.0,UPI,Delivered,2.6,26550.93
ORD10621,2024-11-10,CUST1793,Aahana Hayre,Delhi,Delhi,PID439,T-Shirt,Fashion,T-Shirt,27518.51,3.0,20.0,Debit Card,Delivered,,66044.42
ORD12099,2024-12-28,CUST1679,Niharika Kale,Surat,Gujarat,PID287,Sneakers,Fashion,Sneakers,82293.22,4.0,20.0,Debit Card,Returned,3.7,263338.3
ORD10751,2023-11-07,CUST1140,Qarin Munshi,Jaipur,Rajasthan,PID549,Laptop,Electronics,Laptop,31464.49,2.0,15.0,Credit Card,Unknown,5.0,53489.63
ORD13053,2024-03-22,CUST1085,Dalbir Parmer,Bangalore,Karnataka,PID533,Headphones,Electronics,Headphones,61798.28,1.0,30.0,Cash on Delivery,Delivered,4.0,43258.8
ORD13945,2024-08-06,CUST1778,Neel Krishna,Surat,Gujarat,PID128,Smartwatch,Electronics,Smartwatch,69920.82,2.0,40.0,UPI,Delivered,,83904.98
ORD11865,2023-10-20,CUST1479,Nitara Sharma,Ahmedabad,Gujarat,PID271,Kurta,Fashion,Kurta,76017.55,5.0,20.0,Credit Card,Cancelled,3.2,304070.2
ORD11959,2024-04-14,CUST1579,Saksham Sule,Bangalore,Karnataka,PID324,Shampoo,Beauty,Shampoo,88006.07,1.0,15.0,UPI,Delivered,2.2,74805.16
ORD13078,2024-03-06,CUST1611,Agastya Jha,Ahmedabad,Gujarat,PID144,Comic,Books,Comic,157.0,5.0,0.0,Debit Card,Unknown,4.9,785.0
ORD13688,2024-12-28,CUST1460,Amaira Padmanabhan,Ahmedabad,Gujarat,PID109,Yoga Mat,Sports,Yoga Mat,13460.73,2.0,25.0,Unknown,Unknown,2.3,20191.1
ORD11778,2023-07-29,CUST1114,Baljiwan Varghese,Hyderabad,Telangana,PID546,Jacket,Fashion,Jacket,61499.84,2.0,25.0,Credit Card,Unknown,4.9,92249.76
ORD10578,2023-04-06,CUST1769,Aarini Bumb,Delhi,Delhi,PID300,Kurta,Fashion,Kurta,87903.18,4.0,25.0,Debit Card,Delayed,1.0,263709.54
ORD11668,2024-02-08,CUST1936,Jhalak Balay,Delhi,Delhi,PID290,Face Wash,Beauty,Face Wash,52764.44,2.0,20.0,Debit Card,Returned,4.0,84423.1
ORD11396,2023-04-20,CUST1005,Om Chandran,Bangalore,Karnataka,PID173,Sunscreen,Beauty,Sunscreen,26311.64,4.0,25.0,Debit Card,Delivered,4.6,78934.92
ORD12184,2024-11-24,CUST1464,Anirudh Patla,Bangalore,Karnataka,PID307,Bedsheet,Home & Kitchen,Bedsheet,61008.02,3.0,30.0,Net Banking,Returned,3.8,128116.84
ORD11806,2024-08-14,CUST1025,Lajita Chaudry,Surat,Gujarat,PID345,Yoga Mat,Sports,Yoga Mat,21504.71,1.0,10.0,UPI,Delivered,4.1,19354.24
ORD14710,2024-07-28,CUST1549,Isaac Baria,Lucknow,Uttar Pradesh,PID444,Dumbbells,Sports,Dumbbells,74484.23,1.0,10.0,Net Banking,Returned,1.1,67035.81
ORD10271,2023-10-14,CUST1276,Aryan Luthra,Chennai,Tamil Nadu,PID511,Comic,Books,Comic,16674.64,3.0,30.0,Unknown,Delivered,3.3,35016.74
ORD10171,2024-08-23,CUST1976,Hemangini Deo,Hyderabad,Telangana,PID533,Textbook,Books,Textbook,7661.2,2.0,30.0,UPI,Delivered,4.3,10725.68
ORD12042,2024-12-27,CUST1291,Bachittar Varughese,Hyderabad,Telangana,PID102,Bedsheet,Home & Kitchen,Bedsheet,37547.89,1.0,25.0,Credit Card,Delivered,2.6,28160.92
ORD14674,2024-03-01,CUST1569,Bahadurjit Ranganathan,Mumbai,Maharashtra,PID166,Bluetooth Speaker,Electronics,Bluetooth Speaker,65236.51,4.0,25.0,UPI,Delivered,5.0,195709.53
ORD14910,2023-09-07,CUST1405,Ishwar Pai,Delhi,Delhi,PID427,Yoga Mat,Sports,Yoga Mat,31549.46,2.0,15.0,Unknown,Delivered,1.2,53634.08
ORD11816,2024-10-25,CUST1948,Ekta Handa,Pune,Maharashtra,PID524,Jeans,Fashion,Jeans,87757.52,5.0,10.0,Debit Card,Delivered,2.6,394908.84
ORD14744,2023-11-09,CUST1770,Hemang Nagi,Hyderabad,Telangana,PID426,Dumbbells,Sports,Dumbbells,60386.65,4.0,15.0,UPI,Delivered,2.0,205314.61
ORD13842,2023-11-24,CUST1350,Radha Grewal,Hyderabad,Telangana,PID508,Mixer Grinder,Home & Kitchen,Mixer Grinder,1407.15,4.0,20.0,Unknown,Returned,1.4,4502.88
ORD11497,2024-05-19,CUST1671,Divya Mangat,Kolkata,West Bengal,PID126,Kurta,Fashion,Kurta,41613.0,1.0,25.0,Debit Card,Delivered,2.9,31209.75
ORD12878,2023-06-24,CUST1979,Harini Brahmbhatt,Hyderabad,Telangana,PID126,Football,Sports,Football,4560.03,3.0,20.0,Credit Card,Delayed,4.7,10944.07
ORD11276,2024-04-04,CUST1509,Wahab Thakur,Chennai,Tamil Nadu,PID359,Saree,Fashion,Saree,28987.5,2.0,5.0,Credit Card,Cancelled,2.3,55076.25
ORD13907,2024-06-02,CUST1004,Megha Tella,Delhi,Delhi,PID147,Saree,Fashion,Saree,5008.61,3.0,40.0,Credit Card,Delivered,4.9,9015.5
ORD11787,2023-11-29,CUST1584,Ishani Upadhyay,Indore,Madhya Pradesh,PID337,T-Shirt,Fashion,T-Shirt,27594.7,2.0,20.0,Cash on Delivery,Delivered,3.7,44151.52
ORD13513,2023-04-23,CUST1179,Watika Varma,Surat,Gujarat,PID148,Face Wash,Beauty,Face Wash,58734.57,1.0,15.0,Net Banking,Returned,2.8,49924.38
ORD13817,2024-10-14,CUST1340,Widisha Bawa,Hyderabad,Telangana,PID335,Saree,Fashion,Saree,38979.75,5.0,30.0,Cash on Delivery,Delivered,1.8,136429.12
ORD14571,2024-09-17,CUST1676,Edhitha Nagy,Surat,Gujarat,PID412,Smartphone,Electronics,Smartphone,15458.38,2.0,15.0,UPI,Delivered,2.8,26279.25
ORD13951,2024-03-11,CUST1801,Jagvi Goel,Chennai,Tamil Nadu,PID361,Laptop,Electronics,Laptop,76140.74,5.0,30.0,Net Banking,Cancelled,2.9,266492.59
ORD12171,2023-04-14,CUST1813,Geetika Rastogi,Bangalore,Karnataka,PID524,Bedsheet,Home & Kitchen,Bedsheet,47692.52,4.0,0.0,UPI,Delivered,1.3,190770.08
ORD12302,2024-12-18,CUST1709,Advaith Mukherjee,Indore,Madhya Pradesh,PID512,Sunscreen,Beauty,Sunscreen,88056.92,4.0,0.0,Credit Card,Delivered,4.9,352227.68
ORD12513,2024-03-11,CUST1943,Dominic Kata,Hyderabad,Telangana,PID422,T-Shirt,Fashion,T-Shirt,42369.61,5.0,40.0,Unknown,Unknown,1.5,127108.83
ORD12655,2024-06-20,CUST1868,Aarini Agrawal,Jaipur,Rajasthan,PID471,Sunscreen,Beauty,Sunscreen,84412.63,3.0,0.0,Net Banking,Delayed,4.4,253237.89
ORD10296,2024-06-14,CUST1790,Caleb Bajaj,Chennai,Tamil Nadu,PID520,Football,Sports,Football,86554.41,1.0,0.0,Credit Card,Delivered,,86554.41
ORD11071,2024-03-08,CUST1725,Brinda Wali,Kolkata,West Bengal,PID146,Biography,Books,Biography,75093.09,1.0,30.0,Cash on Delivery,Delivered,1.3,52565.16
ORD10054,2024-02-24,CUST1082,Yagnesh Zachariah,Delhi,Delhi,PID536,Comic,Books,Comic,78696.01,4.0,10.0,Debit Card,Delivered,,283305.64
ORD14718,2024-09-21,CUST1411,Jalsa Raju,Mumbai,Maharashtra,PID417,Textbook,Books,Textbook,71541.8,2.0,10.0,Debit Card,Delivered,2.8,128775.24
ORD14552,2023-10-01,CUST1536,Tristan Grewal,Surat,Gujarat,PID313,Jeans,Fashion,Jeans,45114.59,4.0,40.0,Net Banking,Delivered,2.0,108275.02
ORD14613,2024-12-31,CUST1926,Jack Lal,Bangalore,Karnataka,PID531,Comic,Books,Comic,50303.96,3.0,10.0,Net Banking,Delivered,3.7,135820.69
ORD12781,2024-06-30,CUST1991,Fiyaz Saha,Hyderabad,Telangana,PID585,Jacket,Fashion,Jacket,17227.27,3.0,30.0,Unknown,Delivered,4.6,36177.27
ORD12007,2024-11-17,CUST1229,Wazir Basu,Chennai,Tamil Nadu,PID262,Cricket Bat,Sports,Cricket Bat,12485.33,5.0,25.0,Debit Card,Returned,1.1,46819.99
ORD10302,2023-11-09,CUST1045,Frado Swaminathan,Delhi,Delhi,PID573,Novel,Books,Novel,60506.52,3.0,0.0,Cash on Delivery,Cancelled,2.4,181519.56
ORD10366,2023-10-15,CUST1907,Jagat Sheth,Indore,Madhya Pradesh,PID251,Sneakers,Fashion,Sneakers,17594.82,3.0,0.0,Credit Card,Unknown,4.4,52784.46
ORD10103,2023-06-25,CUST1046,Gaurang Rajagopal,Bangalore,Karnataka,PID585,Comic,Books,Comic,56308.26,2.0,10.0,Net Banking,Delivered,3.9,101354.87
ORD14533,2024-04-22,CUST1597,Saumya Gupta,Bangalore,Karnataka,PID385,Cookware Set,Home & Kitchen,Cookware Set,82072.08,5.0,0.0,UPI,Delivered,3.6,410360.4
ORD12520,2024-02-03,CUST1709,Jeremiah Narang,Bangalore,Karnataka,PID199,Novel,Books,Novel,58119.46,5.0,30.0,Credit Card,Delayed,4.5,203418.11
ORD13934,2024-09-20,CUST1676,Megha Narasimhan,Kolkata,West Bengal,PID469,Laptop,Electronics,Laptop,30311.46,2.0,40.0,Credit Card,Returned,4.0,36373.75
ORD12791,2023-08-29,CUST1853,Prisha Baral,Indore,Madhya Pradesh,PID546,Biography,Books,Biography,71236.56,5.0,15.0,Net Banking,Returned,,302755.38
ORD12633,2024-01-29,CUST1829,Jackson Parsa,Kolkata,West Bengal,PID469,T-Shirt,Fashion,T-Shirt,35836.24,5.0,40.0,Unknown,Delayed,3.2,107508.72
ORD13007,2023-06-11,CUST1437,Aarna Mistry,Delhi,Delhi,PID352,Cricket Bat,Sports,Cricket Bat,26072.69,1.0,40.0,UPI,Returned,4.3,15643.61
ORD11488,2023-01-25,CUST1154,Suhani Mukherjee,Bangalore,Karnataka,PID201,Cricket Bat,Sports,Cricket Bat,12014.28,4.0,40.0,Credit Card,Delivered,4.3,28834.27
ORD13051,2024-09-17,CUST1868,Kashvi Sanghvi,Kolkata,West Bengal,PID368,Yoga Mat,Sports,Yoga Mat,7447.94,2.0,5.0,Cash on Delivery,Delivered,4.5,14151.09
ORD10375,2023-10-26,CUST1592,Odika Bali,Pune,Maharashtra,PID275,Headphones,Electronics,Headphones,87266.28,3.0,0.0,Net Banking,Returned,1.1,261798.84
ORD10545,2024-04-19,CUST1305,Nathaniel Johal,Indore,Madhya Pradesh,PID281,T-Shirt,Fashion,T-Shirt,56861.2,5.0,0.0,UPI,Cancelled,,284306.0
ORD11352,2023-11-22,CUST1099,Umang Ramanathan,Mumbai,Maharashtra,PID106,Football,Sports,Football,27969.37,3.0,10.0,Unknown,Cancelled,1.3,75517.3
ORD10292,2024-04-24,CUST1059,Saumya Loke,Mumbai,Maharashtra,PID521,Comic,Books,Comic,33066.91,2.0,5.0,Cash on Delivery,Unknown,1.2,62827.13
ORD13391,2024-10-18,CUST1117,Yutika Dugar,Jaipur,Rajasthan,PID451,Cricket Bat,Sports,Cricket Bat,44565.45,2.0,10.0,Credit Card,Delayed,4.7,80217.81
ORD10390,2024-04-25,CUST1942,Harrison Babu,Delhi,Delhi,PID408,Cricket Bat,Sports,Cricket Bat,1839.76,2.0,0.0,Unknown,Delivered,,3679.52
ORD14436,2024-09-24,CUST1308,Ekavir Kalla,Kolkata,West Bengal,PID477,Tablet,Electronics,Tablet,45633.57,5.0,40.0,Credit Card,Delayed,1.9,136900.71
ORD12596,2024-02-03,CUST1961,Robert Pathak,Lucknow,Uttar Pradesh,PID186,Jacket,Fashion,Jacket,35222.61,3.0,40.0,Unknown,Delivered,2.2,63400.7
ORD11871,2023-04-02,CUST1347,Neelima Kaur,Delhi,Delhi,PID463,Biography,Books,Biography,9312.68,2.0,5.0,UPI,Unknown,1.7,17694.09
ORD13422,2023-06-05,CUST1428,Yuvraj Sem,Kolkata,West Bengal,PID304,Kurta,Fashion,Kurta,55007.48,1.0,0.0,UPI,Delivered,,55007.48
ORD10248,2024-08-18,CUST1915,Deepa Minhas,Ahmedabad,Gujarat,PID376,Saree,Fashion,Saree,23801.63,1.0,0.0,UPI,Cancelled,4.1,23801.63
ORD13133,2023-05-11,CUST1368,Nakul Sarraf,Indore,Madhya Pradesh,PID535,Yoga Mat,Sports,Yoga Mat,32559.43,4.0,30.0,Credit Card,Delivered,3.6,91166.4
ORD12165,2024-05-10,CUST1100,Utkarsh Chadha,Delhi,Delhi,PID439,Textbook,Books,Textbook,15241.34,5.0,30.0,Debit Card,Cancelled,4.3,53344.69
ORD13645,2023-09-30,CUST1000,Ekta Nagar,Indore,Madhya Pradesh,PID313,Bedsheet,Home & Kitchen,Bedsheet,19733.86,5.0,15.0,Unknown,Delivered,4.7,83868.9
ORD10411,2024-01-07,CUST1678,Devansh Mangat,Chennai,Tamil Nadu,PID509,Cricket Bat,Sports,Cricket Bat,49185.19,3.0,10.0,Unknown,Cancelled,2.5,132800.01
ORD12006,2023-09-17,CUST1256,Ekani Gara,Kolkata,West Bengal,PID333,Jeans,Fashion,Jeans,3422.42,4.0,20.0,Unknown,Cancelled,1.2,10951.74
ORD14372,2023-08-09,CUST1486,Guneet Bose,Hyderabad,Telangana,PID366,Jacket,Fashion,Jacket,61650.67,5.0,5.0,Net Banking,Returned,,292840.68
ORD11895,2023-07-10,CUST1482,Gautam Kohli,Kolkata,West Bengal,PID522,Textbook,Books,Textbook,12712.18,2.0,10.0,Credit Card,Unknown,3.3,22881.92
ORD11185,2024-05-19,CUST1171,Max Tank,Indore,Madhya Pradesh,PID103,Sunscreen,Beauty,Sunscreen,77074.03,1.0,40.0,Unknown,Returned,3.6,46244.42
ORD13567,2023-05-17,CUST1803,Veer Loyal,Indore,Madhya Pradesh,PID496,Jacket,Fashion,Jacket,26739.57,3.0,5.0,Cash on Delivery,Cancelled,1.2,76207.77
ORD10691,2023-09-04,CUST1324,Samaksh Madan,Jaipur,Rajasthan,PID371,Laptop,Electronics,Laptop,72680.01,3.0,5.0,Cash on Delivery,Delivered,2.5,207138.03
ORD12519,2023-03-24,CUST1865,Veer Nair,Mumbai,Maharashtra,PID252,Saree,Fashion,Saree,33886.33,4.0,40.0,Credit Card,Delayed,4.3,81327.19
ORD13870,2024-02-26,CUST1201,Xiti Kumer,Pune,Maharashtra,PID486,Dumbbells,Sports,Dumbbells,20664.13,2.0,5.0,Credit Card,Delivered,2.8,39261.85
ORD14582,2024-10-21,CUST1770,Reva Swamy,Pune,Maharashtra,PID306,Yoga Mat,Sports,Yoga Mat,82224.51,1.0,20.0,Credit Card,Unknown,3.6,65779.61
ORD14449,2023-03-10,CUST1012,Balendra Savant,Lucknow,Uttar Pradesh,PID170,Football,Sports,Football,24477.42,3.0,25.0,Credit Card,Returned,1.4,55074.19
ORD14270,2024-10-17,CUST1689,Isaiah Ahluwalia,Surat,Gujarat,PID263,Saree,Fashion,Saree,57211.57,5.0,5.0,Credit Card,Returned,4.5,271754.96
ORD11076,2024-11-18,CUST1554,Chaitaly Dhawan,Chennai,Tamil Nadu,PID444,Perfume,Beauty,Perfume,46018.13,4.0,5.0,Credit Card,Unknown,3.0,174868.89
ORD13339,2023-03-20,CUST1161,Dev Chandran,Surat,Gujarat,PID174,Laptop,Electronics,Laptop,69442.89,4.0,5.0,Cash on Delivery,Cancelled,3.9,263882.98
ORD12440,2024-03-25,CUST1632,Neelima Buch,Delhi,Delhi,PID462,Cookware Set,Home & Kitchen,Cookware Set,60909.63,5.0,0.0,Debit Card,Returned,4.6,304548.15
ORD12112,2023-04-20,CUST1452,Brijesh Kashyap,Hyderabad,Telangana,PID384,Shampoo,Beauty,Shampoo,59666.55,2.0,20.0,Cash on Delivery,Delayed,4.5,95466.48
ORD10770,2024-03-07,CUST1655,Kevin Dhillon,Lucknow,Uttar Pradesh,PID360,Bluetooth Speaker,Electronics,Bluetooth Speaker,86382.14,4.0,30.0,Unknown,Returned,1.4,241869.99
ORD12865,2024-08-19,CUST1347,Abeer Oak,Bangalore,Karnataka,PID272,Biography,Books,Biography,42097.77,1.0,25.0,Cash on Delivery,Unknown,4.8,31573.33
ORD14152,2024-11-21,CUST1526,Ekavir Dash,Delhi,Delhi,PID162,Smartwatch,Electronics,Smartwatch,38943.16,3.0,25.0,Debit Card,Delayed,2.3,87622.11
ORD10555,2023-04-12,CUST1738,Yashasvi Lata,Indore,Madhya Pradesh,PID178,Jacket,Fashion,Jacket,54224.89,2.0,40.0,Unknown,Delayed,3.2,65069.87
ORD10753,2024-03-01,CUST1114,Omkaar Bath,Bangalore,Karnataka,PID583,Cricket Bat,Sports,Cricket Bat,68131.08,5.0,25.0,Debit Card,Delayed,4.9,255491.55
ORD13964,2023-11-14,CUST1972,Kala Parekh,Lucknow,Uttar Pradesh,PID159,Yoga Mat,Sports,Yoga Mat,34159.91,4.0,0.0,Debit Card,Returned,3.7,136639.64
ORD12606,2023-11-19,CUST1424,Rachita Din,Delhi,Delhi,PID211,Sunscreen,Beauty,Sunscreen,40382.14,2.0,40.0,Net Banking,Delivered,3.2,48458.57
ORD11042,2023-11-04,CUST1773,Garima Patil,Jaipur,Rajasthan,PID407,Lipstick,Beauty,Lipstick,40148.91,5.0,5.0,Unknown,Delivered,5.0,190707.32
ORD14038,2024-04-10,CUST1959,Meera Buch,Delhi,Delhi,PID451,Biography,Books,Biography,0.0,3.0,0.0,Net Banking,Delivered,,0.0
ORD14782,2024-09-01,CUST1285,Pushti Panchal,Indore,Madhya Pradesh,PID383,Smartwatch,Electronics,Smartwatch,28499.81,5.0,20.0,Net Banking,Delivered,3.1,113999.24
ORD10364,2023-03-14,CUST1693,Wriddhish Bahri,Delhi,Delhi,PID559,Face Wash,Beauty,Face Wash,66676.46,1.0,5.0,Debit Card,Delayed,3.9,63342.64
ORD13996,2023-01-07,CUST1213,Udyati Ramachandran,Pune,Maharashtra,PID577,Textbook,Books,Textbook,18887.36,1.0,5.0,Net Banking,Delivered,2.3,17942.99
ORD11136,2023-08-14,CUST1408,Upadhriti Datta,Jaipur,Rajasthan,PID217,Cookware Set,Home & Kitchen,Cookware Set,85487.54,3.0,5.0,Net Banking,Unknown,1.7,243639.49
ORD13382,2024-11-03,CUST1154,Deepa Wason,Hyderabad,Telangana,PID127,Lipstick,Beauty,Lipstick,48755.43,3.0,20.0,Cash on Delivery,Returned,2.8,117013.03
ORD11680,2023-07-13,CUST1592,Qushi Sankar,Delhi,Delhi,PID106,Jacket,Fashion,Jacket,27487.6,2.0,15.0,Unknown,Cancelled,2.3,46728.92
ORD10551,2024-08-28,CUST1951,Raksha Taneja,Kolkata,West Bengal,PID174,Lipstick,Beauty,Lipstick,63625.51,5.0,15.0,Cash on Delivery,Delivered,1.6,270408.42
ORD14670,2023-06-13,CUST1156,Jeet Sengupta,Ahmedabad,Gujarat,PID359,Face Wash,Beauty,Face Wash,13724.5,2.0,0.0,Debit Card,Cancelled,1.5,27449.0
ORD12895,2024-08-24,CUST1632,Nakul Chaudry,Mumbai,Maharashtra,PID438,Face Wash,Beauty,Face Wash,13521.11,3.0,5.0,Cash on Delivery,Delayed,4.0,38535.16
ORD11623,2023-11-16,CUST1861,Mitesh Gulati,Hyderabad,Telangana,PID223,Novel,Books,Novel,77973.45,5.0,10.0,Debit Card,Cancelled,1.4,350880.52
ORD12521,2024-01-17,CUST1938,Anthony Murty,Hyderabad,Telangana,PID250,Bluetooth Speaker,Electronics,Bluetooth Speaker,81116.31,5.0,20.0,UPI,Unknown,3.2,324465.24
ORD14052,2024-11-08,CUST1994,Tanveer Mani,Chennai,Tamil Nadu,PID249,Bluetooth Speaker,Electronics,Bluetooth Speaker,83906.04,2.0,15.0,Debit Card,Delayed,,142640.27
ORD12840,2023-01-02,CUST1042,Amol Borde,Lucknow,Uttar Pradesh,PID134,Comic,Books,Comic,68702.3,2.0,40.0,Debit Card,Cancelled,3.1,82442.76
ORD13844,2023-08-17,CUST1626,Udyati Chopra,Kolkata,West Bengal,PID426,Face Wash,Beauty,Face Wash,13230.66,5.0,15.0,Net Banking,Delivered,5.0,56230.3
ORD14598,2023-12-20,CUST1413,Radhika Bajaj,Jaipur,Rajasthan,PID316,Headphones,Electronics,Headphones,36109.58,5.0,25.0,Unknown,Cancelled,,135410.93
ORD10843,2023-03-30,CUST1023,Xalak Kapadia,Surat,Gujarat,PID459,T-Shirt,Fashion,T-Shirt,67021.81,4.0,5.0,Unknown,Cancelled,2.8,254682.88
ORD12496,2024-11-09,CUST1873,Daniel Tailor,Bangalore,Karnataka,PID232,Headphones,Electronics,Headphones,16274.69,1.0,20.0,Unknown,Unknown,3.0,13019.75
ORD12069,2023-01-22,CUST1124,Tanish Chad,Ahmedabad,Gujarat,PID220,Jacket,Fashion,Jacket,27714.8,3.0,0.0,Unknown,Delivered,,83144.4
ORD14039,2023-08-20,CUST1950,Upkaar Sur,Surat,Gujarat,PID158,Bedsheet,Home & Kitchen,Bedsheet,52295.59,5.0,30.0,Unknown,Delivered,2.2,183034.56
ORD10880,2023-09-09,CUST1516,Anthony Kothari,Jaipur,Rajasthan,PID558,Cookware Set,Home & Kitchen,Cookware Set,11303.73,2.0,10.0,Debit Card,Cancelled,2.3,20346.71
ORD14952,2023-09-21,CUST1698,Madhavi Parmer,Jaipur,Rajasthan,PID482,Smartphone,Electronics,Smartphone,33207.86,2.0,30.0,Cash on Delivery,Delivered,4.1,46491.0
ORD12806,2024-07-12,CUST1118,Sneha Lanka,Ahmedabad,Gujarat,PID101,Perfume,Beauty,Perfume,0.0,1.0,40.0,Cash on Delivery,Cancelled,,0.0
ORD10864,2024-10-18,CUST1856,Vasana Srivastava,Delhi,Delhi,PID374,Air Fryer,Home & Kitchen,Air Fryer,39031.83,1.0,10.0,Unknown,Unknown,2.1,35128.65
ORD13985,2023-07-15,CUST1960,Simon Kurian,Bangalore,Karnataka,PID487,Textbook,Books,Textbook,84038.65,4.0,30.0,UPI,Unknown,,235308.22
ORD13336,2023-11-15,CUST1354,Devansh Puri,Surat,Gujarat,PID145,Smartphone,Electronics,Smartphone,68973.34,3.0,0.0,Net Banking,Unknown,4.3,206920.02
ORD12403,2024-02-12,CUST1059,Vedika Sibal,Ahmedabad,Gujarat,PID544,Jeans,Fashion,Jeans,9297.55,1.0,5.0,Credit Card,Delayed,,8832.67
ORD12060,2023-09-01,CUST1799,Rudra Minhas,Ahmedabad,Gujarat,PID521,Biography,Books,Biography,70434.1,4.0,5.0,Net Banking,Delivered,1.0,267649.58
ORD12867,2024-09-24,CUST1663,Pahal Wagle,Surat,Gujarat,PID224,Biography,Books,Biography,60349.27,2.0,10.0,Cash on Delivery,Delivered,4.7,108628.69
ORD11912,2023-08-26,CUST1702,Indali Dara,Hyderabad,Telangana,PID282,Biography,Books,Biography,35486.32,3.0,20.0,Credit Card,Delivered,3.1,85167.17
ORD12838,2023-11-01,CUST1008,Idika Mutti,Kolkata,West Bengal,PID537,Shampoo,Beauty,Shampoo,58836.35,1.0,30.0,Debit Card,Delivered,3.2,41185.44
ORD14154,2024-09-12,CUST1571,Radhika Rajagopal,Kolkata,West Bengal,PID253,Saree,Fashion,Saree,14334.43,4.0,25.0,Credit Card,Delivered,1.9,43003.29
ORD11074,2023-03-21,CUST1965,Atharv Subramanian,Lucknow,Uttar Pradesh,PID144,Dumbbells,Sports,Dumbbells,6677.41,4.0,40.0,Net Banking,Delivered,,16025.78
ORD11754,2024-10-03,CUST1851,Bhanumati Salvi,Mumbai,Maharashtra,PID333,Cookware Set,Home & Kitchen,Cookware Set,78897.6,5.0,30.0,Unknown,Delivered,2.4,276141.6
ORD11160,2023-08-04,CUST1174,Tanvi Sarna,Lucknow,Uttar Pradesh,PID220,Sneakers,Fashion,Sneakers,54955.01,1.0,25.0,Credit Card,Returned,4.8,41216.26
ORD10059,2023-10-21,CUST1256,Tara Grover,Mumbai,Maharashtra,PID447,Perfume,Beauty,Perfume,50998.72,1.0,40.0,Credit Card,Returned,1.9,30599.23
ORD11327,2023-03-02,CUST1885,Gayathri Dhawan,Mumbai,Maharashtra,PID305,Football,Sports,Football,75969.25,2.0,40.0,Unknown,Unknown,4.4,91163.1
ORD14318,2023-01-16,CUST1808,Bhavani Bhandari,Jaipur,Rajasthan,PID218,Perfume,Beauty,Perfume,82645.5,2.0,40.0,Unknown,Cancelled,,99174.6
ORD12295,2024-07-23,CUST1828,Lopa Ramachandran,Ahmedabad,Gujarat,PID344,Sneakers,Fashion,Sneakers,27842.02,5.0,40.0,UPI,Delivered,2.7,83526.06
ORD11239,2023-04-25,CUST1595,Aarini Chaudhuri,Surat,Gujarat,PID572,Cricket Bat,Sports,Cricket Bat,12184.2,3.0,25.0,Unknown,Delivered,1.5,27414.45
ORD12399,2023-06-08,CUST1444,Girish Chhabra,Delhi,Delhi,PID551,Sunscreen,Beauty,Sunscreen,66037.29,2.0,15.0,Unknown,Delayed,1.5,112263.39
ORD14821,2023-07-07,CUST1519,Wyatt Arya,Chennai,Tamil Nadu,PID415,Sneakers,Fashion,Sneakers,33621.71,5.0,20.0,Debit Card,Unknown,1.3,134486.84
ORD12530,2024-03-02,CUST1061,Hitesh Bobal,Lucknow,Uttar Pradesh,PID193,Sunscreen,Beauty,Sunscreen,4150.67,5.0,20.0,Unknown,Delayed,2.3,16602.68
ORD14451,2023-01-11,CUST1611,Barkha Sachdeva,Mumbai,Maharashtra,PID125,Saree,Fashion,Saree,17781.78,3.0,0.0,Net Banking,Cancelled,4.5,53345.34
ORD13466,2024-08-18,CUST1407,Fitan Buch,Ahmedabad,Gujarat,PID586,Football,Sports,Football,62708.94,2.0,25.0,UPI,Cancelled,4.6,94063.41
ORD11514,2024-11-22,CUST1678,Teerth Goyal,Bangalore,Karnataka,PID328,Face Wash,Beauty,Face Wash,6725.52,3.0,20.0,UPI,Delivered,1.9,16141.25
ORD12197,2023-03-11,CUST1613,Kamala Pathak,Hyderabad,Telangana,PID462,Cookware Set,Home & Kitchen,Cookware Set,35394.25,4.0,30.0,Net Banking,Returned,2.4,99103.9
ORD14747,2024-10-17,CUST1961,Ranbir Goda,Bangalore,Karnataka,PID247,Air Fryer,Home & Kitchen,Air Fryer,56437.76,1.0,25.0,Debit Card,Delivered,3.8,42328.32
ORD12777,2024-04-14,CUST1693,Timothy Batra,Surat,Gujarat,PID449,Football,Sports,Football,34367.01,4.0,10.0,Unknown,Delivered,4.5,123721.24
ORD11069,2024-05-09,CUST1322,Suhani Keer,Jaipur,Rajasthan,PID258,Yoga Mat,Sports,Yoga Mat,26149.27,1.0,0.0,Net Banking,Returned,4.1,26149.27
ORD12196,2024-06-01,CUST1284,Shivansh Narasimhan,Bangalore,Karnataka,PID529,Comic,Books,Comic,33567.52,4.0,40.0,Unknown,Delivered,1.7,80562.05
ORD10077,2023-01-22,CUST1447,Sanya Sarna,Delhi,Delhi,PID532,Smartwatch,Electronics,Smartwatch,77610.58,4.0,30.0,Cash on Delivery,Unknown,1.7,217309.62
ORD10517,2024-12-17,CUST1423,Gautami Chahal,Indore,Madhya Pradesh,PID438,Dumbbells,Sports,Dumbbells,75212.59,1.0,20.0,Unknown,Returned,2.0,60170.07
ORD14423,2024-11-12,CUST1130,Oni Arora,Mumbai,Maharashtra,PID522,Jeans,Fashion,Jeans,59930.9,3.0,40.0,Cash on Delivery,Delivered,4.6,107875.62
ORD11800,2024-05-04,CUST1752,Ati Master,Delhi,Delhi,PID307,Shampoo,Beauty,Shampoo,68972.52,5.0,10.0,Cash on Delivery,Delivered,,310376.34
ORD13665,2023-09-27,CUST1827,Qabil Dubey,Ahmedabad,Gujarat,PID553,Kurta,Fashion,Kurta,354.64,4.0,30.0,Unknown,Delivered,4.7,992.99
ORD14192,2023-01-12,CUST1917,Yug Gopal,Lucknow,Uttar Pradesh,PID384,T-Shirt,Fashion,T-Shirt,2849.17,3.0,20.0,Net Banking,Delayed,2.9,6838.01
ORD12501,2024-09-02,CUST1257,Yahvi Chander,Jaipur,Rajasthan,PID162,Smartwatch,Electronics,Smartwatch,7141.14,5.0,15.0,Unknown,Delivered,4.1,30349.84
ORD14905,2023-12-02,CUST1224,Jhalak Grover,Mumbai,Maharashtra,PID453,Lipstick,Beauty,Lipstick,5619.78,3.0,5.0,Unknown,Delivered,4.8,16016.37
ORD15000,2023-07-05,CUST1905,Kevin Chandran,Lucknow,Uttar Pradesh,PID518,Air Fryer,Home & Kitchen,Air Fryer,52126.54,2.0,0.0,UPI,Delayed,1.3,104253.08
ORD10193,2023-04-14,CUST1075,Saksham Bath,Indore,Madhya Pradesh,PID509,Shampoo,Beauty,Shampoo,37855.84,4.0,30.0,Unknown,Delivered,4.2,105996.35
ORD12841,2024-09-22,CUST1429,Jhalak Venkataraman,Chennai,Tamil Nadu,PID423,Cookware Set,Home & Kitchen,Cookware Set,27699.47,2.0,40.0,Credit Card,Delayed,3.7,33239.36
ORD11039,2023-07-06,CUST1385,Onkar Sharma,Chennai,Tamil Nadu,PID296,Yoga Mat,Sports,Yoga Mat,65099.45,4.0,30.0,Cash on Delivery,Returned,1.2,182278.46
ORD12179,2024-08-14,CUST1416,Edhitha Kohli,Hyderabad,Telangana,PID355,Novel,Books,Novel,57179.59,2.0,5.0,Debit Card,Unknown,1.5,108641.22
ORD11960,2024-09-24,CUST1343,Vrishti Chand,Chennai,Tamil Nadu,PID257,Kurta,Fashion,Kurta,55897.42,3.0,40.0,UPI,Delivered,4.1,100615.36
ORD14604,2023-03-02,CUST1982,Advay Badal,Delhi,Delhi,PID230,Biography,Books,Biography,79321.67,1.0,20.0,Credit Card,Delivered,1.3,63457.34
ORD14178,2023-05-03,CUST1033,Samesh Badami,Bangalore,Karnataka,PID212,Textbook,Books,Textbook,51389.51,2.0,0.0,Debit Card,Delivered,1.2,102779.02
ORD12506,2024-06-28,CUST1366,Charita Jani,Delhi,Delhi,PID351,Novel,Books,Novel,15996.5,4.0,0.0,Net Banking,Cancelled,,63986.0
ORD11304,2024-08-27,CUST1441,Orinder Merchant,Jaipur,Rajasthan,PID352,Tablet,Electronics,Tablet,21378.59,3.0,5.0,Net Banking,Delayed,,60928.98
ORD10627,2024-07-31,CUST1138,Karan Mital,Pune,Maharashtra,PID313,Dumbbells,Sports,Dumbbells,36010.36,3.0,10.0,Credit Card,Returned,4.5,97227.97
ORD13127,2023-01-18,CUST1022,Tristan Viswanathan,Indore,Madhya Pradesh,PID439,Sneakers,Fashion,Sneakers,15415.89,5.0,40.0,Debit Card,Delivered,3.9,46247.67
ORD13214,2023-05-25,CUST1626,Alexander Sunder,Bangalore,Karnataka,PID573,Dumbbells,Sports,Dumbbells,582.14,3.0,15.0,Debit Card,Delayed,2.9,1484.46
ORD14581,2024-04-19,CUST1504,Tara Krish,Mumbai,Maharashtra,PID549,Laptop,Electronics,Laptop,80985.81,4.0,5.0,Debit Card,Cancelled,3.1,307746.08
ORD11909,2023-09-19,CUST1903,Yochana Sama,Hyderabad,Telangana,PID129,Smartphone,Electronics,Smartphone,31603.74,3.0,20.0,Credit Card,Cancelled,4.2,75848.98
ORD14381,2023-06-06,CUST1880,Yagnesh Bala,Lucknow,Uttar Pradesh,PID509,Perfume,Beauty,Perfume,69599.13,1.0,0.0,Debit Card,Delayed,4.7,69599.13
ORD12733,2024-11-23,CUST1674,Anamika Apte,Chennai,Tamil Nadu,PID180,Biography,Books,Biography,18834.88,4.0,0.0,Cash on Delivery,Delayed,4.7,75339.52
ORD13602,2024-12-30,CUST1919,Ikbal Gaba,Mumbai,Maharashtra,PID414,Lipstick,Beauty,Lipstick,40804.8,2.0,40.0,Credit Card,Delivered,4.8,48965.76
ORD11911,2024-09-25,CUST1046,Logan Yogi,Kolkata,West Bengal,PID361,Textbook,Books,Textbook,24718.49,5.0,25.0,Debit Card,Delivered,1.2,92694.34
ORD12199,2024-10-02,CUST1004,Sanaya Chowdhury,Surat,Gujarat,PID495,Sunscreen,Beauty,Sunscreen,48187.6,4.0,20.0,Debit Card,Returned,2.5,154200.32
ORD14503,2023-03-29,CUST1808,Victor Mand,Indore,Madhya Pradesh,PID580,Bluetooth Speaker,Electronics,Bluetooth Speaker,41308.72,2.0,10.0,UPI,Cancelled,3.1,74355.7
ORD14380,2024-03-13,CUST1864,Mugdha Chana,Jaipur,Rajasthan,PID106,Dumbbells,Sports,Dumbbells,66895.62,1.0,30.0,Net Banking,Unknown,4.7,46826.93
ORD14972,2023-03-23,CUST1246,Vivaan Ben,Lucknow,Uttar Pradesh,PID131,Water Bottle,Home & Kitchen,Water Bottle,68810.47,2.0,15.0,Net Banking,Cancelled,4.2,116977.8
ORD10310,2023-06-05,CUST1580,Janani Sharma,Mumbai,Maharashtra,PID413,Jacket,Fashion,Jacket,68924.34,4.0,20.0,Net Banking,Cancelled,1.4,220557.89
ORD11413,2024-02-01,CUST1311,Indira Gopal,Delhi,Delhi,PID411,Novel,Books,Novel,4379.72,2.0,10.0,Unknown,Cancelled,4.6,7883.5
ORD10776,2023-09-29,CUST1330,Suhani Parsa,Delhi,Delhi,PID108,Bluetooth Speaker,Electronics,Bluetooth Speaker,57604.74,2.0,15.0,Cash on Delivery,Delivered,2.9,97928.06
ORD10485,2023-07-15,CUST1788,Saanvi Badal,Delhi,Delhi,PID253,Smartphone,Electronics,Smartphone,32517.28,3.0,20.0,Unknown,Returned,5.0,78041.47
ORD14671,2023-03-29,CUST1007,Ijaya Raju,Indore,Madhya Pradesh,PID457,Saree,Fashion,Saree,50260.93,3.0,0.0,Credit Card,Returned,2.0,150782.79
ORD10368,2024-03-03,CUST1403,Ayaan Tank,Ahmedabad,Gujarat,PID345,Lipstick,Beauty,Lipstick,29557.54,5.0,0.0,Net Banking,Delivered,1.2,147787.7
ORD10571,2023-07-28,CUST1369,Gaurika Wadhwa,Jaipur,Rajasthan,PID534,Dumbbells,Sports,Dumbbells,52072.2,1.0,0.0,Credit Card,Delivered,1.1,52072.2
ORD13109,2024-11-20,CUST1971,Daksha Sarkar,Bangalore,Karnataka,PID538,Yoga Mat,Sports,Yoga Mat,7397.27,1.0,30.0,Unknown,Cancelled,2.9,5178.09
ORD10650,2024-06-17,CUST1240,Reva Balan,Chennai,Tamil Nadu,PID457,Smartphone,Electronics,Smartphone,81053.22,3.0,10.0,Debit Card,Returned,4.0,218843.69
ORD12934,2023-06-30,CUST1493,Onveer Chahal,Mumbai,Maharashtra,PID358,Football,Sports,Football,5902.65,3.0,40.0,Debit Card,Delivered,1.2,10624.77
ORD10442,2024-03-25,CUST1175,Indira Gala,Indore,Madhya Pradesh,PID143,Biography,Books,Biography,78363.77,2.0,15.0,Cash on Delivery,Delivered,,133218.41
ORD11594,2024-06-03,CUST1575,Manan Nagi,Delhi,Delhi,PID190,Perfume,Beauty,Perfume,84525.52,5.0,0.0,Credit Card,Delivered,4.2,422627.6
ORD12264,2024-08-16,CUST1647,Chameli Chandran,Jaipur,Rajasthan,PID340,Bluetooth Speaker,Electronics,Bluetooth Speaker,67307.58,5.0,30.0,Cash on Delivery,Returned,4.8,235576.53
ORD10897,2024-09-19,CUST1621,Om Bal,Pune,Maharashtra,PID214,Jeans,Fashion,Jeans,74203.55,3.0,5.0,Debit Card,Delivered,1.3,211480.12
ORD13920,2024-05-12,CUST1569,Lakshmi Ramakrishnan,Mumbai,Maharashtra,PID553,Sneakers,Fashion,Sneakers,80207.19,1.0,5.0,Debit Card,Delivered,4.9,76196.83
ORD11405,2024-06-12,CUST1186,Quincy Sachar,Pune,Maharashtra,PID531,Water Bottle,Home & Kitchen,Water Bottle,64521.37,4.0,20.0,Unknown,Delivered,4.4,206468.38
ORD13542,2024-04-08,CUST1486,Bhavika Dash,Pune,Maharashtra,PID222,Saree,Fashion,Saree,48640.52,4.0,40.0,Credit Card,Unknown,1.9,116737.25
ORD13202,2024-06-12,CUST1136,Agastya Dhingra,Lucknow,Uttar Pradesh,PID309,Sunscreen,Beauty,Sunscreen,773.29,1.0,5.0,Debit Card,Cancelled,4.1,734.63
ORD12182,2023-08-30,CUST1643,Arunima Saxena,Mumbai,Maharashtra,PID471,Yoga Mat,Sports,Yoga Mat,55611.59,2.0,40.0,Cash on Delivery,Delivered,3.0,66733.91
ORD13845,2023-02-21,CUST1629,Irya Sura,Lucknow,Uttar Pradesh,PID368,Sneakers,Fashion,Sneakers,40915.4,1.0,10.0,Debit Card,Delayed,,36823.86
ORD14999,2023-04-08,CUST1320,Nicholas Madan,Mumbai,Maharashtra,PID387,Sunscreen,Beauty,Sunscreen,69646.11,1.0,15.0,Debit Card,Delivered,1.6,59199.19
ORD12977,2023-12-31,CUST1360,Girish Sethi,Mumbai,Maharashtra,PID250,Comic,Books,Comic,53152.57,5.0,20.0,Unknown,Cancelled,4.6,212610.28
ORD12032,2024-01-14,CUST1221,Manan Kota,Kolkata,West Bengal,PID120,Sneakers,Fashion,Sneakers,10207.44,5.0,15.0,Credit Card,Unknown,1.2,43381.62
ORD10946,2023-10-02,CUST1174,Michael Bobal,Ahmedabad,Gujarat,PID367,Shampoo,Beauty,Shampoo,46482.35,5.0,30.0,Cash on Delivery,Cancelled,3.7,162688.22
ORD11690,2023-02-26,CUST1191,Aditya Loke,Lucknow,Uttar Pradesh,PID438,Shampoo,Beauty,Shampoo,16658.83,4.0,5.0,UPI,Delivered,4.0,63303.55
ORD14286,2023-01-26,CUST1978,Gabriel Pingle,Kolkata,West Bengal,PID404,Shampoo,Beauty,Shampoo,31135.17,4.0,40.0,Credit Card,Delayed,3.5,74724.41
ORD10073,2023-05-27,CUST1543,Nathan Ramaswamy,Mumbai,Maharashtra,PID210,Football,Sports,Football,16360.38,3.0,10.0,Unknown,Delivered,2.6,44173.03
ORD14234,2024-01-19,CUST1832,Vrishti Sibal,Pune,Maharashtra,PID108,Cookware Set,Home & Kitchen,Cookware Set,40623.41,2.0,0.0,Credit Card,Delayed,,81246.82
ORD14186,2023-04-22,CUST1703,Wyatt Tara,Mumbai,Maharashtra,PID429,Dumbbells,Sports,Dumbbells,5351.62,1.0,20.0,Net Banking,Returned,4.2,4281.3
ORD10995,2024-02-16,CUST1884,Panini Sachdeva,Kolkata,West Bengal,PID495,Yoga Mat,Sports,Yoga Mat,754.38,5.0,25.0,Cash on Delivery,Delayed,1.5,2828.92
ORD10763,2024-04-13,CUST1463,Xavier Puri,Delhi,Delhi,PID323,Comic,Books,Comic,70408.59,5.0,15.0,Credit Card,Unknown,1.5,299236.51
ORD10174,2023-02-15,CUST1953,Mitesh Mallick,Chennai,Tamil Nadu,PID591,Textbook,Books,Textbook,14284.3,1.0,0.0,Debit Card,Delayed,,14284.3
ORD12066,2023-01-28,CUST1560,Aishani Kumer,Ahmedabad,Gujarat,PID587,Lipstick,Beauty,Lipstick,4987.36,5.0,0.0,UPI,Delivered,4.7,24936.8
ORD14555,2024-10-02,CUST1858,Adweta Aggarwal,Kolkata,West Bengal,PID189,Biography,Books,Biography,62247.95,5.0,5.0,Cash on Delivery,Cancelled,1.3,295677.76
ORD14026,2023-03-22,CUST1845,Sai Ghosh,Indore,Madhya Pradesh,PID217,Sunscreen,Beauty,Sunscreen,40772.94,3.0,15.0,Cash on Delivery,Returned,3.8,103971.0
ORD12512,2023-10-19,CUST1567,Triveni Mannan,Mumbai,Maharashtra,PID520,Biography,Books,Biography,34635.6,2.0,0.0,Unknown,Unknown,4.5,69271.2
ORD12927,2023-07-20,CUST1379,Hitesh Mandal,Bangalore,Karnataka,PID540,Sunscreen,Beauty,Sunscreen,12887.06,3.0,30.0,UPI,Delayed,1.7,27062.83
ORD12352,2024-05-09,CUST1471,Harish Tata,Indore,Madhya Pradesh,PID340,Dumbbells,Sports,Dumbbells,56916.51,4.0,10.0,Net Banking,Delivered,4.5,204899.44
ORD11776,2023-01-19,CUST1550,Champak Batta,Bangalore,Karnataka,PID493,Mixer Grinder,Home & Kitchen,Mixer Grinder,56279.8,1.0,0.0,UPI,Cancelled,,56279.8
ORD10839,2023-07-09,CUST1690,Faraj Pingle,Surat,Gujarat,PID209,Face Wash,Beauty,Face Wash,25791.55,5.0,15.0,Credit Card,Delivered,2.5,109614.09
ORD10865,2024-04-25,CUST1644,Lila Kashyap,Hyderabad,Telangana,PID237,Comic,Books,Comic,77005.79,5.0,10.0,Net Banking,Cancelled,3.8,346526.06
ORD13433,2023-11-18,CUST1187,Pranit Sama,Lucknow,Uttar Pradesh,PID184,Biography,Books,Biography,42516.75,1.0,30.0,Unknown,Delayed,2.4,29761.72
ORD13528,2023-11-26,CUST1562,Ekani Sethi,Ahmedabad,Gujarat,PID161,Face Wash,Beauty,Face Wash,19612.33,2.0,10.0,Cash on Delivery,Delivered,4.0,35302.19
ORD11904,2024-02-29,CUST1525,Alka Wadhwa,Lucknow,Uttar Pradesh,PID351,Comic,Books,Comic,26119.38,3.0,20.0,Credit Card,Delivered,4.1,62686.51
ORD10299,2023-02-25,CUST1051,Sudiksha Devi,Delhi,Delhi,PID444,Shampoo,Beauty,Shampoo,78300.32,5.0,30.0,Credit Card,Delivered,1.2,274051.12
ORD10372,2023-09-02,CUST1779,Bimala Subramanian,Chennai,Tamil Nadu,PID215,Headphones,Electronics,Headphones,15897.78,2.0,25.0,Net Banking,Unknown,3.6,23846.67
ORD11900,2023-03-24,CUST1844,Sarthak Babu,Lucknow,Uttar Pradesh,PID445,Laptop,Electronics,Laptop,41194.76,5.0,15.0,Net Banking,Cancelled,1.1,175077.73
ORD11294,2024-01-16,CUST1265,Ridhi Singhal,Lucknow,Uttar Pradesh,PID377,Cricket Bat,Sports,Cricket Bat,86390.77,2.0,5.0,Credit Card,Cancelled,4.8,164142.46
ORD10267,2023-07-07,CUST1753,Theodore Sheth,Delhi,Delhi,PID223,Perfume,Beauty,Perfume,49976.45,2.0,20.0,Cash on Delivery,Returned,3.7,79962.32
ORD13300,2024-03-17,CUST1479,Veda Kalla,Chennai,Tamil Nadu,PID342,Textbook,Books,Textbook,71025.86,3.0,10.0,Debit Card,Delivered,1.9,191769.82
ORD11785,2023-05-15,CUST1748,Brinda Natt,Jaipur,Rajasthan,PID286,Water Bottle,Home & Kitchen,Water Bottle,778.33,5.0,20.0,Unknown,Delivered,5.0,3113.32
ORD11030,2024-10-16,CUST1391,Arunima Sankar,Lucknow,Uttar Pradesh,PID408,Novel,Books,Novel,26891.95,4.0,40.0,Cash on Delivery,Returned,1.3,64540.68
ORD10520,2023-06-14,CUST1487,Teerth Butala,Surat,Gujarat,PID587,Smartwatch,Electronics,Smartwatch,48729.01,1.0,0.0,Debit Card,Delivered,2.3,48729.01
ORD12721,2023-05-10,CUST1679,Urmi Nagar,Ahmedabad,Gujarat,PID196,Textbook,Books,Textbook,31610.75,2.0,25.0,Net Banking,Delivered,4.8,47416.12
ORD12447,2024-03-30,CUST1126,Yashica Menon,Jaipur,Rajasthan,PID149,Smartwatch,Electronics,Smartwatch,27248.41,2.0,15.0,Unknown,Unknown,4.9,46322.3
ORD14328,2023-09-25,CUST1854,Warjas Purohit,Indore,Madhya Pradesh,PID297,Tablet,Electronics,Tablet,40012.05,4.0,40.0,Cash on Delivery,Returned,1.6,96028.92
ORD11915,2023-02-13,CUST1381,Eshana Babu,Indore,Madhya Pradesh,PID167,Biography,Books,Biography,45318.35,5.0,0.0,Net Banking,Delivered,2.2,226591.75
ORD12931,2024-04-17,CUST1902,Zaid Chandra,Indore,Madhya Pradesh,PID326,Cookware Set,Home & Kitchen,Cookware Set,60325.65,1.0,20.0,Credit Card,Delivered,4.7,48260.52
ORD13789,2024-08-03,CUST1351,Brijesh Andra,Surat,Gujarat,PID384,Headphones,Electronics,Headphones,87154.76,2.0,30.0,Unknown,Returned,2.3,122016.66
ORD11610,2024-05-06,CUST1090,Manthan Sunder,Pune,Maharashtra,PID138,Sneakers,Fashion,Sneakers,41995.93,3.0,0.0,Cash on Delivery,Delivered,2.4,125987.79
ORD12939,2024-04-17,CUST1821,Xalak Ahluwalia,Pune,Maharashtra,PID585,Cricket Bat,Sports,Cricket Bat,59913.86,1.0,30.0,UPI,Returned,3.7,41939.7
ORD14157,2023-09-15,CUST1667,Zashil Kurian,Hyderabad,Telangana,PID336,Saree,Fashion,Saree,67913.98,5.0,0.0,Net Banking,Delivered,3.9,339569.9
ORD10396,2024-12-31,CUST1682,Vrishti Swamy,Ahmedabad,Gujarat,PID408,Kurta,Fashion,Kurta,53607.23,4.0,20.0,Unknown,Delayed,3.4,171543.14
ORD10095,2024-07-12,CUST1734,Forum Bhasin,Hyderabad,Telangana,PID318,Water Bottle,Home & Kitchen,Water Bottle,72133.16,5.0,10.0,Debit Card,Delivered,1.4,324599.22
ORD12723,2023-11-17,CUST1469,Darika Ganesh,Lucknow,Uttar Pradesh,PID343,Lipstick,Beauty,Lipstick,57733.0,2.0,15.0,Unknown,Delivered,2.1,98146.1
ORD14649,2024-01-13,CUST1678,Janya Wadhwa,Pune,Maharashtra,PID254,Smartphone,Electronics,Smartphone,15980.14,3.0,25.0,Cash on Delivery,Cancelled,,35955.32
ORD11786,2024-09-05,CUST1816,Tanmayi Tella,Mumbai,Maharashtra,PID380,Textbook,Books,Textbook,29439.75,4.0,40.0,Credit Card,Unknown,4.4,70655.4
ORD11984,2023-12-11,CUST1744,Aarna Chander,Chennai,Tamil Nadu,PID536,Tablet,Electronics,Tablet,16742.23,4.0,5.0,Net Banking,Delivered,3.4,63620.47
ORD11937,2024-05-29,CUST1882,Balvan Mukherjee,Bangalore,Karnataka,PID259,Sunscreen,Beauty,Sunscreen,20643.53,5.0,5.0,Unknown,Cancelled,,98056.77
ORD10902,2023-09-03,CUST1039,Vrishti Chacko,Bangalore,Karnataka,PID494,T-Shirt,Fashion,T-Shirt,85892.92,3.0,10.0,Credit Card,Returned,3.0,231910.88
ORD14009,2024-02-13,CUST1851,Parth Buch,Hyderabad,Telangana,PID252,Comic,Books,Comic,82117.83,2.0,40.0,UPI,Delivered,1.8,98541.4
ORD12788,2023-04-18,CUST1482,Ryan Sahni,Kolkata,West Bengal,PID533,Sneakers,Fashion,Sneakers,4799.78,2.0,5.0,Unknown,Delayed,,9119.58
ORD12907,2023-09-17,CUST1004,Girik Pant,Delhi,Delhi,PID379,Mixer Grinder,Home & Kitchen,Mixer Grinder,35402.78,2.0,40.0,Debit Card,Unknown,1.3,42483.34
ORD13295,2023-04-17,CUST1127,Darika Bhatti,Chennai,Tamil Nadu,PID232,Bluetooth Speaker,Electronics,Bluetooth Speaker,60242.13,2.0,0.0,Debit Card,Delivered,4.8,120484.26
ORD14770,2023-08-29,CUST1017,Bhanumati Oommen,Surat,Gujarat,PID553,Shampoo,Beauty,Shampoo,65805.73,4.0,40.0,Cash on Delivery,Unknown,2.7,157933.75
ORD13287,2023-04-29,CUST1503,Oscar Trivedi,Ahmedabad,Gujarat,PID417,Lipstick,Beauty,Lipstick,68270.06,5.0,25.0,Cash on Delivery,Delivered,3.3,256012.72
ORD12984,2023-06-12,CUST1535,Yatin Sarna,Chennai,Tamil Nadu,PID277,Dumbbells,Sports,Dumbbells,32170.55,2.0,15.0,Debit Card,Delivered,3.1,54689.94
ORD14994,2024-02-28,CUST1112,Avni Chopra,Chennai,Tamil Nadu,PID259,Sneakers,Fashion,Sneakers,74081.65,2.0,10.0,Unknown,Delivered,4.4,133346.97
ORD10882,2024-07-17,CUST1591,Hredhaan Dani,Pune,Maharashtra,PID467,Smartphone,Electronics,Smartphone,12361.0,4.0,30.0,Unknown,Cancelled,2.6,34610.8
ORD13113,2024-09-26,CUST1685,Neelima Sheth,Kolkata,West Bengal,PID487,Comic,Books,Comic,48709.98,4.0,20.0,Net Banking,Cancelled,4.7,155871.94
ORD13072,2023-05-07,CUST1802,Diya Hayre,Ahmedabad,Gujarat,PID551,Lipstick,Beauty,Lipstick,7124.54,3.0,40.0,Cash on Delivery,Delivered,3.3,12824.17
ORD10113,2024-07-28,CUST1350,Amrita Sule,Jaipur,Rajasthan,PID379,Sneakers,Fashion,Sneakers,69781.26,1.0,15.0,Debit Card,Delivered,3.6,59314.07
ORD12366,2024-10-17,CUST1392,Manthan Dewan,Chennai,Tamil Nadu,PID562,Saree,Fashion,Saree,16420.97,4.0,40.0,Net Banking,Delayed,1.6,39410.33
ORD11322,2024-12-11,CUST1152,Lila Chacko,Pune,Maharashtra,PID331,Lipstick,Beauty,Lipstick,49877.72,1.0,20.0,Net Banking,Cancelled,2.5,39902.18
ORD13388,2023-08-04,CUST1850,Sarthak Mistry,Kolkata,West Bengal,PID335,Yoga Mat,Sports,Yoga Mat,47337.68,5.0,30.0,Credit Card,Delivered,,165681.88
ORD12577,2023-08-10,CUST1456,Rehaan Bava,Chennai,Tamil Nadu,PID491,Face Wash,Beauty,Face Wash,23272.31,3.0,15.0,UPI,Delivered,4.4,59344.39
ORD10948,2024-11-22,CUST1086,Deepa Manne,Bangalore,Karnataka,PID340,Dumbbells,Sports,Dumbbells,32017.65,1.0,15.0,Credit Card,Unknown,3.2,27215.0
ORD14352,2023-01-03,CUST1209,Rajeshri Trivedi,Pune,Maharashtra,PID548,Cricket Bat,Sports,Cricket Bat,67473.64,4.0,0.0,Debit Card,Returned,1.3,269894.56
ORD11588,2023-06-09,CUST1714,Yasti Reddy,Surat,Gujarat,PID407,Novel,Books,Novel,71212.6,5.0,20.0,Debit Card,Delivered,3.7,284850.4
ORD11178,2024-03-22,CUST1291,William Rout,Lucknow,Uttar Pradesh,PID183,Cricket Bat,Sports,Cricket Bat,39265.7,2.0,10.0,UPI,Delivered,1.7,70678.26
ORD12642,2023-12-20,CUST1954,Nidra Mukhopadhyay,Bangalore,Karnataka,PID189,Jacket,Fashion,Jacket,57263.03,1.0,25.0,Unknown,Cancelled,3.6,42947.27
ORD13656,2024-10-28,CUST1675,Bhavini Raval,Jaipur,Rajasthan,PID343,Cricket Bat,Sports,Cricket Bat,44629.52,4.0,30.0,Debit Card,Unknown,,124962.66
ORD12593,2024-02-23,CUST1651,Patrick Mahajan,Chennai,Tamil Nadu,PID581,Headphones,Electronics,Headphones,48533.51,2.0,5.0,UPI,Delivered,,92213.67
ORD10631,2024-07-29,CUST1643,Varenya Kalita,Mumbai,Maharashtra,PID259,Football,Sports,Football,11061.62,1.0,10.0,Unknown,Returned,3.0,9955.46
ORD14229,2024-10-13,CUST1396,Varenya Chawla,Mumbai,Maharashtra,PID338,Tablet,Electronics,Tablet,10762.7,3.0,15.0,UPI,Delivered,2.3,27444.88
ORD13610,2024-03-16,CUST1988,Sachi Palla,Hyderabad,Telangana,PID316,Textbook,Books,Textbook,17532.46,2.0,0.0,Cash on Delivery,Delayed,3.8,35064.92
ORD13312,2024-09-23,CUST1600,Om Tandon,Lucknow,Uttar Pradesh,PID266,Bedsheet,Home & Kitchen,Bedsheet,64276.46,1.0,20.0,UPI,Delivered,3.1,51421.17
ORD12684,2023-02-14,CUST1715,Bina Samra,Jaipur,Rajasthan,PID548,Laptop,Electronics,Laptop,25642.73,1.0,20.0,Unknown,Delivered,2.1,20514.18
ORD11615,2024-07-14,CUST1413,Aarna Sachdeva,Jaipur,Rajasthan,PID275,Dumbbells,Sports,Dumbbells,43894.44,5.0,30.0,Debit Card,Returned,,153630.54
ORD13415,2023-07-19,CUST1728,Naveen Oza,Mumbai,Maharashtra,PID314,Perfume,Beauty,Perfume,47551.99,3.0,25.0,Net Banking,Cancelled,3.4,106991.98
ORD12157,2024-06-14,CUST1334,Ekalinga Chokshi,Ahmedabad,Gujarat,PID271,Water Bottle,Home & Kitchen,Water Bottle,0.0,5.0,15.0,Debit Card,Returned,1.6,0.0
ORD11743,2024-05-12,CUST1268,Gaurika Varkey,Indore,Madhya Pradesh,PID140,Textbook,Books,Textbook,28482.26,5.0,20.0,Debit Card,Delivered,3.2,113929.04
ORD13847,2024-08-30,CUST1215,Jatin Palla,Indore,Madhya Pradesh,PID137,Bedsheet,Home & Kitchen,Bedsheet,88368.32,2.0,0.0,Net Banking,Delivered,2.3,176736.64
ORD13672,2023-08-11,CUST1758,Nikita Parmar,Delhi,Delhi,PID355,Textbook,Books,Textbook,62870.52,5.0,0.0,Net Banking,Delivered,2.9,314352.6
ORD11878,2024-03-21,CUST1910,Harrison Mital,Chennai,Tamil Nadu,PID554,Sunscreen,Beauty,Sunscreen,26537.48,4.0,25.0,UPI,Delivered,2.4,79612.44
ORD13582,2023-09-01,CUST1739,Ishanvi Rama,Hyderabad,Telangana,PID256,T-Shirt,Fashion,T-Shirt,87216.12,3.0,10.0,Cash on Delivery,Unknown,2.1,235483.52
ORD12090,2024-10-22,CUST1733,Jeevika Misra,Chennai,Tamil Nadu,PID440,Water Bottle,Home & Kitchen,Water Bottle,53445.59,2.0,25.0,Cash on Delivery,Delivered,3.1,80168.38
ORD14519,2024-04-27,CUST1314,Siya Nath,Mumbai,Maharashtra,PID225,Mixer Grinder,Home & Kitchen,Mixer Grinder,13228.13,1.0,0.0,UPI,Returned,4.4,13228.13
ORD12163,2023-04-04,CUST1098,Azad Dey,Kolkata,West Bengal,PID356,Sneakers,Fashion,Sneakers,54281.73,5.0,0.0,UPI,Delivered,4.5,271408.65
ORD13742,2024-01-05,CUST1180,Jason Vasa,Ahmedabad,Gujarat,PID410,Cricket Bat,Sports,Cricket Bat,59789.09,5.0,30.0,Debit Card,Cancelled,2.9,209261.81
ORD11924,2023-01-21,CUST1049,Brijesh Bhargava,Pune,Maharashtra,PID595,T-Shirt,Fashion,T-Shirt,70954.54,3.0,5.0,Net Banking,Unknown,3.8,202220.44
ORD10288,2024-01-02,CUST1713,Mohammed Edwin,Surat,Gujarat,PID350,Water Bottle,Home & Kitchen,Water Bottle,68139.27,2.0,30.0,Unknown,Delayed,,95394.98
ORD12993,2024-01-10,CUST1606,Jack Aggarwal,Jaipur,Rajasthan,PID512,Lipstick,Beauty,Lipstick,24421.29,1.0,20.0,UPI,Delivered,4.5,19537.03
ORD14399,2024-07-17,CUST1552,Bhavya Sarkar,Bangalore,Karnataka,PID516,Comic,Books,Comic,53383.59,5.0,30.0,Cash on Delivery,Returned,3.4,186842.56
ORD12370,2024-08-07,CUST1413,Urishilla Raman,Chennai,Tamil Nadu,PID569,Jacket,Fashion,Jacket,55186.02,5.0,0.0,Unknown,Returned,4.2,275930.1
ORD13795,2023-05-10,CUST1394,Maya Baral,Surat,Gujarat,PID234,Football,Sports,Football,9392.26,3.0,40.0,Unknown,Delivered,2.4,16906.07
ORD13278,2023-04-22,CUST1262,Nandini Kar,Jaipur,Rajasthan,PID566,T-Shirt,Fashion,T-Shirt,52498.63,2.0,30.0,Debit Card,Delivered,3.5,73498.08
ORD11110,2024-03-26,CUST1786,Nimrat Nagy,Pune,Maharashtra,PID136,Mixer Grinder,Home & Kitchen,Mixer Grinder,22923.89,1.0,15.0,UPI,Cancelled,2.4,19485.31
ORD11225,2023-12-03,CUST1909,Wahab Raja,Lucknow,Uttar Pradesh,PID200,Comic,Books,Comic,45896.9,3.0,15.0,Cash on Delivery,Delivered,4.6,117037.1
ORD14458,2023-08-02,CUST1720,Zilmil Ganesan,Bangalore,Karnataka,PID364,Yoga Mat,Sports,Yoga Mat,5573.39,1.0,10.0,UPI,Returned,1.8,5016.05
ORD13409,2024-02-21,CUST1944,Arin Acharya,Surat,Gujarat,PID253,Shampoo,Beauty,Shampoo,43722.35,4.0,5.0,Cash on Delivery,Unknown,1.0,166144.93
ORD13772,2024-08-16,CUST1294,Wridesh Banik,Ahmedabad,Gujarat,PID374,Headphones,Electronics,Headphones,41287.96,5.0,30.0,Debit Card,Cancelled,,144507.86
ORD10526,2023-12-12,CUST1744,Unnati Apte,Indore,Madhya Pradesh,PID244,Sneakers,Fashion,Sneakers,35353.94,2.0,30.0,Cash on Delivery,Delayed,2.9,49495.52
ORD13440,2023-02-26,CUST1539,Darika Shan,Lucknow,Uttar Pradesh,PID300,Tablet,Electronics,Tablet,80564.17,5.0,0.0,Cash on Delivery,Cancelled,4.7,402820.85
ORD14450,2023-12-02,CUST1694,Krisha Koshy,Hyderabad,Telangana,PID363,Textbook,Books,Textbook,52093.98,3.0,25.0,Unknown,Unknown,4.5,117211.46
ORD13080,2024-06-28,CUST1219,Warjas Sinha,Kolkata,West Bengal,PID102,Sunscreen,Beauty,Sunscreen,2453.2,3.0,40.0,Unknown,Returned,4.4,4415.76
ORD10507,2024-03-13,CUST1744,Lekha Sampath,Pune,Maharashtra,PID189,Shampoo,Beauty,Shampoo,45550.54,4.0,30.0,Net Banking,Cancelled,4.0,127541.51
ORD14958,2023-06-19,CUST1336,Barkha Arora,Bangalore,Karnataka,PID143,Saree,Fashion,Saree,27220.51,2.0,30.0,Debit Card,Cancelled,3.5,38108.71
ORD12063,2023-05-18,CUST1203,Tripti Bedi,Indore,Madhya Pradesh,PID552,Headphones,Electronics,Headphones,2884.9,2.0,20.0,Cash on Delivery,Unknown,3.8,4615.84
ORD11224,2024-08-12,CUST1177,Shaurya Prakash,Kolkata,West Bengal,PID188,Football,Sports,Football,10577.92,3.0,0.0,Cash on Delivery,Delivered,4.2,31733.76
ORD12445,2023-09-12,CUST1632,Christopher Narula,Mumbai,Maharashtra,PID186,Dumbbells,Sports,Dumbbells,84710.48,3.0,5.0,Net Banking,Delayed,4.9,241424.87
ORD13469,2023-09-24,CUST1615,Caleb Gara,Lucknow,Uttar Pradesh,PID266,Football,Sports,Football,80228.95,3.0,15.0,Credit Card,Delivered,2.7,204583.82
ORD12858,2024-11-29,CUST1333,Laksh Barad,Mumbai,Maharashtra,PID184,Smartphone,Electronics,Smartphone,87155.47,1.0,10.0,UPI,Unknown,2.0,78439.92
ORD11696,2024-09-28,CUST1830,Parth Hayer,Bangalore,Karnataka,PID341,Textbook,Books,Textbook,11142.54,1.0,5.0,Cash on Delivery,Delivered,4.6,10585.41
ORD11450,2024-08-29,CUST1766,Zashil Mahajan,Lucknow,Uttar Pradesh,PID396,Perfume,Beauty,Perfume,18839.38,3.0,15.0,Credit Card,Delivered,4.1,48040.42
ORD11627,2024-09-24,CUST1389,Krish Bal,Lucknow,Uttar Pradesh,PID453,Sneakers,Fashion,Sneakers,77213.18,1.0,5.0,UPI,Returned,,73352.52
ORD11265,2023-04-12,CUST1775,Neelima Aggarwal,Mumbai,Maharashtra,PID298,Mixer Grinder,Home & Kitchen,Mixer Grinder,19005.62,1.0,40.0,Cash on Delivery,Delivered,2.9,11403.37
ORD14477,2024-05-20,CUST1014,Jacob Chander,Hyderabad,Telangana,PID459,Face Wash,Beauty,Face Wash,74199.31,4.0,20.0,Net Banking,Returned,2.7,237437.79
ORD10878,2024-04-08,CUST1170,Zashil Munshi,Indore,Madhya Pradesh,PID366,T-Shirt,Fashion,T-Shirt,82439.12,1.0,20.0,Credit Card,Delivered,1.6,65951.3
ORD13524,2023-07-24,CUST1267,Neha Varma,Surat,Gujarat,PID222,Lipstick,Beauty,Lipstick,64324.01,2.0,10.0,Cash on Delivery,Delivered,4.1,115783.22
ORD12790,2023-02-02,CUST1948,Aashi Ranganathan,Kolkata,West Bengal,PID110,Cricket Bat,Sports,Cricket Bat,18126.13,1.0,25.0,Unknown,Returned,5.0,13594.6
ORD10482,2024-10-15,CUST1405,Madhav Sengupta,Indore,Madhya Pradesh,PID211,Kurta,Fashion,Kurta,33743.0,4.0,30.0,Credit Card,Delivered,,94480.4
ORD13060,2024-03-07,CUST1837,Hamsini Johal,Pune,Maharashtra,PID355,Smartphone,Electronics,Smartphone,33272.69,5.0,40.0,Unknown,Unknown,2.5,99818.07
ORD14251,2023-07-14,CUST1106,Chandran Dugal,Jaipur,Rajasthan,PID211,Shampoo,Beauty,Shampoo,3028.1,5.0,5.0,Cash on Delivery,Delayed,4.0,14383.47
ORD13397,2023-10-18,CUST1614,Aachal Bir,Kolkata,West Bengal,PID528,Jeans,Fashion,Jeans,87556.06,3.0,25.0,Cash on Delivery,Cancelled,4.6,197001.14
ORD12425,2023-04-27,CUST1975,Ekapad Uppal,Kolkata,West Bengal,PID367,Cricket Bat,Sports,Cricket Bat,36388.03,4.0,0.0,Credit Card,Unknown,1.5,145552.12
ORD13223,2023-09-27,CUST1497,Shravya Varma,Indore,Madhya Pradesh,PID387,Smartphone,Electronics,Smartphone,30229.41,4.0,10.0,Credit Card,Returned,4.8,108825.88
ORD13482,2024-04-25,CUST1750,Hritik D’Alia,Delhi,Delhi,PID291,Sneakers,Fashion,Sneakers,10113.05,5.0,25.0,Net Banking,Cancelled,4.4,37923.94
ORD14646,2024-08-22,CUST1029,Janani Sur,Mumbai,Maharashtra,PID464,Jeans,Fashion,Jeans,63635.46,4.0,30.0,UPI,Unknown,1.6,178179.29
ORD10858,2024-10-12,CUST1066,Thomas Peri,Kolkata,West Bengal,PID144,Novel,Books,Novel,44728.69,5.0,25.0,Cash on Delivery,Cancelled,,167732.59
ORD12552,2023-12-17,CUST1270,Jairaj Sanghvi,Mumbai,Maharashtra,PID447,Biography,Books,Biography,87080.89,5.0,0.0,UPI,Delivered,2.9,435404.45
ORD10047,2024-11-19,CUST1185,Tripti Minhas,Indore,Madhya Pradesh,PID399,Smartwatch,Electronics,Smartwatch,29110.59,5.0,0.0,Credit Card,Delayed,3.3,145552.95
ORD12315,2023-06-04,CUST1759,Reyansh Basu,Hyderabad,Telangana,PID446,Smartwatch,Electronics,Smartwatch,61539.4,4.0,15.0,Debit Card,Unknown,1.5,209233.96
ORD13527,2023-07-26,CUST1291,Owen Verma,Mumbai,Maharashtra,PID596,Water Bottle,Home & Kitchen,Water Bottle,52828.27,1.0,5.0,Cash on Delivery,Delivered,1.6,50186.86
ORD12386,2024-05-11,CUST1683,Balvan Prakash,Pune,Maharashtra,PID194,Textbook,Books,Textbook,26465.38,3.0,5.0,UPI,Unknown,3.9,75426.33
ORD10900,2024-12-27,CUST1067,Pranit Sunder,Kolkata,West Bengal,PID125,Jacket,Fashion,Jacket,39264.83,5.0,20.0,Credit Card,Delayed,,157059.32
ORD11023,2023-02-09,CUST1460,Victor Lad,Hyderabad,Telangana,PID304,Laptop,Electronics,Laptop,41637.87,1.0,5.0,Cash on Delivery,Cancelled,4.2,39555.98
ORD10233,2023-10-21,CUST1833,Yash Bains,Mumbai,Maharashtra,PID331,Novel,Books,Novel,34371.2,3.0,10.0,Debit Card,Delivered,,92802.24
ORD10942,2023-02-11,CUST1386,Sneha Goswami,Bangalore,Karnataka,PID276,Laptop,Electronics,Laptop,74218.48,1.0,40.0,UPI,Delivered,,44531.09
ORD14724,2024-12-20,CUST1596,Orinder Bhalla,Hyderabad,Telangana,PID513,Tablet,Electronics,Tablet,77071.24,4.0,20.0,Net Banking,Cancelled,1.7,246627.97
ORD14794,2023-04-23,CUST1050,Ansh Devi,Kolkata,West Bengal,PID363,Textbook,Books,Textbook,52311.01,3.0,40.0,UPI,Unknown,3.8,94159.82
ORD14936,2024-02-25,CUST1103,Chanakya Sur,Lucknow,Uttar Pradesh,PID454,Saree,Fashion,Saree,13532.22,3.0,30.0,Credit Card,Cancelled,3.2,28417.66
ORD13649,2024-06-08,CUST1241,Ekta Raja,Pune,Maharashtra,PID513,Bluetooth Speaker,Electronics,Bluetooth Speaker,53397.67,3.0,5.0,Cash on Delivery,Delivered,1.2,152183.36
ORD14473,2023-10-14,CUST1759,Rachana Nagi,Lucknow,Uttar Pradesh,PID387,Shampoo,Beauty,Shampoo,65012.76,3.0,30.0,Net Banking,Delivered,4.2,136526.8
ORD13204,2024-11-18,CUST1770,George Kadakia,Lucknow,Uttar Pradesh,PID521,Dumbbells,Sports,Dumbbells,9069.34,5.0,5.0,Debit Card,Unknown,1.4,43079.36
ORD12222,2023-12-25,CUST1514,Hema Patel,Indore,Madhya Pradesh,PID464,Mixer Grinder,Home & Kitchen,Mixer Grinder,43936.36,1.0,20.0,Debit Card,Returned,4.4,35149.09
ORD11166,2023-10-26,CUST1601,Ishaan Tailor,Surat,Gujarat,PID597,Cricket Bat,Sports,Cricket Bat,82482.32,1.0,40.0,Net Banking,Delivered,4.2,49489.39
ORD10205,2024-01-17,CUST1167,Arin Bhalla,Hyderabad,Telangana,PID528,Yoga Mat,Sports,Yoga Mat,33246.42,1.0,15.0,Cash on Delivery,Cancelled,2.8,28259.46
ORD14159,2023-12-01,CUST1765,Ekta Kade,Ahmedabad,Gujarat,PID357,Textbook,Books,Textbook,87026.46,4.0,15.0,Net Banking,Delivered,1.2,295889.96
ORD13783,2024-12-11,CUST1572,Chavvi Dhaliwal,Bangalore,Karnataka,PID441,Perfume,Beauty,Perfume,10641.4,4.0,0.0,UPI,Unknown,4.1,42565.6
ORD14504,2023-07-13,CUST1025,Avni Ahuja,Delhi,Delhi,PID575,Novel,Books,Novel,67959.48,4.0,25.0,Credit Card,Returned,2.2,203878.44
ORD11163,2024-01-31,CUST1151,Krish Gandhi,Hyderabad,Telangana,PID273,Perfume,Beauty,Perfume,37340.71,2.0,0.0,Cash on Delivery,Delivered,3.2,74681.42
ORD13771,2024-06-29,CUST1762,Anay Shukla,Hyderabad,Telangana,PID503,Mixer Grinder,Home & Kitchen,Mixer Grinder,72526.91,1.0,0.0,Cash on Delivery,Returned,3.2,72526.91
ORD12730,2024-11-09,CUST1903,Maanav Tripathi,Kolkata,West Bengal,PID299,Yoga Mat,Sports,Yoga Mat,66086.81,5.0,10.0,Credit Card,Delivered,1.9,297390.64
ORD11601,2024-10-23,CUST1351,Pahal Naidu,Lucknow,Uttar Pradesh,PID259,Dumbbells,Sports,Dumbbells,46613.49,3.0,0.0,Net Banking,Unknown,2.6,139840.47
ORD10087,2023-02-23,CUST1085,Azaan Walla,Jaipur,Rajasthan,PID490,Sunscreen,Beauty,Sunscreen,37766.68,5.0,20.0,UPI,Returned,4.5,151066.72
ORD11870,2024-03-25,CUST1074,Sachi Chandran,Mumbai,Maharashtra,PID312,Comic,Books,Comic,46231.46,3.0,25.0,Credit Card,Returned,1.5,104020.78
ORD12839,2023-02-03,CUST1070,Idika Palla,Ahmedabad,Gujarat,PID249,Kurta,Fashion,Kurta,21990.16,2.0,5.0,Cash on Delivery,Delayed,2.3,41781.3
ORD13979,2023-05-29,CUST1932,Orinder Jain,Lucknow,Uttar Pradesh,PID280,Laptop,Electronics,Laptop,17751.36,4.0,5.0,Cash on Delivery,Returned,2.7,67455.17
ORD14314,2024-07-16,CUST1995,Yashawini Badal,Chennai,Tamil Nadu,PID355,Yoga Mat,Sports,Yoga Mat,12475.22,4.0,20.0,Debit Card,Delivered,1.9,39920.7
ORD10622,2024-11-06,CUST1211,Varenya Panchal,Delhi,Delhi,PID481,Biography,Books,Biography,24403.88,2.0,15.0,Net Banking,Returned,,41486.6
ORD14433,2024-11-05,CUST1665,Yamini Sankaran,Pune,Maharashtra,PID466,T-Shirt,Fashion,T-Shirt,43838.64,5.0,5.0,UPI,Delivered,2.3,208233.54
ORD12889,2024-08-13,CUST1815,Nidra Behl,Indore,Madhya Pradesh,PID208,Mixer Grinder,Home & Kitchen,Mixer Grinder,86697.32,4.0,10.0,Credit Card,Delivered,2.3,312110.35
ORD14621,2024-08-14,CUST1600,Edhitha Tiwari,Indore,Madhya Pradesh,PID573,Saree,Fashion,Saree,65958.98,4.0,0.0,Credit Card,Cancelled,2.8,263835.92
ORD10365,2023-03-17,CUST1396,Gavin Jhaveri,Delhi,Delhi,PID291,Cookware Set,Home & Kitchen,Cookware Set,29452.98,2.0,15.0,Credit Card,Delivered,2.9,50070.07
ORD12950,2024-07-29,CUST1065,Guneet Chokshi,Pune,Maharashtra,PID396,Perfume,Beauty,Perfume,14560.06,3.0,25.0,Cash on Delivery,Delivered,3.5,32760.14
ORD14034,2023-05-08,CUST1160,Vansha Varma,Pune,Maharashtra,PID130,Comic,Books,Comic,71785.47,1.0,30.0,UPI,Delivered,,50249.83
ORD11293,2024-03-04,CUST1010,Vivaan Tandon,Mumbai,Maharashtra,PID440,Football,Sports,Football,40820.02,4.0,0.0,UPI,Delivered,5.0,163280.08
ORD13037,2023-04-30,CUST1200,Tanmayi Bhakta,Hyderabad,Telangana,PID310,Cookware Set,Home & Kitchen,Cookware Set,32689.23,1.0,5.0,Unknown,Delivered,2.4,31054.77
ORD13006,2024-04-08,CUST1078,Rajeshri Doshi,Surat,Gujarat,PID213,Water Bottle,Home & Kitchen,Water Bottle,34800.78,5.0,25.0,Net Banking,Returned,1.8,130502.92
ORD13743,2024-08-02,CUST1848,Saksham Chaudhry,Hyderabad,Telangana,PID470,Dumbbells,Sports,Dumbbells,29095.24,2.0,5.0,Unknown,Delivered,2.4,55280.96
ORD14842,2023-07-08,CUST1517,Tripti Bhavsar,Mumbai,Maharashtra,PID512,Biography,Books,Biography,75555.54,2.0,15.0,Net Banking,Delivered,1.2,128444.42
ORD11037,2024-08-15,CUST1044,Avi Dhaliwal,Lucknow,Uttar Pradesh,PID401,Cookware Set,Home & Kitchen,Cookware Set,60386.55,4.0,30.0,Unknown,Returned,3.7,169082.34
ORD14545,2024-07-22,CUST1214,Vritti Talwar,Hyderabad,Telangana,PID201,T-Shirt,Fashion,T-Shirt,27497.64,3.0,5.0,Credit Card,Returned,4.3,78368.27
ORD11654,2024-09-19,CUST1354,Ojas Mani,Chennai,Tamil Nadu,PID207,Face Wash,Beauty,Face Wash,77405.13,2.0,20.0,Unknown,Delivered,1.2,123848.21
ORD14563,2024-03-05,CUST1816,Charles Doshi,Pune,Maharashtra,PID252,Face Wash,Beauty,Face Wash,62433.99,1.0,40.0,UPI,Unknown,4.7,37460.39
ORD12886,2024-08-09,CUST1383,Gabriel Gola,Ahmedabad,Gujarat,PID475,Shampoo,Beauty,Shampoo,39605.03,2.0,5.0,Credit Card,Unknown,3.9,75249.56
ORD13106,2024-03-03,CUST1357,Chatresh Mane,Mumbai,Maharashtra,PID416,Headphones,Electronics,Headphones,77336.71,2.0,0.0,UPI,Unknown,2.5,154673.42
ORD12695,2024-09-17,CUST1914,Aashi Srivastava,Delhi,Delhi,PID321,Cricket Bat,Sports,Cricket Bat,6220.94,4.0,10.0,Net Banking,Unknown,3.6,22395.38
ORD12959,2024-07-15,CUST1081,Urishilla Upadhyay,Surat,Gujarat,PID247,Dumbbells,Sports,Dumbbells,61207.54,5.0,5.0,Cash on Delivery,Delivered,3.7,290735.82
ORD12922,2023-11-18,CUST1909,Anamika Gola,Lucknow,Uttar Pradesh,PID498,Lipstick,Beauty,Lipstick,17704.64,4.0,40.0,Debit Card,Delayed,4.7,42491.14
ORD10221,2023-04-06,CUST1706,Bhavani Bhalla,Bangalore,Karnataka,PID535,Smartphone,Electronics,Smartphone,59752.45,4.0,20.0,Cash on Delivery,Delayed,2.4,191207.84
ORD12402,2023-04-20,CUST1696,Gaurang Comar,Surat,Gujarat,PID373,Shampoo,Beauty,Shampoo,45200.43,1.0,15.0,Debit Card,Delivered,3.4,38420.37
ORD14518,2024-04-13,CUST1040,Onveer Pandit,Delhi,Delhi,PID302,Air Fryer,Home & Kitchen,Air Fryer,73249.08,1.0,40.0,Net Banking,Delayed,4.8,43949.45
ORD13975,2024-08-11,CUST1831,Pranit Buch,Kolkata,West Bengal,PID535,Cricket Bat,Sports,Cricket Bat,19824.12,1.0,5.0,Unknown,Delivered,4.7,18832.91
ORD13084,2024-09-19,CUST1517,Nilima Dasgupta,Hyderabad,Telangana,PID200,Dumbbells,Sports,Dumbbells,10321.53,5.0,30.0,Unknown,Delivered,2.0,36125.35
ORD13613,2023-12-21,CUST1278,Samarth Gokhale,Chennai,Tamil Nadu,PID169,Sunscreen,Beauty,Sunscreen,55727.53,1.0,30.0,Cash on Delivery,Delivered,3.5,39009.27
ORD12008,2024-03-09,CUST1131,Daniel Varma,Mumbai,Maharashtra,PID206,Comic,Books,Comic,48976.56,2.0,40.0,Cash on Delivery,Returned,5.0,58771.87
ORD10040,2023-11-10,CUST1221,Yashoda Korpal,Jaipur,Rajasthan,PID478,Sunscreen,Beauty,Sunscreen,31036.6,3.0,20.0,UPI,Returned,1.5,74487.84
ORD11193,2024-11-12,CUST1609,Indrajit Bhargava,Jaipur,Rajasthan,PID477,Bedsheet,Home & Kitchen,Bedsheet,9528.06,5.0,15.0,Net Banking,Cancelled,2.3,40494.25
ORD13281,2024-02-07,CUST1519,Manbir Khosla,Delhi,Delhi,PID420,Mixer Grinder,Home & Kitchen,Mixer Grinder,88438.18,4.0,0.0,Unknown,Unknown,3.5,353752.72
ORD13512,2023-02-11,CUST1460,Nandini Kale,Lucknow,Uttar Pradesh,PID520,Football,Sports,Football,9082.1,1.0,20.0,Credit Card,Delivered,3.4,7265.68
ORD10564,2023-05-16,CUST1980,Zilmil Mand,Lucknow,Uttar Pradesh,PID505,Cricket Bat,Sports,Cricket Bat,9110.74,1.0,0.0,Unknown,Cancelled,1.3,9110.74
ORD13572,2023-04-18,CUST1510,Arjun Sundaram,Mumbai,Maharashtra,PID199,Sunscreen,Beauty,Sunscreen,51462.01,3.0,10.0,Credit Card,Delivered,3.1,138947.43
ORD12539,2024-01-17,CUST1948,Zilmil Pradhan,Bangalore,Karnataka,PID140,Dumbbells,Sports,Dumbbells,50735.23,1.0,30.0,Debit Card,Delivered,,35514.66
ORD13810,2024-03-18,CUST1594,Anirudh Nath,Kolkata,West Bengal,PID437,Novel,Books,Novel,25687.25,4.0,10.0,Unknown,Delivered,4.2,92474.1
ORD13643,2024-08-03,CUST1951,Raksha Ramakrishnan,Indore,Madhya Pradesh,PID354,Dumbbells,Sports,Dumbbells,53844.86,2.0,30.0,Cash on Delivery,Cancelled,2.4,75382.8
ORD10523,2023-11-24,CUST1404,Gopal Tella,Lucknow,Uttar Pradesh,PID104,Air Fryer,Home & Kitchen,Air Fryer,66362.07,2.0,30.0,Credit Card,Cancelled,4.2,92906.9
ORD10592,2023-10-19,CUST1825,Jacob Chana,Bangalore,Karnataka,PID528,Mixer Grinder,Home & Kitchen,Mixer Grinder,41375.3,2.0,30.0,Debit Card,Returned,3.8,57925.42
ORD13458,2024-05-11,CUST1923,Daksh Bal,Pune,Maharashtra,PID238,Dumbbells,Sports,Dumbbells,61780.55,1.0,30.0,Unknown,Returned,1.7,43246.38
ORD14356,2023-09-22,CUST1814,Urvashi Bath,Surat,Gujarat,PID260,Textbook,Books,Textbook,38566.06,3.0,0.0,UPI,Cancelled,3.7,115698.18
ORD12226,2024-10-18,CUST1497,Upasna Das,Bangalore,Karnataka,PID383,Tablet,Electronics,Tablet,33681.37,2.0,10.0,Unknown,Delivered,4.6,60626.47
ORD12260,2023-03-18,CUST1676,Atharv Bedi,Chennai,Tamil Nadu,PID311,Smartphone,Electronics,Smartphone,66262.83,2.0,25.0,Cash on Delivery,Delivered,2.7,99394.24
ORD12958,2024-03-19,CUST1136,Girik Sinha,Ahmedabad,Gujarat,PID381,Jacket,Fashion,Jacket,29934.97,5.0,5.0,Unknown,Returned,1.9,142191.11
ORD13746,2023-04-29,CUST1952,Madhav Khosla,Hyderabad,Telangana,PID291,Novel,Books,Novel,32593.74,2.0,25.0,Cash on Delivery,Delivered,3.5,48890.61
ORD14564,2024-06-25,CUST1124,Sudiksha Pillai,Chennai,Tamil Nadu,PID414,T-Shirt,Fashion,T-Shirt,3116.39,1.0,5.0,Cash on Delivery,Delivered,,2960.57
ORD13820,2024-01-12,CUST1468,Vincent Dara,Jaipur,Rajasthan,PID331,Bedsheet,Home & Kitchen,Bedsheet,48072.7,3.0,15.0,Cash on Delivery,Delivered,4.5,122585.38
ORD12658,2023-01-07,CUST1351,Fitan Ramanathan,Kolkata,West Bengal,PID199,Bedsheet,Home & Kitchen,Bedsheet,19034.74,3.0,30.0,UPI,Delayed,4.0,39972.95
ORD14611,2024-06-20,CUST1396,Saanvi Bandi,Pune,Maharashtra,PID110,Mixer Grinder,Home & Kitchen,Mixer Grinder,45756.89,3.0,5.0,Net Banking,Unknown,4.7,130407.14
ORD13294,2024-07-17,CUST1556,Kevin Nair,Hyderabad,Telangana,PID501,Yoga Mat,Sports,Yoga Mat,65459.15,3.0,0.0,Debit Card,Delayed,3.4,196377.45
ORD12527,2024-01-23,CUST1498,Aarna Mohan,Jaipur,Rajasthan,PID401,Textbook,Books,Textbook,58455.13,5.0,0.0,Net Banking,Returned,4.6,292275.65
ORD14869,2023-08-11,CUST1725,Zinal Kala,Mumbai,Maharashtra,PID592,Comic,Books,Comic,36071.64,4.0,0.0,UPI,Unknown,4.5,144286.56
ORD10577,2023-06-16,CUST1951,Lucky Desai,Delhi,Delhi,PID116,Kurta,Fashion,Kurta,9530.35,3.0,20.0,Debit Card,Delivered,1.3,22872.84
ORD11651,2024-09-13,CUST1098,Pavani Patel,Jaipur,Rajasthan,PID506,Smartwatch,Electronics,Smartwatch,54914.5,3.0,5.0,UPI,Delivered,2.8,156506.32
ORD13811,2024-04-21,CUST1955,Kai Sinha,Surat,Gujarat,PID103,Lipstick,Beauty,Lipstick,70803.75,5.0,0.0,Debit Card,Delivered,2.7,354018.75
ORD14779,2023-05-25,CUST1786,Jagvi Subramaniam,Indore,Madhya Pradesh,PID436,Kurta,Fashion,Kurta,28238.44,1.0,5.0,Debit Card,Unknown,1.9,26826.52
ORD10552,2023-08-16,CUST1275,Jeremiah Dixit,Lucknow,Uttar Pradesh,PID286,Face Wash,Beauty,Face Wash,18087.97,5.0,15.0,Unknown,Delivered,2.9,76873.87
ORD11636,2023-08-08,CUST1600,Samuel Natarajan,Lucknow,Uttar Pradesh,PID508,Air Fryer,Home & Kitchen,Air Fryer,25046.91,1.0,0.0,Unknown,Returned,1.8,25046.91
ORD11275,2023-09-23,CUST1327,Nihal Chanda,Mumbai,Maharashtra,PID341,Smartphone,Electronics,Smartphone,29427.77,3.0,30.0,Net Banking,Unknown,1.6,61798.32
ORD13857,2024-03-14,CUST1694,Zinal Subramaniam,Indore,Madhya Pradesh,PID301,Kurta,Fashion,Kurta,89830.38,5.0,5.0,Debit Card,Cancelled,4.2,426694.3
ORD12635,2023-05-03,CUST1293,Kiaan Madan,Jaipur,Rajasthan,PID336,T-Shirt,Fashion,T-Shirt,89577.69,3.0,40.0,UPI,Delivered,4.0,161239.84
ORD11328,2024-08-14,CUST1859,Aadhya Pau,Mumbai,Maharashtra,PID415,Dumbbells,Sports,Dumbbells,36731.08,1.0,10.0,Cash on Delivery,Delivered,3.7,33057.97
ORD10640,2024-10-06,CUST1581,Chameli Om,Ahmedabad,Gujarat,PID379,Perfume,Beauty,Perfume,18227.17,2.0,0.0,Credit Card,Delivered,,36454.34
ORD14702,2023-02-06,CUST1911,Bhavani Sathe,Kolkata,West Bengal,PID366,Jeans,Fashion,Jeans,79333.95,5.0,25.0,UPI,Cancelled,3.3,297502.31
ORD10044,2024-11-07,CUST1705,Daksh Taneja,Lucknow,Uttar Pradesh,PID404,Perfume,Beauty,Perfume,55949.3,2.0,20.0,Credit Card,Delivered,2.0,89518.88
ORD10008,2024-06-03,CUST1382,Sai Chander,Delhi,Delhi,PID490,Bedsheet,Home & Kitchen,Bedsheet,0.0,3.0,10.0,Unknown,Cancelled,4.5,0.0
ORD10481,2024-11-10,CUST1531,Anya Shetty,Bangalore,Karnataka,PID337,Football,Sports,Football,76657.51,2.0,40.0,Unknown,Unknown,1.7,91989.01
ORD14677,2024-04-30,CUST1288,Ayush Iyer,Pune,Maharashtra,PID437,Jacket,Fashion,Jacket,67030.83,2.0,10.0,Debit Card,Delivered,,120655.49
ORD10472,2023-08-27,CUST1901,Lohit Pant,Delhi,Delhi,PID417,Dumbbells,Sports,Dumbbells,9299.21,4.0,30.0,Cash on Delivery,Delayed,4.1,26037.79
ORD10422,2023-06-18,CUST1193,Gavin Dani,Pune,Maharashtra,PID176,Bedsheet,Home & Kitchen,Bedsheet,25570.86,3.0,30.0,Credit Card,Cancelled,5.0,53698.81
ORD13863,2024-05-17,CUST1992,Vrishti Ganguly,Jaipur,Rajasthan,PID347,Air Fryer,Home & Kitchen,Air Fryer,72630.37,5.0,0.0,UPI,Delivered,1.9,363151.85
ORD13735,2023-04-01,CUST1004,Radha Pant,Bangalore,Karnataka,PID345,Water Bottle,Home & Kitchen,Water Bottle,30349.04,2.0,30.0,Net Banking,Delayed,4.6,42488.66
ORD13956,2023-11-14,CUST1104,Matthew Banerjee,Surat,Gujarat,PID111,Biography,Books,Biography,12405.19,4.0,15.0,Cash on Delivery,Delivered,3.0,42177.65
ORD13066,2024-07-09,CUST1234,Chakrika Chand,Bangalore,Karnataka,PID195,Yoga Mat,Sports,Yoga Mat,68608.95,4.0,30.0,Debit Card,Delivered,4.9,192105.06
ORD14565,2023-11-12,CUST1720,Idika Raghavan,Pune,Maharashtra,PID243,Novel,Books,Novel,74977.49,5.0,0.0,Unknown,Unknown,1.6,374887.45
ORD13224,2023-05-08,CUST1284,Frederick Khalsa,Chennai,Tamil Nadu,PID407,Lipstick,Beauty,Lipstick,10459.8,2.0,40.0,UPI,Delivered,3.6,12551.76
ORD10465,2024-11-27,CUST1226,Jonathan Pal,Delhi,Delhi,PID219,Cricket Bat,Sports,Cricket Bat,41722.92,2.0,20.0,Net Banking,Returned,2.4,66756.67
ORD13485,2023-01-23,CUST1380,Balendra Wali,Surat,Gujarat,PID469,Laptop,Electronics,Laptop,35257.98,5.0,30.0,Unknown,Delayed,3.2,123402.93
ORD11692,2024-12-25,CUST1349,Januja Mutti,Indore,Madhya Pradesh,PID324,Smartwatch,Electronics,Smartwatch,80080.29,4.0,20.0,Debit Card,Returned,4.7,256256.93
ORD11034,2024-11-08,CUST1547,Januja Chaudhary,Bangalore,Karnataka,PID170,Biography,Books,Biography,80785.6,1.0,20.0,Net Banking,Delayed,4.3,64628.48
ORD10698,2023-07-06,CUST1222,Gauri Sahota,Lucknow,Uttar Pradesh,PID426,Air Fryer,Home & Kitchen,Air Fryer,75274.09,1.0,5.0,UPI,Unknown,1.7,71510.39
ORD12231,2023-11-12,CUST1812,Ekbal Din,Mumbai,Maharashtra,PID266,Bluetooth Speaker,Electronics,Bluetooth Speaker,19655.35,1.0,10.0,Unknown,Delayed,1.7,17689.81
ORD10066,2023-10-11,CUST1676,Bina Kala,Lucknow,Uttar Pradesh,PID543,Textbook,Books,Textbook,19553.23,2.0,0.0,Debit Card,Unknown,1.6,39106.46
ORD13417,2023-12-14,CUST1290,Zashil Mall,Kolkata,West Bengal,PID485,Bedsheet,Home & Kitchen,Bedsheet,25772.98,1.0,25.0,Net Banking,Unknown,3.0,19329.74
ORD12986,2023-07-12,CUST1012,Samar Borah,Lucknow,Uttar Pradesh,PID238,Jacket,Fashion,Jacket,67106.9,2.0,15.0,Net Banking,Delayed,3.7,114081.73
ORD12481,2024-03-21,CUST1829,Azaan Batta,Delhi,Delhi,PID196,Laptop,Electronics,Laptop,89184.05,5.0,20.0,UPI,Returned,3.4,356736.2
ORD11433,2024-08-26,CUST1597,Abhimanyu Vasa,Ahmedabad,Gujarat,PID264,Water Bottle,Home & Kitchen,Water Bottle,13521.2,5.0,40.0,Unknown,Delivered,1.9,40563.6
ORD13548,2024-11-26,CUST1479,Manthan Halder,Hyderabad,Telangana,PID179,Shampoo,Beauty,Shampoo,15198.27,5.0,0.0,Unknown,Unknown,4.6,75991.35
ORD13511,2023-03-08,CUST1559,Chandran Bal,Kolkata,West Bengal,PID196,Football,Sports,Football,85833.87,2.0,25.0,Debit Card,Delayed,1.7,128750.8
ORD14291,2024-09-07,CUST1320,Ranbir Sachdev,Chennai,Tamil Nadu,PID127,Water Bottle,Home & Kitchen,Water Bottle,43646.33,2.0,5.0,Net Banking,Delayed,1.5,82928.03
ORD12093,2024-07-29,CUST1124,Ishwar Pandey,Surat,Gujarat,PID111,Jacket,Fashion,Jacket,41254.08,4.0,15.0,Cash on Delivery,Delivered,3.6,140263.87
ORD13134,2023-06-09,CUST1277,Qabil Badal,Lucknow,Uttar Pradesh,PID418,Sunscreen,Beauty,Sunscreen,17008.26,5.0,10.0,Cash on Delivery,Delivered,3.6,76537.17
ORD10996,2024-06-06,CUST1602,Vedika Sibal,Kolkata,West Bengal,PID316,Biography,Books,Biography,48571.5,2.0,25.0,Net Banking,Returned,4.0,72857.25
ORD12372,2023-01-28,CUST1999,Nikita Brahmbhatt,Lucknow,Uttar Pradesh,PID105,Lipstick,Beauty,Lipstick,57764.17,4.0,30.0,Net Banking,Unknown,3.6,161739.68
ORD14800,2023-04-06,CUST1606,Vrishti Mall,Kolkata,West Bengal,PID423,Jeans,Fashion,Jeans,4596.86,1.0,20.0,Credit Card,Delivered,4.1,3677.49
ORD13191,2023-05-10,CUST1398,Pratyush Desai,Indore,Madhya Pradesh,PID393,Perfume,Beauty,Perfume,48531.35,1.0,40.0,UPI,Cancelled,4.1,29118.81
ORD14826,2023-05-23,CUST1425,Devika Kade,Bangalore,Karnataka,PID522,Comic,Books,Comic,70643.56,4.0,20.0,UPI,Delivered,3.9,226059.39
ORD14008,2024-01-08,CUST1006,Udyati Bath,Kolkata,West Bengal,PID390,Bedsheet,Home & Kitchen,Bedsheet,75736.02,1.0,5.0,Net Banking,Delayed,3.2,71949.22
ORD12110,2023-06-30,CUST1182,Yatin Narain,Mumbai,Maharashtra,PID356,Comic,Books,Comic,52954.93,3.0,40.0,Unknown,Delayed,2.6,95318.87
ORD13463,2024-10-11,CUST1847,Chasmum Lad,Surat,Gujarat,PID379,Bluetooth Speaker,Electronics,Bluetooth Speaker,60148.6,1.0,0.0,UPI,Delivered,3.6,60148.6
ORD10130,2023-09-04,CUST1570,Yash Bora,Jaipur,Rajasthan,PID371,Air Fryer,Home & Kitchen,Air Fryer,28788.29,4.0,40.0,Cash on Delivery,Delivered,2.2,69091.9
ORD13733,2023-09-21,CUST1303,Jacob Minhas,Indore,Madhya Pradesh,PID364,Air Fryer,Home & Kitchen,Air Fryer,10289.65,5.0,20.0,Cash on Delivery,Delivered,2.5,41158.6
ORD13478,2023-07-02,CUST1566,Nathaniel Gaba,Jaipur,Rajasthan,PID322,Laptop,Electronics,Laptop,56458.29,5.0,40.0,Debit Card,Delivered,4.5,169374.87
ORD10850,2023-01-01,CUST1972,Gavin Rajagopal,Indore,Madhya Pradesh,PID256,Dumbbells,Sports,Dumbbells,67678.16,4.0,15.0,Cash on Delivery,Delivered,4.9,230105.74
ORD13136,2024-10-18,CUST1295,Jagvi Merchant,Delhi,Delhi,PID446,Cricket Bat,Sports,Cricket Bat,15213.53,5.0,15.0,Debit Card,Delivered,4.1,64657.5
ORD13700,2024-08-24,CUST1022,Ethan Gola,Hyderabad,Telangana,PID123,Jacket,Fashion,Jacket,86781.91,5.0,30.0,Unknown,Returned,2.8,303736.68
ORD14396,2023-06-04,CUST1303,Suhani Raman,Surat,Gujarat,PID576,Cricket Bat,Sports,Cricket Bat,72730.4,4.0,20.0,Net Banking,Unknown,1.3,232737.28
ORD13236,2023-11-04,CUST1669,Maanas Sanghvi,Mumbai,Maharashtra,PID408,Air Fryer,Home & Kitchen,Air Fryer,59718.8,4.0,10.0,Unknown,Unknown,3.9,214987.68
ORD12286,2023-05-19,CUST1106,Xalak Pradhan,Kolkata,West Bengal,PID175,Lipstick,Beauty,Lipstick,26545.36,4.0,40.0,Debit Card,Unknown,,63708.86
ORD13713,2023-01-24,CUST1185,Chakradev Sundaram,Jaipur,Rajasthan,PID147,Mixer Grinder,Home & Kitchen,Mixer Grinder,9592.27,4.0,5.0,Unknown,Delivered,4.3,36450.63
ORD14462,2024-09-14,CUST1777,Jhalak Baria,Delhi,Delhi,PID595,Football,Sports,Football,33735.46,4.0,25.0,Debit Card,Delivered,1.3,101206.38
ORD10078,2023-12-08,CUST1359,Anya Goel,Pune,Maharashtra,PID472,Laptop,Electronics,Laptop,53060.09,3.0,15.0,Net Banking,Cancelled,1.3,135303.23
ORD14857,2023-08-19,CUST1709,Reva Kumer,Surat,Gujarat,PID126,Air Fryer,Home & Kitchen,Air Fryer,3650.55,5.0,5.0,UPI,Delayed,4.5,17340.11
ORD11923,2023-07-20,CUST1737,Geetika Minhas,Delhi,Delhi,PID568,Tablet,Electronics,Tablet,80944.68,2.0,15.0,Unknown,Cancelled,2.3,137605.96
ORD14888,2023-11-18,CUST1594,Hitesh Bir,Chennai,Tamil Nadu,PID476,Lipstick,Beauty,Lipstick,33133.38,3.0,25.0,Credit Card,Delivered,4.4,74550.1
ORD12571,2024-12-20,CUST1857,Kai Rege,Indore,Madhya Pradesh,PID292,Novel,Books,Novel,13797.39,3.0,30.0,UPI,Unknown,2.2,28974.52
ORD14884,2023-06-14,CUST1698,Lajita Thakkar,Surat,Gujarat,PID253,Biography,Books,Biography,17271.01,2.0,20.0,Credit Card,Delivered,,27633.62
ORD12103,2024-10-05,CUST1221,Laban Baral,Mumbai,Maharashtra,PID547,Mixer Grinder,Home & Kitchen,Mixer Grinder,1220.97,2.0,15.0,Cash on Delivery,Cancelled,4.8,2075.65
ORD13502,2023-11-14,CUST1024,Aradhana Sood,Chennai,Tamil Nadu,PID291,Textbook,Books,Textbook,80664.23,5.0,0.0,Debit Card,Delivered,,403321.15
ORD14723,2024-08-09,CUST1954,Ekalinga Sahni,Hyderabad,Telangana,PID356,Football,Sports,Football,65646.54,1.0,20.0,UPI,Delivered,,52517.23
ORD13786,2023-03-11,CUST1066,Ayushman Narang,Jaipur,Rajasthan,PID468,Comic,Books,Comic,29136.43,3.0,25.0,Credit Card,Delivered,3.0,65556.97
ORD14853,2023-06-27,CUST1795,Gabriel Jha,Kolkata,West Bengal,PID252,Face Wash,Beauty,Face Wash,30457.88,3.0,10.0,Unknown,Cancelled,,82236.28
ORD11482,2024-08-23,CUST1046,Zayyan Natarajan,Ahmedabad,Gujarat,PID314,Smartwatch,Electronics,Smartwatch,88760.29,2.0,15.0,Debit Card,Delivered,1.2,150892.49
ORD14238,2024-01-23,CUST1658,Yagnesh Ganesh,Pune,Maharashtra,PID387,Perfume,Beauty,Perfume,89240.25,4.0,25.0,UPI,Unknown,4.0,267720.75
ORD10383,2023-07-24,CUST1311,Aishani Handa,Delhi,Delhi,PID352,Biography,Books,Biography,744.71,2.0,10.0,UPI,Unknown,2.5,1340.48
ORD13623,2024-06-12,CUST1185,Ekani Dave,Bangalore,Karnataka,PID235,Shampoo,Beauty,Shampoo,16841.17,3.0,15.0,Net Banking,Delivered,1.2,42944.98
ORD14484,2024-11-01,CUST1642,Nirja Khosla,Chennai,Tamil Nadu,PID478,Jeans,Fashion,Jeans,53616.11,5.0,25.0,Credit Card,Delivered,2.0,201060.41
ORD14097,2023-04-13,CUST1532,Upkaar Ramakrishnan,Mumbai,Maharashtra,PID580,Sneakers,Fashion,Sneakers,52063.81,5.0,25.0,Net Banking,Cancelled,1.1,195239.29
ORD14897,2024-03-05,CUST1924,Vinaya Raj,Ahmedabad,Gujarat,PID439,Cookware Set,Home & Kitchen,Cookware Set,13534.41,1.0,0.0,Credit Card,Delayed,2.1,13534.41
ORD14426,2023-12-13,CUST1183,Fiyaz Boase,Jaipur,Rajasthan,PID257,Saree,Fashion,Saree,25403.61,2.0,10.0,Net Banking,Delivered,4.2,45726.5
ORD10559,2023-02-22,CUST1355,Krish Zacharia,Jaipur,Rajasthan,PID423,T-Shirt,Fashion,T-Shirt,21553.78,3.0,20.0,Net Banking,Delivered,2.0,51729.07
ORD10836,2023-06-06,CUST1522,Charan Yogi,Mumbai,Maharashtra,PID491,Novel,Books,Novel,57914.79,1.0,15.0,Cash on Delivery,Unknown,1.6,49227.57
ORD10030,2024-07-07,CUST1424,Champak Venkatesh,Surat,Gujarat,PID308,Biography,Books,Biography,21646.24,2.0,25.0,Credit Card,Returned,1.6,32469.36
ORD10464,2024-11-19,CUST1859,Aryan Deshmukh,Pune,Maharashtra,PID493,Dumbbells,Sports,Dumbbells,48501.11,1.0,40.0,Net Banking,Delivered,4.9,29100.67
ORD13612,2024-07-15,CUST1669,Tarak Nair,Surat,Gujarat,PID360,Smartwatch,Electronics,Smartwatch,9809.94,4.0,10.0,Debit Card,Delivered,,35315.78
ORD10917,2023-04-20,CUST1162,Diya Jayaraman,Pune,Maharashtra,PID402,Headphones,Electronics,Headphones,8503.13,2.0,0.0,Cash on Delivery,Cancelled,1.2,17006.26
ORD11826,2024-07-15,CUST1995,Nihal Parekh,Chennai,Tamil Nadu,PID449,Headphones,Electronics,Headphones,26791.13,5.0,40.0,UPI,Unknown,3.9,80373.39
ORD11300,2024-02-15,CUST1873,Jagrati Shere,Bangalore,Karnataka,PID360,Tablet,Electronics,Tablet,16395.91,1.0,15.0,Cash on Delivery,Delivered,2.7,13936.52
ORD13921,2024-08-14,CUST1755,Falan Thakur,Kolkata,West Bengal,PID539,Smartwatch,Electronics,Smartwatch,89599.76,5.0,40.0,Unknown,Returned,,268799.28
ORD14341,2024-02-19,CUST1449,Yatin Master,Indore,Madhya Pradesh,PID126,Sunscreen,Beauty,Sunscreen,8185.91,2.0,5.0,Credit Card,Cancelled,3.1,15553.23
ORD10519,2023-05-11,CUST1917,Kai Arora,Indore,Madhya Pradesh,PID328,Face Wash,Beauty,Face Wash,34729.54,5.0,0.0,Net Banking,Unknown,1.3,173647.7
ORD14937,2024-08-18,CUST1450,Ridhi Sekhon,Chennai,Tamil Nadu,PID108,Bedsheet,Home & Kitchen,Bedsheet,24652.49,4.0,25.0,Net Banking,Delivered,1.9,73957.47
ORD13029,2024-10-05,CUST1892,Guneet Dash,Mumbai,Maharashtra,PID301,Jeans,Fashion,Jeans,61008.54,2.0,30.0,Credit Card,Delayed,1.0,85411.96
ORD11873,2024-08-03,CUST1094,Christopher Rau,Hyderabad,Telangana,PID407,Laptop,Electronics,Laptop,78974.06,3.0,25.0,UPI,Delivered,2.6,177691.64
ORD10596,2023-05-12,CUST1236,Yashawini Raghavan,Ahmedabad,Gujarat,PID150,Biography,Books,Biography,50083.2,4.0,30.0,Cash on Delivery,Delivered,2.6,140232.96
ORD10470,2023-04-21,CUST1794,Balendra Shanker,Mumbai,Maharashtra,PID407,Cricket Bat,Sports,Cricket Bat,43274.98,3.0,15.0,Debit Card,Cancelled,4.8,110351.2
ORD14783,2024-12-31,CUST1015,Azaan Nanda,Hyderabad,Telangana,PID475,Smartphone,Electronics,Smartphone,65773.56,5.0,0.0,Credit Card,Delivered,4.3,328867.8
ORD13852,2024-02-18,CUST1348,Frado Ganesan,Chennai,Tamil Nadu,PID416,Smartphone,Electronics,Smartphone,35769.63,3.0,25.0,Cash on Delivery,Returned,4.4,80481.67
ORD12416,2023-12-01,CUST1703,Jyoti Brar,Mumbai,Maharashtra,PID390,Smartphone,Electronics,Smartphone,7643.14,5.0,15.0,Credit Card,Unknown,4.4,32483.34
ORD12294,2024-11-24,CUST1473,Hitesh Dar,Delhi,Delhi,PID192,Yoga Mat,Sports,Yoga Mat,80821.16,4.0,5.0,UPI,Delayed,4.8,307120.41
ORD13038,2023-08-14,CUST1973,Jairaj Jani,Lucknow,Uttar Pradesh,PID450,Kurta,Fashion,Kurta,56933.27,4.0,20.0,Cash on Delivery,Delivered,4.5,182186.46
ORD11555,2024-07-20,CUST1785,Atharv Bajwa,Bangalore,Karnataka,PID289,T-Shirt,Fashion,T-Shirt,33331.37,3.0,10.0,Debit Card,Delivered,3.9,89994.7
ORD10098,2023-07-10,CUST1456,Girish Pathak,Bangalore,Karnataka,PID209,Tablet,Electronics,Tablet,47721.97,2.0,0.0,Debit Card,Unknown,2.5,95443.94
ORD13977,2023-12-18,CUST1803,Wahab Badami,Lucknow,Uttar Pradesh,PID407,Textbook,Books,Textbook,20860.96,1.0,25.0,Debit Card,Returned,3.9,15645.72
ORD12213,2023-08-29,CUST1668,Ekta Garde,Delhi,Delhi,PID584,Mixer Grinder,Home & Kitchen,Mixer Grinder,81171.58,5.0,15.0,Credit Card,Delivered,3.1,344979.22
ORD12430,2023-10-04,CUST1098,Ethan Goyal,Hyderabad,Telangana,PID453,Smartwatch,Electronics,Smartwatch,38308.22,2.0,30.0,Debit Card,Returned,2.3,53631.51
ORD12246,2024-07-16,CUST1529,Priya Sule,Hyderabad,Telangana,PID595,Smartwatch,Electronics,Smartwatch,65363.41,3.0,30.0,Unknown,Returned,3.0,137263.16
ORD13901,2024-09-16,CUST1375,Qushi Jani,Bangalore,Karnataka,PID569,Yoga Mat,Sports,Yoga Mat,31844.63,4.0,10.0,Cash on Delivery,Delayed,3.9,114640.67
ORD12077,2024-04-24,CUST1780,Patrick Sule,Mumbai,Maharashtra,PID573,Bedsheet,Home & Kitchen,Bedsheet,40598.28,5.0,40.0,Net Banking,Delivered,3.0,121794.84
ORD10448,2023-12-25,CUST1386,Urmi Gera,Kolkata,West Bengal,PID366,Cricket Bat,Sports,Cricket Bat,30607.38,5.0,15.0,Net Banking,Returned,3.7,130081.36
ORD14210,2024-05-25,CUST1839,Yashasvi Pathak,Mumbai,Maharashtra,PID595,Laptop,Electronics,Laptop,85896.85,3.0,30.0,Debit Card,Returned,1.2,180383.38
ORD11734,2024-11-12,CUST1646,Nakul Vaidya,Chennai,Tamil Nadu,PID334,Bedsheet,Home & Kitchen,Bedsheet,2286.19,5.0,0.0,Net Banking,Unknown,4.7,11430.95
ORD11898,2023-11-11,CUST1635,Upma Karpe,Lucknow,Uttar Pradesh,PID442,Shampoo,Beauty,Shampoo,59336.45,4.0,25.0,Debit Card,Delayed,4.3,178009.35
ORD11018,2024-12-12,CUST1282,Dev Samra,Indore,Madhya Pradesh,PID197,Bluetooth Speaker,Electronics,Bluetooth Speaker,59015.8,5.0,10.0,Credit Card,Delayed,4.3,265571.1
ORD12869,2024-03-10,CUST1694,Ekaraj Khosla,Hyderabad,Telangana,PID547,Laptop,Electronics,Laptop,76509.79,1.0,20.0,Credit Card,Delayed,2.2,61207.83
ORD10015,2023-02-28,CUST1082,Baghyawati Bahl,Bangalore,Karnataka,PID535,Biography,Books,Biography,17212.32,5.0,25.0,Net Banking,Delivered,2.9,64546.2
ORD14023,2024-06-18,CUST1647,Ikbal Balasubramanian,Delhi,Delhi,PID469,Headphones,Electronics,Headphones,9639.19,1.0,25.0,Net Banking,Delivered,3.9,7229.39
ORD11216,2024-08-21,CUST1137,Yashodhara Bath,Surat,Gujarat,PID430,Cricket Bat,Sports,Cricket Bat,28759.76,1.0,15.0,Credit Card,Unknown,2.0,24445.8
ORD14735,2024-02-28,CUST1625,Zilmil Ravel,Lucknow,Uttar Pradesh,PID435,Tablet,Electronics,Tablet,64478.42,3.0,0.0,Credit Card,Delivered,3.3,193435.26
ORD13664,2023-05-03,CUST1560,Anthony Kari,Bangalore,Karnataka,PID352,Football,Sports,Football,28986.24,3.0,25.0,Cash on Delivery,Delivered,1.4,65219.04
ORD12131,2023-12-31,CUST1468,Aryan Bansal,Jaipur,Rajasthan,PID579,Bedsheet,Home & Kitchen,Bedsheet,47930.17,3.0,20.0,Debit Card,Delivered,2.6,115032.41
ORD14644,2023-05-30,CUST1663,Fiyaz Bains,Lucknow,Uttar Pradesh,PID495,Football,Sports,Football,27028.06,3.0,20.0,Unknown,Delayed,1.2,64867.34
ORD12770,2024-04-10,CUST1286,Yug Handa,Bangalore,Karnataka,PID321,Sneakers,Fashion,Sneakers,52954.84,5.0,40.0,Debit Card,Delivered,3.9,158864.52
ORD13322,2024-10-21,CUST1603,Radha Chana,Kolkata,West Bengal,PID403,Cricket Bat,Sports,Cricket Bat,81075.98,3.0,20.0,UPI,Unknown,1.1,194582.35
ORD14814,2024-07-11,CUST1520,Krishna Khurana,Chennai,Tamil Nadu,PID582,T-Shirt,Fashion,T-Shirt,53838.0,1.0,5.0,Net Banking,Delayed,2.3,51146.1
ORD10287,2024-10-02,CUST1499,Agastya Sidhu,Indore,Madhya Pradesh,PID219,Biography,Books,Biography,53719.67,2.0,25.0,Net Banking,Unknown,2.4,80579.5
ORD14048,2024-04-13,CUST1763,Jagrati Loyal,Lucknow,Uttar Pradesh,PID568,Kurta,Fashion,Kurta,5892.29,5.0,20.0,Credit Card,Cancelled,4.1,23569.16
ORD12313,2024-12-12,CUST1342,Lopa Singhal,Pune,Maharashtra,PID211,Smartphone,Electronics,Smartphone,58386.92,3.0,40.0,Cash on Delivery,Cancelled,1.3,105096.46
ORD13245,2023-05-10,CUST1864,Guneet Pall,Bangalore,Karnataka,PID564,Mixer Grinder,Home & Kitchen,Mixer Grinder,62031.45,4.0,15.0,Unknown,Returned,4.1,210906.93
ORD10780,2023-09-27,CUST1981,Aahana Badami,Surat,Gujarat,PID454,Biography,Books,Biography,51854.8,3.0,25.0,Credit Card,Delivered,2.5,116673.3
ORD14875,2023-05-21,CUST1825,Anusha Kumer,Lucknow,Uttar Pradesh,PID451,Face Wash,Beauty,Face Wash,9893.73,4.0,30.0,Debit Card,Delivered,3.0,27702.44
ORD10429,2024-05-22,CUST1307,Manthan Korpal,Delhi,Delhi,PID176,Shampoo,Beauty,Shampoo,3783.36,2.0,10.0,Cash on Delivery,Delayed,3.6,6810.05
ORD13508,2024-05-27,CUST1128,Manya Kamdar,Ahmedabad,Gujarat,PID408,Mixer Grinder,Home & Kitchen,Mixer Grinder,81052.41,3.0,5.0,Credit Card,Delivered,3.7,230999.37
ORD14187,2023-10-30,CUST1527,Krishna Talwar,Ahmedabad,Gujarat,PID468,Perfume,Beauty,Perfume,80454.45,4.0,30.0,Unknown,Delayed,2.8,225272.46
ORD11468,2023-10-07,CUST1381,Vrinda Raghavan,Bangalore,Karnataka,PID555,Perfume,Beauty,Perfume,47411.89,5.0,0.0,Cash on Delivery,Cancelled,3.9,237059.45
ORD14274,2023-09-25,CUST1461,Jagrati Rajan,Chennai,Tamil Nadu,PID460,Bluetooth Speaker,Electronics,Bluetooth Speaker,20479.27,5.0,25.0,Debit Card,Returned,4.3,76797.26
ORD14833,2023-05-09,CUST1183,Banjeet Krishnan,Hyderabad,Telangana,PID176,Jeans,Fashion,Jeans,12506.49,4.0,30.0,Credit Card,Unknown,2.0,35018.17
ORD14574,2024-11-03,CUST1977,Qabil Natarajan,Ahmedabad,Gujarat,PID423,Biography,Books,Biography,89103.86,4.0,10.0,Net Banking,Delivered,1.5,320773.9
ORD14835,2023-11-06,CUST1014,Logan Kapadia,Lucknow,Uttar Pradesh,PID416,Yoga Mat,Sports,Yoga Mat,25443.31,5.0,15.0,UPI,Cancelled,1.6,108134.07
ORD10351,2023-09-21,CUST1264,Divya Jaggi,Kolkata,West Bengal,PID589,Bedsheet,Home & Kitchen,Bedsheet,59493.93,3.0,25.0,Cash on Delivery,Delayed,1.3,133861.34
ORD10166,2023-04-16,CUST1543,Aachal Jha,Pune,Maharashtra,PID388,Mixer Grinder,Home & Kitchen,Mixer Grinder,62508.69,1.0,5.0,Credit Card,Returned,4.5,59383.26
ORD13279,2023-09-11,CUST1763,Vansha Vig,Pune,Maharashtra,PID417,Headphones,Electronics,Headphones,75212.09,1.0,10.0,Net Banking,Delivered,4.7,67690.88
ORD10661,2023-12-03,CUST1246,Alka Sahota,Surat,Gujarat,PID327,Biography,Books,Biography,47271.66,5.0,15.0,Cash on Delivery,Delivered,4.1,200904.56
ORD12296,2024-05-17,CUST1591,Victor Ramakrishnan,Jaipur,Rajasthan,PID589,Yoga Mat,Sports,Yoga Mat,74897.58,5.0,10.0,Net Banking,Delivered,3.5,337039.11
ORD11340,2023-05-17,CUST1782,Girik Varughese,Surat,Gujarat,PID317,Biography,Books,Biography,68529.9,3.0,25.0,Debit Card,Delivered,4.6,154192.28
ORD12948,2023-06-26,CUST1219,Zaitra Sem,Kolkata,West Bengal,PID337,Jacket,Fashion,Jacket,11941.97,2.0,40.0,Debit Card,Delivered,4.3,14330.36
ORD13316,2024-06-06,CUST1480,Dhruv Saraf,Pune,Maharashtra,PID421,Dumbbells,Sports,Dumbbells,66003.19,2.0,40.0,Net Banking,Cancelled,1.6,79203.83
ORD12619,2023-10-31,CUST1643,Bina Aggarwal,Delhi,Delhi,PID416,Dumbbells,Sports,Dumbbells,61807.59,3.0,5.0,Net Banking,Delivered,,176151.63
ORD12207,2024-12-12,CUST1722,Praneel Bera,Bangalore,Karnataka,PID226,Cricket Bat,Sports,Cricket Bat,25565.74,4.0,15.0,Unknown,Cancelled,1.3,86923.52
ORD10384,2024-03-03,CUST1993,Prisha Nayak,Ahmedabad,Gujarat,PID134,Biography,Books,Biography,2561.58,4.0,20.0,UPI,Delivered,4.6,8197.06
ORD13146,2023-10-07,CUST1145,Yadavi Kamdar,Surat,Gujarat,PID248,Tablet,Electronics,Tablet,11231.35,5.0,40.0,UPI,Cancelled,1.7,33694.05
ORD12217,2024-07-03,CUST1366,Imaran Varkey,Chennai,Tamil Nadu,PID587,Jacket,Fashion,Jacket,45726.17,1.0,10.0,UPI,Cancelled,4.9,41153.55
ORD12189,2024-10-19,CUST1259,Unnati Chada,Delhi,Delhi,PID325,Headphones,Electronics,Headphones,14653.59,4.0,40.0,Debit Card,Delivered,4.6,35168.62
ORD14020,2023-03-07,CUST1391,Rayaan Batta,Pune,Maharashtra,PID564,Perfume,Beauty,Perfume,6380.58,3.0,25.0,Credit Card,Cancelled,2.5,14356.3
ORD11133,2023-05-26,CUST1157,Eesha Guha,Hyderabad,Telangana,PID277,Air Fryer,Home & Kitchen,Air Fryer,11922.52,2.0,10.0,Unknown,Delivered,4.7,21460.54
ORD10300,2023-06-01,CUST1087,Aishani Walla,Kolkata,West Bengal,PID304,Dumbbells,Sports,Dumbbells,67792.69,4.0,30.0,UPI,Cancelled,1.3,189819.53
ORD11616,2023-01-04,CUST1284,Gaurav Parmer,Mumbai,Maharashtra,PID529,Comic,Books,Comic,47478.85,2.0,15.0,Cash on Delivery,Delivered,3.3,80714.04
ORD13829,2024-04-20,CUST1703,Ayush Gera,Bangalore,Karnataka,PID309,Jeans,Fashion,Jeans,24326.37,1.0,15.0,Net Banking,Delivered,,20677.41
ORD14050,2023-11-05,CUST1099,Upkaar Chauhan,Surat,Gujarat,PID144,Sunscreen,Beauty,Sunscreen,22876.55,5.0,15.0,Unknown,Delivered,2.8,97225.34
ORD14529,2024-08-01,CUST1847,Aarush Jha,Bangalore,Karnataka,PID533,Cookware Set,Home & Kitchen,Cookware Set,8506.37,1.0,40.0,Unknown,Delayed,4.8,5103.82
ORD14469,2024-02-27,CUST1676,Nachiket Banerjee,Delhi,Delhi,PID132,Headphones,Electronics,Headphones,31884.8,1.0,5.0,Debit Card,Cancelled,4.3,30290.56
ORD13324,2024-03-01,CUST1001,Sanya Date,Indore,Madhya Pradesh,PID143,Biography,Books,Biography,46115.09,2.0,30.0,Credit Card,Delivered,4.4,64561.13
ORD11938,2024-01-06,CUST1218,Sara Andra,Chennai,Tamil Nadu,PID492,Sneakers,Fashion,Sneakers,89405.15,4.0,25.0,Debit Card,Unknown,2.8,268215.45
ORD14851,2023-10-25,CUST1829,Azaan Som,Pune,Maharashtra,PID177,Mixer Grinder,Home & Kitchen,Mixer Grinder,28080.44,5.0,20.0,Cash on Delivery,Returned,3.6,112321.76
ORD12702,2024-06-25,CUST1004,Jeevika Lad,Lucknow,Uttar Pradesh,PID247,Smartphone,Electronics,Smartphone,68521.48,2.0,40.0,Credit Card,Delivered,3.9,82225.78
ORD13651,2023-04-19,CUST1832,Daksh Buch,Bangalore,Karnataka,PID458,Cricket Bat,Sports,Cricket Bat,20192.57,1.0,10.0,Net Banking,Delivered,3.2,18173.31
ORD11049,2023-09-12,CUST1381,Karan Ahluwalia,Ahmedabad,Gujarat,PID406,Face Wash,Beauty,Face Wash,74952.28,4.0,25.0,Net Banking,Cancelled,3.8,224856.84
ORD14479,2023-07-05,CUST1016,Bhavya Morar,Delhi,Delhi,PID555,Jeans,Fashion,Jeans,67902.53,5.0,10.0,Net Banking,Unknown,3.8,305561.38
ORD14165,2023-01-31,CUST1163,Nitesh Garde,Ahmedabad,Gujarat,PID493,Smartphone,Electronics,Smartphone,74247.87,1.0,30.0,UPI,Returned,1.1,51973.51
ORD10053,2024-01-31,CUST1514,Advaith Lal,Lucknow,Uttar Pradesh,PID594,Yoga Mat,Sports,Yoga Mat,34559.93,3.0,30.0,Credit Card,Delayed,4.2,72575.85
ORD10847,2024-01-04,CUST1477,Manan Karan,Kolkata,West Bengal,PID330,Perfume,Beauty,Perfume,88518.62,4.0,30.0,Credit Card,Delivered,1.3,247852.14
ORD10252,2024-05-28,CUST1153,Ronith Setty,Pune,Maharashtra,PID195,Saree,Fashion,Saree,31857.89,4.0,0.0,Net Banking,Returned,2.8,127431.56
ORD13035,2023-08-31,CUST1763,Jagrati Gera,Pune,Maharashtra,PID443,Biography,Books,Biography,84026.1,2.0,15.0,Unknown,Unknown,4.2,142844.37
ORD11028,2023-03-11,CUST1038,Charita Desai,Mumbai,Maharashtra,PID110,Smartphone,Electronics,Smartphone,88187.08,3.0,0.0,Unknown,Delayed,1.2,264561.24
ORD11669,2024-12-05,CUST1943,Henry Divan,Bangalore,Karnataka,PID330,Yoga Mat,Sports,Yoga Mat,33824.4,1.0,5.0,Debit Card,Delivered,4.4,32133.18
ORD10807,2024-09-30,CUST1442,Ganga Saraf,Surat,Gujarat,PID192,Perfume,Beauty,Perfume,27724.87,5.0,20.0,Credit Card,Returned,1.8,110899.48
ORD11553,2024-12-30,CUST1720,Nihal Dyal,Lucknow,Uttar Pradesh,PID470,Saree,Fashion,Saree,30342.04,1.0,0.0,Credit Card,Unknown,3.5,30342.04
ORD10032,2023-06-19,CUST1577,Daksha Sidhu,Kolkata,West Bengal,PID439,Textbook,Books,Textbook,19865.03,3.0,30.0,Net Banking,Delivered,4.7,41716.56
ORD10716,2024-12-11,CUST1513,Aarush Rao,Delhi,Delhi,PID443,Smartwatch,Electronics,Smartwatch,71458.98,5.0,15.0,Cash on Delivery,Delivered,2.5,303700.66
ORD12385,2024-12-13,CUST1403,Chaaya Ranganathan,Surat,Gujarat,PID208,Novel,Books,Novel,34690.76,2.0,25.0,UPI,Returned,3.6,52036.14
ORD13698,2023-03-24,CUST1523,Nandini Lad,Jaipur,Rajasthan,PID128,Smartwatch,Electronics,Smartwatch,70695.6,5.0,5.0,Net Banking,Delayed,4.1,335804.1
ORD14799,2023-07-02,CUST1033,Udant Behl,Hyderabad,Telangana,PID543,Headphones,Electronics,Headphones,70720.98,2.0,20.0,Credit Card,Returned,3.9,113153.57
ORD14854,2023-05-13,CUST1036,Meghana Gera,Lucknow,Uttar Pradesh,PID582,Lipstick,Beauty,Lipstick,60930.82,2.0,25.0,Cash on Delivery,Delivered,3.3,91396.23
ORD14791,2023-02-23,CUST1003,William Basu,Indore,Madhya Pradesh,PID158,Football,Sports,Football,2259.83,1.0,5.0,UPI,Cancelled,3.6,2146.84
ORD14324,2023-10-19,CUST1075,Varsha Chaudhuri,Lucknow,Uttar Pradesh,PID458,Sunscreen,Beauty,Sunscreen,72606.6,1.0,5.0,Cash on Delivery,Returned,3.2,68976.27
ORD13751,2023-07-10,CUST1254,Anya Kapoor,Mumbai,Maharashtra,PID433,Jeans,Fashion,Jeans,29027.95,4.0,5.0,Net Banking,Delayed,3.6,110306.21
ORD11045,2024-12-17,CUST1472,Charita Pandey,Pune,Maharashtra,PID526,Biography,Books,Biography,76084.75,1.0,10.0,Unknown,Delivered,3.2,68476.28
ORD12328,2024-07-28,CUST1881,Meghana Sami,Delhi,Delhi,PID332,Kurta,Fashion,Kurta,47988.24,3.0,40.0,Credit Card,Cancelled,,86378.83
ORD12021,2024-05-20,CUST1070,Luke Grewal,Pune,Maharashtra,PID129,Comic,Books,Comic,47697.37,3.0,5.0,Net Banking,Delivered,1.9,135937.5
ORD12145,2024-03-07,CUST1090,Jairaj Pai,Chennai,Tamil Nadu,PID123,Football,Sports,Football,41657.06,2.0,5.0,Unknown,Delayed,1.7,79148.41
ORD12490,2024-11-11,CUST1821,Megha Baria,Ahmedabad,Gujarat,PID355,Shampoo,Beauty,Shampoo,85902.11,1.0,5.0,Cash on Delivery,Delivered,2.1,81607.0
ORD12357,2024-06-23,CUST1496,Chaitaly Mani,Indore,Madhya Pradesh,PID582,Saree,Fashion,Saree,16083.63,3.0,40.0,Credit Card,Delivered,1.4,28950.53
ORD13211,2024-10-02,CUST1023,Charan Comar,Chennai,Tamil Nadu,PID112,Jacket,Fashion,Jacket,36446.52,4.0,0.0,Cash on Delivery,Unknown,,145786.08
ORD14486,2024-05-09,CUST1969,Fiyaz Butala,Jaipur,Rajasthan,PID356,Sneakers,Fashion,Sneakers,579.53,3.0,30.0,Net Banking,Delivered,3.8,1217.01
ORD13555,2024-02-29,CUST1807,Unni Savant,Lucknow,Uttar Pradesh,PID531,Water Bottle,Home & Kitchen,Water Bottle,56028.44,5.0,0.0,Net Banking,Cancelled,3.9,280142.2
ORD10331,2023-12-07,CUST1134,Libni Sanghvi,Pune,Maharashtra,PID147,Smartwatch,Electronics,Smartwatch,16231.62,4.0,20.0,Net Banking,Delivered,3.9,51941.18
ORD13498,2023-09-03,CUST1147,Guneet Keer,Delhi,Delhi,PID278,Tablet,Electronics,Tablet,1102.51,4.0,10.0,Unknown,Unknown,,3969.04
ORD14550,2023-01-20,CUST1855,Yash Boase,Jaipur,Rajasthan,PID367,Air Fryer,Home & Kitchen,Air Fryer,81256.0,3.0,10.0,UPI,Delayed,3.6,219391.2
ORD11639,2023-06-12,CUST1223,Lekha Desai,Pune,Maharashtra,PID178,Perfume,Beauty,Perfume,62035.68,3.0,10.0,UPI,Unknown,1.7,167496.34
ORD11516,2023-06-05,CUST1729,Yashoda Zachariah,Jaipur,Rajasthan,PID286,Biography,Books,Biography,76944.29,1.0,25.0,Credit Card,Returned,4.3,57708.22
ORD10862,2024-10-02,CUST1891,Bhanumati Palla,Delhi,Delhi,PID264,Textbook,Books,Textbook,43070.3,2.0,30.0,UPI,Unknown,1.9,60298.42
ORD14534,2023-06-14,CUST1755,Aahana Ramesh,Indore,Madhya Pradesh,PID582,Football,Sports,Football,66266.11,1.0,40.0,Net Banking,Delivered,4.1,39759.67
ORD10989,2023-07-02,CUST1226,Rohan Singh,Surat,Gujarat,PID544,Mixer Grinder,Home & Kitchen,Mixer Grinder,61295.57,3.0,40.0,Net Banking,Delivered,2.4,110332.03
ORD11199,2023-12-01,CUST1500,Chakrika Manne,Hyderabad,Telangana,PID525,Shampoo,Beauty,Shampoo,48775.37,5.0,30.0,Net Banking,Delivered,4.4,170713.8
ORD11112,2023-05-02,CUST1861,Reyansh Nayak,Delhi,Delhi,PID596,Football,Sports,Football,55864.97,1.0,15.0,Cash on Delivery,Cancelled,,47485.22
ORD10328,2024-12-04,CUST1591,Wriddhish Agate,Mumbai,Maharashtra,PID488,Jacket,Fashion,Jacket,41424.25,1.0,0.0,UPI,Delivered,4.5,41424.25
ORD11089,2024-06-03,CUST1721,Ati Dani,Surat,Gujarat,PID582,Mixer Grinder,Home & Kitchen,Mixer Grinder,89111.64,1.0,40.0,UPI,Delivered,1.4,53466.98
ORD13987,2023-07-16,CUST1598,Imaran Doctor,Hyderabad,Telangana,PID109,Dumbbells,Sports,Dumbbells,74626.57,4.0,10.0,Net Banking,Delayed,4.1,268655.65
ORD10004,2023-08-03,CUST1746,Balendra Saha,Ahmedabad,Gujarat,PID225,Mixer Grinder,Home & Kitchen,Mixer Grinder,78003.56,3.0,25.0,UPI,Cancelled,3.8,175508.01
ORD12643,2024-04-29,CUST1014,Naksh Sood,Pune,Maharashtra,PID341,Laptop,Electronics,Laptop,43878.41,2.0,5.0,Net Banking,Delayed,,83368.98
ORD13171,2024-04-07,CUST1582,Gunbir Sawhney,Surat,Gujarat,PID107,Face Wash,Beauty,Face Wash,84216.64,2.0,25.0,Debit Card,Unknown,1.2,126324.96
ORD11487,2024-08-12,CUST1678,Ekavir Raja,Chennai,Tamil Nadu,PID137,Shampoo,Beauty,Shampoo,5398.44,4.0,0.0,Debit Card,Delayed,1.3,21593.76
ORD11491,2024-07-02,CUST1350,Chakradhar Raju,Lucknow,Uttar Pradesh,PID391,Perfume,Beauty,Perfume,59334.7,5.0,40.0,Credit Card,Unknown,1.4,178004.1
ORD12460,2023-06-24,CUST1405,Bhavika Chaudhuri,Lucknow,Uttar Pradesh,PID317,Bedsheet,Home & Kitchen,Bedsheet,41657.29,5.0,25.0,Net Banking,Cancelled,1.1,156214.84
ORD14684,2024-02-07,CUST1001,Upadhriti Tandon,Hyderabad,Telangana,PID549,T-Shirt,Fashion,T-Shirt,24229.6,5.0,0.0,Net Banking,Delivered,4.5,121148.0
ORD10550,2024-09-24,CUST1253,Ekaja Wali,Indore,Madhya Pradesh,PID441,Sunscreen,Beauty,Sunscreen,871.4,1.0,15.0,UPI,Unknown,3.0,740.69
ORD10557,2024-05-21,CUST1798,Dalbir Narasimhan,Hyderabad,Telangana,PID299,Yoga Mat,Sports,Yoga Mat,4233.25,2.0,30.0,Credit Card,Delayed,4.5,5926.55
ORD12203,2023-02-08,CUST1917,Bhavini Raval,Bangalore,Karnataka,PID214,Kurta,Fashion,Kurta,72129.12,4.0,25.0,Unknown,Delivered,3.9,216387.36
ORD12590,2023-11-30,CUST1012,Janya Shankar,Delhi,Delhi,PID315,Cookware Set,Home & Kitchen,Cookware Set,66527.83,4.0,30.0,Credit Card,Delivered,,186277.92
ORD11486,2023-07-20,CUST1438,Ishanvi Bail,Indore,Madhya Pradesh,PID596,Air Fryer,Home & Kitchen,Air Fryer,26021.4,1.0,25.0,UPI,Returned,3.8,19516.05
ORD13871,2023-04-28,CUST1157,Oliver Sibal,Chennai,Tamil Nadu,PID412,Saree,Fashion,Saree,35730.13,3.0,0.0,Debit Card,Delivered,1.1,107190.39
ORD10265,2024-12-11,CUST1697,Kashish Gera,Delhi,Delhi,PID335,Tablet,Electronics,Tablet,45359.75,5.0,20.0,Credit Card,Unknown,2.5,181439.0
ORD13390,2024-03-26,CUST1104,Oeshi Toor,Delhi,Delhi,PID358,Water Bottle,Home & Kitchen,Water Bottle,10932.05,3.0,10.0,Cash on Delivery,Delivered,1.7,29516.53
ORD11472,2024-05-24,CUST1571,Warda Wason,Jaipur,Rajasthan,PID399,Bluetooth Speaker,Electronics,Bluetooth Speaker,60721.0,4.0,25.0,UPI,Returned,3.2,182163.0
ORD11155,2023-09-29,CUST1593,Chakrika Mody,Surat,Gujarat,PID312,Lipstick,Beauty,Lipstick,66716.42,3.0,10.0,Credit Card,Returned,,180134.33
ORD11402,2024-04-24,CUST1470,Jatin Mangal,Lucknow,Uttar Pradesh,PID341,Water Bottle,Home & Kitchen,Water Bottle,87749.91,5.0,0.0,UPI,Cancelled,,438749.55
ORD13262,2023-11-24,CUST1278,Yashica Krishna,Bangalore,Karnataka,PID427,Mixer Grinder,Home & Kitchen,Mixer Grinder,4936.29,4.0,20.0,Unknown,Cancelled,5.0,15796.13
ORD10919,2023-08-05,CUST1997,Bahadurjit Lal,Lucknow,Uttar Pradesh,PID402,Comic,Books,Comic,71550.29,5.0,30.0,Debit Card,Delivered,2.6,250426.01
ORD14769,2024-10-17,CUST1465,Saanvi Mittal,Delhi,Delhi,PID170,Jeans,Fashion,Jeans,59346.87,3.0,30.0,Cash on Delivery,Delayed,2.8,124628.43
ORD11065,2023-09-17,CUST1258,Zansi Kara,Kolkata,West Bengal,PID189,Bedsheet,Home & Kitchen,Bedsheet,52152.95,3.0,10.0,Unknown,Cancelled,1.1,140812.96
ORD12349,2024-11-03,CUST1341,Teerth Varghese,Indore,Madhya Pradesh,PID301,Dumbbells,Sports,Dumbbells,61106.84,4.0,15.0,Net Banking,Delayed,4.7,207763.26
ORD14336,2023-06-10,CUST1174,Nikita Kuruvilla,Delhi,Delhi,PID159,Sneakers,Fashion,Sneakers,43403.42,5.0,0.0,Debit Card,Delivered,1.1,217017.1
ORD13916,2023-02-17,CUST1884,Vasudha Koshy,Chennai,Tamil Nadu,PID259,Sunscreen,Beauty,Sunscreen,84222.77,2.0,10.0,Debit Card,Returned,1.4,151600.99
ORD12602,2023-09-25,CUST1177,Chanakya Kumer,Pune,Maharashtra,PID320,Laptop,Electronics,Laptop,46093.79,5.0,20.0,Cash on Delivery,Delivered,2.1,184375.16
ORD11513,2023-05-12,CUST1062,Warjas Grewal,Indore,Madhya Pradesh,PID104,Shampoo,Beauty,Shampoo,85518.86,5.0,25.0,Cash on Delivery,Delivered,2.9,320695.72
ORD11822,2023-12-12,CUST1271,Darpan Thakkar,Jaipur,Rajasthan,PID269,Biography,Books,Biography,45896.22,1.0,15.0,Unknown,Delivered,1.7,39011.79
ORD10468,2023-10-08,CUST1229,Omya Mahajan,Pune,Maharashtra,PID124,Face Wash,Beauty,Face Wash,57740.82,3.0,30.0,Net Banking,Unknown,3.1,121255.72
ORD10345,2023-09-25,CUST1086,Manthan Dhaliwal,Delhi,Delhi,PID595,Bluetooth Speaker,Electronics,Bluetooth Speaker,54403.37,4.0,10.0,Net Banking,Unknown,1.9,195852.13
ORD14973,2024-08-20,CUST1107,Rajata Randhawa,Indore,Madhya Pradesh,PID479,Perfume,Beauty,Perfume,31382.47,4.0,20.0,Debit Card,Returned,2.2,100423.9
ORD11493,2023-09-12,CUST1480,Yamini Radhakrishnan,Delhi,Delhi,PID310,Kurta,Fashion,Kurta,72522.57,3.0,15.0,Debit Card,Unknown,4.3,184932.55
ORD14265,2023-08-05,CUST1280,Neel Aggarwal,Lucknow,Uttar Pradesh,PID397,Novel,Books,Novel,24222.4,4.0,15.0,Net Banking,Cancelled,4.1,82356.16
ORD14047,2024-08-02,CUST1699,Dayita Bakshi,Lucknow,Uttar Pradesh,PID511,Perfume,Beauty,Perfume,57117.83,5.0,20.0,Unknown,Delayed,,228471.32
ORD11418,2023-08-26,CUST1298,Jatin Goel,Lucknow,Uttar Pradesh,PID234,Cricket Bat,Sports,Cricket Bat,57552.48,4.0,10.0,Debit Card,Delivered,2.2,207188.93
ORD10608,2023-10-19,CUST1660,Nitara Tank,Lucknow,Uttar Pradesh,PID108,Comic,Books,Comic,34549.75,5.0,40.0,Net Banking,Cancelled,,103649.25
ORD13470,2024-05-13,CUST1781,Yahvi Panchal,Delhi,Delhi,PID321,Perfume,Beauty,Perfume,30218.82,2.0,20.0,Cash on Delivery,Returned,2.4,48350.11
ORD11449,2023-01-05,CUST1917,Girish Chowdhury,Mumbai,Maharashtra,PID171,Laptop,Electronics,Laptop,44814.69,1.0,10.0,Cash on Delivery,Cancelled,2.1,40333.22
ORD14953,2024-04-01,CUST1290,Mugdha Ravel,Surat,Gujarat,PID118,Smartphone,Electronics,Smartphone,60150.16,5.0,0.0,Net Banking,Unknown,4.7,300750.8
ORD14074,2023-04-16,CUST1227,Hemangini Aurora,Hyderabad,Telangana,PID518,Cricket Bat,Sports,Cricket Bat,47131.34,4.0,30.0,UPI,Returned,3.5,131967.75
ORD11889,2023-10-07,CUST1311,Idika Dyal,Ahmedabad,Gujarat,PID376,Sunscreen,Beauty,Sunscreen,14905.29,1.0,15.0,Unknown,Delayed,3.4,12669.5
ORD13860,2023-06-17,CUST1965,Mekhala Date,Surat,Gujarat,PID232,Smartwatch,Electronics,Smartwatch,69877.36,2.0,40.0,Unknown,Delayed,3.7,83852.83
ORD11710,2023-06-21,CUST1608,Simon Dua,Lucknow,Uttar Pradesh,PID178,Mixer Grinder,Home & Kitchen,Mixer Grinder,6063.52,4.0,20.0,Credit Card,Delivered,3.8,19403.26
ORD13366,2023-01-09,CUST1659,Wishi Madan,Bangalore,Karnataka,PID502,Novel,Books,Novel,66542.69,5.0,40.0,Net Banking,Delivered,1.1,199628.07
ORD13129,2023-09-26,CUST1475,Aayush Wali,Bangalore,Karnataka,PID219,Lipstick,Beauty,Lipstick,18724.58,5.0,0.0,UPI,Delivered,1.6,93622.9
ORD12488,2023-09-13,CUST1541,Aradhana Khosla,Indore,Madhya Pradesh,PID572,Mixer Grinder,Home & Kitchen,Mixer Grinder,80639.15,1.0,20.0,Credit Card,Delayed,,64511.32
ORD13581,2024-05-02,CUST1551,Ayush Varma,Hyderabad,Telangana,PID499,Smartphone,Electronics,Smartphone,34329.41,1.0,10.0,Debit Card,Unknown,1.9,30896.47
ORD10022,2023-07-24,CUST1197,Waida Memon,Hyderabad,Telangana,PID304,Yoga Mat,Sports,Yoga Mat,14453.93,1.0,15.0,Credit Card,Delivered,2.8,12285.84
ORD14576,2023-06-09,CUST1710,Vedika Muni,Mumbai,Maharashtra,PID389,Dumbbells,Sports,Dumbbells,40352.84,2.0,10.0,UPI,Delayed,,72635.11
ORD14164,2023-11-22,CUST1131,Abdul Grewal,Bangalore,Karnataka,PID168,Bluetooth Speaker,Electronics,Bluetooth Speaker,43995.58,4.0,10.0,Net Banking,Delivered,,158384.09
ORD11080,2023-06-14,CUST1964,Shivansh Saxena,Indore,Madhya Pradesh,PID578,Comic,Books,Comic,79710.27,4.0,10.0,Credit Card,Delayed,3.9,286956.97
ORD12429,2023-04-11,CUST1326,Harish Shan,Pune,Maharashtra,PID175,Smartphone,Electronics,Smartphone,82862.79,5.0,25.0,Debit Card,Returned,2.4,310735.46
ORD13465,2024-07-09,CUST1820,Bakhshi D’Alia,Pune,Maharashtra,PID261,Cookware Set,Home & Kitchen,Cookware Set,78447.01,3.0,40.0,Credit Card,Returned,2.3,141204.62
ORD13695,2023-08-20,CUST1758,Kritika Sastry,Lucknow,Uttar Pradesh,PID139,Bluetooth Speaker,Electronics,Bluetooth Speaker,41754.39,3.0,5.0,Unknown,Cancelled,3.2,119000.01
ORD12404,2023-07-18,CUST1930,Forum Bedi,Ahmedabad,Gujarat,PID148,Tablet,Electronics,Tablet,45140.87,5.0,25.0,Unknown,Delivered,2.4,169278.26
ORD13405,2024-09-28,CUST1382,Vidhi Sur,Hyderabad,Telangana,PID579,Tablet,Electronics,Tablet,73211.76,5.0,20.0,Debit Card,Delivered,2.4,292847.04
ORD13594,2023-07-26,CUST1368,Upadhriti Keer,Jaipur,Rajasthan,PID379,Jacket,Fashion,Jacket,6633.34,3.0,10.0,UPI,Delivered,4.5,17910.02
ORD13516,2024-10-22,CUST1643,Patrick Ramesh,Jaipur,Rajasthan,PID387,Jeans,Fashion,Jeans,42644.27,5.0,25.0,Credit Card,Delivered,3.8,159916.01
ORD12536,2023-06-03,CUST1621,Ayush Rana,Surat,Gujarat,PID128,Sunscreen,Beauty,Sunscreen,28597.54,3.0,20.0,Cash on Delivery,Delivered,3.2,68634.1
ORD12278,2023-09-18,CUST1576,Aradhana Majumdar,Jaipur,Rajasthan,PID570,Headphones,Electronics,Headphones,30682.66,1.0,5.0,Unknown,Unknown,4.0,29148.53
ORD11048,2024-01-05,CUST1485,Arunima Mukhopadhyay,Delhi,Delhi,PID140,Smartphone,Electronics,Smartphone,55290.68,1.0,40.0,UPI,Delivered,4.7,33174.41
ORD14929,2023-08-08,CUST1349,Shivani Dugar,Pune,Maharashtra,PID344,Football,Sports,Football,63039.92,3.0,0.0,Debit Card,Delivered,2.6,189119.76
ORD12335,2024-01-13,CUST1718,Harsh Batta,Mumbai,Maharashtra,PID587,Cookware Set,Home & Kitchen,Cookware Set,68267.11,3.0,15.0,Cash on Delivery,Delivered,4.2,174081.13
ORD13722,2023-11-06,CUST1170,Nihal Mallick,Pune,Maharashtra,PID254,Shampoo,Beauty,Shampoo,35798.94,5.0,15.0,Unknown,Delivered,1.4,152145.5
ORD11978,2023-06-08,CUST1853,Advay Sha,Bangalore,Karnataka,PID566,Laptop,Electronics,Laptop,87458.84,3.0,25.0,Unknown,Delivered,,196782.39
ORD13304,2024-07-07,CUST1841,Jeremiah Mammen,Jaipur,Rajasthan,PID390,Biography,Books,Biography,25243.69,2.0,40.0,Debit Card,Delivered,2.7,30292.43
ORD10811,2024-04-29,CUST1598,Vrinda Dutt,Surat,Gujarat,PID392,T-Shirt,Fashion,T-Shirt,85094.35,1.0,30.0,Unknown,Unknown,,59566.04
ORD14434,2023-08-11,CUST1966,Avi Srivastava,Chennai,Tamil Nadu,PID585,Jeans,Fashion,Jeans,73270.28,3.0,10.0,Cash on Delivery,Delivered,5.0,197829.76
ORD12480,2024-09-17,CUST1922,Zayyan Chhabra,Lucknow,Uttar Pradesh,PID234,Kurta,Fashion,Kurta,25434.39,4.0,25.0,Net Banking,Unknown,1.5,76303.17
ORD14968,2023-07-17,CUST1989,Aayush Mittal,Mumbai,Maharashtra,PID257,Perfume,Beauty,Perfume,1241.77,4.0,0.0,Debit Card,Delivered,1.4,4967.08
ORD14298,2024-08-13,CUST1338,Aachal Saini,Mumbai,Maharashtra,PID146,Cricket Bat,Sports,Cricket Bat,54356.89,5.0,5.0,Unknown,Returned,2.5,258195.23
ORD11866,2024-12-03,CUST1635,Zayan Chaudhuri,Lucknow,Uttar Pradesh,PID493,Novel,Books,Novel,44435.94,3.0,10.0,Debit Card,Delivered,4.8,119977.04
ORD11369,2023-08-25,CUST1733,Falan Deo,Indore,Madhya Pradesh,PID373,Cookware Set,Home & Kitchen,Cookware Set,18122.78,5.0,25.0,Cash on Delivery,Delivered,3.3,67960.42
ORD12669,2024-09-16,CUST1054,Panini Rau,Hyderabad,Telangana,PID331,Novel,Books,Novel,11129.84,1.0,20.0,Cash on Delivery,Delivered,2.1,8903.87
ORD13577,2023-01-11,CUST1182,Dominic Tata,Ahmedabad,Gujarat,PID581,Dumbbells,Sports,Dumbbells,1478.39,1.0,30.0,Debit Card,Delivered,4.5,1034.87
ORD11521,2024-03-09,CUST1878,Naksh Kothari,Mumbai,Maharashtra,PID555,Jeans,Fashion,Jeans,78912.19,4.0,30.0,Cash on Delivery,Cancelled,4.1,220954.13
ORD14752,2024-01-24,CUST1339,Vasana Rao,Ahmedabad,Gujarat,PID176,Cricket Bat,Sports,Cricket Bat,46439.63,4.0,15.0,Debit Card,Returned,3.0,157894.74
ORD10937,2024-07-05,CUST1551,Ranbir Hans,Jaipur,Rajasthan,PID382,Cricket Bat,Sports,Cricket Bat,43217.05,2.0,10.0,UPI,Cancelled,4.2,77790.69
ORD11206,2024-03-31,CUST1831,Arin Patel,Mumbai,Maharashtra,PID512,Lipstick,Beauty,Lipstick,25778.91,1.0,5.0,Credit Card,Delivered,2.6,24489.96
ORD11203,2023-05-25,CUST1121,Chaaya Bora,Kolkata,West Bengal,PID282,Headphones,Electronics,Headphones,40951.61,3.0,25.0,Unknown,Delivered,4.5,92141.12
ORD13143,2024-03-31,CUST1300,Tanish Kannan,Ahmedabad,Gujarat,PID274,Cricket Bat,Sports,Cricket Bat,17424.05,2.0,25.0,Unknown,Cancelled,2.8,26136.07
ORD13449,2023-03-23,CUST1172,Champak Walla,Delhi,Delhi,PID431,Novel,Books,Novel,43996.62,2.0,0.0,Unknown,Delivered,4.5,87993.24
ORD14054,2023-03-16,CUST1750,Balendra Sani,Jaipur,Rajasthan,PID590,Comic,Books,Comic,7455.4,4.0,5.0,Unknown,Delivered,4.6,28330.52
ORD10131,2024-07-02,CUST1192,Radha Rajagopal,Ahmedabad,Gujarat,PID511,Sneakers,Fashion,Sneakers,23061.36,4.0,5.0,Unknown,Cancelled,1.8,87633.17
ORD10522,2023-10-25,CUST1376,Rajeshri Bera,Surat,Gujarat,PID165,Dumbbells,Sports,Dumbbells,57842.88,2.0,5.0,Credit Card,Returned,1.4,109901.47
ORD10956,2023-09-03,CUST1763,Lavanya D’Alia,Bangalore,Karnataka,PID538,Lipstick,Beauty,Lipstick,73372.94,5.0,5.0,UPI,Delivered,2.3,348521.46
ORD10914,2023-06-06,CUST1315,Shaurya Srinivasan,Delhi,Delhi,PID478,Mixer Grinder,Home & Kitchen,Mixer Grinder,5083.93,2.0,30.0,Net Banking,Delivered,4.4,7117.5
ORD10860,2023-01-12,CUST1543,Gaurika Bhardwaj,Lucknow,Uttar Pradesh,PID104,Yoga Mat,Sports,Yoga Mat,37281.03,2.0,30.0,Net Banking,Returned,,52193.44
ORD12034,2023-10-25,CUST1592,Upasna Bhakta,Jaipur,Rajasthan,PID213,Air Fryer,Home & Kitchen,Air Fryer,11281.52,5.0,15.0,Credit Card,Unknown,1.5,47946.46
ORD11652,2024-06-16,CUST1450,Indira Borah,Bangalore,Karnataka,PID327,Water Bottle,Home & Kitchen,Water Bottle,30613.93,3.0,10.0,Unknown,Delivered,4.0,82657.61
ORD11316,2024-05-21,CUST1293,Damini Dada,Delhi,Delhi,PID386,Air Fryer,Home & Kitchen,Air Fryer,42683.33,5.0,5.0,Unknown,Delivered,3.3,202745.82
ORD12400,2024-10-17,CUST1621,Arya Ahluwalia,Jaipur,Rajasthan,PID412,Comic,Books,Comic,71445.3,3.0,40.0,Credit Card,Cancelled,4.0,128601.54
ORD12960,2023-11-19,CUST1869,Ekavir Ramakrishnan,Ahmedabad,Gujarat,PID152,Biography,Books,Biography,19014.03,5.0,0.0,Debit Card,Cancelled,2.1,95070.15
ORD12176,2023-01-12,CUST1916,Aadi Kohli,Indore,Madhya Pradesh,PID200,Lipstick,Beauty,Lipstick,12508.45,5.0,10.0,Credit Card,Delivered,1.4,56288.02
ORD11810,2023-08-11,CUST1452,Naveen Kale,Bangalore,Karnataka,PID101,Air Fryer,Home & Kitchen,Air Fryer,62575.49,3.0,40.0,Cash on Delivery,Cancelled,2.9,112635.88
ORD12333,2024-04-11,CUST1823,Gabriel Hans,Bangalore,Karnataka,PID366,Saree,Fashion,Saree,12183.83,4.0,10.0,UPI,Delivered,2.4,43861.79
ORD14259,2024-02-22,CUST1812,Warda Munshi,Surat,Gujarat,PID385,Dumbbells,Sports,Dumbbells,22278.75,1.0,40.0,UPI,Returned,3.2,13367.25
ORD13027,2024-01-21,CUST1839,Harsh Chander,Jaipur,Rajasthan,PID480,Headphones,Electronics,Headphones,41718.82,1.0,5.0,Debit Card,Delivered,3.4,39632.88
ORD10624,2023-10-23,CUST1989,Libni Chakraborty,Jaipur,Rajasthan,PID248,Tablet,Electronics,Tablet,63209.93,4.0,25.0,Credit Card,Delayed,1.0,189629.79
ORD10689,2023-10-14,CUST1589,Bhanumati Kalla,Jaipur,Rajasthan,PID495,Perfume,Beauty,Perfume,48760.38,2.0,15.0,Net Banking,Cancelled,3.3,82892.65
ORD13955,2023-12-03,CUST1599,Leena Choudhury,Bangalore,Karnataka,PID191,Textbook,Books,Textbook,5630.68,5.0,30.0,UPI,Delivered,,19707.38
ORD11367,2024-03-20,CUST1648,Azad Sanghvi,Mumbai,Maharashtra,PID319,Biography,Books,Biography,29858.37,1.0,15.0,Net Banking,Returned,2.5,25379.61
ORD13198,2024-06-12,CUST1838,Yashawini Oak,Ahmedabad,Gujarat,PID229,Yoga Mat,Sports,Yoga Mat,31347.47,5.0,0.0,Unknown,Returned,3.0,156737.35
ORD13044,2023-12-29,CUST1527,Adya Golla,Indore,Madhya Pradesh,PID588,Football,Sports,Football,11148.14,5.0,30.0,Cash on Delivery,Returned,1.8,39018.49
ORD13869,2023-05-16,CUST1376,Jairaj Trivedi,Chennai,Tamil Nadu,PID475,Novel,Books,Novel,77380.15,1.0,25.0,Unknown,Delayed,4.1,58035.11
ORD13976,2023-06-02,CUST1841,Anthony Iyengar,Pune,Maharashtra,PID503,Saree,Fashion,Saree,88308.47,3.0,15.0,Debit Card,Cancelled,3.5,225186.6
ORD10611,2024-12-05,CUST1129,Mason Patla,Hyderabad,Telangana,PID263,Cricket Bat,Sports,Cricket Bat,79516.24,3.0,25.0,Credit Card,Delivered,4.2,178911.54
ORD12507,2023-09-04,CUST1108,Ridhi Hora,Delhi,Delhi,PID262,Cricket Bat,Sports,Cricket Bat,76513.75,1.0,30.0,Debit Card,Cancelled,1.9,53559.62
ORD14513,2024-11-23,CUST1044,Bishakha Batra,Kolkata,West Bengal,PID187,Tablet,Electronics,Tablet,15963.83,2.0,0.0,Net Banking,Returned,4.8,31927.66
ORD14686,2024-12-08,CUST1597,Hemangini Subramanian,Indore,Madhya Pradesh,PID134,Biography,Books,Biography,46291.09,3.0,20.0,Unknown,Returned,2.0,111098.62
ORD10463,2024-10-23,CUST1569,Nitesh Lala,Chennai,Tamil Nadu,PID558,Jacket,Fashion,Jacket,30845.44,1.0,10.0,UPI,Returned,,27760.9
ORD11574,2023-02-14,CUST1556,Wishi Kohli,Surat,Gujarat,PID331,Bluetooth Speaker,Electronics,Bluetooth Speaker,15214.89,5.0,5.0,Unknown,Delivered,1.2,72270.73
ORD12553,2023-10-09,CUST1873,Rishi Tara,Chennai,Tamil Nadu,PID433,Air Fryer,Home & Kitchen,Air Fryer,86519.08,2.0,20.0,Net Banking,Unknown,4.5,138430.53
ORD10309,2024-11-02,CUST1325,Ekiya Kala,Bangalore,Karnataka,PID529,Textbook,Books,Textbook,27913.51,2.0,10.0,Net Banking,Cancelled,4.7,50244.32
ORD12122,2023-10-25,CUST1370,Zilmil Shanker,Indore,Madhya Pradesh,PID551,Mixer Grinder,Home & Kitchen,Mixer Grinder,29354.35,4.0,10.0,Debit Card,Delivered,3.9,105675.66
ORD12412,2024-05-16,CUST1369,Tamanna Vaidya,Chennai,Tamil Nadu,PID407,Lipstick,Beauty,Lipstick,23144.61,2.0,20.0,UPI,Cancelled,2.5,37031.38
ORD10580,2024-05-28,CUST1297,Tristan Tripathi,Delhi,Delhi,PID284,Bluetooth Speaker,Electronics,Bluetooth Speaker,85760.72,2.0,10.0,Debit Card,Delayed,3.9,154369.3
ORD10106,2023-12-02,CUST1900,Zehaan Shroff,Ahmedabad,Gujarat,PID257,Air Fryer,Home & Kitchen,Air Fryer,12807.86,5.0,10.0,Credit Card,Delayed,3.9,57635.37
ORD11706,2024-07-28,CUST1615,Rishi Kaul,Kolkata,West Bengal,PID140,Perfume,Beauty,Perfume,27347.95,3.0,20.0,Credit Card,Delayed,4.3,65635.08
ORD11000,2024-01-13,CUST1556,Bachittar Morar,Indore,Madhya Pradesh,PID513,Dumbbells,Sports,Dumbbells,85458.76,1.0,10.0,Credit Card,Unknown,,76912.88
ORD13181,2023-06-29,CUST1368,Laban Goel,Kolkata,West Bengal,PID576,Football,Sports,Football,64116.35,4.0,10.0,UPI,Returned,3.9,230818.86
ORD12556,2023-01-26,CUST1684,Yuvraj Viswanathan,Kolkata,West Bengal,PID211,Textbook,Books,Textbook,57262.89,3.0,40.0,Unknown,Delayed,4.8,103073.2
ORD11012,2024-10-20,CUST1024,Meghana Edwin,Ahmedabad,Gujarat,PID147,Cookware Set,Home & Kitchen,Cookware Set,78499.79,1.0,10.0,Net Banking,Returned,4.1,70649.81
ORD14072,2024-02-15,CUST1051,Xalak Toor,Delhi,Delhi,PID427,Water Bottle,Home & Kitchen,Water Bottle,51373.82,1.0,15.0,UPI,Returned,,43667.75
ORD12995,2024-11-23,CUST1344,Baghyawati Sethi,Bangalore,Karnataka,PID588,Sneakers,Fashion,Sneakers,21037.89,4.0,10.0,Credit Card,Delivered,4.5,75736.4
ORD13272,2024-02-12,CUST1032,Faras Shah,Indore,Madhya Pradesh,PID324,Laptop,Electronics,Laptop,69849.27,3.0,40.0,Net Banking,Delivered,1.9,125728.69
ORD11035,2024-06-03,CUST1553,Pooja Sampath,Kolkata,West Bengal,PID123,T-Shirt,Fashion,T-Shirt,85220.26,2.0,40.0,UPI,Unknown,4.7,102264.31
ORD14858,2023-06-13,CUST1345,Xavier Balasubramanian,Ahmedabad,Gujarat,PID198,Face Wash,Beauty,Face Wash,1853.04,5.0,25.0,UPI,Unknown,1.5,6948.9
ORD13444,2024-01-20,CUST1223,Ansh Shanker,Bangalore,Karnataka,PID474,T-Shirt,Fashion,T-Shirt,22922.35,4.0,15.0,Cash on Delivery,Delivered,,77935.99
ORD11337,2024-03-07,CUST1390,Abha Kakar,Bangalore,Karnataka,PID422,Tablet,Electronics,Tablet,75684.37,1.0,10.0,Debit Card,Delivered,4.6,68115.93
ORD12038,2023-01-05,CUST1792,Triya Borra,Lucknow,Uttar Pradesh,PID572,Lipstick,Beauty,Lipstick,23203.9,5.0,40.0,Cash on Delivery,Cancelled,3.1,69611.7
ORD13930,2023-04-30,CUST1064,Udyati Warrior,Indore,Madhya Pradesh,PID528,T-Shirt,Fashion,T-Shirt,31419.33,5.0,40.0,Unknown,Delivered,1.1,94257.99
ORD12382,2024-10-06,CUST1378,Tarak Bassi,Jaipur,Rajasthan,PID130,Bedsheet,Home & Kitchen,Bedsheet,40362.73,3.0,40.0,UPI,Delivered,3.1,72652.91
ORD13648,2023-03-13,CUST1277,Hamsini Sandal,Ahmedabad,Gujarat,PID599,Jacket,Fashion,Jacket,48391.99,1.0,30.0,Unknown,Unknown,4.5,33874.39
ORD12860,2023-04-23,CUST1038,Champak Sachdev,Ahmedabad,Gujarat,PID406,Tablet,Electronics,Tablet,59571.38,3.0,30.0,Credit Card,Delivered,4.5,125099.9
ORD12237,2024-12-18,CUST1364,Hamsini Dhillon,Mumbai,Maharashtra,PID181,Yoga Mat,Sports,Yoga Mat,33318.45,4.0,10.0,Net Banking,Delivered,2.6,119946.42
ORD13781,2024-03-02,CUST1025,Baghyawati Chatterjee,Bangalore,Karnataka,PID538,Bedsheet,Home & Kitchen,Bedsheet,8681.37,3.0,25.0,Debit Card,Delayed,,19533.08
ORD12096,2023-10-01,CUST1092,Mohammed Shanker,Surat,Gujarat,PID502,Jacket,Fashion,Jacket,88070.87,5.0,20.0,Credit Card,Returned,2.8,352283.48
ORD10871,2023-08-14,CUST1023,Nachiket Yohannan,Mumbai,Maharashtra,PID383,Cricket Bat,Sports,Cricket Bat,10162.17,3.0,15.0,Net Banking,Delivered,3.3,25913.53
ORD13932,2023-10-19,CUST1282,Varenya Uppal,Lucknow,Uttar Pradesh,PID289,Laptop,Electronics,Laptop,5090.35,4.0,5.0,UPI,Cancelled,2.0,19343.33
ORD14944,2023-07-26,CUST1205,Zaid Bahl,Pune,Maharashtra,PID396,Sunscreen,Beauty,Sunscreen,85022.52,5.0,10.0,Net Banking,Delivered,1.1,382601.34
ORD13370,2024-04-06,CUST1918,Dhriti Chander,Jaipur,Rajasthan,PID251,Sunscreen,Beauty,Sunscreen,4275.37,1.0,10.0,Cash on Delivery,Cancelled,2.7,3847.83
ORD13939,2023-08-31,CUST1178,Indrajit Karpe,Mumbai,Maharashtra,PID312,Bedsheet,Home & Kitchen,Bedsheet,67219.6,3.0,20.0,Net Banking,Delivered,2.0,161327.04
ORD10977,2023-04-15,CUST1849,Karan Sarin,Mumbai,Maharashtra,PID351,T-Shirt,Fashion,T-Shirt,75081.11,5.0,10.0,Cash on Delivery,Delivered,2.0,337865.0
ORD12968,2024-10-06,CUST1815,Garima D’Alia,Jaipur,Rajasthan,PID342,Jacket,Fashion,Jacket,66232.09,1.0,5.0,UPI,Delivered,3.8,62920.49
ORD11708,2024-01-06,CUST1915,Warinder Halder,Hyderabad,Telangana,PID365,Football,Sports,Football,56093.84,5.0,30.0,Unknown,Unknown,2.4,196328.44
ORD13766,2023-01-06,CUST1610,Chandran Dyal,Indore,Madhya Pradesh,PID433,Saree,Fashion,Saree,22872.62,5.0,15.0,Cash on Delivery,Unknown,3.8,97208.64
ORD11819,2023-12-21,CUST1288,Ayushman Radhakrishnan,Chennai,Tamil Nadu,PID142,Biography,Books,Biography,53611.02,3.0,10.0,Unknown,Delivered,3.7,144749.75
ORD12911,2023-05-22,CUST1106,Mason Saini,Lucknow,Uttar Pradesh,PID533,Novel,Books,Novel,34211.46,4.0,10.0,Unknown,Cancelled,2.1,123161.26
ORD11174,2023-08-17,CUST1876,Ekavir Palla,Jaipur,Rajasthan,PID180,Water Bottle,Home & Kitchen,Water Bottle,2582.05,2.0,5.0,Debit Card,Cancelled,,4905.9
ORD11341,2024-02-14,CUST1360,Rachita Chopra,Delhi,Delhi,PID547,Water Bottle,Home & Kitchen,Water Bottle,63037.12,3.0,15.0,Net Banking,Cancelled,2.1,160744.66
ORD13725,2023-09-19,CUST1673,Watika Ghose,Chennai,Tamil Nadu,PID577,Shampoo,Beauty,Shampoo,18524.79,1.0,15.0,UPI,Cancelled,3.2,15746.07
ORD14161,2024-06-27,CUST1144,Nandini Krish,Hyderabad,Telangana,PID417,Sneakers,Fashion,Sneakers,41769.36,1.0,10.0,Unknown,Cancelled,1.2,37592.42
ORD11510,2023-01-05,CUST1922,Meera Char,Chennai,Tamil Nadu,PID522,Bluetooth Speaker,Electronics,Bluetooth Speaker,48617.41,5.0,15.0,Net Banking,Delivered,,206623.99
ORD11930,2024-02-02,CUST1008,Devika Edwin,Jaipur,Rajasthan,PID493,Dumbbells,Sports,Dumbbells,28917.17,4.0,40.0,Unknown,Cancelled,4.0,69401.21
ORD10206,2024-11-24,CUST1662,Viraj Balasubramanian,Hyderabad,Telangana,PID188,Mixer Grinder,Home & Kitchen,Mixer Grinder,2616.43,2.0,15.0,Unknown,Delivered,3.6,4447.93
ORD14197,2024-09-01,CUST1324,Odika Parekh,Hyderabad,Telangana,PID428,Headphones,Electronics,Headphones,30455.32,5.0,5.0,Credit Card,Cancelled,2.8,144662.77
ORD10354,2024-01-29,CUST1698,Edhitha Manda,Pune,Maharashtra,PID255,Shampoo,Beauty,Shampoo,36441.56,1.0,0.0,Net Banking,Cancelled,4.3,36441.56
ORD13083,2024-11-27,CUST1323,Kala Behl,Bangalore,Karnataka,PID369,Lipstick,Beauty,Lipstick,72744.31,1.0,10.0,UPI,Delivered,1.2,65469.88
ORD14584,2023-09-15,CUST1951,Hemani Goyal,Pune,Maharashtra,PID168,Face Wash,Beauty,Face Wash,54691.5,5.0,20.0,UPI,Delayed,3.3,218766.0
ORD10732,2023-06-29,CUST1211,Qabil Vora,Jaipur,Rajasthan,PID214,Comic,Books,Comic,33786.48,2.0,40.0,UPI,Delivered,2.5,40543.78
ORD11446,2023-11-01,CUST1762,Madhav Rana,Indore,Madhya Pradesh,PID420,Comic,Books,Comic,22598.27,4.0,10.0,Cash on Delivery,Unknown,2.9,81353.77
ORD10703,2023-06-16,CUST1408,Sudiksha Sachdeva,Pune,Maharashtra,PID342,Laptop,Electronics,Laptop,42873.31,2.0,20.0,Net Banking,Delayed,,68597.3
ORD12727,2024-11-16,CUST1253,Idika Shere,Bangalore,Karnataka,PID100,Air Fryer,Home & Kitchen,Air Fryer,89163.65,1.0,0.0,Net Banking,Delivered,4.5,89163.65
ORD14675,2023-06-26,CUST1365,Warhi Goel,Hyderabad,Telangana,PID245,Jeans,Fashion,Jeans,76135.1,3.0,20.0,UPI,Returned,,182724.24
ORD12663,2023-10-29,CUST1870,Kritika Dash,Surat,Gujarat,PID465,Jeans,Fashion,Jeans,66855.94,5.0,20.0,UPI,Unknown,4.8,267423.76
ORD10161,2023-09-11,CUST1424,Rudra Ahuja,Hyderabad,Telangana,PID292,Face Wash,Beauty,Face Wash,78054.23,2.0,25.0,Net Banking,Returned,3.7,117081.34
ORD14745,2024-05-31,CUST1942,Abhiram Nayak,Delhi,Delhi,PID177,Face Wash,Beauty,Face Wash,48548.42,4.0,0.0,UPI,Returned,2.0,194193.68
ORD13201,2024-11-19,CUST1698,Aishani Munshi,Pune,Maharashtra,PID569,Headphones,Electronics,Headphones,30054.63,4.0,0.0,Debit Card,Cancelled,,120218.52
ORD13530,2024-04-03,CUST1018,Avi Deep,Indore,Madhya Pradesh,PID349,Comic,Books,Comic,9591.48,5.0,10.0,Cash on Delivery,Delivered,3.6,43161.66
ORD13186,2024-09-22,CUST1046,Oliver Halder,Surat,Gujarat,PID278,Sunscreen,Beauty,Sunscreen,49994.35,4.0,5.0,Cash on Delivery,Returned,4.8,189978.53
ORD11386,2024-10-11,CUST1587,Wyatt Jaggi,Bangalore,Karnataka,PID329,Smartwatch,Electronics,Smartwatch,1389.34,2.0,25.0,Debit Card,Delayed,4.2,2084.01
ORD14363,2024-04-28,CUST1544,Zayyan Salvi,Kolkata,West Bengal,PID254,Textbook,Books,Textbook,17561.53,1.0,10.0,Unknown,Cancelled,4.9,15805.38
ORD10502,2024-05-30,CUST1242,Robert Badami,Surat,Gujarat,PID477,Football,Sports,Football,43469.41,5.0,15.0,Net Banking,Unknown,5.0,184744.99
ORD14403,2024-02-19,CUST1820,Ekantika Brahmbhatt,Pune,Maharashtra,PID259,Shampoo,Beauty,Shampoo,44190.36,4.0,0.0,Unknown,Unknown,2.4,176761.44
ORD12105,2023-10-09,CUST1706,Laksh Konda,Kolkata,West Bengal,PID332,Jeans,Fashion,Jeans,40518.9,2.0,15.0,UPI,Unknown,4.0,68882.13
ORD13310,2023-06-12,CUST1682,Ria Bala,Mumbai,Maharashtra,PID363,Smartphone,Electronics,Smartphone,80754.39,3.0,15.0,Net Banking,Unknown,4.1,205923.69
ORD12234,2024-02-06,CUST1252,Vanya Dubey,Lucknow,Uttar Pradesh,PID181,Shampoo,Beauty,Shampoo,2847.3,4.0,15.0,Credit Card,Cancelled,4.8,9680.82
ORD14222,2024-07-14,CUST1728,Yadavi Gupta,Delhi,Delhi,PID271,Lipstick,Beauty,Lipstick,44042.75,5.0,15.0,Debit Card,Unknown,3.6,187181.69
ORD14711,2023-02-10,CUST1893,Baghyawati Bhasin,Mumbai,Maharashtra,PID243,Yoga Mat,Sports,Yoga Mat,21461.15,2.0,30.0,Debit Card,Delivered,4.3,30045.61
ORD12666,2023-10-05,CUST1321,Isaiah Sampath,Chennai,Tamil Nadu,PID268,Sunscreen,Beauty,Sunscreen,72438.14,2.0,10.0,UPI,Cancelled,2.5,130388.65
ORD11008,2024-06-23,CUST1593,Samesh Merchant,Mumbai,Maharashtra,PID587,Biography,Books,Biography,16933.51,1.0,40.0,Unknown,Unknown,3.9,10160.11
ORD14077,2023-06-04,CUST1137,Chavvi Bassi,Kolkata,West Bengal,PID468,Cookware Set,Home & Kitchen,Cookware Set,2987.33,1.0,5.0,Credit Card,Delivered,3.6,2837.96
ORD14780,2024-08-18,CUST1633,Januja Bawa,Hyderabad,Telangana,PID251,Water Bottle,Home & Kitchen,Water Bottle,6865.99,2.0,20.0,Debit Card,Delayed,1.9,10985.58
ORD13280,2023-11-12,CUST1183,Jagdish Gaba,Surat,Gujarat,PID560,Headphones,Electronics,Headphones,37048.1,4.0,30.0,Debit Card,Delivered,,103734.68
ORD12172,2023-09-20,CUST1629,Chakradev Khanna,Indore,Madhya Pradesh,PID393,Dumbbells,Sports,Dumbbells,12342.59,1.0,30.0,UPI,Delivered,2.7,8639.81
ORD11891,2023-02-11,CUST1998,Bhavya Pal,Jaipur,Rajasthan,PID191,Textbook,Books,Textbook,9401.21,4.0,0.0,Credit Card,Delivered,2.3,37604.84
ORD11288,2023-03-15,CUST1946,Devansh Sarna,Hyderabad,Telangana,PID199,Smartphone,Electronics,Smartphone,16716.97,1.0,0.0,Credit Card,Unknown,4.5,16716.97
ORD10369,2024-01-03,CUST1720,Udant Zachariah,Kolkata,West Bengal,PID335,Cricket Bat,Sports,Cricket Bat,44651.36,4.0,10.0,Cash on Delivery,Returned,3.6,160744.9
ORD13217,2023-05-28,CUST1563,Neha Babu,Surat,Gujarat,PID339,Sunscreen,Beauty,Sunscreen,11600.46,3.0,25.0,Credit Card,Delivered,3.1,26101.03
ORD13327,2023-12-15,CUST1197,Pahal Andra,Jaipur,Rajasthan,PID451,Face Wash,Beauty,Face Wash,83179.86,2.0,5.0,Cash on Delivery,Delivered,3.8,158041.73
ORD11319,2024-05-08,CUST1798,Lavanya Rau,Mumbai,Maharashtra,PID402,Bluetooth Speaker,Electronics,Bluetooth Speaker,88135.87,5.0,25.0,Unknown,Delivered,2.1,330509.51
ORD10494,2024-07-20,CUST1461,Nidhi Gaba,Surat,Gujarat,PID184,Comic,Books,Comic,82479.23,2.0,30.0,Net Banking,Unknown,2.5,115470.92
ORD11964,2023-10-09,CUST1024,Pranit Zachariah,Hyderabad,Telangana,PID496,Sunscreen,Beauty,Sunscreen,73760.94,1.0,15.0,Unknown,Delivered,4.6,62696.8
ORD14239,2023-05-10,CUST1010,Samuel Mannan,Surat,Gujarat,PID447,Football,Sports,Football,48206.08,5.0,40.0,Credit Card,Cancelled,1.9,144618.24
ORD14761,2024-11-03,CUST1351,Tristan Deshpande,Jaipur,Rajasthan,PID167,Biography,Books,Biography,75906.87,1.0,25.0,Cash on Delivery,Delivered,4.2,56930.15
ORD10334,2023-08-02,CUST1710,Vaishnavi Brar,Pune,Maharashtra,PID220,Sunscreen,Beauty,Sunscreen,21585.99,4.0,25.0,Cash on Delivery,Cancelled,3.4,64757.97
ORD11476,2023-08-14,CUST1627,Pranav Munshi,Pune,Maharashtra,PID534,Laptop,Electronics,Laptop,59799.81,5.0,25.0,Unknown,Delayed,3.0,224249.29
ORD10680,2023-07-18,CUST1280,Kavya Malhotra,Mumbai,Maharashtra,PID334,Dumbbells,Sports,Dumbbells,1474.55,2.0,30.0,Cash on Delivery,Cancelled,4.4,2064.37
ORD12837,2024-07-24,CUST1842,Jackson Dhawan,Delhi,Delhi,PID113,Air Fryer,Home & Kitchen,Air Fryer,86771.74,2.0,5.0,UPI,Unknown,3.3,164866.31
ORD11139,2024-09-29,CUST1075,Yashvi Borde,Mumbai,Maharashtra,PID581,Smartwatch,Electronics,Smartwatch,73036.63,2.0,5.0,Unknown,Delivered,3.0,138769.6
ORD11222,2023-12-09,CUST1998,Qarin Ahluwalia,Delhi,Delhi,PID291,Smartphone,Electronics,Smartphone,56167.15,3.0,15.0,Cash on Delivery,Unknown,4.3,143226.23
ORD13892,2023-10-11,CUST1279,Yash Varughese,Delhi,Delhi,PID197,Sneakers,Fashion,Sneakers,2632.93,2.0,0.0,Cash on Delivery,Unknown,5.0,5265.86
ORD12899,2024-11-26,CUST1443,Peter Bhandari,Chennai,Tamil Nadu,PID107,Biography,Books,Biography,71189.29,1.0,25.0,Debit Card,Unknown,1.6,53391.97
ORD10381,2024-01-14,CUST1745,Harrison Oak,Lucknow,Uttar Pradesh,PID554,Perfume,Beauty,Perfume,54516.24,3.0,30.0,Debit Card,Delayed,1.0,114484.1
ORD14179,2023-07-15,CUST1006,Neelima Nanda,Pune,Maharashtra,PID159,Cricket Bat,Sports,Cricket Bat,79631.26,5.0,40.0,Net Banking,Returned,,238893.78
ORD14536,2023-05-04,CUST1405,Ekavir Bal,Pune,Maharashtra,PID196,Comic,Books,Comic,8732.9,2.0,0.0,UPI,Delivered,4.9,17465.8
ORD10068,2023-03-04,CUST1920,Wahab Konda,Ahmedabad,Gujarat,PID141,Sunscreen,Beauty,Sunscreen,85095.6,5.0,0.0,UPI,Delayed,4.4,425478.0
ORD13369,2024-01-04,CUST1736,Laban Setty,Ahmedabad,Gujarat,PID264,Lipstick,Beauty,Lipstick,74525.25,3.0,40.0,Unknown,Delivered,1.2,134145.45
ORD14501,2023-04-16,CUST1372,Ishita Kibe,Kolkata,West Bengal,PID477,Biography,Books,Biography,25553.41,4.0,25.0,UPI,Delivered,,76660.23
ORD11883,2023-03-08,CUST1954,Utkarsh Samra,Surat,Gujarat,PID469,Perfume,Beauty,Perfume,41152.57,1.0,10.0,UPI,Returned,4.5,37037.31
ORD10478,2023-07-22,CUST1200,Mohini Sen,Kolkata,West Bengal,PID111,Kurta,Fashion,Kurta,17617.15,1.0,15.0,Credit Card,Delivered,1.9,14974.58
ORD14963,2024-10-04,CUST1039,Saumya Mitter,Delhi,Delhi,PID153,Football,Sports,Football,82151.44,2.0,30.0,Net Banking,Cancelled,3.8,115012.02
ORD14925,2023-08-22,CUST1766,Barkha Chandran,Hyderabad,Telangana,PID256,Textbook,Books,Textbook,56948.41,2.0,40.0,Net Banking,Returned,4.2,68338.09
ORD12383,2023-03-30,CUST1291,Vyanjana Bhardwaj,Lucknow,Uttar Pradesh,PID108,Perfume,Beauty,Perfume,22135.86,1.0,5.0,Cash on Delivery,Delivered,2.5,21029.07
ORD11173,2024-09-29,CUST1343,Gavin Date,Pune,Maharashtra,PID439,Water Bottle,Home & Kitchen,Water Bottle,21048.34,2.0,10.0,UPI,Delayed,3.7,37887.01
ORD14834,2023-08-12,CUST1590,Bimala Pandit,Surat,Gujarat,PID502,Laptop,Electronics,Laptop,14156.54,4.0,40.0,Net Banking,Delayed,3.3,33975.7
ORD12360,2024-04-02,CUST1804,Hemal Dhillon,Kolkata,West Bengal,PID424,Dumbbells,Sports,Dumbbells,53569.49,4.0,15.0,Cash on Delivery,Delayed,4.1,182136.27
ORD13330,2023-05-18,CUST1199,Raagini Chahal,Indore,Madhya Pradesh,PID248,T-Shirt,Fashion,T-Shirt,74153.84,4.0,5.0,UPI,Cancelled,4.0,281784.59
ORD10426,2023-08-05,CUST1974,Henry Sengupta,Chennai,Tamil Nadu,PID408,Novel,Books,Novel,87283.88,3.0,10.0,UPI,Returned,4.2,235666.48
ORD12256,2023-02-04,CUST1034,Indira Ranganathan,Kolkata,West Bengal,PID283,Shampoo,Beauty,Shampoo,44472.37,5.0,10.0,Cash on Delivery,Delivered,1.2,200125.66
ORD11334,2024-04-01,CUST1163,Deepa Contractor,Delhi,Delhi,PID305,Face Wash,Beauty,Face Wash,42914.47,4.0,0.0,Net Banking,Delivered,1.8,171657.88
ORD10200,2024-07-19,CUST1424,Isha Bhavsar,Surat,Gujarat,PID176,Lipstick,Beauty,Lipstick,13436.86,1.0,30.0,UPI,Unknown,2.1,9405.8
ORD12358,2023-11-25,CUST1563,Arunima Pathak,Jaipur,Rajasthan,PID585,Sneakers,Fashion,Sneakers,59827.36,4.0,25.0,Credit Card,Delivered,3.7,179482.08
ORD13356,2024-10-30,CUST1046,Gauri Acharya,Delhi,Delhi,PID547,Dumbbells,Sports,Dumbbells,85378.15,4.0,15.0,Debit Card,Returned,2.8,290285.71
ORD11939,2023-11-19,CUST1069,Upasna Patel,Jaipur,Rajasthan,PID560,Football,Sports,Football,47112.66,4.0,10.0,Debit Card,Delivered,4.0,169605.58
ORD14517,2023-10-27,CUST1401,Utkarsh Sharaf,Chennai,Tamil Nadu,PID202,Kurta,Fashion,Kurta,85025.66,5.0,20.0,UPI,Delivered,3.8,340102.64
ORD10144,2024-08-08,CUST1149,Urvi Dalal,Mumbai,Maharashtra,PID132,Air Fryer,Home & Kitchen,Air Fryer,26372.48,5.0,15.0,Debit Card,Delivered,3.7,112083.04
ORD14947,2023-10-11,CUST1891,Widisha Rajagopalan,Surat,Gujarat,PID155,Bluetooth Speaker,Electronics,Bluetooth Speaker,58944.75,5.0,5.0,Cash on Delivery,Delivered,3.1,279987.56
ORD10250,2023-08-13,CUST1929,Dalaja Puri,Lucknow,Uttar Pradesh,PID505,Jeans,Fashion,Jeans,85391.76,4.0,0.0,Credit Card,Delivered,1.9,341567.04
ORD13993,2024-12-11,CUST1233,Tanmayi Virk,Chennai,Tamil Nadu,PID519,Sneakers,Fashion,Sneakers,66955.08,3.0,40.0,Cash on Delivery,Unknown,,120519.14
ORD11455,2023-01-11,CUST1048,Radhika Master,Kolkata,West Bengal,PID534,Smartwatch,Electronics,Smartwatch,54104.51,5.0,30.0,Unknown,Returned,3.3,189365.78
ORD14049,2024-07-21,CUST1823,Yash Parsa,Lucknow,Uttar Pradesh,PID128,Shampoo,Beauty,Shampoo,18926.34,2.0,40.0,Credit Card,Delayed,3.6,22711.61
ORD10418,2024-11-24,CUST1632,Gauri Ramakrishnan,Hyderabad,Telangana,PID330,Jeans,Fashion,Jeans,26023.38,2.0,20.0,UPI,Delivered,1.7,41637.41
ORD14640,2023-08-07,CUST1272,Shivani Loyal,Kolkata,West Bengal,PID126,Textbook,Books,Textbook,49663.05,2.0,25.0,Debit Card,Delivered,1.8,74494.58
ORD12597,2023-05-15,CUST1076,Yashica Chaudhry,Jaipur,Rajasthan,PID386,T-Shirt,Fashion,T-Shirt,86828.59,4.0,20.0,Credit Card,Cancelled,3.7,277851.49
ORD14707,2023-04-03,CUST1956,Abhiram Jhaveri,Hyderabad,Telangana,PID274,Novel,Books,Novel,86789.91,3.0,5.0,Unknown,Unknown,,247351.24
ORD13553,2024-03-07,CUST1151,Jeremiah Murty,Indore,Madhya Pradesh,PID361,Kurta,Fashion,Kurta,28286.16,4.0,15.0,Net Banking,Returned,3.4,96172.94
ORD12310,2023-12-07,CUST1365,Samesh Chahal,Jaipur,Rajasthan,PID270,Smartwatch,Electronics,Smartwatch,59947.82,2.0,0.0,Cash on Delivery,Unknown,1.7,119895.64
ORD12113,2023-10-05,CUST1656,Aadhya Gill,Lucknow,Uttar Pradesh,PID177,Dumbbells,Sports,Dumbbells,46040.26,3.0,40.0,Cash on Delivery,Returned,4.8,82872.47
ORD14713,2023-09-13,CUST1205,Rachana Mohan,Mumbai,Maharashtra,PID595,Bluetooth Speaker,Electronics,Bluetooth Speaker,56141.49,5.0,5.0,Credit Card,Delivered,1.7,266672.08
ORD14233,2023-05-17,CUST1229,Elijah Upadhyay,Ahmedabad,Gujarat,PID567,Textbook,Books,Textbook,64899.22,3.0,20.0,Cash on Delivery,Cancelled,4.7,155758.13
ORD12696,2023-12-21,CUST1253,Aadhya Hans,Pune,Maharashtra,PID154,Bluetooth Speaker,Electronics,Bluetooth Speaker,37447.53,1.0,15.0,Unknown,Returned,2.4,31830.4
ORD11289,2024-04-14,CUST1163,Patrick Jaggi,Chennai,Tamil Nadu,PID388,Face Wash,Beauty,Face Wash,61719.79,2.0,30.0,Credit Card,Unknown,4.7,86407.71
ORD11656,2024-02-15,CUST1097,Wridesh Loyal,Indore,Madhya Pradesh,PID301,Football,Sports,Football,48359.88,3.0,25.0,Unknown,Returned,1.9,108809.73
ORD10913,2023-05-03,CUST1841,Nitara Biswas,Delhi,Delhi,PID317,Laptop,Electronics,Laptop,53579.17,2.0,25.0,Debit Card,Delivered,1.1,80368.76
ORD12132,2024-10-27,CUST1978,Chavvi Prabhu,Kolkata,West Bengal,PID317,Bedsheet,Home & Kitchen,Bedsheet,63719.89,4.0,15.0,Credit Card,Delivered,3.9,216647.63
ORD10766,2023-08-02,CUST1147,Tanmayi Parmer,Kolkata,West Bengal,PID346,Biography,Books,Biography,42200.17,1.0,20.0,UPI,Unknown,3.5,33760.14
ORD14813,2023-01-06,CUST1887,Saumya Dubey,Kolkata,West Bengal,PID421,Biography,Books,Biography,10280.59,2.0,15.0,Credit Card,Delivered,2.4,17477.0
ORD10147,2024-08-29,CUST1214,Zilmil Narula,Ahmedabad,Gujarat,PID324,Sunscreen,Beauty,Sunscreen,29430.88,3.0,15.0,UPI,Returned,1.7,75048.74
ORD11134,2024-02-19,CUST1050,Lajita Khare,Indore,Madhya Pradesh,PID560,Textbook,Books,Textbook,73439.46,2.0,25.0,Debit Card,Delivered,1.7,110159.19
ORD12657,2024-12-02,CUST1060,Yatan Shukla,Chennai,Tamil Nadu,PID546,Bedsheet,Home & Kitchen,Bedsheet,42808.83,2.0,0.0,UPI,Unknown,3.0,85617.66
ORD10395,2023-05-03,CUST1372,Krish Garg,Mumbai,Maharashtra,PID599,Cookware Set,Home & Kitchen,Cookware Set,89885.29,4.0,5.0,UPI,Returned,2.6,341564.1
ORD13702,2024-03-08,CUST1452,Pratyush Purohit,Indore,Madhya Pradesh,PID318,Headphones,Electronics,Headphones,41967.17,1.0,10.0,Debit Card,Unknown,3.3,37770.45
ORD10046,2023-05-08,CUST1082,Kiaan Jhaveri,Bangalore,Karnataka,PID406,Kurta,Fashion,Kurta,6566.17,5.0,40.0,Debit Card,Cancelled,2.2,19698.51
ORD13270,2023-12-12,CUST1003,Manbir Bose,Ahmedabad,Gujarat,PID480,Saree,Fashion,Saree,25222.22,2.0,30.0,Net Banking,Delivered,2.8,35311.11
ORD13384,2024-12-27,CUST1018,Yashoda Vyas,Indore,Madhya Pradesh,PID514,Shampoo,Beauty,Shampoo,27434.32,5.0,0.0,Unknown,Delayed,1.5,137171.6
ORD13960,2024-06-22,CUST1462,Samaksh Ramaswamy,Delhi,Delhi,PID321,Lipstick,Beauty,Lipstick,61108.74,5.0,30.0,UPI,Delivered,4.2,213880.59
ORD12160,2024-01-23,CUST1990,Widisha Ghose,Chennai,Tamil Nadu,PID186,Smartphone,Electronics,Smartphone,9146.69,4.0,0.0,Net Banking,Delayed,2.6,36586.76
ORD14632,2023-10-01,CUST1168,Saksham Rajagopal,Jaipur,Rajasthan,PID235,Cricket Bat,Sports,Cricket Bat,41993.03,4.0,15.0,Debit Card,Delayed,1.2,142776.3
ORD11958,2023-08-18,CUST1682,Sanaya Naidu,Surat,Gujarat,PID218,Headphones,Electronics,Headphones,88272.22,1.0,40.0,Net Banking,Cancelled,4.7,52963.33
ORD13919,2023-04-16,CUST1648,Harita Acharya,Surat,Gujarat,PID501,Headphones,Electronics,Headphones,27115.47,1.0,25.0,UPI,Delivered,,20336.6
ORD12428,2023-10-09,CUST1129,Ansh More,Hyderabad,Telangana,PID480,Smartphone,Electronics,Smartphone,79086.31,4.0,10.0,UPI,Returned,3.1,284710.72
ORD14004,2023-05-18,CUST1738,Rushil Ghose,Chennai,Tamil Nadu,PID482,Cookware Set,Home & Kitchen,Cookware Set,14381.0,3.0,40.0,Credit Card,Delivered,3.0,25885.8
ORD12185,2024-02-04,CUST1798,Januja Bhalla,Kolkata,West Bengal,PID130,Jeans,Fashion,Jeans,22516.21,2.0,0.0,Cash on Delivery,Delivered,1.2,45032.42
ORD13533,2024-06-16,CUST1799,Aradhana Pathak,Lucknow,Uttar Pradesh,PID101,Bedsheet,Home & Kitchen,Bedsheet,18127.85,2.0,0.0,Net Banking,Cancelled,1.2,36255.7
ORD14060,2023-04-19,CUST1276,Tara Brar,Chennai,Tamil Nadu,PID236,Mixer Grinder,Home & Kitchen,Mixer Grinder,27126.16,1.0,30.0,Credit Card,Delayed,2.5,18988.31
ORD12072,2024-09-21,CUST1039,Turvi Sheth,Kolkata,West Bengal,PID240,Saree,Fashion,Saree,41905.03,5.0,15.0,Debit Card,Cancelled,3.5,178096.38
ORD11368,2023-06-18,CUST1622,Sai Nayak,Lucknow,Uttar Pradesh,PID234,Mixer Grinder,Home & Kitchen,Mixer Grinder,49119.93,5.0,5.0,Credit Card,Delivered,4.0,233319.67
ORD13096,2024-03-05,CUST1708,Yutika Rout,Mumbai,Maharashtra,PID119,T-Shirt,Fashion,T-Shirt,13426.2,3.0,40.0,Unknown,Delayed,4.9,24167.16
ORD12365,2023-04-26,CUST1940,Matthew Bansal,Indore,Madhya Pradesh,PID322,Water Bottle,Home & Kitchen,Water Bottle,53664.37,3.0,15.0,Debit Card,Delivered,3.4,136844.14
ORD10931,2024-07-08,CUST1908,Ridhi Luthra,Delhi,Delhi,PID269,Novel,Books,Novel,72516.61,2.0,20.0,Cash on Delivery,Unknown,4.0,116026.58
ORD12269,2024-10-02,CUST1020,Anirudh Rama,Mumbai,Maharashtra,PID395,Football,Sports,Football,47277.14,5.0,20.0,Unknown,Cancelled,,189108.56
ORD12976,2023-12-07,CUST1941,Gaurang Mahal,Surat,Gujarat,PID452,Football,Sports,Football,73573.41,2.0,15.0,Debit Card,Delivered,4.4,125074.8
ORD13308,2024-09-03,CUST1594,Qabil Madan,Delhi,Delhi,PID271,T-Shirt,Fashion,T-Shirt,75990.6,5.0,20.0,Unknown,Delayed,1.5,303962.4
ORD14063,2023-07-15,CUST1960,Sudiksha Bhasin,Indore,Madhya Pradesh,PID510,Cricket Bat,Sports,Cricket Bat,12282.19,3.0,25.0,Cash on Delivery,Delayed,4.2,27634.93
ORD13142,2023-07-10,CUST1424,Raksha Chander,Surat,Gujarat,PID412,Smartphone,Electronics,Smartphone,11350.55,2.0,20.0,Credit Card,Delivered,1.7,18160.88
ORD11946,2024-05-26,CUST1924,Ekbal Merchant,Kolkata,West Bengal,PID247,Novel,Books,Novel,46129.42,2.0,10.0,Credit Card,Cancelled,1.9,83032.96
ORD14292,2023-06-16,CUST1822,Yuvraj Halder,Kolkata,West Bengal,PID459,Novel,Books,Novel,4598.71,4.0,25.0,Net Banking,Delivered,3.2,13796.13
ORD12582,2024-10-17,CUST1917,Amol Anand,Lucknow,Uttar Pradesh,PID427,Sunscreen,Beauty,Sunscreen,5033.09,4.0,0.0,Debit Card,Delivered,,20132.36
ORD10607,2023-07-21,CUST1463,Geetika Murthy,Lucknow,Uttar Pradesh,PID187,Novel,Books,Novel,80355.86,3.0,15.0,Debit Card,Delayed,,204907.44
ORD10075,2024-06-23,CUST1308,Yatan Hayre,Ahmedabad,Gujarat,PID584,Perfume,Beauty,Perfume,67981.64,3.0,40.0,Net Banking,Delivered,1.2,122366.95
ORD11765,2023-09-07,CUST1183,Harinakshi Bail,Chennai,Tamil Nadu,PID275,Textbook,Books,Textbook,82188.52,4.0,0.0,Unknown,Cancelled,4.1,328754.08
ORD13616,2024-11-21,CUST1432,Ekalinga Chada,Jaipur,Rajasthan,PID508,Perfume,Beauty,Perfume,20452.57,5.0,0.0,Debit Card,Cancelled,1.4,102262.85
ORD13239,2024-10-11,CUST1240,Chakradev Saran,Ahmedabad,Gujarat,PID381,Sneakers,Fashion,Sneakers,61361.34,1.0,40.0,UPI,Returned,1.6,36816.8
ORD11323,2024-10-27,CUST1034,Manan Rege,Lucknow,Uttar Pradesh,PID272,Lipstick,Beauty,Lipstick,75904.63,3.0,40.0,Credit Card,Delivered,,136628.33
ORD11577,2023-08-05,CUST1096,Alexander Contractor,Jaipur,Rajasthan,PID308,Novel,Books,Novel,55840.02,1.0,40.0,Unknown,Delivered,3.7,33504.01
ORD13853,2024-04-13,CUST1703,Luke Salvi,Jaipur,Rajasthan,PID301,Jacket,Fashion,Jacket,17686.24,2.0,40.0,Cash on Delivery,Unknown,1.4,21223.49
ORD10114,2023-10-23,CUST1124,Manbir Sastry,Lucknow,Uttar Pradesh,PID393,Bedsheet,Home & Kitchen,Bedsheet,43653.58,3.0,20.0,Cash on Delivery,Delivered,3.8,104768.59
ORD10987,2023-09-15,CUST1846,Nachiket Master,Surat,Gujarat,PID517,Smartphone,Electronics,Smartphone,11365.57,3.0,20.0,Cash on Delivery,Delivered,3.1,27277.37
ORD14627,2023-09-27,CUST1700,Widisha Agrawal,Delhi,Delhi,PID320,Cricket Bat,Sports,Cricket Bat,89265.95,1.0,40.0,Credit Card,Delivered,4.9,53559.57
ORD10748,2023-03-16,CUST1338,Sneha Verma,Jaipur,Rajasthan,PID137,Textbook,Books,Textbook,76190.0,5.0,15.0,Cash on Delivery,Returned,2.7,323807.5
ORD11864,2023-01-28,CUST1255,Harinakshi Gulati,Indore,Madhya Pradesh,PID193,Jeans,Fashion,Jeans,41589.95,3.0,0.0,Unknown,Delivered,,124769.85
ORD10223,2023-04-26,CUST1889,Tanay Sharaf,Mumbai,Maharashtra,PID447,Water Bottle,Home & Kitchen,Water Bottle,77652.43,2.0,40.0,Unknown,Delivered,,93182.92
ORD12567,2024-10-24,CUST1661,Sneha Arya,Chennai,Tamil Nadu,PID564,Cricket Bat,Sports,Cricket Bat,40624.45,4.0,0.0,Net Banking,Delivered,2.3,162497.8
ORD11349,2023-12-04,CUST1851,Osha Pathak,Hyderabad,Telangana,PID218,Dumbbells,Sports,Dumbbells,14505.24,2.0,0.0,Net Banking,Delivered,3.8,29010.48
ORD11503,2023-08-10,CUST1261,Vasudha Halder,Pune,Maharashtra,PID426,Bedsheet,Home & Kitchen,Bedsheet,10008.74,1.0,0.0,Unknown,Returned,3.9,10008.74
ORD14201,2024-05-23,CUST1356,Daniel Toor,Delhi,Delhi,PID568,Biography,Books,Biography,16483.77,3.0,40.0,Debit Card,Delivered,2.9,29670.79
ORD11666,2023-12-17,CUST1797,Balhaar Shroff,Surat,Gujarat,PID509,Kurta,Fashion,Kurta,39410.22,4.0,10.0,Unknown,Delayed,5.0,141876.79
ORD14058,2024-04-07,CUST1980,Lajita Kala,Kolkata,West Bengal,PID109,Water Bottle,Home & Kitchen,Water Bottle,3837.97,1.0,10.0,Debit Card,Delivered,3.9,3454.17
ORD14320,2024-11-03,CUST1999,Balvan Pathak,Pune,Maharashtra,PID345,Football,Sports,Football,69389.7,4.0,40.0,Debit Card,Returned,4.3,166535.28
ORD13168,2023-04-07,CUST1617,Lopa Chand,Ahmedabad,Gujarat,PID390,Bluetooth Speaker,Electronics,Bluetooth Speaker,18670.21,5.0,10.0,Cash on Delivery,Returned,1.0,84015.94
ORD10036,2023-12-22,CUST1842,Aadhya Mishra,Delhi,Delhi,PID350,Textbook,Books,Textbook,62792.79,1.0,0.0,Unknown,Delivered,,62792.79
ORD10831,2024-12-18,CUST1667,Zaitra Vohra,Indore,Madhya Pradesh,PID429,Mixer Grinder,Home & Kitchen,Mixer Grinder,79646.74,2.0,30.0,Credit Card,Delivered,1.0,111505.44
ORD13619,2024-11-17,CUST1089,Zilmil Devan,Kolkata,West Bengal,PID213,Bluetooth Speaker,Electronics,Bluetooth Speaker,51042.55,3.0,5.0,Cash on Delivery,Delivered,4.3,145471.27
ORD14245,2023-06-04,CUST1308,Raagini Pal,Surat,Gujarat,PID522,Bluetooth Speaker,Electronics,Bluetooth Speaker,57803.46,2.0,15.0,Cash on Delivery,Unknown,3.7,98265.88
ORD11762,2023-05-11,CUST1127,Sachi Mistry,Surat,Gujarat,PID352,Comic,Books,Comic,87440.49,5.0,40.0,Debit Card,Returned,,262321.47
ORD12864,2024-03-22,CUST1026,Xiti De,Chennai,Tamil Nadu,PID458,Cricket Bat,Sports,Cricket Bat,65751.26,3.0,5.0,Cash on Delivery,Delayed,2.6,187391.09
ORD10348,2023-12-10,CUST1767,Ayush Murthy,Delhi,Delhi,PID223,Novel,Books,Novel,82606.44,4.0,20.0,Net Banking,Delayed,4.2,264340.61
ORD14730,2023-12-31,CUST1614,Siya Chaudhari,Pune,Maharashtra,PID107,Shampoo,Beauty,Shampoo,47822.78,3.0,5.0,UPI,Delivered,4.6,136294.92
ORD10117,2023-11-25,CUST1756,Vritti Kota,Surat,Gujarat,PID470,Sneakers,Fashion,Sneakers,84162.63,2.0,20.0,Unknown,Cancelled,1.2,134660.21
ORD10531,2023-11-02,CUST1020,Jairaj Raval,Indore,Madhya Pradesh,PID301,Perfume,Beauty,Perfume,67120.53,4.0,30.0,Net Banking,Delivered,,187937.48
ORD11395,2023-09-18,CUST1533,Gunbir Dhar,Chennai,Tamil Nadu,PID502,Perfume,Beauty,Perfume,67681.97,1.0,10.0,Cash on Delivery,Cancelled,,60913.77
ORD12591,2024-09-19,CUST1374,Vincent Ramanathan,Indore,Madhya Pradesh,PID476,Football,Sports,Football,29413.78,3.0,10.0,Net Banking,Delivered,1.2,79417.21
ORD12369,2024-09-16,CUST1380,Damyanti Mannan,Pune,Maharashtra,PID549,Kurta,Fashion,Kurta,11442.8,1.0,15.0,Cash on Delivery,Delivered,4.8,9726.38
ORD11642,2023-10-11,CUST1908,Leena Gill,Lucknow,Uttar Pradesh,PID575,Football,Sports,Football,56621.46,4.0,40.0,Debit Card,Cancelled,3.7,135891.5
ORD12522,2023-08-22,CUST1829,Urishilla Yogi,Surat,Gujarat,PID522,Lipstick,Beauty,Lipstick,83628.45,5.0,30.0,Credit Card,Delivered,,292699.57
ORD14081,2023-10-28,CUST1109,Yamini Dhillon,Lucknow,Uttar Pradesh,PID154,Football,Sports,Football,62455.04,1.0,25.0,Credit Card,Delayed,2.5,46841.28
ORD13052,2024-12-30,CUST1611,Veda Natarajan,Indore,Madhya Pradesh,PID500,Smartwatch,Electronics,Smartwatch,0.0,5.0,30.0,Credit Card,Delayed,4.4,0.0
ORD14899,2023-08-10,CUST1039,Christopher Seshadri,Lucknow,Uttar Pradesh,PID141,Sunscreen,Beauty,Sunscreen,7213.24,3.0,15.0,UPI,Returned,1.4,18393.76
ORD14930,2023-07-21,CUST1176,Kashish Badami,Hyderabad,Telangana,PID130,Cookware Set,Home & Kitchen,Cookware Set,42242.16,2.0,15.0,Cash on Delivery,Delivered,3.3,71811.67
ORD14617,2023-12-01,CUST1420,Anirudh Raghavan,Surat,Gujarat,PID569,Tablet,Electronics,Tablet,22071.33,2.0,5.0,Credit Card,Delivered,2.0,41935.53
ORD14269,2023-11-03,CUST1179,Watika Lall,Pune,Maharashtra,PID427,Football,Sports,Football,70620.04,1.0,25.0,Net Banking,Unknown,1.5,52965.03
ORD14805,2023-12-26,CUST1222,Anita Bhalla,Kolkata,West Bengal,PID128,Cricket Bat,Sports,Cricket Bat,0.0,1.0,10.0,Net Banking,Cancelled,1.5,0.0
ORD13205,2023-11-26,CUST1528,Nachiket Sha,Chennai,Tamil Nadu,PID591,Face Wash,Beauty,Face Wash,3579.79,3.0,0.0,Net Banking,Delivered,2.1,10739.37
ORD14302,2023-09-02,CUST1841,Siddharth Goyal,Jaipur,Rajasthan,PID432,Kurta,Fashion,Kurta,59235.64,1.0,5.0,Unknown,Cancelled,4.9,56273.86
ORD11780,2023-10-25,CUST1416,Prisha More,Delhi,Delhi,PID253,Smartwatch,Electronics,Smartwatch,39315.09,1.0,20.0,Debit Card,Returned,,31452.07
ORD11026,2024-03-12,CUST1203,Bhanumati Ghosh,Mumbai,Maharashtra,PID443,T-Shirt,Fashion,T-Shirt,50927.04,5.0,40.0,Credit Card,Delivered,3.4,152781.12
ORD14319,2024-03-11,CUST1146,Dev Borra,Lucknow,Uttar Pradesh,PID238,Football,Sports,Football,23966.11,4.0,0.0,Credit Card,Returned,1.9,95864.44
ORD10082,2024-01-17,CUST1662,Samarth Kumer,Mumbai,Maharashtra,PID271,Yoga Mat,Sports,Yoga Mat,22409.77,5.0,25.0,Unknown,Cancelled,2.5,84036.64
ORD13601,2024-04-27,CUST1766,Dev Sathe,Chennai,Tamil Nadu,PID421,Mixer Grinder,Home & Kitchen,Mixer Grinder,39570.35,1.0,5.0,Cash on Delivery,Unknown,1.6,37591.83
ORD12031,2023-02-06,CUST1591,Upkaar Khanna,Ahmedabad,Gujarat,PID163,Saree,Fashion,Saree,33650.01,1.0,10.0,Cash on Delivery,Delivered,,30285.01
ORD13831,2024-06-08,CUST1260,Pahal Mann,Surat,Gujarat,PID100,Bedsheet,Home & Kitchen,Bedsheet,70800.68,4.0,0.0,Debit Card,Delivered,3.6,283202.72
ORD14195,2023-08-07,CUST1208,Anmol Chhabra,Surat,Gujarat,PID473,Jacket,Fashion,Jacket,9251.81,2.0,30.0,Debit Card,Delivered,4.8,12952.53
ORD11477,2024-06-28,CUST1524,Utkarsh Chander,Hyderabad,Telangana,PID102,Perfume,Beauty,Perfume,27221.26,2.0,0.0,Debit Card,Delivered,1.7,54442.52
ORD12717,2023-05-14,CUST1272,Jagat Nayar,Bangalore,Karnataka,PID103,Sneakers,Fashion,Sneakers,39511.32,2.0,5.0,Cash on Delivery,Delayed,4.8,75071.51
ORD14223,2023-05-23,CUST1605,Suhani Kalla,Ahmedabad,Gujarat,PID108,Biography,Books,Biography,28921.39,2.0,30.0,Unknown,Delayed,3.3,40489.95
ORD13563,2023-12-04,CUST1957,Jacob Mittal,Hyderabad,Telangana,PID152,Sunscreen,Beauty,Sunscreen,11272.03,3.0,40.0,Cash on Delivery,Delivered,1.9,20289.65
ORD14804,2023-05-06,CUST1190,Yuvraj Joshi,Lucknow,Uttar Pradesh,PID511,Headphones,Electronics,Headphones,86739.35,2.0,20.0,Unknown,Delivered,,138782.96
ORD11478,2024-09-06,CUST1178,Anmol Mahajan,Delhi,Delhi,PID527,Headphones,Electronics,Headphones,40975.07,3.0,30.0,Debit Card,Unknown,3.1,86047.65
ORD14704,2024-06-01,CUST1854,Hredhaan Ramesh,Jaipur,Rajasthan,PID108,Cookware Set,Home & Kitchen,Cookware Set,66893.98,1.0,10.0,Credit Card,Delivered,,60204.58
ORD12484,2023-03-18,CUST1434,Ekaja Chaudhuri,Bangalore,Karnataka,PID327,Bluetooth Speaker,Electronics,Bluetooth Speaker,78696.88,1.0,15.0,Debit Card,Delivered,2.4,66892.35
ORD12564,2023-07-11,CUST1078,Zarna Dyal,Surat,Gujarat,PID482,Dumbbells,Sports,Dumbbells,51862.78,4.0,30.0,Cash on Delivery,Delivered,4.6,145215.78
ORD13403,2024-06-09,CUST1629,Odika Date,Bangalore,Karnataka,PID412,Cricket Bat,Sports,Cricket Bat,26352.98,4.0,40.0,Credit Card,Cancelled,1.8,63247.15
ORD14950,2024-09-26,CUST1192,Qabil Chakraborty,Bangalore,Karnataka,PID163,Headphones,Electronics,Headphones,53479.77,1.0,15.0,Unknown,Cancelled,2.8,45457.8
ORD12158,2023-08-04,CUST1250,Vasana Mody,Chennai,Tamil Nadu,PID423,Textbook,Books,Textbook,70873.6,2.0,10.0,Unknown,Unknown,4.1,127572.48
ORD11887,2023-07-28,CUST1314,Vincent Bahl,Lucknow,Uttar Pradesh,PID306,Novel,Books,Novel,36907.59,2.0,25.0,Debit Card,Delayed,1.9,55361.38
ORD11957,2023-01-03,CUST1720,Ridhi Kala,Kolkata,West Bengal,PID410,Perfume,Beauty,Perfume,55719.94,5.0,5.0,Cash on Delivery,Unknown,3.1,264669.72
ORD11630,2024-07-18,CUST1676,Onkar Hora,Indore,Madhya Pradesh,PID337,Cricket Bat,Sports,Cricket Bat,498.82,3.0,10.0,Credit Card,Delivered,1.2,1346.81
ORD12699,2024-06-25,CUST1061,Orinder Shenoy,Mumbai,Maharashtra,PID335,Smartwatch,Electronics,Smartwatch,71196.89,2.0,40.0,UPI,Cancelled,,85436.27
ORD10041,2023-08-21,CUST1566,Oliver Yohannan,Indore,Madhya Pradesh,PID249,Perfume,Beauty,Perfume,53124.38,1.0,20.0,Credit Card,Delivered,2.2,42499.5
ORD11705,2024-03-15,CUST1925,Mitali Sant,Jaipur,Rajasthan,PID503,Headphones,Electronics,Headphones,86825.29,3.0,5.0,UPI,Delivered,4.2,247452.08
ORD14767,2023-07-11,CUST1090,Anmol Lal,Mumbai,Maharashtra,PID155,Yoga Mat,Sports,Yoga Mat,24205.6,4.0,40.0,Unknown,Unknown,4.1,58093.44
ORD13303,2024-05-27,CUST1149,Netra Choudhury,Delhi,Delhi,PID261,Mixer Grinder,Home & Kitchen,Mixer Grinder,70166.06,1.0,20.0,Debit Card,Cancelled,2.0,56132.85
ORD13174,2024-04-25,CUST1564,Jacob Toor,Lucknow,Uttar Pradesh,PID339,Jeans,Fashion,Jeans,48753.72,1.0,40.0,Cash on Delivery,Cancelled,2.0,29252.23
ORD13137,2024-07-29,CUST1877,Upasna Tandon,Hyderabad,Telangana,PID198,Air Fryer,Home & Kitchen,Air Fryer,50816.23,5.0,15.0,Debit Card,Delivered,2.4,215968.98
ORD10312,2023-07-01,CUST1908,Adweta Cheema,Hyderabad,Telangana,PID226,Face Wash,Beauty,Face Wash,85525.29,2.0,5.0,Cash on Delivery,Returned,4.9,162498.05
ORD11632,2023-02-14,CUST1801,Noah Mani,Indore,Madhya Pradesh,PID283,Cricket Bat,Sports,Cricket Bat,83687.83,4.0,30.0,Credit Card,Delivered,1.1,234325.92
ORD13970,2024-04-28,CUST1982,Eta Dalal,Hyderabad,Telangana,PID549,Mixer Grinder,Home & Kitchen,Mixer Grinder,53346.96,1.0,10.0,Unknown,Delivered,1.1,48012.26
ORD12068,2023-01-12,CUST1507,Triya Viswanathan,Kolkata,West Bengal,PID230,Sunscreen,Beauty,Sunscreen,57791.42,1.0,40.0,Credit Card,Returned,,34674.85
ORD11427,2023-05-17,CUST1921,Kala Acharya,Chennai,Tamil Nadu,PID206,Laptop,Electronics,Laptop,67232.5,1.0,10.0,Net Banking,Cancelled,4.9,60509.25
ORD12003,2023-02-24,CUST1723,Michael Mishra,Bangalore,Karnataka,PID552,Lipstick,Beauty,Lipstick,81312.93,4.0,20.0,Net Banking,Delayed,,260201.38
ORD12409,2023-02-25,CUST1018,Hemangini Mani,Surat,Gujarat,PID199,Sunscreen,Beauty,Sunscreen,83967.07,2.0,15.0,Debit Card,Unknown,4.9,142744.02
ORD11130,2023-05-13,CUST1929,Ojas Varughese,Hyderabad,Telangana,PID125,T-Shirt,Fashion,T-Shirt,32818.61,2.0,15.0,UPI,Delayed,2.7,55791.64
ORD13618,2024-12-12,CUST1454,Nicholas Wadhwa,Lucknow,Uttar Pradesh,PID254,Lipstick,Beauty,Lipstick,51690.07,3.0,5.0,Net Banking,Delivered,1.0,147316.7
ORD12338,2023-06-27,CUST1218,Vanya Warrior,Lucknow,Uttar Pradesh,PID353,Football,Sports,Football,12285.84,5.0,40.0,UPI,Delivered,3.5,36857.52
ORD11828,2024-09-28,CUST1554,Benjamin Dalal,Kolkata,West Bengal,PID368,Face Wash,Beauty,Face Wash,16607.06,3.0,10.0,Cash on Delivery,Cancelled,1.7,44839.06
ORD12441,2023-08-20,CUST1705,Barkha Agarwal,Bangalore,Karnataka,PID534,Comic,Books,Comic,30912.8,5.0,25.0,UPI,Unknown,4.6,115923.0
ORD10129,2023-03-04,CUST1507,Yauvani Iyengar,Ahmedabad,Gujarat,PID124,Comic,Books,Comic,27263.53,2.0,20.0,Credit Card,Returned,3.4,43621.65
ORD11010,2023-12-24,CUST1242,Balhaar Nagy,Lucknow,Uttar Pradesh,PID426,Biography,Books,Biography,73003.33,5.0,40.0,Debit Card,Returned,3.8,219009.99
ORD11814,2023-01-19,CUST1020,Max Sami,Jaipur,Rajasthan,PID367,Cookware Set,Home & Kitchen,Cookware Set,61671.4,3.0,30.0,Net Banking,Returned,3.4,129509.94
ORD13882,2024-06-17,CUST1809,Wyatt Nadkarni,Lucknow,Uttar Pradesh,PID465,Dumbbells,Sports,Dumbbells,58430.02,5.0,5.0,Net Banking,Delivered,,277542.59
ORD10658,2023-03-15,CUST1998,Charles Yadav,Jaipur,Rajasthan,PID308,Smartphone,Electronics,Smartphone,40026.57,3.0,30.0,Debit Card,Cancelled,4.5,84055.8
ORD11247,2023-09-13,CUST1535,Libni Dara,Ahmedabad,Gujarat,PID551,Air Fryer,Home & Kitchen,Air Fryer,3800.65,5.0,15.0,Credit Card,Delayed,4.6,16152.76
ORD14880,2023-12-24,CUST1065,Wridesh Salvi,Pune,Maharashtra,PID345,Comic,Books,Comic,29157.7,4.0,15.0,Net Banking,Returned,1.5,99136.18
ORD12772,2023-10-12,CUST1830,Gagan Bakshi,Surat,Gujarat,PID289,Sneakers,Fashion,Sneakers,2612.47,1.0,5.0,Credit Card,Delivered,1.7,2481.85
ORD10202,2024-12-08,CUST1318,Gaurang Panchal,Hyderabad,Telangana,PID243,Laptop,Electronics,Laptop,36357.21,4.0,25.0,Debit Card,Delivered,4.0,109071.63
ORD14923,2023-10-16,CUST1171,Ubika D’Alia,Bangalore,Karnataka,PID202,Biography,Books,Biography,79029.64,4.0,30.0,Cash on Delivery,Delayed,2.8,221282.99
ORD11422,2023-08-01,CUST1744,Damyanti Oommen,Surat,Gujarat,PID162,Comic,Books,Comic,66537.12,4.0,40.0,Unknown,Delivered,4.2,159689.09
ORD11818,2024-01-09,CUST1235,Gabriel Bhardwaj,Indore,Madhya Pradesh,PID544,Yoga Mat,Sports,Yoga Mat,61488.59,2.0,40.0,Unknown,Delayed,4.2,73786.31
ORD10955,2023-04-22,CUST1142,Gaurang Dugar,Mumbai,Maharashtra,PID487,Cookware Set,Home & Kitchen,Cookware Set,7001.24,5.0,20.0,Cash on Delivery,Delivered,1.9,28004.96
ORD13049,2024-11-21,CUST1597,Arin Chakraborty,Hyderabad,Telangana,PID503,Air Fryer,Home & Kitchen,Air Fryer,77928.35,2.0,0.0,Net Banking,Delivered,2.0,155856.7
ORD12419,2024-09-04,CUST1245,Sathvik Kalla,Kolkata,West Bengal,PID433,Air Fryer,Home & Kitchen,Air Fryer,71843.55,4.0,25.0,Debit Card,Delivered,2.9,215530.65
ORD13808,2024-08-26,CUST1182,Zinal Srivastava,Hyderabad,Telangana,PID554,Smartphone,Electronics,Smartphone,78214.35,2.0,25.0,Debit Card,Unknown,2.5,117321.52
ORD12362,2023-09-08,CUST1327,Nihal Krishnamurthy,Chennai,Tamil Nadu,PID565,Novel,Books,Novel,196.59,5.0,40.0,Credit Card,Delivered,2.3,589.77
ORD13360,2024-02-18,CUST1793,Yamini Krishnamurthy,Surat,Gujarat,PID428,Cricket Bat,Sports,Cricket Bat,5816.5,1.0,40.0,Unknown,Cancelled,1.9,3489.9
ORD10997,2023-03-26,CUST1043,Ati Gola,Indore,Madhya Pradesh,PID179,Bedsheet,Home & Kitchen,Bedsheet,75765.63,3.0,5.0,Credit Card,Unknown,2.7,215932.05
ORD10594,2024-02-27,CUST1519,Qasim Yogi,Pune,Maharashtra,PID245,Sunscreen,Beauty,Sunscreen,10437.92,3.0,40.0,Cash on Delivery,Delivered,3.6,18788.26
ORD10971,2024-02-05,CUST1687,Eesha Seshadri,Indore,Madhya Pradesh,PID166,T-Shirt,Fashion,T-Shirt,33247.24,4.0,20.0,Credit Card,Returned,3.9,106391.17
ORD10203,2024-09-11,CUST1888,Ria Korpal,Ahmedabad,Gujarat,PID291,Face Wash,Beauty,Face Wash,12224.54,3.0,30.0,Cash on Delivery,Returned,1.8,25671.53
ORD14634,2024-01-20,CUST1993,Chanchal Deol,Pune,Maharashtra,PID594,Water Bottle,Home & Kitchen,Water Bottle,74272.01,2.0,15.0,Net Banking,Delivered,2.8,126262.42
ORD11975,2024-03-27,CUST1861,Hema Thaman,Mumbai,Maharashtra,PID493,Perfume,Beauty,Perfume,44711.82,5.0,20.0,UPI,Delivered,2.1,178847.28
ORD10983,2024-10-24,CUST1670,Ekavir Shroff,Hyderabad,Telangana,PID325,Yoga Mat,Sports,Yoga Mat,79441.83,5.0,5.0,Net Banking,Delayed,2.4,377348.69
ORD14911,2023-03-07,CUST1055,Jagdish Rajan,Pune,Maharashtra,PID193,Bedsheet,Home & Kitchen,Bedsheet,5028.66,4.0,5.0,Debit Card,Delayed,4.2,19108.91
ORD13319,2023-12-20,CUST1305,Janya Amble,Bangalore,Karnataka,PID547,Bedsheet,Home & Kitchen,Bedsheet,23803.77,1.0,10.0,UPI,Delivered,4.5,21423.39
ORD14333,2023-05-19,CUST1614,Forum Char,Indore,Madhya Pradesh,PID526,Yoga Mat,Sports,Yoga Mat,89131.73,2.0,25.0,Unknown,Returned,2.7,133697.6
ORD13763,2024-10-28,CUST1424,Harita Modi,Indore,Madhya Pradesh,PID474,Lipstick,Beauty,Lipstick,13307.47,3.0,20.0,UPI,Delivered,1.3,31937.93
ORD11981,2024-12-10,CUST1033,Yoshita Soman,Mumbai,Maharashtra,PID390,Mixer Grinder,Home & Kitchen,Mixer Grinder,26404.73,5.0,0.0,UPI,Delivered,4.7,132023.65
ORD12381,2023-12-29,CUST1643,Imaran Sarma,Delhi,Delhi,PID376,Bedsheet,Home & Kitchen,Bedsheet,73007.92,4.0,10.0,Unknown,Unknown,2.2,262828.51
ORD12487,2023-04-13,CUST1292,Pratyush Ray,Lucknow,Uttar Pradesh,PID110,Lipstick,Beauty,Lipstick,34037.33,3.0,20.0,Net Banking,Delivered,,81689.59
ORD12375,2024-07-20,CUST1687,Vanya Palla,Delhi,Delhi,PID356,Face Wash,Beauty,Face Wash,41374.33,4.0,25.0,Net Banking,Delayed,4.5,124122.99
ORD14168,2024-11-10,CUST1744,Luke Parekh,Ahmedabad,Gujarat,PID393,Mixer Grinder,Home & Kitchen,Mixer Grinder,53140.3,2.0,20.0,Net Banking,Delayed,4.4,85024.48
ORD14844,2024-03-01,CUST1387,Siddharth Mallick,Indore,Madhya Pradesh,PID211,Biography,Books,Biography,30424.18,4.0,5.0,Debit Card,Cancelled,3.8,115611.88
ORD13098,2024-08-22,CUST1966,Anya Kadakia,Lucknow,Uttar Pradesh,PID323,Sunscreen,Beauty,Sunscreen,61614.52,3.0,15.0,Debit Card,Delivered,1.6,157117.03
ORD13090,2024-12-27,CUST1398,David Wable,Hyderabad,Telangana,PID279,Dumbbells,Sports,Dumbbells,4004.86,2.0,0.0,Unknown,Delayed,1.6,8009.72
ORD14495,2024-10-02,CUST1532,Kavya Boase,Jaipur,Rajasthan,PID479,Novel,Books,Novel,42948.27,4.0,15.0,UPI,Delivered,1.5,146024.12
ORD11188,2023-12-18,CUST1755,Farhan Jani,Delhi,Delhi,PID252,Water Bottle,Home & Kitchen,Water Bottle,12582.17,5.0,10.0,Unknown,Returned,3.4,56619.76
ORD12330,2024-12-18,CUST1652,Ishaan Verma,Surat,Gujarat,PID125,Mixer Grinder,Home & Kitchen,Mixer Grinder,25476.41,2.0,15.0,Unknown,Delayed,3.1,43309.9
ORD12343,2024-08-23,CUST1777,Karan Bhardwaj,Lucknow,Uttar Pradesh,PID582,Yoga Mat,Sports,Yoga Mat,26872.38,3.0,5.0,Unknown,Delivered,,76586.28
ORD10352,2023-04-22,CUST1265,Tristan Varkey,Kolkata,West Bengal,PID152,Cookware Set,Home & Kitchen,Cookware Set,6385.45,4.0,40.0,Unknown,Delivered,4.1,15325.08
ORD13404,2024-06-27,CUST1576,Adya Pandey,Chennai,Tamil Nadu,PID414,Sneakers,Fashion,Sneakers,7371.34,5.0,20.0,Net Banking,Returned,3.9,29485.36
ORD11756,2023-09-25,CUST1916,Ishani Menon,Lucknow,Uttar Pradesh,PID491,Cookware Set,Home & Kitchen,Cookware Set,13936.03,5.0,5.0,Debit Card,Cancelled,5.0,66196.14
ORD11596,2023-11-27,CUST1127,Teerth Jayaraman,Ahmedabad,Gujarat,PID510,Face Wash,Beauty,Face Wash,51303.24,4.0,15.0,Debit Card,Delivered,4.4,174431.02
ORD10043,2024-09-12,CUST1880,Wazir Shukla,Bangalore,Karnataka,PID401,Novel,Books,Novel,13555.4,2.0,30.0,Cash on Delivery,Delayed,3.5,18977.56
ORD14808,2024-07-17,CUST1268,Idika Mangal,Chennai,Tamil Nadu,PID163,Sunscreen,Beauty,Sunscreen,56492.14,1.0,40.0,Debit Card,Delayed,3.2,33895.28
ORD12150,2023-12-09,CUST1208,Vinaya Pall,Chennai,Tamil Nadu,PID260,Air Fryer,Home & Kitchen,Air Fryer,58418.37,5.0,5.0,UPI,Delayed,2.6,277487.26
ORD13348,2024-07-27,CUST1566,Adweta Kata,Delhi,Delhi,PID393,Mixer Grinder,Home & Kitchen,Mixer Grinder,11391.4,5.0,20.0,Debit Card,Cancelled,1.3,45565.6
ORD14596,2023-02-23,CUST1916,Yasti Konda,Bangalore,Karnataka,PID583,Kurta,Fashion,Kurta,3374.38,4.0,5.0,Credit Card,Delivered,3.4,12822.64
ORD12495,2024-03-03,CUST1483,Harrison Arora,Indore,Madhya Pradesh,PID279,Textbook,Books,Textbook,77637.29,4.0,30.0,Debit Card,Delayed,2.3,217384.41
ORD13740,2024-08-27,CUST1716,Advay Vasa,Ahmedabad,Gujarat,PID174,Cookware Set,Home & Kitchen,Cookware Set,80147.61,5.0,15.0,Net Banking,Delayed,3.7,340627.34
ORD11274,2024-07-17,CUST1317,Anmol Cheema,Chennai,Tamil Nadu,PID381,Smartphone,Electronics,Smartphone,77254.93,1.0,25.0,Credit Card,Delivered,3.8,57941.2
ORD12183,2024-08-12,CUST1293,Advik Kalita,Surat,Gujarat,PID373,Air Fryer,Home & Kitchen,Air Fryer,56487.38,1.0,15.0,Net Banking,Unknown,3.7,48014.27
ORD10575,2024-12-27,CUST1760,Tarak Patla,Surat,Gujarat,PID208,Shampoo,Beauty,Shampoo,85349.54,3.0,20.0,UPI,Cancelled,4.7,204838.9
ORD11921,2023-06-08,CUST1940,Maanas Luthra,Surat,Gujarat,PID558,Sneakers,Fashion,Sneakers,6712.8,5.0,30.0,Cash on Delivery,Delivered,,23494.8
ORD12925,2024-10-23,CUST1632,Sara Bera,Lucknow,Uttar Pradesh,PID417,Cricket Bat,Sports,Cricket Bat,31834.18,1.0,25.0,Credit Card,Delivered,3.0,23875.64
ORD14706,2024-09-22,CUST1120,Qadim Sani,Chennai,Tamil Nadu,PID179,Smartphone,Electronics,Smartphone,41798.16,1.0,0.0,UPI,Returned,2.6,41798.16
ORD10857,2024-12-31,CUST1758,Vaishnavi Shroff,Pune,Maharashtra,PID584,Yoga Mat,Sports,Yoga Mat,4092.14,5.0,15.0,UPI,Delivered,3.8,17391.6
ORD12177,2024-02-15,CUST1821,Upasna Viswanathan,Mumbai,Maharashtra,PID139,Sunscreen,Beauty,Sunscreen,6708.69,1.0,0.0,Unknown,Unknown,1.3,6708.69
ORD13568,2023-12-09,CUST1216,Nakul Saran,Delhi,Delhi,PID237,T-Shirt,Fashion,T-Shirt,3349.62,2.0,5.0,Unknown,Delivered,2.6,6364.28
ORD12796,2023-07-15,CUST1184,Timothy Korpal,Hyderabad,Telangana,PID443,Textbook,Books,Textbook,86463.34,3.0,15.0,Net Banking,Delivered,1.4,220481.52
ORD12048,2024-12-11,CUST1422,Qasim Jayaraman,Jaipur,Rajasthan,PID264,Comic,Books,Comic,0.0,1.0,25.0,Net Banking,Delivered,4.6,0.0
ORD11809,2024-05-17,CUST1436,Bina Panchal,Hyderabad,Telangana,PID553,Novel,Books,Novel,23392.96,5.0,20.0,Unknown,Unknown,4.4,93571.84
ORD12621,2024-11-11,CUST1115,Akshay Gera,Lucknow,Uttar Pradesh,PID351,Novel,Books,Novel,46935.6,5.0,30.0,Cash on Delivery,Delivered,1.2,164274.6
ORD14625,2024-04-19,CUST1130,Ubika Babu,Jaipur,Rajasthan,PID109,Comic,Books,Comic,61814.59,3.0,5.0,Net Banking,Cancelled,3.6,176171.58
ORD11899,2024-06-18,CUST1822,Pallavi Nair,Hyderabad,Telangana,PID392,Sneakers,Fashion,Sneakers,2856.05,4.0,30.0,Credit Card,Cancelled,3.5,7996.94
ORD11847,2023-11-30,CUST1785,Vasatika Rao,Surat,Gujarat,PID335,Tablet,Electronics,Tablet,1669.24,2.0,15.0,Cash on Delivery,Delayed,1.1,2837.71
ORD14539,2023-06-21,CUST1629,Nachiket Guha,Ahmedabad,Gujarat,PID220,T-Shirt,Fashion,T-Shirt,75203.24,1.0,15.0,UPI,Returned,4.3,63922.75
ORD10876,2024-04-08,CUST1446,Chaitaly Oak,Lucknow,Uttar Pradesh,PID470,Sneakers,Fashion,Sneakers,79014.09,5.0,5.0,Debit Card,Delayed,1.1,375316.93
ORD10104,2024-10-19,CUST1074,Jackson Dyal,Surat,Gujarat,PID452,Football,Sports,Football,19091.13,1.0,20.0,Unknown,Delayed,2.9,15272.9
ORD13785,2024-06-18,CUST1036,Akshay Ganesh,Pune,Maharashtra,PID122,Sunscreen,Beauty,Sunscreen,69770.74,2.0,25.0,UPI,Returned,4.1,104656.11
ORD12459,2023-01-06,CUST1422,Xavier Doctor,Delhi,Delhi,PID230,Tablet,Electronics,Tablet,75884.92,4.0,20.0,UPI,Delivered,1.1,242831.74
ORD14137,2023-07-07,CUST1450,Yatin Tandon,Ahmedabad,Gujarat,PID529,Perfume,Beauty,Perfume,70496.51,5.0,15.0,Credit Card,Returned,1.7,299610.17
ORD13227,2023-11-20,CUST1054,Frederick Keer,Jaipur,Rajasthan,PID420,Cricket Bat,Sports,Cricket Bat,24547.76,4.0,40.0,Cash on Delivery,Delivered,4.0,58914.62
ORD13410,2023-06-23,CUST1409,Dakshesh Bawa,Indore,Madhya Pradesh,PID135,Tablet,Electronics,Tablet,52114.56,2.0,10.0,Debit Card,Cancelled,3.9,93806.21
ORD10605,2023-04-28,CUST1672,Lakshit Bahri,Pune,Maharashtra,PID290,Water Bottle,Home & Kitchen,Water Bottle,26518.6,5.0,0.0,Debit Card,Delivered,2.3,132593.0
ORD11234,2023-04-02,CUST1209,Jatin Mitra,Chennai,Tamil Nadu,PID376,Jeans,Fashion,Jeans,85985.05,4.0,40.0,Credit Card,Delivered,4.1,206364.12
ORD10067,2023-05-10,CUST1607,Nirja Vig,Mumbai,Maharashtra,PID155,Laptop,Electronics,Laptop,32338.07,1.0,0.0,Cash on Delivery,Delayed,3.1,32338.07
ORD11434,2024-05-29,CUST1211,Arin Narula,Kolkata,West Bengal,PID398,Cookware Set,Home & Kitchen,Cookware Set,44674.91,2.0,25.0,Cash on Delivery,Delivered,1.4,67012.37
ORD10385,2024-01-18,CUST1327,Leela Bali,Lucknow,Uttar Pradesh,PID336,Comic,Books,Comic,43321.66,4.0,5.0,Credit Card,Cancelled,3.3,164622.31
ORD10894,2024-08-25,CUST1163,Yatin Bansal,Chennai,Tamil Nadu,PID406,Headphones,Electronics,Headphones,10772.64,4.0,30.0,Credit Card,Cancelled,2.7,30163.39
ORD10057,2024-04-15,CUST1452,Vritti Dutta,Lucknow,Uttar Pradesh,PID583,Biography,Books,Biography,61529.64,2.0,20.0,Debit Card,Returned,1.0,98447.42
ORD10712,2024-03-21,CUST1910,Hiral Seshadri,Bangalore,Karnataka,PID406,Face Wash,Beauty,Face Wash,775.06,3.0,40.0,Cash on Delivery,Delayed,2.1,1395.11
ORD12373,2023-06-10,CUST1951,Agastya Bhatia,Surat,Gujarat,PID326,Bluetooth Speaker,Electronics,Bluetooth Speaker,26416.42,4.0,30.0,Unknown,Delivered,4.6,73965.98
ORD12127,2023-12-04,CUST1638,Ayush Dixit,Jaipur,Rajasthan,PID375,T-Shirt,Fashion,T-Shirt,60458.6,2.0,20.0,Debit Card,Delivered,,96733.76
ORD12589,2024-04-18,CUST1285,Ekaraj Cherian,Ahmedabad,Gujarat,PID220,Jeans,Fashion,Jeans,42429.13,5.0,5.0,Unknown,Returned,1.7,201538.37
ORD10356,2023-01-26,CUST1546,Indira Thaker,Indore,Madhya Pradesh,PID594,Bluetooth Speaker,Electronics,Bluetooth Speaker,32429.61,2.0,15.0,UPI,Unknown,3.4,55130.34
ORD13566,2024-05-26,CUST1525,Falak Pathak,Kolkata,West Bengal,PID317,Tablet,Electronics,Tablet,60703.45,3.0,30.0,UPI,Returned,2.0,127477.24
ORD11843,2023-11-01,CUST1764,Naveen Das,Pune,Maharashtra,PID216,Perfume,Beauty,Perfume,78269.64,3.0,0.0,Debit Card,Returned,2.1,234808.92
ORD12408,2024-06-27,CUST1095,Prisha Bedi,Mumbai,Maharashtra,PID490,Novel,Books,Novel,50855.16,2.0,30.0,Net Banking,Delivered,,71197.22
ORD11019,2023-09-23,CUST1432,Jagvi Sachdeva,Jaipur,Rajasthan,PID163,Perfume,Beauty,Perfume,29498.51,2.0,0.0,UPI,Delivered,4.6,58997.02
ORD11315,2023-02-02,CUST1998,Eshana Basu,Bangalore,Karnataka,PID123,Sneakers,Fashion,Sneakers,41833.39,3.0,30.0,Net Banking,Delivered,3.8,87850.12
ORD13297,2024-04-30,CUST1594,Rishi Oommen,Bangalore,Karnataka,PID523,Sunscreen,Beauty,Sunscreen,65573.42,1.0,0.0,Net Banking,Delivered,4.4,65573.42
ORD12964,2023-04-13,CUST1320,Ansh Solanki,Pune,Maharashtra,PID497,Bluetooth Speaker,Electronics,Bluetooth Speaker,8476.95,1.0,25.0,Net Banking,Delivered,3.2,6357.71
ORD10308,2024-03-12,CUST1141,Bhavya Joshi,Delhi,Delhi,PID397,Lipstick,Beauty,Lipstick,65730.59,2.0,10.0,Net Banking,Delivered,4.6,118315.06
ORD13462,2023-12-14,CUST1166,Amol Nadig,Ahmedabad,Gujarat,PID193,Novel,Books,Novel,20820.48,2.0,0.0,Cash on Delivery,Returned,3.0,41640.96
ORD10814,2024-11-06,CUST1389,Bhanumati Deshmukh,Ahmedabad,Gujarat,PID202,Bluetooth Speaker,Electronics,Bluetooth Speaker,63091.26,3.0,40.0,Net Banking,Delivered,3.2,113564.27
ORD10042,2024-03-27,CUST1503,Janaki Raghavan,Surat,Gujarat,PID137,Yoga Mat,Sports,Yoga Mat,78181.24,5.0,40.0,Cash on Delivery,Delivered,4.9,234543.72
ORD13668,2024-06-22,CUST1649,Reyansh Narayanan,Jaipur,Rajasthan,PID351,Tablet,Electronics,Tablet,31965.78,3.0,5.0,Cash on Delivery,Delivered,,91102.47
ORD11406,2024-04-24,CUST1576,Kashvi Jain,Surat,Gujarat,PID259,Textbook,Books,Textbook,86999.59,1.0,5.0,Cash on Delivery,Unknown,1.6,82649.61
ORD13685,2023-06-24,CUST1456,Lopa Ramachandran,Mumbai,Maharashtra,PID421,Jeans,Fashion,Jeans,54368.25,5.0,20.0,Cash on Delivery,Delivered,3.2,217473.0
ORD11682,2023-08-02,CUST1475,Veda Dube,Mumbai,Maharashtra,PID543,Dumbbells,Sports,Dumbbells,29796.87,2.0,25.0,Net Banking,Delayed,2.5,44695.3
ORD10883,2023-07-31,CUST1384,Eshana Mane,Hyderabad,Telangana,PID253,Dumbbells,Sports,Dumbbells,47183.82,4.0,0.0,UPI,Cancelled,5.0,188735.28
ORD13709,2023-08-31,CUST1954,Faqid Devi,Mumbai,Maharashtra,PID269,Sneakers,Fashion,Sneakers,71438.56,5.0,0.0,UPI,Delivered,1.8,357192.8
ORD10699,2023-11-14,CUST1231,Chaman Krishna,Delhi,Delhi,PID527,Air Fryer,Home & Kitchen,Air Fryer,78966.28,2.0,10.0,Credit Card,Cancelled,3.8,142139.3
ORD14949,2024-07-14,CUST1161,Vasana Sastry,Pune,Maharashtra,PID564,Jacket,Fashion,Jacket,50509.05,5.0,0.0,UPI,Delayed,4.1,252545.25
ORD14094,2024-08-06,CUST1144,Saanvi Nazareth,Ahmedabad,Gujarat,PID273,Perfume,Beauty,Perfume,63578.53,3.0,30.0,Cash on Delivery,Unknown,1.4,133514.91
ORD12052,2023-09-15,CUST1010,Janya Tank,Ahmedabad,Gujarat,PID171,Textbook,Books,Textbook,26190.3,1.0,10.0,UPI,Returned,4.8,23571.27
ORD13968,2024-12-02,CUST1066,Inaya Khosla,Kolkata,West Bengal,PID304,Comic,Books,Comic,21582.45,4.0,0.0,Net Banking,Delivered,1.3,86329.8
ORD10216,2023-05-07,CUST1049,Bachittar Solanki,Ahmedabad,Gujarat,PID438,Face Wash,Beauty,Face Wash,20305.27,1.0,10.0,Unknown,Delivered,,18274.74
ORD13025,2023-04-26,CUST1688,Ekani Munshi,Hyderabad,Telangana,PID333,Football,Sports,Football,54490.55,2.0,0.0,Cash on Delivery,Delivered,4.2,108981.1
ORD12147,2023-11-23,CUST1493,Brijesh Agrawal,Surat,Gujarat,PID154,Cricket Bat,Sports,Cricket Bat,5215.24,4.0,15.0,Net Banking,Delayed,3.0,17731.82
ORD12323,2023-11-07,CUST1277,Sudiksha Savant,Surat,Gujarat,PID280,Sunscreen,Beauty,Sunscreen,8825.11,5.0,0.0,Cash on Delivery,Delivered,3.0,44125.55
ORD13683,2023-07-27,CUST1684,Leena Som,Indore,Madhya Pradesh,PID534,Bluetooth Speaker,Electronics,Bluetooth Speaker,79804.98,5.0,5.0,Cash on Delivery,Cancelled,,379073.66
ORD12483,2024-01-30,CUST1752,Aarav Gera,Chennai,Tamil Nadu,PID224,Dumbbells,Sports,Dumbbells,79266.02,3.0,20.0,Unknown,Cancelled,3.9,190238.45
ORD11371,2024-07-15,CUST1407,Bakhshi Narang,Indore,Madhya Pradesh,PID307,Comic,Books,Comic,25785.4,1.0,5.0,Credit Card,Delivered,2.4,24496.13
ORD11567,2024-09-29,CUST1631,George Gole,Delhi,Delhi,PID302,Comic,Books,Comic,16350.26,1.0,5.0,Debit Card,Delayed,3.6,15532.75
ORD12193,2023-11-13,CUST1978,Bishakha Aurora,Delhi,Delhi,PID458,Dumbbells,Sports,Dumbbells,65326.63,4.0,40.0,UPI,Cancelled,4.5,156783.91
ORD13597,2023-06-14,CUST1629,Chameli Savant,Mumbai,Maharashtra,PID359,Air Fryer,Home & Kitchen,Air Fryer,15295.13,4.0,0.0,Credit Card,Cancelled,3.4,61180.52
ORD13321,2023-05-29,CUST1999,Zehaan Chaudhuri,Chennai,Tamil Nadu,PID553,Novel,Books,Novel,27421.35,5.0,25.0,Net Banking,Delayed,2.7,102830.06
ORD13942,2024-08-08,CUST1567,Amaira Mammen,Jaipur,Rajasthan,PID252,Dumbbells,Sports,Dumbbells,40122.55,5.0,10.0,Cash on Delivery,Delayed,,180551.48
ORD11517,2023-09-07,CUST1687,Henry Sant,Lucknow,Uttar Pradesh,PID224,Sneakers,Fashion,Sneakers,18146.12,1.0,20.0,Debit Card,Returned,3.8,14516.9
ORD12749,2024-04-15,CUST1083,Ethan Kari,Indore,Madhya Pradesh,PID504,Textbook,Books,Textbook,45582.1,1.0,40.0,Unknown,Delivered,4.9,27349.26
ORD12504,2024-01-07,CUST1432,Robert Keer,Lucknow,Uttar Pradesh,PID588,Kurta,Fashion,Kurta,77792.51,5.0,5.0,Net Banking,Delayed,4.8,369514.42
ORD11767,2024-10-06,CUST1316,Fariq Batra,Lucknow,Uttar Pradesh,PID500,Cookware Set,Home & Kitchen,Cookware Set,37390.52,5.0,15.0,Net Banking,Delivered,3.8,158909.71
ORD14995,2024-07-23,CUST1961,Rehaan Ramanathan,Ahmedabad,Gujarat,PID291,Kurta,Fashion,Kurta,58528.85,5.0,0.0,Cash on Delivery,Cancelled,2.9,292644.25
ORD12187,2023-07-28,CUST1271,Brinda Sagar,Kolkata,West Bengal,PID555,Kurta,Fashion,Kurta,3039.08,1.0,20.0,UPI,Delivered,2.2,2431.26
ORD14900,2023-09-19,CUST1678,Chandresh Rattan,Chennai,Tamil Nadu,PID239,Bluetooth Speaker,Electronics,Bluetooth Speaker,49736.13,1.0,20.0,Unknown,Delivered,2.2,39788.9
ORD13309,2023-04-01,CUST1559,Tripti Din,Ahmedabad,Gujarat,PID129,Smartwatch,Electronics,Smartwatch,21064.96,5.0,15.0,Unknown,Delivered,2.8,89526.08
ORD11038,2024-03-13,CUST1915,Aahana Arya,Indore,Madhya Pradesh,PID513,Cookware Set,Home & Kitchen,Cookware Set,10744.57,5.0,25.0,Credit Card,Delayed,4.6,40292.14
ORD13000,2024-10-16,CUST1355,Inaya Singhal,Chennai,Tamil Nadu,PID111,Air Fryer,Home & Kitchen,Air Fryer,21224.47,2.0,5.0,Credit Card,Delivered,3.7,40326.49
ORD11511,2024-10-15,CUST1436,Aashi Nayar,Kolkata,West Bengal,PID154,Lipstick,Beauty,Lipstick,67892.39,2.0,5.0,Debit Card,Delivered,,128995.54
ORD10412,2024-07-01,CUST1958,Keya Vala,Surat,Gujarat,PID521,Bluetooth Speaker,Electronics,Bluetooth Speaker,21684.87,3.0,5.0,Cash on Delivery,Delivered,4.4,61801.88
ORD14416,2023-10-27,CUST1172,Janani Kaul,Kolkata,West Bengal,PID496,Comic,Books,Comic,67339.28,2.0,30.0,UPI,Delivered,3.6,94274.99
ORD14809,2024-04-06,CUST1942,Yash Borah,Bangalore,Karnataka,PID454,Dumbbells,Sports,Dumbbells,33668.34,1.0,15.0,Unknown,Delivered,1.9,28618.09
ORD11302,2023-12-06,CUST1595,Atharv Deshmukh,Chennai,Tamil Nadu,PID427,Comic,Books,Comic,78729.21,1.0,15.0,Unknown,Unknown,2.3,66919.83
ORD13260,2024-09-14,CUST1802,Mitesh Karan,Jaipur,Rajasthan,PID207,Tablet,Electronics,Tablet,31416.69,5.0,5.0,Credit Card,Delayed,4.6,149229.28
ORD14193,2024-04-30,CUST1406,Neha Hegde,Kolkata,West Bengal,PID174,Bluetooth Speaker,Electronics,Bluetooth Speaker,8910.81,5.0,0.0,Credit Card,Delivered,2.0,44554.05
ORD13317,2023-01-24,CUST1987,Gaurang Dey,Indore,Madhya Pradesh,PID467,Dumbbells,Sports,Dumbbells,56501.91,5.0,15.0,Unknown,Delayed,4.1,240133.12
ORD13476,2023-06-20,CUST1471,Jonathan Dua,Hyderabad,Telangana,PID115,Face Wash,Beauty,Face Wash,11923.55,3.0,10.0,Net Banking,Cancelled,2.3,32193.58
ORD10778,2023-11-28,CUST1506,Divya Chad,Chennai,Tamil Nadu,PID214,Water Bottle,Home & Kitchen,Water Bottle,35798.59,3.0,5.0,Net Banking,Delivered,,102025.98
ORD14150,2023-03-20,CUST1505,Rohan Dugar,Kolkata,West Bengal,PID471,Tablet,Electronics,Tablet,44092.72,5.0,20.0,Net Banking,Delivered,2.5,176370.88
ORD14418,2024-08-30,CUST1817,Gayathri Bhasin,Indore,Madhya Pradesh,PID268,Novel,Books,Novel,42650.27,2.0,30.0,Cash on Delivery,Cancelled,1.4,59710.38
ORD12550,2023-04-16,CUST1032,Tanvi Jain,Bangalore,Karnataka,PID405,Biography,Books,Biography,70870.67,2.0,20.0,Unknown,Unknown,1.0,113393.07
ORD14939,2024-12-30,CUST1100,Sarthak Venkataraman,Lucknow,Uttar Pradesh,PID319,Bedsheet,Home & Kitchen,Bedsheet,20458.34,4.0,40.0,Unknown,Returned,3.2,49100.02
ORD10759,2023-08-19,CUST1231,Mahika Jani,Kolkata,West Bengal,PID228,Smartwatch,Electronics,Smartwatch,67422.39,2.0,10.0,Debit Card,Cancelled,4.0,121360.3
ORD12368,2023-11-26,CUST1310,Chakradev Saini,Chennai,Tamil Nadu,PID573,Smartphone,Electronics,Smartphone,53089.12,1.0,30.0,Net Banking,Delivered,2.1,37162.38
ORD12477,2024-03-06,CUST1438,Praneel Murty,Kolkata,West Bengal,PID397,Sneakers,Fashion,Sneakers,78379.7,2.0,5.0,UPI,Delayed,,148921.43
ORD13692,2023-11-08,CUST1985,Darpan Grover,Hyderabad,Telangana,PID507,Biography,Books,Biography,14002.28,1.0,5.0,Credit Card,Unknown,4.6,13302.17
ORD11318,2024-03-04,CUST1723,Victor Deshmukh,Chennai,Tamil Nadu,PID236,Laptop,Electronics,Laptop,78692.06,2.0,10.0,Credit Card,Delivered,1.2,141645.71
ORD13185,2024-02-13,CUST1597,Wishi Chauhan,Mumbai,Maharashtra,PID192,Headphones,Electronics,Headphones,48475.89,3.0,5.0,Cash on Delivery,Delivered,,138156.29
ORD10074,2023-06-09,CUST1621,Finn Banik,Kolkata,West Bengal,PID326,Shampoo,Beauty,Shampoo,30779.5,5.0,0.0,Debit Card,Delayed,3.5,153897.5
ORD10026,2024-04-21,CUST1527,Gaurangi Apte,Lucknow,Uttar Pradesh,PID439,Saree,Fashion,Saree,0.0,3.0,25.0,Unknown,Delivered,3.7,0.0
ORD13908,2024-02-17,CUST1296,Girindra Balasubramanian,Surat,Gujarat,PID172,Sneakers,Fashion,Sneakers,1767.63,2.0,10.0,Credit Card,Delivered,1.6,3181.73
ORD13687,2024-07-07,CUST1033,Rohan Radhakrishnan,Chennai,Tamil Nadu,PID360,Smartphone,Electronics,Smartphone,11570.75,5.0,25.0,Unknown,Cancelled,1.7,43390.31
ORD11127,2023-05-03,CUST1781,Samar Yogi,Surat,Gujarat,PID303,Sneakers,Fashion,Sneakers,16159.6,3.0,15.0,Net Banking,Returned,3.4,41206.98
ORD13578,2024-03-10,CUST1409,Harita Pandey,Mumbai,Maharashtra,PID135,Football,Sports,Football,25647.82,1.0,25.0,Credit Card,Returned,5.0,19235.86
ORD11140,2024-02-20,CUST1914,Anthony Nath,Ahmedabad,Gujarat,PID347,Saree,Fashion,Saree,67708.01,4.0,40.0,UPI,Delivered,4.8,162499.22
ORD10506,2024-08-13,CUST1386,Aayush Nori,Hyderabad,Telangana,PID185,Shampoo,Beauty,Shampoo,14899.67,5.0,20.0,Cash on Delivery,Delivered,3.5,59598.68
ORD11561,2023-11-14,CUST1779,Siddharth Balasubramanian,Indore,Madhya Pradesh,PID303,Dumbbells,Sports,Dumbbells,72651.46,5.0,15.0,Debit Card,Cancelled,4.5,308768.7
ORD14763,2023-08-15,CUST1309,Vanya Dash,Indore,Madhya Pradesh,PID117,Bedsheet,Home & Kitchen,Bedsheet,6248.88,5.0,15.0,Net Banking,Delayed,1.5,26557.74
ORD14205,2024-01-30,CUST1241,Qasim Bajwa,Hyderabad,Telangana,PID332,Mixer Grinder,Home & Kitchen,Mixer Grinder,73653.76,1.0,0.0,Net Banking,Delivered,2.9,73653.76
ORD14901,2023-07-21,CUST1692,Shravya Korpal,Indore,Madhya Pradesh,PID314,Headphones,Electronics,Headphones,34934.45,3.0,30.0,Cash on Delivery,Delivered,2.8,73362.34
ORD14998,2024-01-09,CUST1941,Ekapad Subramaniam,Indore,Madhya Pradesh,PID296,Dumbbells,Sports,Dumbbells,77209.57,2.0,40.0,Net Banking,Delayed,2.4,92651.48
ORD13531,2024-01-18,CUST1054,Falak Sandhu,Ahmedabad,Gujarat,PID355,Lipstick,Beauty,Lipstick,42833.34,3.0,15.0,UPI,Delivered,1.9,109225.02
ORD13724,2024-03-08,CUST1928,Sarthak Kapadia,Lucknow,Uttar Pradesh,PID216,Kurta,Fashion,Kurta,4004.81,1.0,15.0,UPI,Delivered,4.1,3404.09
ORD11121,2023-05-20,CUST1125,Hemal Bose,Kolkata,West Bengal,PID577,Perfume,Beauty,Perfume,16477.89,4.0,20.0,UPI,Delivered,4.1,52729.25
ORD11113,2024-01-06,CUST1988,Ekalinga Dhaliwal,Mumbai,Maharashtra,PID320,Shampoo,Beauty,Shampoo,34577.35,1.0,30.0,Debit Card,Delivered,2.2,24204.14
ORD10587,2023-11-02,CUST1850,Nicholas Tak,Pune,Maharashtra,PID127,Bluetooth Speaker,Electronics,Bluetooth Speaker,24395.85,1.0,5.0,Credit Card,Returned,2.8,23176.06
ORD10602,2023-08-14,CUST1356,Umang Gera,Jaipur,Rajasthan,PID462,Tablet,Electronics,Tablet,68522.34,2.0,10.0,Debit Card,Delayed,3.8,123340.21
ORD10612,2023-10-15,CUST1084,Bimala Bajwa,Pune,Maharashtra,PID280,Saree,Fashion,Saree,57375.79,2.0,40.0,Debit Card,Unknown,3.9,68850.95
ORD13187,2023-07-09,CUST1305,Janaki Mitter,Surat,Gujarat,PID529,Smartphone,Electronics,Smartphone,73652.23,2.0,0.0,UPI,Returned,1.7,147304.46
ORD12474,2023-01-11,CUST1398,Jasmit Bhavsar,Bangalore,Karnataka,PID392,Bedsheet,Home & Kitchen,Bedsheet,439.68,5.0,15.0,Cash on Delivery,Delivered,1.6,1868.64
ORD12697,2023-12-05,CUST1392,Shravya Sem,Mumbai,Maharashtra,PID548,Yoga Mat,Sports,Yoga Mat,58680.05,5.0,5.0,Cash on Delivery,Delivered,,278730.24
ORD11090,2023-08-28,CUST1914,Jagrati Om,Mumbai,Maharashtra,PID142,Shampoo,Beauty,Shampoo,61853.37,4.0,25.0,UPI,Returned,4.7,185560.11
ORD12738,2024-05-10,CUST1917,Onveer Guha,Bangalore,Karnataka,PID433,Cricket Bat,Sports,Cricket Bat,70268.7,2.0,20.0,Debit Card,Delivered,1.0,112429.92
ORD11536,2023-01-19,CUST1519,Vedant Kulkarni,Chennai,Tamil Nadu,PID300,Biography,Books,Biography,57604.76,1.0,15.0,Unknown,Delivered,3.9,48964.05
ORD11409,2024-07-11,CUST1067,Falak Din,Delhi,Delhi,PID280,Football,Sports,Football,56496.72,3.0,5.0,Unknown,Delivered,3.7,161015.65
ORD12614,2024-10-10,CUST1880,Owen Sampath,Hyderabad,Telangana,PID480,Cricket Bat,Sports,Cricket Bat,35310.88,1.0,20.0,Net Banking,Returned,2.5,28248.7
ORD10886,2023-07-18,CUST1025,Samar Hayre,Jaipur,Rajasthan,PID360,Water Bottle,Home & Kitchen,Water Bottle,43018.16,4.0,25.0,UPI,Delivered,,129054.48
ORD14993,2024-12-06,CUST1639,Dalbir De,Jaipur,Rajasthan,PID289,Water Bottle,Home & Kitchen,Water Bottle,89276.02,3.0,30.0,UPI,Returned,1.1,187479.64
ORD14595,2023-11-27,CUST1840,Xalak Batta,Indore,Madhya Pradesh,PID201,Yoga Mat,Sports,Yoga Mat,13904.3,3.0,0.0,Unknown,Cancelled,2.7,41712.9
ORD10783,2024-02-10,CUST1583,Patrick Rout,Lucknow,Uttar Pradesh,PID508,Football,Sports,Football,22793.28,5.0,10.0,Unknown,Delivered,2.8,102569.76
ORD14726,2024-07-20,CUST1191,Dev Nadkarni,Hyderabad,Telangana,PID320,Yoga Mat,Sports,Yoga Mat,36920.0,3.0,20.0,Net Banking,Cancelled,2.1,88608.0
ORD14098,2024-04-05,CUST1159,Benjamin Goda,Chennai,Tamil Nadu,PID169,Lipstick,Beauty,Lipstick,53617.19,4.0,30.0,Cash on Delivery,Delivered,2.0,150128.13
ORD10630,2023-03-28,CUST1579,Siddharth Tandon,Pune,Maharashtra,PID346,Lipstick,Beauty,Lipstick,60356.62,5.0,0.0,Debit Card,Cancelled,4.3,301783.1
ORD14181,2023-04-05,CUST1730,Andrew Yogi,Mumbai,Maharashtra,PID464,Comic,Books,Comic,17865.83,5.0,20.0,Net Banking,Delivered,1.1,71463.32
ORD14685,2023-08-11,CUST1215,Maya Gade,Kolkata,West Bengal,PID145,Tablet,Electronics,Tablet,83938.53,2.0,40.0,Net Banking,Delivered,,100726.24
ORD12549,2023-10-30,CUST1280,Manbir Brahmbhatt,Jaipur,Rajasthan,PID567,Air Fryer,Home & Kitchen,Air Fryer,38658.56,3.0,0.0,Credit Card,Delivered,4.6,115975.68
ORD13822,2024-08-18,CUST1731,Ranveer Chanda,Surat,Gujarat,PID116,Smartphone,Electronics,Smartphone,51483.09,4.0,15.0,Unknown,Delivered,1.7,175042.51
ORD12458,2024-10-04,CUST1645,Sanaya Panchal,Chennai,Tamil Nadu,PID345,Shampoo,Beauty,Shampoo,54187.43,1.0,20.0,Unknown,Cancelled,4.5,43349.94
ORD10409,2024-06-18,CUST1243,Manthan Bose,Chennai,Tamil Nadu,PID407,Smartwatch,Electronics,Smartwatch,60499.74,2.0,5.0,Net Banking,Delivered,3.3,114949.51
ORD13392,2024-12-18,CUST1162,Arunima Swaminathan,Kolkata,West Bengal,PID313,Cookware Set,Home & Kitchen,Cookware Set,70105.24,2.0,5.0,Cash on Delivery,Unknown,2.1,133199.96
ORD10165,2024-12-21,CUST1008,Abeer Ravi,Mumbai,Maharashtra,PID456,Yoga Mat,Sports,Yoga Mat,35761.29,2.0,5.0,Net Banking,Delivered,,67946.45
ORD13266,2024-12-05,CUST1965,Vasatika Rao,Kolkata,West Bengal,PID367,Water Bottle,Home & Kitchen,Water Bottle,27964.78,5.0,40.0,UPI,Unknown,1.7,83894.34
ORD14717,2024-06-21,CUST1815,Hritik Setty,Chennai,Tamil Nadu,PID396,Football,Sports,Football,70429.92,5.0,0.0,Debit Card,Unknown,2.6,352149.6
ORD12337,2023-08-09,CUST1735,Daksha Shankar,Surat,Gujarat,PID248,Shampoo,Beauty,Shampoo,40785.19,5.0,30.0,Credit Card,Unknown,,142748.16
ORD12039,2024-08-30,CUST1109,Avi Murthy,Hyderabad,Telangana,PID535,Comic,Books,Comic,72197.61,1.0,40.0,Net Banking,Delivered,3.5,43318.57
ORD11970,2024-06-30,CUST1902,Noah Jha,Delhi,Delhi,PID336,Comic,Books,Comic,4945.5,4.0,40.0,Cash on Delivery,Delivered,4.5,11869.2
ORD13509,2024-08-06,CUST1068,Ikbal Dhar,Jaipur,Rajasthan,PID190,Kurta,Fashion,Kurta,59772.07,5.0,5.0,Cash on Delivery,Delivered,4.1,283917.33
ORD13571,2024-09-28,CUST1039,Girik Patla,Lucknow,Uttar Pradesh,PID174,Cookware Set,Home & Kitchen,Cookware Set,70614.55,5.0,20.0,Debit Card,Unknown,3.2,282458.2
ORD11650,2023-07-06,CUST1766,Turvi Sastry,Kolkata,West Bengal,PID302,Bluetooth Speaker,Electronics,Bluetooth Speaker,40940.89,1.0,30.0,Cash on Delivery,Delayed,1.9,28658.62
ORD14496,2024-11-13,CUST1599,Sai Chaudhari,Mumbai,Maharashtra,PID233,Lipstick,Beauty,Lipstick,42540.24,5.0,40.0,Unknown,Returned,3.7,127620.72
ORD12427,2023-05-06,CUST1724,Viraj Chhabra,Indore,Madhya Pradesh,PID531,Face Wash,Beauty,Face Wash,80506.74,2.0,5.0,Unknown,Delivered,2.1,152962.81
ORD11088,2024-08-31,CUST1644,Warjas Warrior,Chennai,Tamil Nadu,PID458,Comic,Books,Comic,7343.54,5.0,0.0,Debit Card,Delivered,4.7,36717.7
ORD14367,2024-02-15,CUST1894,Chatura Taneja,Chennai,Tamil Nadu,PID568,Biography,Books,Biography,45593.39,1.0,20.0,Unknown,Delivered,3.2,36474.71
ORD13140,2024-07-22,CUST1642,Upadhriti Sandhu,Bangalore,Karnataka,PID168,Mixer Grinder,Home & Kitchen,Mixer Grinder,8823.64,2.0,10.0,Credit Card,Delivered,2.0,15882.55
ORD13989,2023-04-14,CUST1898,Rajeshri Peri,Ahmedabad,Gujarat,PID526,Biography,Books,Biography,10725.03,3.0,15.0,Unknown,Delivered,,27348.83
ORD14106,2023-05-05,CUST1330,Chavvi Gokhale,Surat,Gujarat,PID275,Jeans,Fashion,Jeans,37098.83,5.0,25.0,Cash on Delivery,Delivered,4.6,139120.61
ORD11755,2023-10-07,CUST1385,Chameli Zacharia,Kolkata,West Bengal,PID539,T-Shirt,Fashion,T-Shirt,19598.56,4.0,10.0,Credit Card,Unknown,3.9,70554.82
ORD10295,2024-10-10,CUST1784,Nirja Batra,Lucknow,Uttar Pradesh,PID381,Saree,Fashion,Saree,39954.64,3.0,30.0,Net Banking,Cancelled,3.9,83904.74
ORD14093,2023-03-07,CUST1960,Manya Bedi,Jaipur,Rajasthan,PID125,Yoga Mat,Sports,Yoga Mat,35998.37,2.0,5.0,UPI,Returned,1.5,68396.9
ORD11823,2023-05-29,CUST1530,Jagvi Radhakrishnan,Lucknow,Uttar Pradesh,PID290,Tablet,Electronics,Tablet,52043.66,3.0,25.0,UPI,Delivered,3.9,117098.24
ORD11910,2024-07-20,CUST1607,Lipika Yohannan,Bangalore,Karnataka,PID370,Football,Sports,Football,45180.43,4.0,5.0,Unknown,Delayed,3.2,171685.63
ORD12915,2024-12-14,CUST1952,Samesh Choudhury,Ahmedabad,Gujarat,PID512,Mixer Grinder,Home & Kitchen,Mixer Grinder,28706.77,3.0,5.0,Unknown,Delivered,1.3,81814.29
ORD12861,2024-07-31,CUST1065,Quincy Patla,Bangalore,Karnataka,PID184,Perfume,Beauty,Perfume,83838.13,1.0,30.0,Unknown,Delivered,1.4,58686.69
ORD13793,2023-12-02,CUST1559,Advika Ben,Delhi,Delhi,PID332,Dumbbells,Sports,Dumbbells,86778.32,1.0,5.0,Unknown,Unknown,1.6,82439.4
ORD12364,2024-02-03,CUST1461,Vrinda Pathak,Lucknow,Uttar Pradesh,PID512,Comic,Books,Comic,10469.41,3.0,15.0,Net Banking,Cancelled,1.8,26697.0
ORD10529,2023-09-04,CUST1814,Vasana Gaba,Jaipur,Rajasthan,PID443,Smartphone,Electronics,Smartphone,58561.29,4.0,5.0,Credit Card,Returned,2.2,222532.9
ORD13203,2024-12-27,CUST1807,Nisha Bala,Delhi,Delhi,PID192,Biography,Books,Biography,37259.38,4.0,40.0,Unknown,Cancelled,1.7,89422.51
ORD13226,2024-03-01,CUST1601,Gaurangi Kara,Ahmedabad,Gujarat,PID362,Novel,Books,Novel,11596.36,5.0,15.0,Net Banking,Cancelled,4.2,49284.53
ORD11969,2024-08-07,CUST1977,Urvashi Prabhu,Indore,Madhya Pradesh,PID488,Shampoo,Beauty,Shampoo,3505.24,2.0,15.0,Credit Card,Unknown,2.1,5958.91
ORD12238,2024-08-24,CUST1086,Adya Dora,Jaipur,Rajasthan,PID309,Yoga Mat,Sports,Yoga Mat,0.0,1.0,20.0,UPI,Delivered,3.0,0.0
ORD10028,2023-06-30,CUST1136,Imaran Kala,Kolkata,West Bengal,PID510,Dumbbells,Sports,Dumbbells,36058.81,1.0,15.0,Net Banking,Delivered,3.8,30649.99
ORD14115,2024-06-01,CUST1405,Tarak Chander,Chennai,Tamil Nadu,PID566,Water Bottle,Home & Kitchen,Water Bottle,53406.09,5.0,40.0,UPI,Delivered,4.7,160218.27
ORD11674,2024-11-01,CUST1627,Aachal Kota,Jaipur,Rajasthan,PID142,Mixer Grinder,Home & Kitchen,Mixer Grinder,35185.3,2.0,20.0,Cash on Delivery,Delivered,2.6,56296.48
ORD10275,2023-03-23,CUST1660,Jack Dani,Bangalore,Karnataka,PID302,Yoga Mat,Sports,Yoga Mat,57706.17,5.0,5.0,Debit Card,Returned,1.9,274104.31
ORD11073,2024-09-13,CUST1541,Ladli Kar,Jaipur,Rajasthan,PID449,Kurta,Fashion,Kurta,12803.28,5.0,30.0,Cash on Delivery,Cancelled,1.1,44811.48
ORD14866,2024-11-26,CUST1551,Saksham Loyal,Chennai,Tamil Nadu,PID545,Comic,Books,Comic,18046.11,1.0,5.0,Unknown,Cancelled,2.2,17143.8
ORD14514,2023-10-25,CUST1316,Maanas Lanka,Pune,Maharashtra,PID538,Bedsheet,Home & Kitchen,Bedsheet,60368.17,2.0,40.0,Unknown,Cancelled,2.3,72441.8
ORD13718,2023-06-27,CUST1058,Ucchal Soman,Bangalore,Karnataka,PID313,Water Bottle,Home & Kitchen,Water Bottle,74355.81,5.0,20.0,Debit Card,Delivered,4.4,297423.24
ORD14022,2023-02-13,CUST1095,Dayamai Saxena,Surat,Gujarat,PID328,Novel,Books,Novel,24856.36,3.0,0.0,Cash on Delivery,Unknown,3.6,74569.08
ORD14508,2023-03-10,CUST1283,Tristan Modi,Kolkata,West Bengal,PID374,Cricket Bat,Sports,Cricket Bat,6440.35,2.0,25.0,Cash on Delivery,Delayed,2.0,9660.53
ORD13383,2023-12-07,CUST1044,Sathvik Mani,Indore,Madhya Pradesh,PID555,Smartwatch,Electronics,Smartwatch,62444.43,4.0,25.0,Cash on Delivery,Delivered,2.8,187333.29
ORD14401,2023-08-24,CUST1003,Keya Krishna,Mumbai,Maharashtra,PID165,Smartwatch,Electronics,Smartwatch,27107.62,5.0,40.0,UPI,Returned,3.0,81322.86
ORD11291,2023-06-13,CUST1998,Chanchal Rajan,Lucknow,Uttar Pradesh,PID495,Jacket,Fashion,Jacket,20354.24,4.0,5.0,Debit Card,Returned,1.5,77346.11
ORD13705,2024-05-14,CUST1959,Krisha Minhas,Lucknow,Uttar Pradesh,PID135,Textbook,Books,Textbook,23542.9,1.0,30.0,Net Banking,Unknown,2.2,16480.03
ORD10586,2024-09-07,CUST1216,Zinal Parikh,Kolkata,West Bengal,PID544,Headphones,Electronics,Headphones,3589.67,2.0,0.0,Cash on Delivery,Delayed,1.2,7179.34
ORD10838,2024-06-07,CUST1919,Mugdha Bhardwaj,Ahmedabad,Gujarat,PID233,Sneakers,Fashion,Sneakers,13830.19,5.0,25.0,Debit Card,Delivered,4.3,51863.21
ORD10711,2024-05-29,CUST1434,Advay Dewan,Mumbai,Maharashtra,PID372,Shampoo,Beauty,Shampoo,27370.46,5.0,40.0,Net Banking,Delivered,2.9,82111.38
ORD14398,2024-10-30,CUST1490,Luke Bora,Hyderabad,Telangana,PID471,Novel,Books,Novel,74428.17,4.0,40.0,Net Banking,Delayed,4.4,178627.61
ORD12616,2024-02-04,CUST1906,Anvi Divan,Kolkata,West Bengal,PID300,Novel,Books,Novel,68942.48,1.0,10.0,UPI,Delivered,2.8,62048.23
ORD11251,2024-04-23,CUST1973,Gaurang Dua,Mumbai,Maharashtra,PID576,Lipstick,Beauty,Lipstick,47849.43,3.0,10.0,Credit Card,Delayed,4.7,129193.46
ORD14305,2024-12-23,CUST1951,Yatin Bandi,Ahmedabad,Gujarat,PID291,Novel,Books,Novel,17921.45,2.0,40.0,UPI,Delivered,,21505.74
ORD12966,2023-03-20,CUST1112,Turvi Virk,Surat,Gujarat,PID271,Tablet,Electronics,Tablet,16152.34,2.0,25.0,Debit Card,Delivered,1.1,24228.51
ORD11438,2023-03-19,CUST1914,Ijaya Manda,Delhi,Delhi,PID227,Cricket Bat,Sports,Cricket Bat,26141.46,4.0,25.0,UPI,Delivered,4.0,78424.38
ORD13910,2023-09-13,CUST1339,Ria Roy,Chennai,Tamil Nadu,PID450,Cookware Set,Home & Kitchen,Cookware Set,53150.91,5.0,30.0,Net Banking,Cancelled,4.5,186028.19
ORD11554,2024-06-27,CUST1298,Krishna Purohit,Ahmedabad,Gujarat,PID432,Shampoo,Beauty,Shampoo,60951.38,2.0,15.0,Net Banking,Delivered,,103617.35
ORD10817,2024-10-08,CUST1940,Janya Panchal,Mumbai,Maharashtra,PID481,Smartphone,Electronics,Smartphone,65121.17,5.0,40.0,UPI,Delivered,4.1,195363.51
ORD14053,2023-04-22,CUST1940,Kevin Nadig,Hyderabad,Telangana,PID111,Shampoo,Beauty,Shampoo,3164.04,5.0,0.0,UPI,Unknown,3.5,15820.2
ORD10958,2024-09-14,CUST1328,Zaitra Ramanathan,Mumbai,Maharashtra,PID581,Face Wash,Beauty,Face Wash,84954.74,2.0,30.0,Credit Card,Returned,,118936.64
ORD10303,2024-09-27,CUST1460,Jagat Prakash,Surat,Gujarat,PID341,Jeans,Fashion,Jeans,33737.8,1.0,15.0,UPI,Delivered,4.5,28677.13
ORD12620,2023-05-19,CUST1976,Anjali Saxena,Indore,Madhya Pradesh,PID501,Smartwatch,Electronics,Smartwatch,52508.85,3.0,20.0,Credit Card,Delayed,3.8,126021.24
ORD14756,2024-12-01,CUST1830,Xavier Kibe,Chennai,Tamil Nadu,PID151,Lipstick,Beauty,Lipstick,40187.08,3.0,10.0,Cash on Delivery,Cancelled,3.4,108505.12
ORD14112,2023-01-16,CUST1377,Farhan Kari,Pune,Maharashtra,PID337,Perfume,Beauty,Perfume,51634.93,4.0,10.0,UPI,Delayed,3.1,185885.75
ORD12679,2023-09-05,CUST1095,Anay Kota,Surat,Gujarat,PID382,Face Wash,Beauty,Face Wash,72999.83,5.0,15.0,Net Banking,Delivered,4.3,310249.28
ORD13560,2024-07-29,CUST1448,Ekiya Natarajan,Chennai,Tamil Nadu,PID430,Dumbbells,Sports,Dumbbells,49243.46,2.0,20.0,Credit Card,Delivered,1.3,78789.54
ORD12486,2024-05-06,CUST1018,Kevin Madan,Lucknow,Uttar Pradesh,PID326,Football,Sports,Football,7271.35,4.0,40.0,Net Banking,Delivered,4.2,17451.24
ORD14986,2024-07-11,CUST1064,Teerth Dugal,Bangalore,Karnataka,PID554,Dumbbells,Sports,Dumbbells,60399.74,5.0,25.0,Debit Card,Cancelled,,226499.03
ORD13816,2024-08-27,CUST1224,Watika Guha,Delhi,Delhi,PID238,Sneakers,Fashion,Sneakers,58258.7,1.0,5.0,Credit Card,Delayed,1.7,55345.76
ORD11064,2024-07-05,CUST1613,Niharika Jaggi,Ahmedabad,Gujarat,PID131,Football,Sports,Football,57981.9,5.0,20.0,Cash on Delivery,Cancelled,4.2,231927.6
ORD10873,2024-11-18,CUST1102,Leena Arora,Kolkata,West Bengal,PID533,Jeans,Fashion,Jeans,54923.21,3.0,15.0,Cash on Delivery,Delayed,3.3,140054.19
ORD14974,2023-04-29,CUST1257,Charan Suri,Kolkata,West Bengal,PID334,Comic,Books,Comic,79421.4,5.0,30.0,UPI,Delivered,3.0,277974.9
ORD12820,2024-10-27,CUST1000,Faraj Ganesh,Jaipur,Rajasthan,PID117,Cookware Set,Home & Kitchen,Cookware Set,75997.78,3.0,0.0,Cash on Delivery,Delayed,1.2,227993.34
ORD14116,2024-03-28,CUST1418,Vihaan Chander,Kolkata,West Bengal,PID326,Shampoo,Beauty,Shampoo,41087.55,4.0,15.0,Credit Card,Cancelled,2.6,139697.67
ORD10160,2023-10-24,CUST1985,Chakrika Gulati,Mumbai,Maharashtra,PID484,Jeans,Fashion,Jeans,51371.18,2.0,20.0,Unknown,Unknown,4.8,82193.89
ORD10924,2024-04-29,CUST1205,Mohini Aggarwal,Pune,Maharashtra,PID452,Cookware Set,Home & Kitchen,Cookware Set,10070.92,2.0,0.0,Debit Card,Delivered,3.1,20141.84
ORD12771,2023-07-21,CUST1028,Avi Kala,Bangalore,Karnataka,PID297,Saree,Fashion,Saree,15042.98,2.0,5.0,Credit Card,Delivered,4.7,28581.66
ORD10060,2023-05-15,CUST1897,Fariq Narang,Surat,Gujarat,PID597,Yoga Mat,Sports,Yoga Mat,8880.18,4.0,25.0,Credit Card,Delivered,2.2,26640.54
ORD12923,2023-01-02,CUST1865,Chatresh Mammen,Bangalore,Karnataka,PID475,Tablet,Electronics,Tablet,57491.12,4.0,25.0,Debit Card,Returned,4.4,172473.36
ORD14683,2024-05-07,CUST1057,Bishakha Gole,Bangalore,Karnataka,PID280,Biography,Books,Biography,32162.49,4.0,0.0,Net Banking,Returned,1.5,128649.96
ORD14837,2023-08-22,CUST1447,Aryan Mohan,Ahmedabad,Gujarat,PID228,Lipstick,Beauty,Lipstick,38892.02,5.0,30.0,Net Banking,Unknown,,136122.07
ORD11976,2024-09-27,CUST1567,Advaith Swaminathan,Ahmedabad,Gujarat,PID544,Air Fryer,Home & Kitchen,Air Fryer,39042.43,1.0,20.0,UPI,Delivered,,31233.94
ORD10024,2024-12-26,CUST1441,Harrison Lal,Pune,Maharashtra,PID135,Football,Sports,Football,54617.87,5.0,0.0,Unknown,Returned,3.1,273089.35
ORD14110,2023-03-19,CUST1900,Mohini Ram,Bangalore,Karnataka,PID127,Perfume,Beauty,Perfume,58823.37,4.0,40.0,UPI,Delivered,2.4,141176.09
ORD12626,2023-01-09,CUST1692,Anita Palan,Chennai,Tamil Nadu,PID539,Textbook,Books,Textbook,42245.36,2.0,5.0,UPI,Delivered,2.4,80266.18
ORD10684,2024-10-29,CUST1435,Lila Tiwari,Mumbai,Maharashtra,PID458,Biography,Books,Biography,24242.82,4.0,25.0,Net Banking,Unknown,2.8,72728.46
ORD13736,2024-01-31,CUST1774,Riya Behl,Indore,Madhya Pradesh,PID408,T-Shirt,Fashion,T-Shirt,66427.25,5.0,25.0,Cash on Delivery,Delivered,2.0,249102.19
ORD13064,2024-05-27,CUST1101,Lipika Bath,Indore,Madhya Pradesh,PID249,Biography,Books,Biography,81550.72,5.0,25.0,Debit Card,Delayed,3.9,305815.2
ORD12395,2023-06-27,CUST1447,Jagdish Hegde,Jaipur,Rajasthan,PID233,Textbook,Books,Textbook,72746.5,3.0,20.0,Cash on Delivery,Delivered,,174591.6
ORD14386,2023-08-27,CUST1714,Vincent Acharya,Ahmedabad,Gujarat,PID342,Novel,Books,Novel,64454.28,1.0,15.0,Cash on Delivery,Returned,2.0,54786.14
ORD13716,2023-01-18,CUST1639,Yasti Pillay,Jaipur,Rajasthan,PID139,Tablet,Electronics,Tablet,51310.82,3.0,10.0,Debit Card,Delayed,2.1,138539.21
ORD13604,2023-04-19,CUST1566,Dhriti Bala,Hyderabad,Telangana,PID542,Sunscreen,Beauty,Sunscreen,74439.11,1.0,20.0,Debit Card,Delivered,2.5,59551.29
ORD12141,2024-03-24,CUST1948,Xiti More,Surat,Gujarat,PID154,Shampoo,Beauty,Shampoo,57929.78,3.0,5.0,Debit Card,Delivered,2.4,165099.87
ORD12057,2024-04-15,CUST1666,Bina Radhakrishnan,Jaipur,Rajasthan,PID548,Novel,Books,Novel,15357.96,4.0,10.0,Unknown,Delivered,,55288.66
ORD10490,2023-06-25,CUST1760,Warda Sood,Hyderabad,Telangana,PID135,Smartwatch,Electronics,Smartwatch,18649.42,4.0,0.0,UPI,Delivered,4.6,74597.68
ORD11238,2023-11-20,CUST1837,Nilima Om,Bangalore,Karnataka,PID253,Shampoo,Beauty,Shampoo,33918.11,4.0,25.0,UPI,Returned,4.7,101754.33
ORD13714,2023-03-11,CUST1365,Utkarsh Chanda,Hyderabad,Telangana,PID482,Sunscreen,Beauty,Sunscreen,42287.18,4.0,20.0,Debit Card,Delivered,4.7,135318.98
ORD10830,2023-10-07,CUST1619,Ladli Konda,Ahmedabad,Gujarat,PID161,Smartwatch,Electronics,Smartwatch,20216.5,5.0,10.0,Net Banking,Delivered,2.9,90974.25
ORD10386,2024-06-26,CUST1770,Tanmayi Doshi,Chennai,Tamil Nadu,PID185,Yoga Mat,Sports,Yoga Mat,14823.3,3.0,20.0,Unknown,Delivered,1.3,35575.92
ORD13836,2024-08-31,CUST1821,Vyanjana Choudhury,Lucknow,Uttar Pradesh,PID571,Biography,Books,Biography,70966.98,2.0,5.0,UPI,Delivered,4.0,134837.26
ORD12498,2023-02-17,CUST1996,Varenya Wason,Kolkata,West Bengal,PID573,Bedsheet,Home & Kitchen,Bedsheet,3927.17,5.0,25.0,Debit Card,Delivered,3.9,14726.89
ORD12284,2024-09-21,CUST1109,Jagvi Chaudhry,Chennai,Tamil Nadu,PID454,Novel,Books,Novel,10744.97,4.0,0.0,Net Banking,Returned,2.0,42979.88
ORD10016,2024-09-26,CUST1733,Chatura Kibe,Lucknow,Uttar Pradesh,PID260,T-Shirt,Fashion,T-Shirt,6256.28,5.0,0.0,Debit Card,Delivered,3.6,31281.4
ORD14920,2024-12-02,CUST1892,Oliver Kaul,Jaipur,Rajasthan,PID415,Bluetooth Speaker,Electronics,Bluetooth Speaker,16401.93,4.0,40.0,Credit Card,Delivered,4.6,39364.63
ORD13163,2023-12-30,CUST1122,Ganga Bhardwaj,Indore,Madhya Pradesh,PID442,Cookware Set,Home & Kitchen,Cookware Set,53663.46,3.0,30.0,Unknown,Delivered,2.8,112693.27
ORD14921,2024-07-07,CUST1235,Jyoti Butala,Pune,Maharashtra,PID213,Yoga Mat,Sports,Yoga Mat,29297.5,5.0,25.0,Debit Card,Delayed,3.8,109865.62
ORD11389,2024-11-07,CUST1016,Nisha Dixit,Ahmedabad,Gujarat,PID102,Jacket,Fashion,Jacket,87786.07,2.0,5.0,Net Banking,Delivered,1.4,166793.53
ORD14560,2024-10-09,CUST1728,Vidhi Din,Chennai,Tamil Nadu,PID404,Water Bottle,Home & Kitchen,Water Bottle,73775.31,3.0,25.0,Credit Card,Delivered,4.0,165994.45
ORD11589,2023-12-11,CUST1506,Indali Din,Pune,Maharashtra,PID279,Air Fryer,Home & Kitchen,Air Fryer,31690.7,5.0,5.0,Net Banking,Delivered,2.1,150530.82
ORD13349,2023-06-18,CUST1449,Tanish Sampath,Mumbai,Maharashtra,PID123,Textbook,Books,Textbook,89748.3,2.0,0.0,Cash on Delivery,Delayed,4.7,179496.6
ORD14859,2023-09-11,CUST1128,Indrajit Raja,Kolkata,West Bengal,PID554,Mixer Grinder,Home & Kitchen,Mixer Grinder,7360.62,5.0,5.0,Cash on Delivery,Returned,1.5,34962.94
ORD11752,2023-06-24,CUST1286,Nicholas Gala,Delhi,Delhi,PID216,Smartwatch,Electronics,Smartwatch,51700.04,1.0,0.0,Debit Card,Delivered,2.1,51700.04
ORD13275,2023-04-17,CUST1182,Divya Uppal,Pune,Maharashtra,PID236,Cookware Set,Home & Kitchen,Cookware Set,33723.28,1.0,20.0,Unknown,Unknown,1.6,26978.62
ORD11151,2024-01-15,CUST1043,Chanakya Rege,Mumbai,Maharashtra,PID254,Smartwatch,Electronics,Smartwatch,43181.88,3.0,30.0,Credit Card,Delivered,4.2,90681.95
ORD13427,2023-04-29,CUST1105,Jeet Kar,Jaipur,Rajasthan,PID528,Smartwatch,Electronics,Smartwatch,68350.3,2.0,15.0,Net Banking,Delayed,4.4,116195.51
ORD11305,2023-12-29,CUST1555,Rachit Thakur,Lucknow,Uttar Pradesh,PID440,Dumbbells,Sports,Dumbbells,17964.94,2.0,30.0,Credit Card,Delivered,4.5,25150.92
ORD11232,2023-01-13,CUST1032,Jagdish Gopal,Mumbai,Maharashtra,PID404,Novel,Books,Novel,17438.84,4.0,40.0,Credit Card,Delivered,2.6,41853.22
ORD12745,2024-05-08,CUST1106,Michael Ahluwalia,Indore,Madhya Pradesh,PID402,Bluetooth Speaker,Electronics,Bluetooth Speaker,28126.44,4.0,15.0,UPI,Unknown,3.4,95629.9
ORD11793,2024-09-17,CUST1831,Januja Wali,Delhi,Delhi,PID410,Water Bottle,Home & Kitchen,Water Bottle,62089.83,3.0,15.0,Net Banking,Returned,4.8,158329.07
ORD14688,2023-11-17,CUST1405,Yahvi Acharya,Jaipur,Rajasthan,PID357,Kurta,Fashion,Kurta,35415.55,4.0,40.0,Unknown,Returned,,84997.32
ORD13556,2023-09-17,CUST1321,Qabil Vig,Mumbai,Maharashtra,PID375,Face Wash,Beauty,Face Wash,23318.15,1.0,30.0,Cash on Delivery,Returned,,16322.7
ORD11270,2023-08-07,CUST1616,William Mukhopadhyay,Mumbai,Maharashtra,PID442,Novel,Books,Novel,15399.02,2.0,10.0,UPI,Delayed,4.9,27718.24
ORD13161,2023-12-31,CUST1090,Yatan Varma,Ahmedabad,Gujarat,PID206,Novel,Books,Novel,57836.49,5.0,5.0,Unknown,Delayed,3.6,274723.33
ORD13489,2023-04-05,CUST1506,Kamala Viswanathan,Mumbai,Maharashtra,PID422,Yoga Mat,Sports,Yoga Mat,27306.31,2.0,0.0,Unknown,Cancelled,1.8,54612.62
ORD10964,2024-02-22,CUST1782,Falguni Garde,Ahmedabad,Gujarat,PID313,Laptop,Electronics,Laptop,26604.68,4.0,0.0,Credit Card,Delayed,1.1,106418.72
ORD13155,2024-10-02,CUST1582,Advay Parsa,Surat,Gujarat,PID150,Kurta,Fashion,Kurta,21470.53,4.0,25.0,Cash on Delivery,Cancelled,4.2,64411.59
ORD10498,2023-07-24,CUST1685,Wridesh Rao,Lucknow,Uttar Pradesh,PID132,Face Wash,Beauty,Face Wash,569.22,2.0,15.0,Debit Card,Unknown,2.7,967.67
ORD10353,2023-02-08,CUST1724,Kamala Sabharwal,Delhi,Delhi,PID581,Smartphone,Electronics,Smartphone,51485.31,4.0,0.0,Cash on Delivery,Cancelled,2.1,205941.24
ORD11839,2023-08-16,CUST1248,Rachita Balay,Ahmedabad,Gujarat,PID275,Sunscreen,Beauty,Sunscreen,74829.89,1.0,15.0,Unknown,Returned,3.5,63605.41
ORD14043,2023-12-20,CUST1009,Xalak Issac,Lucknow,Uttar Pradesh,PID133,Water Bottle,Home & Kitchen,Water Bottle,86634.3,2.0,30.0,Debit Card,Delivered,3.4,121288.02
ORD12491,2023-08-30,CUST1676,Varenya Naidu,Bangalore,Karnataka,PID551,T-Shirt,Fashion,T-Shirt,84943.24,4.0,15.0,UPI,Delivered,2.9,288807.02
ORD10002,2023-10-12,CUST1867,Priya Mody,Ahmedabad,Gujarat,PID276,Dumbbells,Sports,Dumbbells,40511.43,2.0,25.0,UPI,Delayed,4.8,60767.14
ORD14338,2024-08-11,CUST1395,Oeshi Venkataraman,Surat,Gujarat,PID518,Perfume,Beauty,Perfume,34820.47,3.0,30.0,Credit Card,Cancelled,4.1,73122.99
ORD14879,2023-10-10,CUST1325,Abeer Sane,Lucknow,Uttar Pradesh,PID158,Bedsheet,Home & Kitchen,Bedsheet,64554.37,3.0,15.0,Unknown,Delivered,1.6,164613.64
ORD11647,2023-12-01,CUST1041,Falak Naik,Chennai,Tamil Nadu,PID414,Lipstick,Beauty,Lipstick,71541.26,4.0,25.0,Credit Card,Cancelled,,214623.78
ORD10784,2024-12-30,CUST1423,Laksh Rajan,Bangalore,Karnataka,PID473,Biography,Books,Biography,69002.08,1.0,0.0,UPI,Cancelled,3.3,69002.08
ORD12909,2023-05-18,CUST1269,Amaira Bassi,Pune,Maharashtra,PID598,Dumbbells,Sports,Dumbbells,66986.8,1.0,15.0,Net Banking,Delivered,2.8,56938.78
ORD14101,2024-06-04,CUST1118,Kavya Pall,Delhi,Delhi,PID487,Bedsheet,Home & Kitchen,Bedsheet,60421.53,2.0,40.0,Debit Card,Delivered,4.9,72505.84
ORD14985,2023-01-08,CUST1034,Omisha Subramaniam,Lucknow,Uttar Pradesh,PID157,T-Shirt,Fashion,T-Shirt,83792.46,2.0,25.0,Debit Card,Unknown,2.2,125688.69
ORD12397,2024-10-05,CUST1515,Urvi Chaudry,Indore,Madhya Pradesh,PID426,Mixer Grinder,Home & Kitchen,Mixer Grinder,0.0,3.0,10.0,UPI,Delivered,1.6,0.0
ORD10069,2024-09-03,CUST1666,Alexander Chad,Bangalore,Karnataka,PID549,Water Bottle,Home & Kitchen,Water Bottle,6051.55,5.0,30.0,UPI,Unknown,2.8,21180.42
ORD10404,2023-10-07,CUST1843,Keya Sane,Pune,Maharashtra,PID254,Water Bottle,Home & Kitchen,Water Bottle,72443.58,5.0,25.0,Credit Card,Delivered,4.2,271663.43
ORD13435,2023-05-26,CUST1473,Deepa Cheema,Lucknow,Uttar Pradesh,PID548,Dumbbells,Sports,Dumbbells,0.0,4.0,40.0,Unknown,Delivered,2.3,0.0
ORD12803,2024-03-25,CUST1192,Samarth Nori,Kolkata,West Bengal,PID522,Smartwatch,Electronics,Smartwatch,25225.63,1.0,30.0,Unknown,Unknown,1.1,17657.94
ORD10798,2023-10-19,CUST1568,Tanveer Ganesh,Indore,Madhya Pradesh,PID533,Cookware Set,Home & Kitchen,Cookware Set,23196.45,4.0,20.0,Cash on Delivery,Unknown,2.0,74228.64
ORD13099,2023-10-14,CUST1087,Lopa Malhotra,Ahmedabad,Gujarat,PID565,Cookware Set,Home & Kitchen,Cookware Set,16457.56,5.0,20.0,Net Banking,Cancelled,1.8,65830.24
ORD12024,2024-03-11,CUST1026,Janani Lad,Mumbai,Maharashtra,PID489,Perfume,Beauty,Perfume,51952.96,4.0,25.0,UPI,Cancelled,4.8,155858.88
ORD10178,2024-12-29,CUST1997,Pratyush Ravel,Delhi,Delhi,PID482,Football,Sports,Football,18586.71,1.0,10.0,Net Banking,Delayed,1.2,16728.04
ORD10954,2024-09-02,CUST1376,Krisha Pall,Ahmedabad,Gujarat,PID412,Novel,Books,Novel,62002.44,4.0,20.0,UPI,Cancelled,3.9,198407.81
ORD13429,2024-03-31,CUST1908,Chaman Naidu,Ahmedabad,Gujarat,PID284,Textbook,Books,Textbook,54917.31,2.0,10.0,Debit Card,Returned,1.1,98851.16
ORD12140,2024-04-24,CUST1774,Vrishti Nayak,Mumbai,Maharashtra,PID545,Biography,Books,Biography,12703.29,2.0,0.0,Unknown,Delivered,3.7,25406.58
ORD11201,2024-09-24,CUST1598,Harrison Ganguly,Surat,Gujarat,PID442,Yoga Mat,Sports,Yoga Mat,87296.46,3.0,15.0,Net Banking,Delivered,2.3,222605.97
ORD12916,2023-09-06,CUST1496,Praneel Agate,Hyderabad,Telangana,PID510,Kurta,Fashion,Kurta,40244.62,3.0,15.0,Credit Card,Delivered,3.5,102623.78
ORD14006,2023-05-06,CUST1282,Anthony Radhakrishnan,Lucknow,Uttar Pradesh,PID481,Mixer Grinder,Home & Kitchen,Mixer Grinder,0.0,4.0,40.0,Net Banking,Cancelled,1.2,0.0
ORD12301,2024-02-22,CUST1922,Yash Gulati,Chennai,Tamil Nadu,PID527,Textbook,Books,Textbook,10474.43,4.0,30.0,Cash on Delivery,Returned,4.5,29328.4
ORD11757,2024-05-04,CUST1139,Harshil Arora,Pune,Maharashtra,PID273,Sunscreen,Beauty,Sunscreen,0.0,3.0,5.0,Credit Card,Delivered,4.3,0.0
ORD13487,2023-12-12,CUST1771,Matthew Rau,Kolkata,West Bengal,PID207,Novel,Books,Novel,25748.18,2.0,30.0,Credit Card,Returned,2.5,36047.45
ORD12607,2023-01-10,CUST1616,Turvi Oommen,Delhi,Delhi,PID437,Headphones,Electronics,Headphones,34387.78,4.0,5.0,UPI,Unknown,1.9,130673.56
ORD11578,2024-02-29,CUST1587,Varenya Mangal,Bangalore,Karnataka,PID529,T-Shirt,Fashion,T-Shirt,53734.53,3.0,10.0,Credit Card,Delayed,3.4,145083.23
ORD12720,2024-06-14,CUST1047,Panini Suresh,Surat,Gujarat,PID353,Perfume,Beauty,Perfume,30027.4,4.0,40.0,UPI,Delivered,1.9,72065.76
ORD12242,2023-03-31,CUST1235,Shivansh Agrawal,Lucknow,Uttar Pradesh,PID309,Comic,Books,Comic,68131.85,1.0,20.0,UPI,Cancelled,2.8,54505.48
ORD11929,2023-02-15,CUST1480,Mekhala Dass,Kolkata,West Bengal,PID250,Football,Sports,Football,36650.34,5.0,15.0,Cash on Delivery,Delivered,4.8,155763.94
ORD12775,2023-12-20,CUST1005,Jhalak Thakkar,Surat,Gujarat,PID346,Tablet,Electronics,Tablet,67050.64,5.0,10.0,Unknown,Returned,2.9,301727.88
ORD11508,2024-01-19,CUST1450,Agastya Badami,Kolkata,West Bengal,PID461,Face Wash,Beauty,Face Wash,78300.19,3.0,15.0,Net Banking,Delivered,2.4,199665.48
ORD11498,2023-09-06,CUST1065,Tanmayi Kala,Ahmedabad,Gujarat,PID467,Face Wash,Beauty,Face Wash,20831.52,3.0,10.0,Unknown,Delivered,3.6,56245.1
ORD13750,2023-07-06,CUST1862,Nimrat Kar,Chennai,Tamil Nadu,PID245,Comic,Books,Comic,14216.96,4.0,0.0,Debit Card,Cancelled,3.3,56867.84
ORD12293,2023-10-28,CUST1032,Avi Handa,Jaipur,Rajasthan,PID342,Sneakers,Fashion,Sneakers,81368.86,1.0,0.0,Debit Card,Delayed,3.8,81368.86
ORD12494,2024-08-08,CUST1493,Maya Chakrabarti,Hyderabad,Telangana,PID307,Smartphone,Electronics,Smartphone,30605.72,2.0,5.0,Unknown,Delayed,3.4,58150.87
ORD10539,2024-05-03,CUST1387,Yamini Atwal,Chennai,Tamil Nadu,PID390,Lipstick,Beauty,Lipstick,72576.74,5.0,30.0,Unknown,Delivered,2.0,254018.59
ORD12304,2024-03-24,CUST1449,Vrishti Sundaram,Pune,Maharashtra,PID320,T-Shirt,Fashion,T-Shirt,61434.65,2.0,0.0,Unknown,Returned,1.6,122869.3
ORD12500,2023-10-29,CUST1669,Wyatt Mitra,Kolkata,West Bengal,PID105,Water Bottle,Home & Kitchen,Water Bottle,4013.58,5.0,5.0,Cash on Delivery,Returned,,19064.5
ORD11613,2023-11-12,CUST1705,Mohini Jha,Mumbai,Maharashtra,PID491,Cricket Bat,Sports,Cricket Bat,23531.52,1.0,15.0,Cash on Delivery,Delivered,4.0,20001.79
ORD11489,2024-10-24,CUST1620,Chanakya Aggarwal,Delhi,Delhi,PID259,Dumbbells,Sports,Dumbbells,48592.72,2.0,20.0,UPI,Delivered,2.7,77748.35
ORD12019,2023-05-03,CUST1805,Bhavya Wable,Indore,Madhya Pradesh,PID336,Perfume,Beauty,Perfume,27343.56,1.0,20.0,Cash on Delivery,Delivered,5.0,21874.85
ORD11745,2023-02-18,CUST1217,Advika Sahni,Surat,Gujarat,PID135,Sunscreen,Beauty,Sunscreen,350.05,3.0,20.0,Debit Card,Returned,4.6,840.12
ORD14025,2023-05-05,CUST1893,Aashi Ram,Lucknow,Uttar Pradesh,PID259,T-Shirt,Fashion,T-Shirt,59647.33,2.0,15.0,Credit Card,Delivered,2.2,101400.46
ORD14781,2024-09-02,CUST1527,Chaitanya Dhar,Jaipur,Rajasthan,PID143,Headphones,Electronics,Headphones,41621.92,1.0,10.0,Unknown,Cancelled,4.0,37459.73
ORD10121,2024-02-20,CUST1938,Jalsa Chacko,Hyderabad,Telangana,PID581,Cricket Bat,Sports,Cricket Bat,58883.45,1.0,10.0,Debit Card,Returned,4.7,52995.1
ORD14231,2024-05-23,CUST1562,Urishilla Tiwari,Ahmedabad,Gujarat,PID404,Lipstick,Beauty,Lipstick,27443.4,5.0,40.0,Unknown,Delivered,4.1,82330.2
ORD14959,2023-01-15,CUST1624,Hamsini Devan,Indore,Madhya Pradesh,PID136,Headphones,Electronics,Headphones,80424.71,3.0,0.0,Debit Card,Delayed,1.0,241274.13
ORD10949,2023-08-20,CUST1339,Yashawini Bora,Pune,Maharashtra,PID471,Perfume,Beauty,Perfume,71319.63,5.0,0.0,Net Banking,Cancelled,2.5,356598.15
ORD11394,2023-11-23,CUST1949,Qasim Wagle,Bangalore,Karnataka,PID367,Tablet,Electronics,Tablet,37633.7,1.0,25.0,Debit Card,Delivered,3.7,28225.28
ORD11509,2023-10-17,CUST1572,Ubika Brar,Chennai,Tamil Nadu,PID122,Saree,Fashion,Saree,22335.2,5.0,10.0,Cash on Delivery,Unknown,2.6,100508.4
ORD14007,2024-11-12,CUST1135,Advaith Tak,Pune,Maharashtra,PID305,Novel,Books,Novel,35100.94,4.0,0.0,UPI,Delayed,4.1,140403.76
ORD14390,2024-04-26,CUST1661,Ishanvi Chawla,Jaipur,Rajasthan,PID592,Laptop,Electronics,Laptop,78853.79,5.0,40.0,Net Banking,Delivered,1.3,236561.37
ORD11332,2024-02-29,CUST1227,Baljiwan Chauhan,Surat,Gujarat,PID447,Football,Sports,Football,70803.52,1.0,5.0,Unknown,Delayed,,67263.34
ORD11310,2024-08-17,CUST1734,Peter Prabhakar,Mumbai,Maharashtra,PID218,Dumbbells,Sports,Dumbbells,12223.94,3.0,0.0,Debit Card,Returned,,36671.82
ORD13988,2024-06-24,CUST1710,Ayaan Parikh,Mumbai,Maharashtra,PID236,Tablet,Electronics,Tablet,470.05,2.0,0.0,Unknown,Delivered,4.4,940.1
ORD12974,2023-06-09,CUST1413,Urmi Tata,Ahmedabad,Gujarat,PID189,Novel,Books,Novel,36854.24,1.0,25.0,Cash on Delivery,Cancelled,4.7,27640.68
ORD13801,2023-09-30,CUST1555,Dhruv Jayaraman,Jaipur,Rajasthan,PID227,Textbook,Books,Textbook,50807.62,5.0,5.0,Unknown,Unknown,4.1,241336.2
ORD14322,2024-03-08,CUST1030,Lila Dash,Mumbai,Maharashtra,PID178,Sneakers,Fashion,Sneakers,37795.35,4.0,0.0,Unknown,Delivered,,151181.4
ORD14002,2023-12-07,CUST1684,Nidhi Bansal,Kolkata,West Bengal,PID385,Sneakers,Fashion,Sneakers,62891.13,3.0,10.0,Credit Card,Delivered,4.2,169806.05
ORD14957,2023-09-27,CUST1140,Hardik Rege,Delhi,Delhi,PID576,Mixer Grinder,Home & Kitchen,Mixer Grinder,20407.07,3.0,30.0,UPI,Returned,4.6,42854.85
ORD11932,2023-03-30,CUST1349,Ayushman Sehgal,Mumbai,Maharashtra,PID523,Football,Sports,Football,14358.62,4.0,15.0,Credit Card,Delivered,1.6,48819.31
ORD12813,2023-10-20,CUST1409,Lucky Kumar,Jaipur,Rajasthan,PID470,T-Shirt,Fashion,T-Shirt,64422.09,5.0,10.0,Debit Card,Delivered,1.7,289899.4
ORD12670,2023-09-16,CUST1092,Bina Merchant,Hyderabad,Telangana,PID546,Kurta,Fashion,Kurta,24651.59,4.0,25.0,Debit Card,Delivered,3.6,73954.77
ORD14194,2023-06-20,CUST1792,Ridhi Narayan,Indore,Madhya Pradesh,PID273,T-Shirt,Fashion,T-Shirt,29872.1,1.0,40.0,Credit Card,Delivered,2.6,17923.26
ORD13936,2024-05-01,CUST1918,Chaitaly Hegde,Jaipur,Rajasthan,PID321,Football,Sports,Football,84579.6,5.0,40.0,Cash on Delivery,Delivered,4.9,253738.8
ORD13720,2024-02-09,CUST1749,Jasmit Das,Surat,Gujarat,PID571,Cookware Set,Home & Kitchen,Cookware Set,25383.69,3.0,30.0,UPI,Unknown,2.9,53305.75
ORD13749,2024-01-10,CUST1682,Janani Sarkar,Surat,Gujarat,PID419,Tablet,Electronics,Tablet,86288.81,3.0,0.0,Debit Card,Cancelled,3.3,258866.43
ORD11118,2024-12-07,CUST1790,Zayyan Bose,Kolkata,West Bengal,PID582,Water Bottle,Home & Kitchen,Water Bottle,36599.25,3.0,30.0,Cash on Delivery,Delayed,2.1,76858.42
ORD13249,2024-03-23,CUST1542,Kritika Mishra,Mumbai,Maharashtra,PID559,Bedsheet,Home & Kitchen,Bedsheet,10537.21,4.0,30.0,UPI,Delivered,,29504.19
ORD14546,2023-09-24,CUST1800,Ansh Badal,Jaipur,Rajasthan,PID419,Mixer Grinder,Home & Kitchen,Mixer Grinder,83657.88,1.0,40.0,Cash on Delivery,Delivered,4.7,50194.73
ORD10664,2024-12-07,CUST1130,Triveni Prashad,Indore,Madhya Pradesh,PID305,Water Bottle,Home & Kitchen,Water Bottle,83721.75,1.0,0.0,Net Banking,Delayed,1.3,83721.75
ORD12823,2023-07-27,CUST1685,Harrison Chanda,Chennai,Tamil Nadu,PID230,Water Bottle,Home & Kitchen,Water Bottle,6906.14,3.0,40.0,Cash on Delivery,Delivered,2.5,12431.05
ORD10574,2023-10-21,CUST1164,Meera Kuruvilla,Indore,Madhya Pradesh,PID105,Lipstick,Beauty,Lipstick,47541.39,3.0,0.0,Net Banking,Unknown,1.2,142624.17
ORD13653,2023-07-22,CUST1331,Neel Chawla,Lucknow,Uttar Pradesh,PID232,Air Fryer,Home & Kitchen,Air Fryer,66717.16,5.0,20.0,Debit Card,Delivered,3.6,266868.64
ORD10697,2024-12-06,CUST1359,Vivaan Swaminathan,Jaipur,Rajasthan,PID160,Laptop,Electronics,Laptop,13404.13,1.0,15.0,UPI,Delivered,1.7,11393.51
ORD13958,2024-07-08,CUST1845,Advay Kant,Hyderabad,Telangana,PID326,Sunscreen,Beauty,Sunscreen,36916.7,3.0,25.0,Net Banking,Delivered,2.1,83062.58
ORD14523,2023-04-09,CUST1236,Anmol Banerjee,Indore,Madhya Pradesh,PID254,Mixer Grinder,Home & Kitchen,Mixer Grinder,68126.27,5.0,5.0,Cash on Delivery,Delayed,,323599.78
ORD13170,2024-08-02,CUST1935,Rachana Varghese,Pune,Maharashtra,PID294,Cookware Set,Home & Kitchen,Cookware Set,2778.03,2.0,40.0,UPI,Unknown,2.6,3333.64
ORD14992,2024-06-13,CUST1326,Pavani Chaudhary,Jaipur,Rajasthan,PID175,Bluetooth Speaker,Electronics,Bluetooth Speaker,55537.58,5.0,25.0,Cash on Delivery,Delayed,,208265.92
ORD11072,2024-09-25,CUST1429,Champak Bhatnagar,Hyderabad,Telangana,PID380,Yoga Mat,Sports,Yoga Mat,292.47,4.0,20.0,Net Banking,Unknown,,935.9
ORD14119,2024-07-08,CUST1778,Suhani Chadha,Lucknow,Uttar Pradesh,PID198,Bedsheet,Home & Kitchen,Bedsheet,65954.4,2.0,0.0,Unknown,Returned,3.1,131908.8
ORD12188,2024-10-08,CUST1243,Abhiram Kari,Hyderabad,Telangana,PID358,Comic,Books,Comic,89247.66,2.0,5.0,Unknown,Unknown,3.9,169570.55
ORD14343,2023-04-20,CUST1553,Warda Chandran,Jaipur,Rajasthan,PID432,Cookware Set,Home & Kitchen,Cookware Set,37365.03,1.0,25.0,UPI,Delivered,2.1,28023.77
ORD12046,2024-12-14,CUST1382,Pranav Sinha,Bangalore,Karnataka,PID472,Cricket Bat,Sports,Cricket Bat,46682.29,1.0,30.0,Unknown,Cancelled,2.3,32677.6
ORD10259,2023-09-25,CUST1423,Alka Merchant,Indore,Madhya Pradesh,PID382,Yoga Mat,Sports,Yoga Mat,72415.2,4.0,20.0,Debit Card,Returned,2.7,231728.64
ORD12665,2023-04-22,CUST1977,Dominic Tandon,Kolkata,West Bengal,PID294,Perfume,Beauty,Perfume,77737.13,1.0,25.0,Cash on Delivery,Delayed,1.2,58302.85
ORD11812,2023-09-21,CUST1342,Oni Prasad,Bangalore,Karnataka,PID298,Tablet,Electronics,Tablet,46211.56,1.0,30.0,Cash on Delivery,Delivered,1.1,32348.09
ORD11798,2024-05-13,CUST1365,Anay Samra,Hyderabad,Telangana,PID260,Lipstick,Beauty,Lipstick,53542.06,2.0,40.0,UPI,Cancelled,2.7,64250.47
ORD10600,2023-08-04,CUST1305,Lavanya Pradhan,Pune,Maharashtra,PID105,Cookware Set,Home & Kitchen,Cookware Set,9195.35,4.0,5.0,Cash on Delivery,Unknown,2.5,34942.33
ORD13234,2023-10-12,CUST1210,Raagini Rau,Ahmedabad,Gujarat,PID147,Shampoo,Beauty,Shampoo,5103.0,2.0,30.0,Net Banking,Delivered,3.4,7144.2
ORD11637,2023-09-23,CUST1131,Bhavika Sampath,Jaipur,Rajasthan,PID387,Cookware Set,Home & Kitchen,Cookware Set,15288.69,1.0,5.0,Debit Card,Delivered,,14524.26
ORD12919,2024-02-29,CUST1326,Ekani Devan,Chennai,Tamil Nadu,PID239,Dumbbells,Sports,Dumbbells,9118.21,4.0,15.0,Cash on Delivery,Delivered,2.2,31001.91
ORD10678,2024-01-18,CUST1104,Kashvi Mukhopadhyay,Jaipur,Rajasthan,PID356,Kurta,Fashion,Kurta,17979.82,2.0,10.0,UPI,Delivered,1.9,32363.68
ORD11330,2023-03-31,CUST1289,David Nadig,Lucknow,Uttar Pradesh,PID283,Sneakers,Fashion,Sneakers,26380.51,5.0,15.0,Unknown,Returned,1.9,112117.17
ORD11153,2024-10-05,CUST1624,Jonathan Varty,Pune,Maharashtra,PID211,Perfume,Beauty,Perfume,77809.08,2.0,25.0,Cash on Delivery,Unknown,,116713.62
ORD11347,2024-09-23,CUST1891,Kevin Nagarajan,Delhi,Delhi,PID245,Smartphone,Electronics,Smartphone,26169.92,4.0,10.0,Debit Card,Returned,4.8,94211.71
ORD10056,2024-01-03,CUST1179,Wyatt Vora,Kolkata,West Bengal,PID140,Cricket Bat,Sports,Cricket Bat,15097.88,3.0,20.0,Net Banking,Returned,1.6,36234.91
ORD14125,2023-07-29,CUST1706,Baghyawati Seshadri,Lucknow,Uttar Pradesh,PID487,Cookware Set,Home & Kitchen,Cookware Set,36663.8,4.0,30.0,UPI,Delivered,2.5,102658.64
ORD11412,2024-06-07,CUST1732,Sathvik Bahri,Bangalore,Karnataka,PID489,Novel,Books,Novel,83566.59,4.0,5.0,Cash on Delivery,Delivered,,317553.04
ORD13337,2024-08-10,CUST1314,Wridesh Agarwal,Jaipur,Rajasthan,PID237,Laptop,Electronics,Laptop,75791.39,2.0,15.0,Debit Card,Unknown,,128845.36
ORD12215,2024-03-23,CUST1261,Krish Sundaram,Chennai,Tamil Nadu,PID438,Mixer Grinder,Home & Kitchen,Mixer Grinder,56956.95,3.0,40.0,Cash on Delivery,Delivered,4.7,102522.51
ORD10086,2023-11-13,CUST1787,Odika Handa,Surat,Gujarat,PID244,Perfume,Beauty,Perfume,64804.77,4.0,15.0,Credit Card,Delivered,4.1,220336.22
ORD12921,2024-09-28,CUST1091,Bhavani Suresh,Kolkata,West Bengal,PID383,T-Shirt,Fashion,T-Shirt,71080.72,1.0,30.0,Cash on Delivery,Delivered,1.6,49756.5
ORD11362,2023-04-05,CUST1343,Max Sastry,Lucknow,Uttar Pradesh,PID375,Cricket Bat,Sports,Cricket Bat,62981.34,3.0,5.0,Cash on Delivery,Delayed,4.4,179496.82
ORD12936,2023-08-01,CUST1213,Yasti Bumb,Jaipur,Rajasthan,PID121,Jacket,Fashion,Jacket,49031.69,4.0,0.0,Net Banking,Delivered,3.2,196126.76
ORD10889,2024-03-03,CUST1067,Vrishti Dhingra,Pune,Maharashtra,PID183,Perfume,Beauty,Perfume,19938.34,2.0,15.0,Net Banking,Delivered,4.5,33895.18
ORD11677,2023-05-22,CUST1433,Tristan Rama,Bangalore,Karnataka,PID392,Perfume,Beauty,Perfume,10740.23,5.0,30.0,UPI,Delivered,2.4,37590.8
ORD12955,2023-04-15,CUST1654,Vasana Chaudhary,Ahmedabad,Gujarat,PID414,Dumbbells,Sports,Dumbbells,45723.54,5.0,20.0,Unknown,Returned,4.1,182894.16
ORD11688,2024-08-27,CUST1223,Nidra Chanda,Surat,Gujarat,PID365,Comic,Books,Comic,34313.27,1.0,30.0,Unknown,Returned,1.7,24019.29
ORD11820,2023-04-06,CUST1808,Ekanta Thakkar,Delhi,Delhi,PID316,Perfume,Beauty,Perfume,31527.59,1.0,25.0,Net Banking,Unknown,5.0,23645.69
ORD13704,2024-04-28,CUST1735,Tanay Tandon,Chennai,Tamil Nadu,PID305,Cricket Bat,Sports,Cricket Bat,84439.09,2.0,15.0,Unknown,Delivered,2.5,143546.45
ORD11973,2023-05-11,CUST1104,Lila Sarraf,Bangalore,Karnataka,PID458,Cricket Bat,Sports,Cricket Bat,54034.32,1.0,5.0,Unknown,Cancelled,2.8,51332.6
ORD12547,2023-06-17,CUST1825,Bimala Pall,Chennai,Tamil Nadu,PID541,Dumbbells,Sports,Dumbbells,50805.64,1.0,25.0,Credit Card,Unknown,4.9,38104.23
ORD10715,2023-12-12,CUST1668,Arya Nori,Bangalore,Karnataka,PID480,Mixer Grinder,Home & Kitchen,Mixer Grinder,54900.41,1.0,5.0,UPI,Delivered,4.0,52155.39
ORD11057,2024-10-12,CUST1687,Nirja Oza,Ahmedabad,Gujarat,PID385,Perfume,Beauty,Perfume,38793.02,5.0,25.0,Credit Card,Delivered,4.9,145473.82
ORD12287,2023-12-31,CUST1313,Oeshi Sawhney,Delhi,Delhi,PID210,Tablet,Electronics,Tablet,48959.32,2.0,10.0,Net Banking,Returned,1.5,88126.78
ORD14760,2023-05-28,CUST1619,Faris Raj,Pune,Maharashtra,PID522,Comic,Books,Comic,74263.92,5.0,5.0,Cash on Delivery,Delivered,3.4,352753.62
ORD12208,2023-10-05,CUST1078,Vasudha Virk,Lucknow,Uttar Pradesh,PID135,Cookware Set,Home & Kitchen,Cookware Set,25696.17,4.0,0.0,Credit Card,Delivered,,102784.68
ORD14145,2024-12-12,CUST1570,Aarnav Andra,Mumbai,Maharashtra,PID585,Novel,Books,Novel,6210.27,4.0,15.0,Debit Card,Returned,2.1,21114.92
ORD14838,2024-01-26,CUST1613,David Khurana,Bangalore,Karnataka,PID211,Perfume,Beauty,Perfume,73121.88,2.0,25.0,Debit Card,Delivered,2.3,109682.82
ORD10618,2023-07-28,CUST1515,Naveen Bir,Pune,Maharashtra,PID564,Biography,Books,Biography,35450.76,3.0,10.0,Unknown,Delivered,2.2,95717.05
ORD13654,2024-04-12,CUST1180,Umang Shukla,Kolkata,West Bengal,PID287,Lipstick,Beauty,Lipstick,0.0,2.0,20.0,Credit Card,Delivered,3.7,0.0
ORD14474,2024-01-20,CUST1160,Vamakshi Pai,Delhi,Delhi,PID410,Saree,Fashion,Saree,80778.1,3.0,10.0,UPI,Delayed,4.9,218100.87
ORD10124,2024-11-19,CUST1074,Victor Bansal,Kolkata,West Bengal,PID123,Tablet,Electronics,Tablet,72810.98,4.0,40.0,UPI,Returned,3.9,174746.35
ORD14873,2024-02-23,CUST1607,Guneet Tiwari,Lucknow,Uttar Pradesh,PID326,Yoga Mat,Sports,Yoga Mat,4411.45,3.0,10.0,Credit Card,Returned,1.8,11910.92
ORD12043,2023-09-23,CUST1538,Widisha Sawhney,Kolkata,West Bengal,PID536,Face Wash,Beauty,Face Wash,22263.89,4.0,25.0,Cash on Delivery,Delivered,1.2,66791.67
ORD10335,2023-11-30,CUST1833,Chavvi Dara,Surat,Gujarat,PID405,Jacket,Fashion,Jacket,7148.81,4.0,40.0,Cash on Delivery,Delivered,4.3,17157.14
ORD14690,2024-05-14,CUST1997,Lohit Sodhi,Delhi,Delhi,PID516,Biography,Books,Biography,52131.26,5.0,5.0,Cash on Delivery,Delayed,2.3,247623.48
ORD11363,2023-04-25,CUST1018,Ridhi Nayak,Chennai,Tamil Nadu,PID260,Water Bottle,Home & Kitchen,Water Bottle,50544.82,2.0,5.0,Cash on Delivery,Unknown,2.6,96035.16
ORD10305,2024-11-09,CUST1389,Chatura Dhar,Indore,Madhya Pradesh,PID360,Cookware Set,Home & Kitchen,Cookware Set,55674.14,1.0,20.0,UPI,Delivered,3.6,44539.31
ORD12773,2024-12-15,CUST1658,Prisha Kapadia,Surat,Gujarat,PID588,Shampoo,Beauty,Shampoo,2511.51,2.0,15.0,Credit Card,Returned,1.1,4269.57
ORD10981,2023-12-02,CUST1440,Jairaj Gole,Hyderabad,Telangana,PID419,Bluetooth Speaker,Electronics,Bluetooth Speaker,36533.38,2.0,10.0,UPI,Cancelled,4.9,65760.08
ORD13737,2023-11-12,CUST1367,Pallavi Mani,Indore,Madhya Pradesh,PID411,Dumbbells,Sports,Dumbbells,16190.07,5.0,25.0,UPI,Delivered,,60712.76
ORD11408,2024-07-09,CUST1594,Radhika Palla,Surat,Gujarat,PID265,Sneakers,Fashion,Sneakers,74503.08,4.0,20.0,Net Banking,Delivered,2.8,238409.86
ORD13166,2023-11-01,CUST1700,Nachiket Kapadia,Chennai,Tamil Nadu,PID260,Bluetooth Speaker,Electronics,Bluetooth Speaker,11414.44,2.0,30.0,Credit Card,Unknown,4.7,15980.22
ORD12967,2023-07-25,CUST1709,Bhavika Ahluwalia,Indore,Madhya Pradesh,PID143,Lipstick,Beauty,Lipstick,23593.76,3.0,30.0,Unknown,Returned,2.4,49546.9
ORD14594,2024-01-15,CUST1575,Laksh Gokhale,Indore,Madhya Pradesh,PID111,Air Fryer,Home & Kitchen,Air Fryer,74737.4,1.0,30.0,Unknown,Delivered,4.4,52316.18
ORD10176,2023-01-09,CUST1377,Lavanya Khurana,Delhi,Delhi,PID402,Smartwatch,Electronics,Smartwatch,78947.66,3.0,40.0,Unknown,Cancelled,2.2,142105.79
ORD10582,2023-12-28,CUST1665,Daksha Murthy,Delhi,Delhi,PID573,Smartwatch,Electronics,Smartwatch,41014.49,1.0,25.0,Debit Card,Delayed,1.7,30760.87
ORD14041,2023-08-08,CUST1270,Hemangini Shukla,Jaipur,Rajasthan,PID561,Bluetooth Speaker,Electronics,Bluetooth Speaker,74621.07,4.0,15.0,Debit Card,Returned,3.1,253711.64
ORD11617,2023-08-10,CUST1888,Nathaniel Jaggi,Lucknow,Uttar Pradesh,PID224,Lipstick,Beauty,Lipstick,48222.44,3.0,5.0,Debit Card,Delayed,3.1,137433.95
ORD14480,2023-05-30,CUST1583,Veer Lad,Hyderabad,Telangana,PID157,Dumbbells,Sports,Dumbbells,51741.69,1.0,15.0,Debit Card,Delivered,4.0,43980.44
ORD14526,2023-07-16,CUST1927,Isaiah Kohli,Chennai,Tamil Nadu,PID455,Textbook,Books,Textbook,43580.95,3.0,0.0,Unknown,Delayed,3.1,130742.85
ORD11195,2024-08-01,CUST1053,Warhi Mahal,Surat,Gujarat,PID357,Comic,Books,Comic,18417.02,4.0,20.0,Debit Card,Delayed,2.8,58934.46
ORD12877,2024-06-15,CUST1541,Alka Ratta,Kolkata,West Bengal,PID232,Textbook,Books,Textbook,6366.64,4.0,0.0,Unknown,Delivered,2.4,25466.56
ORD14934,2023-03-10,CUST1349,Elijah Nagy,Jaipur,Rajasthan,PID527,Bluetooth Speaker,Electronics,Bluetooth Speaker,8121.36,4.0,5.0,Debit Card,Returned,4.5,30861.17
ORD14278,2024-06-29,CUST1860,Zayan Parmar,Mumbai,Maharashtra,PID248,Cookware Set,Home & Kitchen,Cookware Set,69052.8,3.0,5.0,Net Banking,Cancelled,4.9,196800.48
ORD13244,2024-04-18,CUST1244,Wazir Kumer,Mumbai,Maharashtra,PID524,Saree,Fashion,Saree,71180.44,4.0,25.0,Credit Card,Delivered,4.1,213541.32
ORD11880,2023-02-24,CUST1671,Umang Mukhopadhyay,Pune,Maharashtra,PID272,Jeans,Fashion,Jeans,25173.04,1.0,0.0,UPI,Delivered,1.1,25173.04
ORD11982,2024-09-06,CUST1337,Triya Mahal,Chennai,Tamil Nadu,PID426,T-Shirt,Fashion,T-Shirt,26864.36,5.0,40.0,Unknown,Delivered,1.8,80593.08
ORD11862,2024-10-29,CUST1977,Oeshi Sampath,Delhi,Delhi,PID196,Lipstick,Beauty,Lipstick,35584.5,5.0,5.0,UPI,Delivered,3.7,169026.38
ORD11351,2024-04-04,CUST1156,Bhavika Agate,Bangalore,Karnataka,PID487,Sunscreen,Beauty,Sunscreen,79159.31,2.0,0.0,Cash on Delivery,Cancelled,2.6,158318.62
ORD13576,2024-02-03,CUST1694,Ansh Anand,Mumbai,Maharashtra,PID397,Comic,Books,Comic,13242.75,1.0,5.0,UPI,Delivered,,12580.61
ORD13607,2023-09-30,CUST1858,Lajita Rao,Kolkata,West Bengal,PID276,Perfume,Beauty,Perfume,9976.69,4.0,15.0,Net Banking,Returned,2.7,33920.75
ORD14803,2023-03-31,CUST1115,Logan Dewan,Jaipur,Rajasthan,PID543,Biography,Books,Biography,30545.38,3.0,5.0,UPI,Delivered,3.0,87054.33
ORD12975,2023-04-19,CUST1736,Amol Buch,Pune,Maharashtra,PID425,Smartphone,Electronics,Smartphone,85783.17,2.0,10.0,Unknown,Delayed,2.1,154409.71
ORD10410,2023-05-28,CUST1546,Mugdha Nagarajan,Chennai,Tamil Nadu,PID291,Headphones,Electronics,Headphones,74935.22,2.0,15.0,Cash on Delivery,Delivered,1.9,127389.87
ORD10676,2023-10-02,CUST1226,Aachal Wason,Surat,Gujarat,PID393,Bedsheet,Home & Kitchen,Bedsheet,28688.01,4.0,0.0,UPI,Delivered,1.9,114752.04
ORD10298,2024-09-01,CUST1356,Waida D’Alia,Indore,Madhya Pradesh,PID550,Textbook,Books,Textbook,7086.56,4.0,5.0,Cash on Delivery,Delivered,1.1,26928.93
ORD10926,2023-03-06,CUST1953,Logan Doshi,Hyderabad,Telangana,PID384,Water Bottle,Home & Kitchen,Water Bottle,62138.22,3.0,0.0,Debit Card,Delivered,4.5,186414.66
ORD10023,2023-01-29,CUST1444,Bimala Balay,Delhi,Delhi,PID276,Bedsheet,Home & Kitchen,Bedsheet,87024.99,4.0,25.0,Debit Card,Delivered,4.9,261074.97
ORD14680,2023-02-08,CUST1510,Hiral Sawhney,Lucknow,Uttar Pradesh,PID281,Lipstick,Beauty,Lipstick,68164.67,2.0,15.0,UPI,Unknown,2.3,115879.94
ORD12116,2023-08-14,CUST1144,Hritik Mohanty,Chennai,Tamil Nadu,PID286,Biography,Books,Biography,35543.02,5.0,0.0,Credit Card,Delivered,4.8,177715.1
ORD10729,2023-12-05,CUST1534,Mugdha Yohannan,Kolkata,West Bengal,PID247,Mixer Grinder,Home & Kitchen,Mixer Grinder,80942.7,3.0,40.0,Net Banking,Delivered,3.8,145696.86
ORD13670,2024-01-04,CUST1887,Ayushman Sandal,Lucknow,Uttar Pradesh,PID323,Bedsheet,Home & Kitchen,Bedsheet,46831.79,3.0,30.0,UPI,Cancelled,2.2,98346.76
ORD14249,2023-12-27,CUST1561,Oni Madan,Hyderabad,Telangana,PID372,Air Fryer,Home & Kitchen,Air Fryer,62973.48,2.0,40.0,Debit Card,Unknown,4.1,75568.18
ORD11308,2024-11-10,CUST1421,Rajata Hayre,Jaipur,Rajasthan,PID196,Lipstick,Beauty,Lipstick,14438.3,1.0,25.0,Debit Card,Delayed,2.6,10828.72
ORD12942,2024-05-01,CUST1658,Amara Brahmbhatt,Bangalore,Karnataka,PID112,Bluetooth Speaker,Electronics,Bluetooth Speaker,20954.03,2.0,5.0,UPI,Cancelled,3.5,39812.66
ORD10672,2024-04-26,CUST1896,Rachita Kala,Surat,Gujarat,PID145,Cricket Bat,Sports,Cricket Bat,56511.56,2.0,20.0,Debit Card,Delivered,4.3,90418.5
ORD11673,2024-10-13,CUST1050,Advaith Karpe,Pune,Maharashtra,PID436,Sneakers,Fashion,Sneakers,0.0,4.0,5.0,UPI,Delivered,4.8,0.0
ORD11200,2024-02-08,CUST1945,Frederick Apte,Hyderabad,Telangana,PID498,Laptop,Electronics,Laptop,30071.57,5.0,15.0,UPI,Returned,1.7,127804.17
ORD12230,2024-09-27,CUST1818,Zarna Chowdhury,Chennai,Tamil Nadu,PID252,Lipstick,Beauty,Lipstick,37633.51,4.0,30.0,Debit Card,Unknown,1.7,105373.83
ORD13798,2024-11-18,CUST1734,Aditya Goswami,Ahmedabad,Gujarat,PID452,Jacket,Fashion,Jacket,1119.51,2.0,5.0,Credit Card,Returned,2.0,2127.07
ORD14997,2023-02-23,CUST1881,Charles Mani,Indore,Madhya Pradesh,PID319,Kurta,Fashion,Kurta,53819.78,5.0,0.0,Net Banking,Unknown,4.6,269098.9
ORD10294,2024-12-20,CUST1345,Mahika Gopal,Indore,Madhya Pradesh,PID436,Saree,Fashion,Saree,50299.02,5.0,40.0,Credit Card,Cancelled,4.5,150897.06
ORD12250,2023-05-27,CUST1811,Jonathan Golla,Delhi,Delhi,PID463,Laptop,Electronics,Laptop,51757.78,4.0,15.0,Credit Card,Returned,4.8,175976.45
ORD12691,2024-02-18,CUST1889,Banjeet Barman,Jaipur,Rajasthan,PID314,Cricket Bat,Sports,Cricket Bat,54285.54,5.0,20.0,Cash on Delivery,Unknown,3.5,217142.16
ORD10127,2023-02-02,CUST1103,Utkarsh Barad,Jaipur,Rajasthan,PID404,Dumbbells,Sports,Dumbbells,34227.99,2.0,5.0,UPI,Delivered,2.7,65033.18
ORD12580,2023-01-27,CUST1612,Fitan Palla,Chennai,Tamil Nadu,PID234,Novel,Books,Novel,9692.8,4.0,0.0,Cash on Delivery,Returned,,38771.2
ORD13480,2024-02-12,CUST1179,Banjeet Sibal,Ahmedabad,Gujarat,PID141,Yoga Mat,Sports,Yoga Mat,76725.74,5.0,40.0,Cash on Delivery,Delivered,3.7,230177.22
ORD12248,2024-09-14,CUST1461,Isha Sood,Mumbai,Maharashtra,PID207,Water Bottle,Home & Kitchen,Water Bottle,27631.08,4.0,25.0,UPI,Delivered,,82893.24
ORD13546,2024-02-24,CUST1928,Devika Keer,Indore,Madhya Pradesh,PID211,Face Wash,Beauty,Face Wash,37278.84,3.0,30.0,Cash on Delivery,Unknown,4.4,78285.56
ORD14589,2024-11-24,CUST1666,Chanakya Goswami,Ahmedabad,Gujarat,PID451,Textbook,Books,Textbook,14074.36,4.0,20.0,Credit Card,Delivered,2.3,45037.95
ORD14104,2023-11-03,CUST1648,Anika Dara,Surat,Gujarat,PID443,Cookware Set,Home & Kitchen,Cookware Set,8248.58,2.0,30.0,Credit Card,Delivered,1.7,11548.01
ORD10693,2023-01-11,CUST1932,Chaaya Tiwari,Surat,Gujarat,PID288,Air Fryer,Home & Kitchen,Air Fryer,31237.34,2.0,10.0,Net Banking,Delivered,2.4,56227.21
ORD10687,2023-01-11,CUST1710,Ekaja Raju,Ahmedabad,Gujarat,PID148,Shampoo,Beauty,Shampoo,84267.79,2.0,40.0,UPI,Delivered,1.7,101121.35
ORD10818,2024-02-01,CUST1723,Theodore Anand,Delhi,Delhi,PID195,Laptop,Electronics,Laptop,64685.16,2.0,5.0,Credit Card,Returned,3.1,122901.8
ORD10217,2024-12-19,CUST1532,Meera Sachdeva,Mumbai,Maharashtra,PID238,Bluetooth Speaker,Electronics,Bluetooth Speaker,4483.92,1.0,40.0,Debit Card,Delayed,3.8,2690.35
ORD13839,2024-09-25,CUST1318,Dalaja Mani,Mumbai,Maharashtra,PID511,Cookware Set,Home & Kitchen,Cookware Set,66933.39,4.0,40.0,UPI,Delivered,4.5,160640.14
ORD13326,2024-12-01,CUST1316,Wahab Thaker,Ahmedabad,Gujarat,PID108,Textbook,Books,Textbook,18322.48,1.0,25.0,Unknown,Delayed,2.1,13741.86
ORD10153,2023-07-30,CUST1333,Pratyush Lad,Mumbai,Maharashtra,PID200,Shampoo,Beauty,Shampoo,66404.35,4.0,15.0,Net Banking,Delivered,3.8,225774.79
ORD10707,2023-04-09,CUST1839,Balendra Baral,Surat,Gujarat,PID445,Sunscreen,Beauty,Sunscreen,35555.15,4.0,15.0,Cash on Delivery,Unknown,2.3,120887.51
ORD11993,2023-01-08,CUST1052,Aarush Kale,Indore,Madhya Pradesh,PID250,Dumbbells,Sports,Dumbbells,87353.0,1.0,25.0,UPI,Cancelled,4.2,65514.75
ORD13890,2023-03-26,CUST1705,Yamini Sastry,Bangalore,Karnataka,PID463,Laptop,Electronics,Laptop,77906.42,2.0,30.0,Net Banking,Unknown,2.1,109068.99
ORD14661,2023-04-18,CUST1942,Gauri Gala,Bangalore,Karnataka,PID363,Tablet,Electronics,Tablet,83691.46,5.0,15.0,Debit Card,Delivered,2.8,355688.7
ORD14849,2023-09-02,CUST1544,Devansh Tella,Bangalore,Karnataka,PID387,Smartphone,Electronics,Smartphone,48044.8,4.0,40.0,Debit Card,Delivered,3.3,115307.52
ORD12009,2024-05-17,CUST1470,Logan Dutt,Delhi,Delhi,PID560,Saree,Fashion,Saree,290.51,5.0,5.0,UPI,Cancelled,2.5,1379.92
ORD10479,2023-11-09,CUST1066,Bhavna Bumb,Delhi,Delhi,PID160,Kurta,Fashion,Kurta,2036.29,1.0,15.0,Credit Card,Cancelled,2.5,1730.85
ORD11283,2024-04-30,CUST1974,Gaurav Misra,Ahmedabad,Gujarat,PID231,Bedsheet,Home & Kitchen,Bedsheet,23484.79,5.0,10.0,Debit Card,Cancelled,2.7,105681.56
ORD14622,2023-02-17,CUST1673,Finn Sant,Surat,Gujarat,PID445,Cricket Bat,Sports,Cricket Bat,39859.54,2.0,25.0,UPI,Unknown,1.7,59789.31
ORD11667,2024-11-19,CUST1887,Aditya Pillay,Jaipur,Rajasthan,PID181,Laptop,Electronics,Laptop,77778.9,5.0,10.0,UPI,Delivered,1.8,350005.05
ORD14511,2024-09-18,CUST1683,Tristan Shan,Jaipur,Rajasthan,PID572,Bedsheet,Home & Kitchen,Bedsheet,72867.4,5.0,0.0,Cash on Delivery,Delivered,,364337.0
ORD13199,2023-05-14,CUST1922,Rishi Kunda,Bangalore,Karnataka,PID398,Kurta,Fashion,Kurta,14620.46,4.0,15.0,UPI,Returned,1.5,49709.56
ORD10813,2024-01-09,CUST1927,Charles Grewal,Chennai,Tamil Nadu,PID185,Cricket Bat,Sports,Cricket Bat,54312.71,5.0,10.0,Net Banking,Delivered,1.8,244407.2
ORD13338,2024-02-13,CUST1433,Kevin De,Kolkata,West Bengal,PID220,Novel,Books,Novel,69599.79,4.0,40.0,Net Banking,Delivered,1.9,167039.5
ORD13603,2024-01-16,CUST1822,Watika Som,Lucknow,Uttar Pradesh,PID383,Sunscreen,Beauty,Sunscreen,27534.61,2.0,20.0,Unknown,Cancelled,2.3,44055.38
ORD10251,2023-09-27,CUST1257,Nandini Dalal,Kolkata,West Bengal,PID292,Air Fryer,Home & Kitchen,Air Fryer,82623.49,3.0,20.0,Cash on Delivery,Delivered,3.3,198296.38
ORD10844,2024-03-18,CUST1726,Veer Bhardwaj,Delhi,Delhi,PID244,Biography,Books,Biography,65869.35,4.0,40.0,Net Banking,Delivered,2.6,158086.44
ORD12126,2024-01-17,CUST1575,Bachittar Bedi,Chennai,Tamil Nadu,PID280,Football,Sports,Football,39699.38,4.0,30.0,Debit Card,Delayed,3.9,111158.26
ORD13313,2024-08-26,CUST1049,Udarsh Mall,Jaipur,Rajasthan,PID328,Sunscreen,Beauty,Sunscreen,8540.77,2.0,40.0,Debit Card,Delivered,1.7,10248.92
ORD13057,2023-08-11,CUST1556,Kashish Pandey,Pune,Maharashtra,PID580,Football,Sports,Football,63031.22,2.0,40.0,Credit Card,Delivered,3.2,75637.46
ORD12376,2023-07-20,CUST1968,Madhavi Raju,Kolkata,West Bengal,PID289,Mixer Grinder,Home & Kitchen,Mixer Grinder,29740.37,5.0,25.0,Credit Card,Delayed,2.4,111526.39
ORD14070,2023-04-19,CUST1023,Harrison Pandit,Indore,Madhya Pradesh,PID424,Smartphone,Electronics,Smartphone,29646.85,4.0,20.0,Unknown,Delivered,2.5,94869.92
ORD12033,2023-12-04,CUST1979,Harinakshi Parsa,Jaipur,Rajasthan,PID351,Air Fryer,Home & Kitchen,Air Fryer,12064.53,4.0,15.0,UPI,Delivered,1.7,41019.4
ORD10968,2024-06-05,CUST1006,Faqid Dugar,Hyderabad,Telangana,PID441,Mixer Grinder,Home & Kitchen,Mixer Grinder,75921.21,2.0,20.0,Credit Card,Delayed,4.6,121473.94
ORD10081,2023-11-26,CUST1086,Ira Chakraborty,Lucknow,Uttar Pradesh,PID358,Tablet,Electronics,Tablet,45710.04,1.0,15.0,Cash on Delivery,Delivered,3.0,38853.53
ORD10973,2024-01-02,CUST1949,Falguni Narain,Delhi,Delhi,PID140,Comic,Books,Comic,87331.18,1.0,25.0,Cash on Delivery,Delivered,1.7,65498.38
ORD11897,2024-07-14,CUST1693,Pahal Kashyap,Jaipur,Rajasthan,PID158,Yoga Mat,Sports,Yoga Mat,25391.63,1.0,40.0,Cash on Delivery,Delivered,1.1,15234.98
ORD12236,2024-12-06,CUST1832,Idika Bose,Surat,Gujarat,PID512,Yoga Mat,Sports,Yoga Mat,66842.61,3.0,10.0,UPI,Cancelled,3.8,180475.05
ORD10247,2024-04-01,CUST1879,Chakradev Bhatnagar,Indore,Madhya Pradesh,PID523,Jacket,Fashion,Jacket,57729.34,3.0,40.0,Credit Card,Returned,2.2,103912.81
ORD12705,2023-01-30,CUST1910,Yutika Radhakrishnan,Bangalore,Karnataka,PID453,Water Bottle,Home & Kitchen,Water Bottle,8212.36,4.0,15.0,Unknown,Delivered,4.6,27922.02
ORD12204,2023-06-24,CUST1865,Kiaan Khalsa,Jaipur,Rajasthan,PID427,Perfume,Beauty,Perfume,73145.74,2.0,10.0,Debit Card,Delayed,4.8,131662.33
ORD14991,2023-11-15,CUST1949,Omya Khatri,Hyderabad,Telangana,PID114,Shampoo,Beauty,Shampoo,37543.28,2.0,30.0,Debit Card,Delivered,3.5,52560.59
ORD14435,2023-08-02,CUST1750,Raghav Char,Bangalore,Karnataka,PID565,Sunscreen,Beauty,Sunscreen,85767.42,1.0,0.0,Cash on Delivery,Unknown,3.8,85767.42
ORD14739,2023-05-13,CUST1975,Pallavi Merchant,Kolkata,West Bengal,PID549,Face Wash,Beauty,Face Wash,88139.93,1.0,5.0,Credit Card,Delayed,1.4,83732.93
ORD13375,2024-11-17,CUST1772,Oni Sahni,Hyderabad,Telangana,PID539,Cricket Bat,Sports,Cricket Bat,68206.22,5.0,10.0,Credit Card,Cancelled,3.7,306927.99
ORD14167,2023-02-12,CUST1362,Saumya Deshpande,Chennai,Tamil Nadu,PID307,Mixer Grinder,Home & Kitchen,Mixer Grinder,20096.34,2.0,15.0,Unknown,Cancelled,,34163.78
ORD12332,2024-10-21,CUST1216,Agastya Iyengar,Pune,Maharashtra,PID402,Textbook,Books,Textbook,1753.25,4.0,25.0,Debit Card,Delivered,4.5,5259.75
ORD14441,2023-10-22,CUST1298,Tara Basak,Delhi,Delhi,PID442,Textbook,Books,Textbook,54825.31,1.0,20.0,Unknown,Delayed,,43860.25
ORD14207,2024-12-19,CUST1249,Oscar Bail,Hyderabad,Telangana,PID364,Laptop,Electronics,Laptop,2023.03,4.0,30.0,Cash on Delivery,Delivered,3.5,5664.48
ORD14424,2023-09-01,CUST1828,Rajeshri Bahl,Hyderabad,Telangana,PID313,Jeans,Fashion,Jeans,84767.87,5.0,20.0,Debit Card,Delivered,2.9,339071.48
ORD12952,2024-05-24,CUST1740,Wakeeta Dani,Chennai,Tamil Nadu,PID102,Yoga Mat,Sports,Yoga Mat,86524.52,3.0,20.0,Debit Card,Returned,3.3,207658.85
ORD11346,2023-12-02,CUST1412,Abha Anne,Mumbai,Maharashtra,PID105,Textbook,Books,Textbook,47164.67,5.0,5.0,Net Banking,Delivered,3.1,224032.18
ORD10976,2024-02-12,CUST1525,Manbir Mahajan,Pune,Maharashtra,PID187,Smartphone,Electronics,Smartphone,24893.95,2.0,5.0,Cash on Delivery,Returned,1.4,47298.5
ORD14293,2024-10-16,CUST1663,Rohan Sharaf,Chennai,Tamil Nadu,PID398,Football,Sports,Football,30993.29,4.0,20.0,Net Banking,Unknown,2.4,99178.53
ORD10510,2024-01-06,CUST1466,Vihaan Sharaf,Indore,Madhya Pradesh,PID583,Football,Sports,Football,5334.76,2.0,0.0,Unknown,Delivered,3.7,10669.52
ORD10123,2024-08-09,CUST1597,Lila Chada,Jaipur,Rajasthan,PID350,Novel,Books,Novel,40290.31,5.0,15.0,Cash on Delivery,Delivered,1.7,171233.82
ORD14530,2023-09-25,CUST1222,Kamya Kanda,Bangalore,Karnataka,PID134,Sunscreen,Beauty,Sunscreen,88569.79,5.0,10.0,Credit Card,Cancelled,3.0,398564.06
ORD14562,2023-01-30,CUST1518,Pooja Baria,Indore,Madhya Pradesh,PID176,Sunscreen,Beauty,Sunscreen,22439.69,4.0,40.0,UPI,Delivered,3.6,53855.26
ORD11711,2024-10-06,CUST1966,Neel Mukherjee,Pune,Maharashtra,PID463,Laptop,Electronics,Laptop,70402.83,1.0,20.0,Credit Card,Delayed,4.6,56322.26
ORD12101,2024-03-28,CUST1215,Suhani Iyer,Surat,Gujarat,PID262,Football,Sports,Football,57333.32,5.0,10.0,Debit Card,Delivered,4.6,257999.94
ORD10870,2023-10-12,CUST1040,Zaitra Ravi,Chennai,Tamil Nadu,PID556,Shampoo,Beauty,Shampoo,10882.11,1.0,5.0,UPI,Returned,3.1,10338.0
ORD14569,2024-11-19,CUST1119,Urvashi Balakrishnan,Indore,Madhya Pradesh,PID581,Sunscreen,Beauty,Sunscreen,20224.68,3.0,10.0,UPI,Unknown,2.6,54606.64
ORD11031,2024-05-11,CUST1187,Faras Ratta,Delhi,Delhi,PID207,Comic,Books,Comic,37068.22,2.0,0.0,Credit Card,Unknown,2.1,74136.44
ORD13464,2023-05-09,CUST1425,Raghav Chhabra,Jaipur,Rajasthan,PID389,Lipstick,Beauty,Lipstick,27258.71,3.0,0.0,Net Banking,Delivered,3.7,81776.13
ORD11999,2024-12-01,CUST1608,Maya Srinivasan,Indore,Madhya Pradesh,PID501,Cookware Set,Home & Kitchen,Cookware Set,73483.06,3.0,15.0,Cash on Delivery,Delayed,4.0,187381.8
ORD13591,2024-06-17,CUST1937,Zarna Mani,Pune,Maharashtra,PID300,Tablet,Electronics,Tablet,42577.31,5.0,20.0,Cash on Delivery,Delivered,2.5,170309.24
ORD11157,2023-03-01,CUST1834,Atharv Sharaf,Hyderabad,Telangana,PID386,Shampoo,Beauty,Shampoo,5937.35,3.0,25.0,Debit Card,Delivered,3.1,13359.04
ORD13157,2024-09-29,CUST1138,Chaaya Muni,Indore,Madhya Pradesh,PID443,Sunscreen,Beauty,Sunscreen,1525.33,1.0,25.0,Credit Card,Delivered,2.9,1144.0
ORD11576,2023-06-15,CUST1427,Parth Choudhry,Lucknow,Uttar Pradesh,PID282,Comic,Books,Comic,43014.23,5.0,25.0,UPI,Delivered,1.5,161303.36
ORD14740,2023-03-06,CUST1512,Ridhi Sidhu,Jaipur,Rajasthan,PID591,Dumbbells,Sports,Dumbbells,68938.22,2.0,20.0,Cash on Delivery,Unknown,3.6,110301.15
ORD10062,2023-04-21,CUST1064,Zehaan Upadhyay,Hyderabad,Telangana,PID425,Face Wash,Beauty,Face Wash,48361.02,3.0,25.0,Net Banking,Delivered,2.9,108812.3
ORD10473,2023-04-21,CUST1521,Indrajit Sathe,Chennai,Tamil Nadu,PID231,Novel,Books,Novel,58635.29,5.0,15.0,Credit Card,Cancelled,,249199.98
ORD13455,2024-01-02,CUST1919,Adya Nanda,Mumbai,Maharashtra,PID537,Air Fryer,Home & Kitchen,Air Fryer,86312.6,3.0,15.0,Debit Card,Returned,4.2,220097.13
ORD10866,2023-11-10,CUST1674,Harita Bakshi,Lucknow,Uttar Pradesh,PID196,Bedsheet,Home & Kitchen,Bedsheet,46289.58,2.0,25.0,Debit Card,Delivered,2.3,69434.37
ORD14802,2023-08-01,CUST1494,Chaaya Gera,Bangalore,Karnataka,PID476,Comic,Books,Comic,79693.99,5.0,0.0,UPI,Delivered,1.4,398469.95
ORD13615,2024-09-17,CUST1041,Abha Talwar,Pune,Maharashtra,PID235,Dumbbells,Sports,Dumbbells,47314.93,5.0,40.0,Cash on Delivery,Delivered,1.5,141944.79
ORD14883,2023-03-14,CUST1040,Advik Dayal,Delhi,Delhi,PID147,Biography,Books,Biography,19347.22,2.0,40.0,Credit Card,Delivered,1.4,23216.66
ORD13389,2024-07-12,CUST1279,Wahab Gopal,Ahmedabad,Gujarat,PID522,Biography,Books,Biography,81715.63,4.0,20.0,Unknown,Cancelled,1.2,261490.02
ORD12181,2023-08-24,CUST1882,Xiti Gopal,Mumbai,Maharashtra,PID197,Shampoo,Beauty,Shampoo,11734.93,1.0,25.0,Cash on Delivery,Returned,3.0,8801.2
ORD13282,2023-10-09,CUST1017,Hredhaan Suri,Hyderabad,Telangana,PID442,Laptop,Electronics,Laptop,5945.9,3.0,30.0,Credit Card,Delivered,1.3,12486.39
ORD14184,2024-04-27,CUST1135,Nidhi Goda,Chennai,Tamil Nadu,PID453,Textbook,Books,Textbook,2956.42,3.0,0.0,Credit Card,Cancelled,2.1,8869.26
ORD11629,2024-09-25,CUST1586,Maanav Gulati,Delhi,Delhi,PID509,Jacket,Fashion,Jacket,57008.85,4.0,30.0,Net Banking,Delivered,2.5,159624.78
ORD12439,2024-05-23,CUST1716,Isaac Saran,Kolkata,West Bengal,PID350,Jacket,Fashion,Jacket,62982.46,2.0,10.0,Debit Card,Returned,3.0,113368.43
ORD11150,2023-04-13,CUST1707,Jack Som,Jaipur,Rajasthan,PID188,Comic,Books,Comic,37898.52,2.0,20.0,Net Banking,Delayed,,60637.63
ORD11161,2023-03-11,CUST1166,Dalbir Mangal,Hyderabad,Telangana,PID590,Laptop,Electronics,Laptop,64548.99,2.0,40.0,UPI,Delivered,4.2,77458.79
ORD10257,2023-02-14,CUST1603,Oviya Bhagat,Jaipur,Rajasthan,PID511,Saree,Fashion,Saree,74502.83,4.0,25.0,Cash on Delivery,Unknown,2.7,223508.49
ORD12599,2024-12-18,CUST1012,Varsha Ahluwalia,Lucknow,Uttar Pradesh,PID284,Lipstick,Beauty,Lipstick,46539.26,2.0,25.0,Credit Card,Delayed,4.2,69808.89
ORD14541,2024-12-28,CUST1912,Isaac Sarkar,Mumbai,Maharashtra,PID428,Comic,Books,Comic,35002.2,2.0,5.0,UPI,Delivered,1.2,66504.18
ORD11106,2023-02-24,CUST1001,Yamini Deep,Jaipur,Rajasthan,PID127,Textbook,Books,Textbook,81789.05,5.0,20.0,Unknown,Unknown,5.0,327156.2
ORD14215,2024-02-27,CUST1704,Gaurang Thaker,Surat,Gujarat,PID405,Tablet,Electronics,Tablet,52481.6,5.0,25.0,Unknown,Delayed,3.9,196806.0
ORD13408,2024-04-08,CUST1243,Pranav Sani,Surat,Gujarat,PID416,Bedsheet,Home & Kitchen,Bedsheet,70142.89,1.0,0.0,Cash on Delivery,Delayed,3.2,70142.89
ORD10558,2024-05-30,CUST1121,Dalbir Raval,Hyderabad,Telangana,PID187,Sunscreen,Beauty,Sunscreen,18742.17,5.0,40.0,Credit Card,Delivered,3.1,56226.51
ORD11851,2023-11-24,CUST1394,Shravya Kala,Lucknow,Uttar Pradesh,PID491,Smartphone,Electronics,Smartphone,56679.34,3.0,20.0,Unknown,Delivered,,136030.42
ORD12089,2023-10-04,CUST1136,Hemangini Mannan,Bangalore,Karnataka,PID199,Water Bottle,Home & Kitchen,Water Bottle,36222.63,3.0,5.0,Debit Card,Delivered,3.3,103234.5
ORD12900,2024-04-28,CUST1424,Rajeshri Mallick,Jaipur,Rajasthan,PID367,Sunscreen,Beauty,Sunscreen,19583.5,5.0,15.0,Debit Card,Unknown,2.6,83229.88
ORD13221,2024-11-23,CUST1048,Amrita Hayer,Chennai,Tamil Nadu,PID372,Dumbbells,Sports,Dumbbells,69505.12,1.0,5.0,Net Banking,Cancelled,3.8,66029.86
ORD10262,2023-06-29,CUST1034,Kritika Ghose,Indore,Madhya Pradesh,PID501,Novel,Books,Novel,34681.69,5.0,0.0,Unknown,Unknown,2.8,173408.45
ORD14368,2024-03-24,CUST1477,Vedhika Goyal,Delhi,Delhi,PID427,Smartwatch,Electronics,Smartwatch,31864.14,1.0,5.0,Net Banking,Delivered,4.7,30270.93
ORD10628,2024-03-23,CUST1362,Jeremiah Ray,Hyderabad,Telangana,PID318,Textbook,Books,Textbook,27553.9,4.0,30.0,Net Banking,Returned,3.1,77150.92
ORD11890,2023-12-15,CUST1791,Udant Panchal,Surat,Gujarat,PID406,Shampoo,Beauty,Shampoo,15963.82,4.0,20.0,Cash on Delivery,Delivered,2.8,51084.22
ORD13043,2024-02-07,CUST1173,Indali Sabharwal,Hyderabad,Telangana,PID218,Football,Sports,Football,86793.42,2.0,0.0,Credit Card,Unknown,,173586.84
ORD12079,2024-07-19,CUST1129,Hemani Madan,Jaipur,Rajasthan,PID494,Air Fryer,Home & Kitchen,Air Fryer,62402.62,1.0,20.0,Debit Card,Delivered,2.9,49922.1
ORD13586,2023-10-23,CUST1056,Harinakshi Dara,Kolkata,West Bengal,PID231,Perfume,Beauty,Perfume,39308.92,3.0,5.0,Credit Card,Delayed,3.7,112030.42
ORD11607,2023-04-01,CUST1308,Rohan Tara,Delhi,Delhi,PID243,Jeans,Fashion,Jeans,48418.94,2.0,30.0,Cash on Delivery,Delivered,4.4,67786.52
ORD11021,2023-08-16,CUST1371,Eesha Verma,Surat,Gujarat,PID564,Water Bottle,Home & Kitchen,Water Bottle,85071.95,2.0,0.0,UPI,Delivered,,170143.9
ORD10609,2023-03-23,CUST1869,Dayamai Jhaveri,Delhi,Delhi,PID428,Smartwatch,Electronics,Smartwatch,74712.04,3.0,30.0,Cash on Delivery,Delivered,2.3,156895.28
ORD11404,2023-04-19,CUST1754,Idika Narang,Lucknow,Uttar Pradesh,PID429,Textbook,Books,Textbook,28902.0,5.0,20.0,Credit Card,Delivered,1.6,115608.0
ORD12097,2024-12-29,CUST1197,Balhaar Manne,Hyderabad,Telangana,PID471,Sunscreen,Beauty,Sunscreen,51356.31,3.0,25.0,UPI,Delivered,4.4,115551.7
ORD10210,2024-11-04,CUST1827,Vrishti Shan,Jaipur,Rajasthan,PID386,Jacket,Fashion,Jacket,57502.48,3.0,10.0,Credit Card,Returned,1.7,155256.7
ORD13799,2023-06-05,CUST1748,Falan Balan,Jaipur,Rajasthan,PID125,Novel,Books,Novel,16359.8,3.0,10.0,Net Banking,Delivered,1.5,44171.46
ORD13540,2023-11-04,CUST1631,Suhani Keer,Mumbai,Maharashtra,PID446,Cricket Bat,Sports,Cricket Bat,31890.88,5.0,20.0,UPI,Delivered,2.6,127563.52
ORD10154,2024-08-24,CUST1604,Deepa Basak,Hyderabad,Telangana,PID143,Face Wash,Beauty,Face Wash,60412.52,3.0,30.0,Credit Card,Unknown,2.4,126866.29
ORD11591,2023-02-06,CUST1679,Gayathri Nayak,Mumbai,Maharashtra,PID579,Cricket Bat,Sports,Cricket Bat,57923.93,3.0,10.0,Unknown,Delayed,1.7,156394.61
ORD12443,2023-02-21,CUST1414,Mason Sengupta,Lucknow,Uttar Pradesh,PID598,Laptop,Electronics,Laptop,13500.64,1.0,15.0,Unknown,Delivered,2.9,11475.54
ORD11148,2023-08-15,CUST1583,Chatresh Manda,Surat,Gujarat,PID575,Air Fryer,Home & Kitchen,Air Fryer,39201.01,3.0,20.0,Debit Card,Cancelled,,94082.42
ORD13428,2023-11-02,CUST1701,Warhi Sura,Delhi,Delhi,PID395,Perfume,Beauty,Perfume,57512.46,2.0,5.0,Cash on Delivery,Returned,2.1,109273.67
ORD11968,2023-07-30,CUST1708,Wahab Thakur,Bangalore,Karnataka,PID503,Bluetooth Speaker,Electronics,Bluetooth Speaker,36773.88,4.0,30.0,Debit Card,Returned,2.2,102966.86
ORD13207,2023-01-18,CUST1860,Jagvi Chhabra,Ahmedabad,Gujarat,PID325,Comic,Books,Comic,49756.72,1.0,20.0,Cash on Delivery,Returned,1.7,39805.38
ORD12434,2023-04-29,CUST1018,Xalak Mani,Chennai,Tamil Nadu,PID477,Dumbbells,Sports,Dumbbells,4533.01,2.0,5.0,Unknown,Delayed,3.5,8612.72
ORD11634,2023-08-14,CUST1435,Ekiya Ganguly,Ahmedabad,Gujarat,PID456,Football,Sports,Football,3319.65,3.0,10.0,Net Banking,Delayed,3.0,8963.06
ORD13293,2023-07-06,CUST1855,Falguni Chada,Hyderabad,Telangana,PID237,Kurta,Fashion,Kurta,7154.71,1.0,25.0,Unknown,Delivered,1.9,5366.03
ORD10598,2023-07-11,CUST1798,Chatura Chaudhuri,Lucknow,Uttar Pradesh,PID513,Novel,Books,Novel,34509.08,4.0,25.0,Net Banking,Unknown,4.6,103527.24
ORD13138,2024-01-24,CUST1261,Jasmit Bail,Chennai,Tamil Nadu,PID340,Cookware Set,Home & Kitchen,Cookware Set,15683.21,2.0,20.0,Cash on Delivery,Cancelled,4.4,25093.14
ORD11657,2024-07-03,CUST1764,Manan Dada,Surat,Gujarat,PID406,Comic,Books,Comic,33762.22,2.0,10.0,Unknown,Returned,2.5,60772.0
ORD14349,2023-05-20,CUST1066,Shaurya Varkey,Surat,Gujarat,PID586,Saree,Fashion,Saree,63687.99,4.0,40.0,Unknown,Delivered,1.1,152851.18
ORD13298,2023-07-20,CUST1160,Wyatt Amble,Bangalore,Karnataka,PID350,Kurta,Fashion,Kurta,56406.46,5.0,10.0,UPI,Delivered,3.7,253829.07
ORD11566,2023-01-10,CUST1687,Upma Sachar,Mumbai,Maharashtra,PID372,Smartphone,Electronics,Smartphone,31919.9,1.0,40.0,Debit Card,Unknown,2.7,19151.94
ORD11519,2024-09-04,CUST1512,Ekta Barad,Bangalore,Karnataka,PID465,Novel,Books,Novel,36209.12,3.0,25.0,Credit Card,Delivered,3.2,81470.52
ORD14264,2023-05-28,CUST1191,Wahab Kaul,Bangalore,Karnataka,PID173,Lipstick,Beauty,Lipstick,48451.75,5.0,15.0,Cash on Delivery,Delivered,,205919.94
ORD10226,2023-04-16,CUST1575,Advika Apte,Delhi,Delhi,PID205,Biography,Books,Biography,77114.54,4.0,0.0,UPI,Unknown,1.1,308458.16
ORD12518,2024-04-03,CUST1378,Chakradhar Krishnan,Pune,Maharashtra,PID191,Sneakers,Fashion,Sneakers,63059.14,5.0,20.0,UPI,Cancelled,2.9,252236.56
ORD14909,2023-11-10,CUST1201,Kritika Saxena,Mumbai,Maharashtra,PID527,Water Bottle,Home & Kitchen,Water Bottle,4230.81,3.0,20.0,Net Banking,Cancelled,1.2,10153.94
ORD12394,2023-08-13,CUST1138,Harinakshi Baria,Hyderabad,Telangana,PID110,Sunscreen,Beauty,Sunscreen,65596.77,5.0,5.0,Debit Card,Cancelled,4.3,311584.66
ORD11761,2023-05-23,CUST1782,Simon Tata,Ahmedabad,Gujarat,PID198,Biography,Books,Biography,50632.05,5.0,5.0,Unknown,Returned,,240502.24
ORD11361,2024-03-18,CUST1172,Lohit Varughese,Mumbai,Maharashtra,PID121,Jeans,Fashion,Jeans,83938.77,3.0,0.0,Net Banking,Delayed,3.0,251816.31
ORD13305,2024-08-18,CUST1614,Anya Randhawa,Surat,Gujarat,PID515,Football,Sports,Football,55933.65,3.0,5.0,UPI,Delivered,3.7,159410.9
ORD12325,2024-07-11,CUST1251,Viraj Baral,Delhi,Delhi,PID259,Sneakers,Fashion,Sneakers,80350.15,3.0,25.0,Debit Card,Unknown,,180787.84
ORD13559,2023-05-07,CUST1034,Nitara Pillay,Surat,Gujarat,PID557,Jeans,Fashion,Jeans,81707.75,5.0,20.0,Credit Card,Unknown,4.3,326831.0
ORD14337,2024-10-30,CUST1555,Ekbal Rao,Lucknow,Uttar Pradesh,PID587,Tablet,Electronics,Tablet,74602.24,4.0,25.0,Cash on Delivery,Delivered,3.8,223806.72
ORD11834,2024-02-09,CUST1410,Jagat Prashad,Jaipur,Rajasthan,PID292,Laptop,Electronics,Laptop,62912.79,5.0,0.0,Debit Card,Cancelled,2.3,314563.95
ORD13662,2024-04-19,CUST1152,Nidra Chadha,Jaipur,Rajasthan,PID206,T-Shirt,Fashion,T-Shirt,83187.01,1.0,25.0,UPI,Returned,3.0,62390.26
ORD14188,2023-07-11,CUST1904,Dominic Rajagopalan,Indore,Madhya Pradesh,PID145,Cricket Bat,Sports,Cricket Bat,24131.97,1.0,20.0,Unknown,Cancelled,,19305.58
ORD10694,2023-10-08,CUST1177,Wahab Sathe,Mumbai,Maharashtra,PID342,Water Bottle,Home & Kitchen,Water Bottle,54668.68,4.0,20.0,Unknown,Delayed,4.9,174939.78
ORD14830,2024-06-01,CUST1124,Triya Tata,Ahmedabad,Gujarat,PID476,Headphones,Electronics,Headphones,68241.9,1.0,20.0,Debit Card,Delivered,3.9,54593.52
ORD12613,2023-04-15,CUST1531,Hardik Dar,Delhi,Delhi,PID223,Saree,Fashion,Saree,52985.75,1.0,20.0,UPI,Delivered,3.7,42388.6
ORD11187,2024-12-19,CUST1626,Jeet Bora,Jaipur,Rajasthan,PID545,Yoga Mat,Sports,Yoga Mat,62396.2,1.0,10.0,Cash on Delivery,Cancelled,2.5,56156.58
ORD11370,2023-09-21,CUST1765,Raagini Contractor,Bangalore,Karnataka,PID385,Face Wash,Beauty,Face Wash,77694.16,4.0,25.0,Credit Card,Delivered,4.9,233082.48
ORD11908,2024-09-05,CUST1972,Abhimanyu Mittal,Chennai,Tamil Nadu,PID386,Water Bottle,Home & Kitchen,Water Bottle,56764.57,4.0,0.0,Unknown,Returned,1.4,227058.28
ORD14089,2024-11-11,CUST1961,Triya Shetty,Ahmedabad,Gujarat,PID250,Laptop,Electronics,Laptop,219.83,4.0,30.0,Cash on Delivery,Returned,2.7,615.52
ORD12478,2024-09-12,CUST1054,Zarna Bhattacharyya,Surat,Gujarat,PID344,Mixer Grinder,Home & Kitchen,Mixer Grinder,42445.65,3.0,30.0,UPI,Delayed,2.7,89135.86
ORD12515,2024-12-11,CUST1337,Sara Bera,Chennai,Tamil Nadu,PID180,Saree,Fashion,Saree,70597.53,2.0,25.0,Debit Card,Delivered,,105896.3
ORD14673,2023-10-14,CUST1591,Riya Natt,Ahmedabad,Gujarat,PID201,Tablet,Electronics,Tablet,25276.31,5.0,5.0,Cash on Delivery,Delivered,1.9,120062.47
ORD12354,2024-02-05,CUST1255,Chandresh Prasad,Mumbai,Maharashtra,PID322,Sneakers,Fashion,Sneakers,4608.89,1.0,10.0,Cash on Delivery,Delivered,1.8,4148.0
ORD10657,2023-09-23,CUST1240,Chakradhar Hari,Surat,Gujarat,PID279,Laptop,Electronics,Laptop,45678.72,5.0,0.0,Debit Card,Cancelled,1.1,228393.6
ORD11572,2024-07-05,CUST1564,Kabir Bahl,Ahmedabad,Gujarat,PID386,Biography,Books,Biography,79862.69,3.0,30.0,Cash on Delivery,Delivered,2.5,167711.65
ORD11738,2023-04-15,CUST1422,Avi Rajan,Delhi,Delhi,PID306,Shampoo,Beauty,Shampoo,16723.03,5.0,20.0,Net Banking,Delivered,4.4,66892.12
ORD13856,2023-02-27,CUST1046,Caleb Chanda,Kolkata,West Bengal,PID288,Air Fryer,Home & Kitchen,Air Fryer,56831.36,2.0,30.0,Cash on Delivery,Delayed,4.8,79563.9
ORD12847,2023-09-30,CUST1083,Dev Jani,Chennai,Tamil Nadu,PID488,Face Wash,Beauty,Face Wash,44500.0,1.0,25.0,Unknown,Cancelled,3.5,33375.0
ORD12981,2023-09-15,CUST1208,Hitesh Kapur,Ahmedabad,Gujarat,PID536,Saree,Fashion,Saree,43967.7,4.0,25.0,Debit Card,Unknown,1.7,131903.1
ORD10619,2023-07-11,CUST1021,Naveen Rout,Indore,Madhya Pradesh,PID190,Dumbbells,Sports,Dumbbells,27583.38,3.0,10.0,Unknown,Delayed,2.8,74475.13
ORD12848,2024-09-08,CUST1977,Yashasvi Sani,Lucknow,Uttar Pradesh,PID458,Dumbbells,Sports,Dumbbells,66226.3,5.0,0.0,Cash on Delivery,Returned,1.9,331131.5
ORD14464,2023-01-04,CUST1868,Raagini Pandya,Ahmedabad,Gujarat,PID285,Comic,Books,Comic,53832.41,3.0,0.0,Credit Card,Delivered,3.8,161497.23
ORD10868,2024-08-04,CUST1832,Kala Contractor,Bangalore,Karnataka,PID381,Football,Sports,Football,79871.5,4.0,20.0,UPI,Delivered,2.4,255588.8
ORD12508,2023-12-22,CUST1799,Raghav Sharma,Kolkata,West Bengal,PID284,Smartwatch,Electronics,Smartwatch,80926.12,4.0,30.0,Credit Card,Delayed,2.6,226593.14
ORD12111,2024-10-28,CUST1149,Udyati Naik,Delhi,Delhi,PID154,Perfume,Beauty,Perfume,48684.88,2.0,15.0,UPI,Returned,4.1,82764.3
ORD10458,2023-09-22,CUST1520,Eesha Loyal,Mumbai,Maharashtra,PID485,Cookware Set,Home & Kitchen,Cookware Set,64240.06,2.0,25.0,Credit Card,Delivered,4.3,96360.09
ORD14237,2024-10-27,CUST1911,Kai Ray,Ahmedabad,Gujarat,PID551,Lipstick,Beauty,Lipstick,52184.49,4.0,10.0,Net Banking,Returned,3.4,187864.16
ORD10791,2024-11-10,CUST1658,Reva Merchant,Mumbai,Maharashtra,PID202,Headphones,Electronics,Headphones,82507.45,5.0,5.0,Unknown,Cancelled,4.6,391910.39
ORD14317,2023-10-21,CUST1360,Amrita Mohanty,Bangalore,Karnataka,PID390,Novel,Books,Novel,59336.84,2.0,0.0,Unknown,Delivered,2.6,118673.68
ORD13608,2024-02-27,CUST1629,Madhavi Gara,Kolkata,West Bengal,PID312,Smartphone,Electronics,Smartphone,28548.54,3.0,0.0,Cash on Delivery,Unknown,1.5,85645.62
ORD13823,2023-01-17,CUST1072,Girik Acharya,Lucknow,Uttar Pradesh,PID550,Dumbbells,Sports,Dumbbells,46786.48,4.0,10.0,Credit Card,Returned,4.6,168431.33
ORD12261,2023-09-23,CUST1254,Nicholas Chaudhari,Lucknow,Uttar Pradesh,PID571,Novel,Books,Novel,49081.96,1.0,15.0,Cash on Delivery,Delivered,3.8,41719.67
ORD14636,2023-06-02,CUST1954,Jacob Sharma,Mumbai,Maharashtra,PID405,Jeans,Fashion,Jeans,6754.79,1.0,10.0,Credit Card,Delayed,4.5,6079.31
ORD12809,2023-01-20,CUST1763,Leela Sahota,Bangalore,Karnataka,PID534,Yoga Mat,Sports,Yoga Mat,62098.22,4.0,5.0,UPI,Delivered,4.1,235973.24
ORD13519,2024-01-06,CUST1481,Jagvi Vyas,Indore,Madhya Pradesh,PID249,Cookware Set,Home & Kitchen,Cookware Set,66616.52,5.0,5.0,Credit Card,Returned,3.2,316428.47
ORD10734,2023-09-08,CUST1706,Veda Parekh,Jaipur,Rajasthan,PID467,Water Bottle,Home & Kitchen,Water Bottle,76217.51,1.0,15.0,Unknown,Unknown,4.0,64784.88
ORD14914,2024-01-28,CUST1046,Kamala Raju,Pune,Maharashtra,PID550,Jeans,Fashion,Jeans,77371.62,5.0,0.0,Unknown,Delivered,4.4,386858.1
ORD13959,2024-12-20,CUST1329,Balvan Pal,Kolkata,West Bengal,PID280,Water Bottle,Home & Kitchen,Water Bottle,17542.32,1.0,5.0,Cash on Delivery,Delayed,3.4,16665.2
ORD12134,2024-03-07,CUST1441,Wishi Wable,Indore,Madhya Pradesh,PID368,Novel,Books,Novel,38980.02,5.0,40.0,Unknown,Cancelled,1.7,116940.06
ORD11945,2024-09-06,CUST1070,Kritika Tank,Mumbai,Maharashtra,PID475,Biography,Books,Biography,8437.3,3.0,20.0,Unknown,Delivered,2.5,20249.52
ORD12280,2023-12-02,CUST1940,Ladli Kalla,Mumbai,Maharashtra,PID407,Sunscreen,Beauty,Sunscreen,10949.81,4.0,0.0,Unknown,Delivered,2.9,43799.24
ORD10660,2024-08-01,CUST1817,Zayan Kar,Surat,Gujarat,PID126,Novel,Books,Novel,65404.44,1.0,15.0,Cash on Delivery,Cancelled,3.3,55593.77
ORD12431,2024-10-09,CUST1495,Urishilla Mitter,Surat,Gujarat,PID374,Sneakers,Fashion,Sneakers,9514.69,4.0,15.0,Net Banking,Cancelled,3.7,32349.95
ORD13752,2024-10-03,CUST1813,Saksham Shan,Kolkata,West Bengal,PID320,Cookware Set,Home & Kitchen,Cookware Set,2719.79,2.0,0.0,Unknown,Delivered,1.3,5439.58
ORD12529,2024-07-26,CUST1930,Anika Jani,Lucknow,Uttar Pradesh,PID371,Biography,Books,Biography,39941.49,1.0,20.0,Debit Card,Returned,3.5,31953.19
ORD14422,2023-09-10,CUST1061,Vrishti Sunder,Hyderabad,Telangana,PID102,Perfume,Beauty,Perfume,75326.97,3.0,15.0,Debit Card,Delivered,4.6,192083.77
ORD10643,2024-09-25,CUST1346,Yashoda Mallick,Hyderabad,Telangana,PID315,Laptop,Electronics,Laptop,6868.72,5.0,30.0,Cash on Delivery,Delivered,3.8,24040.52
ORD10169,2024-01-05,CUST1699,Saanvi Magar,Ahmedabad,Gujarat,PID188,Cricket Bat,Sports,Cricket Bat,44615.66,5.0,0.0,Net Banking,Delayed,1.5,223078.3
ORD11518,2023-02-08,CUST1009,Yash Bhatnagar,Delhi,Delhi,PID115,Face Wash,Beauty,Face Wash,30211.56,1.0,25.0,Unknown,Unknown,,22658.67
ORD11801,2024-01-09,CUST1379,Tristan Hari,Bangalore,Karnataka,PID289,Laptop,Electronics,Laptop,78256.93,2.0,0.0,Debit Card,Delivered,2.1,156513.86
ORD11918,2023-05-04,CUST1448,Ikshita Dalal,Ahmedabad,Gujarat,PID141,Novel,Books,Novel,82214.25,1.0,25.0,Net Banking,Delivered,3.7,61660.69
ORD10273,2024-04-05,CUST1020,Sai Kale,Pune,Maharashtra,PID310,Novel,Books,Novel,9042.89,3.0,5.0,Net Banking,Unknown,2.0,25772.24
ORD12469,2024-08-25,CUST1350,Fariq Chand,Hyderabad,Telangana,PID395,Biography,Books,Biography,39822.36,4.0,5.0,Cash on Delivery,Unknown,1.8,151324.97
ORD14793,2023-05-24,CUST1132,Dakshesh Sahni,Delhi,Delhi,PID291,Cricket Bat,Sports,Cricket Bat,9593.67,2.0,40.0,Credit Card,Returned,3.8,11512.4
ORD11067,2023-06-21,CUST1016,Veda Magar,Ahmedabad,Gujarat,PID132,Saree,Fashion,Saree,88508.98,1.0,15.0,Credit Card,Delivered,1.2,75232.63
ORD10495,2023-07-19,CUST1472,Tanay Mander,Jaipur,Rajasthan,PID134,Cookware Set,Home & Kitchen,Cookware Set,4160.47,4.0,30.0,Credit Card,Delivered,1.0,11649.32
ORD11913,2024-03-05,CUST1488,Ganga Jani,Ahmedabad,Gujarat,PID306,Face Wash,Beauty,Face Wash,45470.69,1.0,20.0,Debit Card,Cancelled,,36376.55
ORD13647,2023-02-06,CUST1907,Unni Raju,Bangalore,Karnataka,PID522,Biography,Books,Biography,10337.95,2.0,10.0,Unknown,Returned,4.2,18608.31
ORD10039,2024-04-03,CUST1595,Yochana Varma,Ahmedabad,Gujarat,PID288,T-Shirt,Fashion,T-Shirt,64848.71,4.0,40.0,Unknown,Delivered,1.4,155636.9
ORD10307,2024-10-02,CUST1155,Nirja Kara,Chennai,Tamil Nadu,PID274,T-Shirt,Fashion,T-Shirt,61635.38,5.0,0.0,UPI,Cancelled,2.5,308176.9
ORD13741,2024-12-16,CUST1429,Nisha Garg,Jaipur,Rajasthan,PID466,Lipstick,Beauty,Lipstick,63356.46,2.0,40.0,Debit Card,Unknown,3.7,76027.75
ORD14103,2024-10-23,CUST1061,Aryan Hari,Mumbai,Maharashtra,PID262,Dumbbells,Sports,Dumbbells,6103.99,1.0,20.0,Debit Card,Delivered,4.6,4883.19
ORD13153,2023-08-13,CUST1463,Samarth Pall,Indore,Madhya Pradesh,PID169,Cricket Bat,Sports,Cricket Bat,21905.94,2.0,30.0,Credit Card,Unknown,2.0,30668.32
ORD12830,2023-09-03,CUST1159,Isha Swamy,Hyderabad,Telangana,PID415,Textbook,Books,Textbook,58681.72,1.0,40.0,Credit Card,Unknown,2.2,35209.03
ORD10782,2024-07-26,CUST1362,Patrick Dayal,Lucknow,Uttar Pradesh,PID133,Smartwatch,Electronics,Smartwatch,39492.71,2.0,40.0,Unknown,Delivered,4.6,47391.25
ORD10535,2023-09-24,CUST1146,Falak Sule,Lucknow,Uttar Pradesh,PID374,Jeans,Fashion,Jeans,49753.55,5.0,20.0,UPI,Delivered,4.6,199014.2
ORD14144,2024-06-08,CUST1785,Sachi Dyal,Pune,Maharashtra,PID206,Yoga Mat,Sports,Yoga Mat,18318.12,4.0,20.0,Debit Card,Delivered,1.1,58617.98
ORD13797,2023-07-27,CUST1216,Qushi Tandon,Jaipur,Rajasthan,PID476,Jeans,Fashion,Jeans,30799.93,1.0,30.0,Cash on Delivery,Unknown,4.5,21559.95
ORD14855,2024-11-25,CUST1435,Odika Prashad,Hyderabad,Telangana,PID204,Comic,Books,Comic,48974.97,2.0,0.0,Debit Card,Delayed,1.3,97949.94
ORD12862,2024-01-13,CUST1744,Nimrat Baral,Ahmedabad,Gujarat,PID431,Yoga Mat,Sports,Yoga Mat,87944.8,5.0,25.0,Credit Card,Delivered,2.6,329793.0
ORD10317,2023-10-23,CUST1469,Janaki Lala,Bangalore,Karnataka,PID354,Yoga Mat,Sports,Yoga Mat,78213.35,4.0,40.0,Credit Card,Delivered,1.5,187712.04
ORD12198,2024-12-20,CUST1489,Aachal Dash,Kolkata,West Bengal,PID394,Comic,Books,Comic,87779.44,2.0,40.0,UPI,Delivered,3.0,105335.33
ORD12565,2024-03-31,CUST1669,Andrew Rao,Surat,Gujarat,PID411,Cookware Set,Home & Kitchen,Cookware Set,23524.25,2.0,0.0,Debit Card,Unknown,3.4,47048.5
ORD14573,2024-07-27,CUST1877,Ethan Roy,Surat,Gujarat,PID515,Comic,Books,Comic,0.0,1.0,25.0,UPI,Returned,3.6,0.0
ORD14852,2023-02-17,CUST1344,Balveer Shetty,Surat,Gujarat,PID405,Perfume,Beauty,Perfume,48027.37,2.0,25.0,Unknown,Delivered,1.2,72041.06
ORD11795,2024-04-21,CUST1673,Mekhala Randhawa,Indore,Madhya Pradesh,PID113,Smartwatch,Electronics,Smartwatch,19064.85,1.0,40.0,Unknown,Unknown,1.4,11438.91
ORD14738,2024-02-02,CUST1058,Leena Ramakrishnan,Jaipur,Rajasthan,PID312,Face Wash,Beauty,Face Wash,6024.51,5.0,5.0,Debit Card,Delivered,4.3,28616.42
ORD14306,2023-12-29,CUST1909,Triya Dasgupta,Pune,Maharashtra,PID532,Smartphone,Electronics,Smartphone,21382.69,4.0,20.0,Cash on Delivery,Unknown,2.8,68424.61
ORD10272,2023-06-30,CUST1307,Atharv Chandran,Pune,Maharashtra,PID228,Saree,Fashion,Saree,77089.34,2.0,0.0,Unknown,Cancelled,1.5,154178.68
ORD10549,2023-01-22,CUST1849,Tripti Manne,Jaipur,Rajasthan,PID275,Air Fryer,Home & Kitchen,Air Fryer,65380.61,2.0,5.0,Unknown,Delivered,,124223.16
ORD11693,2023-02-19,CUST1544,Krishna Sahni,Chennai,Tamil Nadu,PID345,Biography,Books,Biography,70100.74,5.0,40.0,Debit Card,Cancelled,2.5,210302.22
ORD13526,2023-09-17,CUST1792,Harita Manda,Chennai,Tamil Nadu,PID528,Tablet,Electronics,Tablet,58346.42,3.0,5.0,Cash on Delivery,Delivered,3.1,166287.3
ORD13013,2023-03-08,CUST1234,Hitesh Master,Delhi,Delhi,PID528,Water Bottle,Home & Kitchen,Water Bottle,616.43,5.0,40.0,Debit Card,Delivered,4.9,1849.29
ORD14863,2023-06-19,CUST1100,Victor Kapoor,Indore,Madhya Pradesh,PID380,Tablet,Electronics,Tablet,30992.67,2.0,40.0,Unknown,Unknown,3.7,37191.2
ORD12391,2024-08-21,CUST1372,Lopa Iyengar,Pune,Maharashtra,PID119,Cookware Set,Home & Kitchen,Cookware Set,9854.25,4.0,10.0,Net Banking,Delivered,3.0,35475.3
ORD13877,2023-10-06,CUST1539,Yadavi Chauhan,Mumbai,Maharashtra,PID481,Lipstick,Beauty,Lipstick,48892.45,2.0,15.0,Unknown,Cancelled,1.2,83117.16
ORD10895,2024-05-19,CUST1002,Andrew Kamdar,Pune,Maharashtra,PID341,Water Bottle,Home & Kitchen,Water Bottle,76809.89,1.0,30.0,Unknown,Returned,4.7,53766.92
ORD12000,2023-11-15,CUST1631,Sachi Peri,Jaipur,Rajasthan,PID460,Football,Sports,Football,8499.25,3.0,10.0,Debit Card,Delayed,2.8,22947.98
ORD12123,2023-08-01,CUST1730,Vamakshi Vaidya,Delhi,Delhi,PID212,Jacket,Fashion,Jacket,22674.73,5.0,30.0,Unknown,Delivered,3.7,79361.55
ORD14158,2023-05-24,CUST1749,Reva Dhar,Ahmedabad,Gujarat,PID415,Jeans,Fashion,Jeans,66623.96,3.0,30.0,Unknown,Delivered,2.0,139910.32
ORD11248,2024-08-10,CUST1012,Nathaniel Sane,Delhi,Delhi,PID135,Headphones,Electronics,Headphones,59644.43,3.0,10.0,Credit Card,Returned,2.2,161039.96
ORD11260,2023-06-17,CUST1658,Vansha Bala,Jaipur,Rajasthan,PID519,Dumbbells,Sports,Dumbbells,13839.58,4.0,25.0,Cash on Delivery,Returned,3.3,41518.74
ORD10810,2023-06-05,CUST1287,Charles Devi,Kolkata,West Bengal,PID453,Water Bottle,Home & Kitchen,Water Bottle,42836.6,1.0,10.0,Cash on Delivery,Delivered,1.5,38552.94
ORD11050,2023-11-02,CUST1885,Arjun Shetty,Kolkata,West Bengal,PID240,Smartwatch,Electronics,Smartwatch,839.9,5.0,10.0,Debit Card,Delayed,3.3,3779.55
ORD11879,2024-12-14,CUST1217,Dalaja Dua,Surat,Gujarat,PID382,Cricket Bat,Sports,Cricket Bat,89355.34,5.0,20.0,Unknown,Delivered,3.3,357421.36
ORD12880,2023-08-29,CUST1425,Naveen Kunda,Lucknow,Uttar Pradesh,PID353,Perfume,Beauty,Perfume,37673.26,3.0,40.0,UPI,Returned,2.0,67811.87
ORD10108,2024-08-06,CUST1286,Bhavini Chand,Bangalore,Karnataka,PID522,Smartwatch,Electronics,Smartwatch,79438.65,3.0,0.0,Cash on Delivery,Cancelled,2.5,238315.95
ORD10674,2023-04-26,CUST1678,Arunima Pandit,Kolkata,West Bengal,PID317,Air Fryer,Home & Kitchen,Air Fryer,71737.64,4.0,15.0,Cash on Delivery,Delayed,4.6,243907.98
ORD14535,2024-01-06,CUST1006,Jagvi Kara,Ahmedabad,Gujarat,PID555,Smartwatch,Electronics,Smartwatch,46243.17,2.0,15.0,UPI,Delivered,4.6,78613.39
ORD14362,2024-04-21,CUST1570,Wriddhish Shetty,Ahmedabad,Gujarat,PID520,Kurta,Fashion,Kurta,71094.71,3.0,5.0,Credit Card,Delayed,4.8,202619.92
ORD11533,2024-07-16,CUST1030,Lopa Prabhu,Kolkata,West Bengal,PID573,Biography,Books,Biography,41917.06,4.0,0.0,Unknown,Cancelled,4.6,167668.24
ORD11856,2023-10-25,CUST1088,Odika Wali,Indore,Madhya Pradesh,PID552,Biography,Books,Biography,15954.67,1.0,15.0,UPI,Unknown,1.5,13561.47
ORD10212,2023-12-17,CUST1184,Niharika Nayar,Surat,Gujarat,PID498,Novel,Books,Novel,34442.98,2.0,15.0,Cash on Delivery,Delivered,3.3,58553.07
ORD13148,2023-06-15,CUST1717,Yutika Murty,Jaipur,Rajasthan,PID415,Biography,Books,Biography,33302.56,2.0,30.0,Cash on Delivery,Delivered,1.2,46623.58
ORD12257,2023-04-24,CUST1331,Pallavi Mani,Ahmedabad,Gujarat,PID274,Textbook,Books,Textbook,61209.86,4.0,40.0,Net Banking,Delayed,3.6,146903.66
ORD12106,2023-01-01,CUST1892,Arjun Venkatesh,Lucknow,Uttar Pradesh,PID180,Football,Sports,Football,57555.27,2.0,0.0,Net Banking,Returned,2.9,115110.54
ORD13269,2023-11-22,CUST1240,Qushi Prashad,Pune,Maharashtra,PID528,Shampoo,Beauty,Shampoo,43493.56,5.0,40.0,Credit Card,Returned,4.3,130480.68
ORD14836,2024-05-29,CUST1951,Kiaan Garg,Delhi,Delhi,PID529,Bedsheet,Home & Kitchen,Bedsheet,39612.92,4.0,20.0,UPI,Delivered,3.3,126761.34
ORD11974,2024-05-16,CUST1907,Anita Sankaran,Ahmedabad,Gujarat,PID115,Yoga Mat,Sports,Yoga Mat,44915.91,3.0,0.0,Cash on Delivery,Unknown,4.0,134747.73
ORD11502,2023-04-06,CUST1110,Omkaar Ganguly,Lucknow,Uttar Pradesh,PID560,Perfume,Beauty,Perfume,64410.03,2.0,25.0,Unknown,Unknown,4.7,96615.04
ORD14183,2024-12-21,CUST1320,Nirja Rajan,Chennai,Tamil Nadu,PID221,Jacket,Fashion,Jacket,11684.55,3.0,15.0,Debit Card,Unknown,3.6,29795.6
ORD10647,2023-08-21,CUST1894,Arunima Shroff,Chennai,Tamil Nadu,PID468,Comic,Books,Comic,17549.06,2.0,0.0,Net Banking,Cancelled,4.0,35098.12
ORD13634,2024-06-20,CUST1664,Bhavani Char,Bangalore,Karnataka,PID233,Comic,Books,Comic,33672.8,5.0,15.0,UPI,Unknown,,143109.4
ORD10772,2024-08-12,CUST1735,Nikita Madan,Lucknow,Uttar Pradesh,PID481,Biography,Books,Biography,46779.17,5.0,5.0,Net Banking,Returned,4.9,222201.06
ORD10704,2024-06-03,CUST1524,Vincent Nanda,Indore,Madhya Pradesh,PID185,Kurta,Fashion,Kurta,33683.35,3.0,15.0,Net Banking,Delayed,2.7,85892.54
ORD13588,2024-04-28,CUST1494,Vidhi Vala,Ahmedabad,Gujarat,PID361,Sunscreen,Beauty,Sunscreen,41679.18,5.0,40.0,Unknown,Delivered,4.6,125037.54
ORD11250,2024-12-06,CUST1152,Oeshi Prabhakar,Bangalore,Karnataka,PID592,Tablet,Electronics,Tablet,24139.64,2.0,5.0,Net Banking,Delayed,4.7,45865.32
ORD12473,2024-01-01,CUST1247,Ladli Hegde,Pune,Maharashtra,PID523,Kurta,Fashion,Kurta,89403.54,3.0,20.0,Cash on Delivery,Delayed,2.3,214568.5
ORD11861,2024-04-09,CUST1077,Victor Om,Hyderabad,Telangana,PID522,Face Wash,Beauty,Face Wash,80508.77,1.0,40.0,Unknown,Delayed,3.8,48305.26
ORD10710,2023-06-14,CUST1982,Upma Solanki,Kolkata,West Bengal,PID443,Cricket Bat,Sports,Cricket Bat,72589.67,4.0,0.0,Cash on Delivery,Delivered,3.3,290358.68
ORD12673,2024-05-05,CUST1783,Charan Venkataraman,Kolkata,West Bengal,PID535,Sunscreen,Beauty,Sunscreen,62291.44,4.0,5.0,Cash on Delivery,Delayed,1.3,236707.47
ORD11462,2023-06-29,CUST1372,Yahvi Bumb,Surat,Gujarat,PID244,Biography,Books,Biography,16821.32,3.0,25.0,UPI,Delivered,3.0,37847.97
ORD11485,2023-03-26,CUST1339,Chandran Rege,Ahmedabad,Gujarat,PID292,Textbook,Books,Textbook,192.27,2.0,15.0,Net Banking,Unknown,3.6,326.86
ORD10231,2024-12-29,CUST1353,Sai Aurora,Kolkata,West Bengal,PID571,Bedsheet,Home & Kitchen,Bedsheet,72461.0,5.0,25.0,Credit Card,Cancelled,3.2,271728.75
ORD11357,2023-09-24,CUST1048,Aadi Kala,Chennai,Tamil Nadu,PID431,Novel,Books,Novel,31266.56,1.0,40.0,Debit Card,Delivered,4.2,18759.94
ORD13012,2023-02-06,CUST1200,Chanakya Nagar,Delhi,Delhi,PID504,Jacket,Fashion,Jacket,15359.27,5.0,5.0,Net Banking,Delivered,,72956.53
ORD10852,2024-03-14,CUST1511,Quincy Sarin,Surat,Gujarat,PID263,Perfume,Beauty,Perfume,36359.62,4.0,20.0,Net Banking,Delivered,4.7,116350.78
ORD11005,2023-06-25,CUST1310,Nidra Sood,Chennai,Tamil Nadu,PID220,T-Shirt,Fashion,T-Shirt,16483.76,5.0,30.0,Unknown,Unknown,3.9,57693.16
ORD11997,2024-07-27,CUST1791,Sara Zacharia,Surat,Gujarat,PID331,T-Shirt,Fashion,T-Shirt,60269.64,4.0,5.0,Cash on Delivery,Cancelled,1.8,229024.63
ORD11835,2023-12-13,CUST1598,Yashvi Sule,Pune,Maharashtra,PID121,Kurta,Fashion,Kurta,29450.4,1.0,10.0,Net Banking,Returned,4.8,26505.36
ORD13974,2024-11-05,CUST1698,Jeevika Mody,Surat,Gujarat,PID239,Jeans,Fashion,Jeans,34182.66,2.0,10.0,Debit Card,Cancelled,2.5,61528.79
ORD11317,2024-03-14,CUST1583,Onveer Randhawa,Hyderabad,Telangana,PID489,Sneakers,Fashion,Sneakers,24104.79,2.0,25.0,Cash on Delivery,Cancelled,4.2,36157.18
ORD13328,2023-04-24,CUST1974,Banjeet Dubey,Hyderabad,Telangana,PID366,Tablet,Electronics,Tablet,48931.94,4.0,10.0,Net Banking,Delayed,4.3,176154.98
ORD11624,2023-10-30,CUST1340,Urmi Kannan,Indore,Madhya Pradesh,PID551,Tablet,Electronics,Tablet,83148.12,2.0,15.0,UPI,Delivered,1.3,141351.8
ORD11481,2023-05-03,CUST1879,Gagan Sarraf,Bangalore,Karnataka,PID527,Perfume,Beauty,Perfume,54081.45,1.0,10.0,Cash on Delivery,Delayed,2.0,48673.3
ORD13834,2023-02-23,CUST1145,Watika Vig,Bangalore,Karnataka,PID593,Laptop,Electronics,Laptop,9123.73,5.0,5.0,Net Banking,Delivered,1.3,43337.72
ORD11279,2023-10-31,CUST1185,Jalsa Bala,Delhi,Delhi,PID296,Laptop,Electronics,Laptop,43877.84,1.0,40.0,Debit Card,Returned,4.4,26326.7
ORD13081,2023-06-03,CUST1431,Dayamai Tella,Hyderabad,Telangana,PID301,Textbook,Books,Textbook,67289.78,5.0,10.0,Debit Card,Delivered,4.9,302804.01
ORD11824,2024-09-02,CUST1681,Raghav Sekhon,Jaipur,Rajasthan,PID207,Cricket Bat,Sports,Cricket Bat,22638.13,5.0,25.0,Net Banking,Delayed,1.7,84892.99
ORD11054,2023-07-01,CUST1816,Faraj Sheth,Hyderabad,Telangana,PID364,Shampoo,Beauty,Shampoo,36201.06,4.0,5.0,Net Banking,Unknown,4.9,137564.03
ORD14146,2023-06-30,CUST1468,Zashil Ravel,Kolkata,West Bengal,PID223,Biography,Books,Biography,79190.8,1.0,40.0,Net Banking,Delivered,1.4,47514.48
ORD10476,2023-12-03,CUST1654,Hemangini Tella,Lucknow,Uttar Pradesh,PID214,Shampoo,Beauty,Shampoo,62363.38,3.0,30.0,UPI,Delayed,2.8,130963.1
ORD12283,2024-06-11,CUST1108,Yash Sha,Delhi,Delhi,PID271,Perfume,Beauty,Perfume,25980.28,2.0,0.0,Debit Card,Returned,1.1,51960.56
ORD13712,2023-06-03,CUST1819,Shravya Radhakrishnan,Jaipur,Rajasthan,PID426,Water Bottle,Home & Kitchen,Water Bottle,80823.62,4.0,5.0,Unknown,Delivered,,307129.76
ORD13147,2023-08-04,CUST1985,Naksh Malhotra,Chennai,Tamil Nadu,PID322,Headphones,Electronics,Headphones,10310.11,4.0,40.0,UPI,Delivered,1.8,24744.26
ORD10336,2023-05-31,CUST1210,Fitan Sachdeva,Kolkata,West Bengal,PID448,Perfume,Beauty,Perfume,58102.27,2.0,0.0,Net Banking,Cancelled,2.8,116204.54
ORD12618,2023-08-21,CUST1986,Mekhala Narayanan,Jaipur,Rajasthan,PID463,Headphones,Electronics,Headphones,88120.3,2.0,25.0,Debit Card,Delivered,2.5,132180.45
ORD13663,2024-05-28,CUST1887,Varsha Mukhopadhyay,Indore,Madhya Pradesh,PID545,Bluetooth Speaker,Electronics,Bluetooth Speaker,41207.94,2.0,5.0,Net Banking,Delivered,2.0,78295.09
ORD10089,2024-12-23,CUST1561,Eesha Varghese,Surat,Gujarat,PID581,Bluetooth Speaker,Electronics,Bluetooth Speaker,30275.84,4.0,10.0,UPI,Delivered,3.5,108993.02
ORD10875,2023-06-22,CUST1297,Diya Saini,Kolkata,West Bengal,PID560,Biography,Books,Biography,54648.87,5.0,30.0,Cash on Delivery,Delivered,1.8,191271.04
ORD10544,2024-11-26,CUST1300,Indira Mani,Chennai,Tamil Nadu,PID235,Saree,Fashion,Saree,85730.65,3.0,25.0,UPI,Delivered,3.2,192893.96
ORD12761,2024-04-16,CUST1689,Gagan Tripathi,Kolkata,West Bengal,PID247,Football,Sports,Football,64072.81,2.0,0.0,Unknown,Delayed,3.9,128145.62
ORD11881,2023-04-03,CUST1730,Yashasvi Nagar,Delhi,Delhi,PID279,Shampoo,Beauty,Shampoo,66429.38,5.0,20.0,Unknown,Returned,4.4,265717.52
ORD14964,2023-10-12,CUST1158,Chanakya Lad,Ahmedabad,Gujarat,PID469,Comic,Books,Comic,490.87,4.0,15.0,Cash on Delivery,Unknown,2.3,1668.96
ORD10927,2024-08-04,CUST1712,Anvi Yogi,Surat,Gujarat,PID511,Textbook,Books,Textbook,44808.75,1.0,30.0,Unknown,Delivered,2.9,31366.12
ORD10320,2023-10-27,CUST1214,Hemangini Sridhar,Delhi,Delhi,PID456,Mixer Grinder,Home & Kitchen,Mixer Grinder,69200.8,1.0,5.0,Debit Card,Cancelled,1.5,65740.76
ORD10879,2024-03-09,CUST1791,Deepa Brar,Delhi,Delhi,PID151,Laptop,Electronics,Laptop,55941.88,2.0,40.0,Credit Card,Cancelled,1.9,67130.26
ORD13995,2024-05-11,CUST1558,Urvi Modi,Delhi,Delhi,PID233,Smartwatch,Electronics,Smartwatch,39347.87,4.0,0.0,Unknown,Delivered,1.7,157391.48
ORD13247,2023-08-05,CUST1749,Jyoti Madan,Bangalore,Karnataka,PID149,Headphones,Electronics,Headphones,64328.43,1.0,5.0,Cash on Delivery,Cancelled,4.9,61112.01
ORD13079,2024-09-08,CUST1387,Chanakya Shere,Jaipur,Rajasthan,PID383,Dumbbells,Sports,Dumbbells,58151.25,5.0,20.0,Unknown,Cancelled,,232605.0
ORD13762,2023-02-11,CUST1230,Mitesh Merchant,Bangalore,Karnataka,PID151,Textbook,Books,Textbook,49717.52,1.0,20.0,Net Banking,Cancelled,1.1,39774.02
ORD14676,2023-05-31,CUST1913,Rachita Hegde,Lucknow,Uttar Pradesh,PID223,Headphones,Electronics,Headphones,78565.17,1.0,20.0,UPI,Cancelled,4.4,62852.14
ORD14235,2024-07-31,CUST1404,Janaki Sastry,Surat,Gujarat,PID238,Air Fryer,Home & Kitchen,Air Fryer,83869.38,1.0,5.0,Net Banking,Returned,,79675.91
ORD14260,2024-01-18,CUST1884,Upasna Modi,Pune,Maharashtra,PID359,Textbook,Books,Textbook,22137.81,5.0,10.0,Unknown,Delivered,2.2,99620.14
ORD11619,2024-02-28,CUST1992,Vasana Wadhwa,Indore,Madhya Pradesh,PID204,Yoga Mat,Sports,Yoga Mat,20449.82,3.0,30.0,Debit Card,Delivered,4.5,42944.62
ORD13727,2024-01-04,CUST1071,Brinda Mammen,Chennai,Tamil Nadu,PID411,Water Bottle,Home & Kitchen,Water Bottle,381.78,2.0,5.0,Unknown,Delivered,3.3,725.38
ORD14919,2023-01-28,CUST1971,Gunbir Nagarajan,Chennai,Tamil Nadu,PID374,Saree,Fashion,Saree,50716.7,5.0,10.0,Cash on Delivery,Delayed,,228225.15
ORD11046,2024-09-29,CUST1679,Yadavi Raghavan,Delhi,Delhi,PID375,Textbook,Books,Textbook,24544.15,1.0,25.0,Debit Card,Cancelled,2.6,18408.11
ORD11751,2024-08-10,CUST1953,Tamanna Dewan,Mumbai,Maharashtra,PID553,Shampoo,Beauty,Shampoo,67851.4,2.0,25.0,UPI,Delayed,3.4,101777.1
ORD13879,2024-03-14,CUST1499,Ati Bains,Kolkata,West Bengal,PID206,Dumbbells,Sports,Dumbbells,49604.6,3.0,40.0,Credit Card,Delivered,2.6,89288.28
ORD13918,2023-09-27,CUST1558,Mitali Pau,Jaipur,Rajasthan,PID564,Shampoo,Beauty,Shampoo,72959.72,4.0,10.0,Net Banking,Returned,1.0,262654.99
ORD11044,2024-09-23,CUST1028,Bhavna Dhar,Bangalore,Karnataka,PID503,Cricket Bat,Sports,Cricket Bat,32524.41,4.0,5.0,Credit Card,Returned,,123592.76
ORD13291,2023-06-12,CUST1524,Omya Venkatesh,Ahmedabad,Gujarat,PID482,Dumbbells,Sports,Dumbbells,12864.74,2.0,20.0,Net Banking,Returned,1.8,20583.58
ORD12065,2023-08-11,CUST1547,Xavier Kalita,Bangalore,Karnataka,PID357,Smartphone,Electronics,Smartphone,39795.04,2.0,40.0,Credit Card,Delivered,2.2,47754.05
ORD12965,2023-05-20,CUST1029,Priya Rajagopal,Chennai,Tamil Nadu,PID322,Water Bottle,Home & Kitchen,Water Bottle,48497.88,1.0,10.0,Debit Card,Delayed,4.4,43648.09
ORD10642,2023-02-22,CUST1720,Zilmil Mukherjee,Delhi,Delhi,PID283,Dumbbells,Sports,Dumbbells,51288.35,1.0,15.0,Debit Card,Unknown,2.3,43595.1
ORD10138,2023-02-27,CUST1878,Samuel Agarwal,Surat,Gujarat,PID598,Cricket Bat,Sports,Cricket Bat,89251.97,4.0,40.0,Cash on Delivery,Returned,3.8,214204.73
ORD10881,2024-08-10,CUST1655,Unni Goda,Bangalore,Karnataka,PID410,Smartwatch,Electronics,Smartwatch,15155.06,2.0,25.0,Unknown,Delivered,2.8,22732.59
ORD11977,2024-10-01,CUST1601,Samesh Deol,Surat,Gujarat,PID210,Textbook,Books,Textbook,70760.87,1.0,25.0,Debit Card,Delivered,2.1,53070.65
ORD11582,2023-03-13,CUST1888,Kritika Gulati,Lucknow,Uttar Pradesh,PID315,Cookware Set,Home & Kitchen,Cookware Set,56945.76,3.0,20.0,Net Banking,Delivered,3.8,136669.82
ORD11098,2023-01-12,CUST1292,Aayush Mand,Pune,Maharashtra,PID154,Shampoo,Beauty,Shampoo,68324.84,1.0,25.0,Debit Card,Delivered,1.9,51243.63
ORD14741,2023-11-26,CUST1917,Gayathri Chander,Bangalore,Karnataka,PID147,Bedsheet,Home & Kitchen,Bedsheet,59677.65,4.0,0.0,UPI,Delayed,2.2,238710.6
ORD11393,2023-01-04,CUST1859,Jhalak Hayer,Jaipur,Rajasthan,PID378,Football,Sports,Football,38640.06,4.0,15.0,Credit Card,Delayed,4.4,131376.2
ORD11267,2024-06-19,CUST1232,George Garg,Ahmedabad,Gujarat,PID339,Perfume,Beauty,Perfume,30492.09,4.0,40.0,Net Banking,Unknown,2.9,73181.02
ORD14232,2023-04-15,CUST1406,Kamya Sampath,Indore,Madhya Pradesh,PID571,Dumbbells,Sports,Dumbbells,5120.37,3.0,10.0,Net Banking,Cancelled,5.0,13825.0
ORD12575,2023-01-19,CUST1869,Tristan Rama,Jaipur,Rajasthan,PID388,Face Wash,Beauty,Face Wash,41587.55,2.0,15.0,Debit Card,Returned,4.0,70698.84
ORD12136,2023-06-12,CUST1042,Dhruv Jha,Indore,Madhya Pradesh,PID424,Football,Sports,Football,66747.35,2.0,40.0,Debit Card,Returned,1.5,80096.82
ORD11504,2023-03-19,CUST1527,Warhi Arya,Hyderabad,Telangana,PID430,Smartphone,Electronics,Smartphone,5670.01,4.0,25.0,Unknown,Returned,4.3,17010.03
ORD13368,2023-05-15,CUST1520,Bhavna Handa,Lucknow,Uttar Pradesh,PID550,Shampoo,Beauty,Shampoo,0.0,2.0,10.0,Unknown,Cancelled,4.1,0.0
ORD13730,2024-05-20,CUST1042,Shaurya Jain,Hyderabad,Telangana,PID542,Smartphone,Electronics,Smartphone,80791.13,2.0,5.0,Credit Card,Cancelled,1.1,153503.15
ORD10149,2024-07-30,CUST1010,Alka Sharaf,Lucknow,Uttar Pradesh,PID150,Water Bottle,Home & Kitchen,Water Bottle,57490.51,3.0,0.0,Debit Card,Unknown,3.7,172471.53
ORD10304,2024-12-12,CUST1174,Yatan Tailor,Ahmedabad,Gujarat,PID130,Headphones,Electronics,Headphones,66640.17,3.0,10.0,Unknown,Cancelled,1.1,179928.46
ORD11925,2023-01-07,CUST1261,Tara Deo,Mumbai,Maharashtra,PID482,Bedsheet,Home & Kitchen,Bedsheet,31038.63,1.0,30.0,UPI,Returned,2.6,21727.04
ORD14840,2024-04-06,CUST1522,Falan Dugar,Chennai,Tamil Nadu,PID411,T-Shirt,Fashion,T-Shirt,14610.02,5.0,5.0,Net Banking,Delivered,4.6,69397.6
ORD12638,2023-01-11,CUST1132,Harita Barad,Hyderabad,Telangana,PID244,Smartphone,Electronics,Smartphone,49298.66,1.0,30.0,Debit Card,Delivered,4.9,34509.06
ORD11905,2023-07-28,CUST1813,Rachit Kota,Mumbai,Maharashtra,PID336,T-Shirt,Fashion,T-Shirt,13593.09,2.0,40.0,Credit Card,Delivered,2.5,16311.71
ORD14731,2023-10-02,CUST1741,Gayathri Gour,Indore,Madhya Pradesh,PID484,Cookware Set,Home & Kitchen,Cookware Set,82118.91,3.0,0.0,Debit Card,Returned,2.7,246356.73
ORD14295,2024-06-22,CUST1372,Lavanya Solanki,Mumbai,Maharashtra,PID289,Football,Sports,Football,34248.86,1.0,25.0,Debit Card,Delivered,2.6,25686.64
ORD13843,2024-12-24,CUST1627,Neha Dugar,Jaipur,Rajasthan,PID497,Comic,Books,Comic,10485.0,3.0,10.0,UPI,Delivered,1.3,28309.5
ORD14807,2024-04-21,CUST1371,Kritika Sule,Kolkata,West Bengal,PID403,Tablet,Electronics,Tablet,12982.23,5.0,5.0,Credit Card,Unknown,4.3,61665.59
ORD11769,2023-01-17,CUST1422,Tanvi Sahota,Kolkata,West Bengal,PID191,Yoga Mat,Sports,Yoga Mat,47828.6,3.0,10.0,Credit Card,Delayed,2.1,129137.22
ORD12241,2024-12-15,CUST1968,Ridhi Karnik,Surat,Gujarat,PID206,Perfume,Beauty,Perfume,30693.29,1.0,5.0,Cash on Delivery,Cancelled,2.4,29158.63
ORD10484,2024-10-22,CUST1948,Ojas Arya,Chennai,Tamil Nadu,PID216,Shampoo,Beauty,Shampoo,72434.73,2.0,20.0,Net Banking,Cancelled,4.6,115895.57
ORD11281,2023-12-13,CUST1618,Jairaj Bala,Surat,Gujarat,PID164,Smartwatch,Electronics,Smartwatch,80329.26,1.0,15.0,Cash on Delivery,Delayed,3.2,68279.87
ORD13681,2023-01-29,CUST1557,Ekapad Kadakia,Bangalore,Karnataka,PID341,Smartphone,Electronics,Smartphone,22680.21,2.0,30.0,Debit Card,Returned,2.6,31752.29
ORD10792,2023-03-26,CUST1509,Raagini Majumdar,Bangalore,Karnataka,PID502,Bedsheet,Home & Kitchen,Bedsheet,40394.23,4.0,30.0,Cash on Delivery,Cancelled,3.0,113103.84
ORD11202,2024-05-15,CUST1315,Pahal Virk,Surat,Gujarat,PID406,Cookware Set,Home & Kitchen,Cookware Set,75776.58,1.0,25.0,Debit Card,Delivered,,56832.44
ORD13913,2023-06-11,CUST1706,Anirudh Venkatesh,Delhi,Delhi,PID340,Kurta,Fashion,Kurta,82898.84,1.0,0.0,UPI,Delivered,2.2,82898.84
ORD12363,2023-06-17,CUST1386,Nihal Bandi,Hyderabad,Telangana,PID108,Cricket Bat,Sports,Cricket Bat,42670.44,4.0,30.0,Cash on Delivery,Delayed,2.1,119477.23
ORD13070,2024-12-01,CUST1952,Veda Oza,Indore,Madhya Pradesh,PID133,Headphones,Electronics,Headphones,20517.18,2.0,15.0,Net Banking,Unknown,3.2,34879.21
ORD13430,2023-09-26,CUST1590,Vritti Gara,Surat,Gujarat,PID287,Bedsheet,Home & Kitchen,Bedsheet,60026.03,5.0,5.0,Credit Card,Delivered,3.4,285123.64
ORD14907,2023-02-01,CUST1230,Wahab Mahal,Lucknow,Uttar Pradesh,PID512,Yoga Mat,Sports,Yoga Mat,61321.3,2.0,15.0,UPI,Unknown,2.4,104246.21
ORD12592,2023-06-11,CUST1019,Nikita Bir,Kolkata,West Bengal,PID368,Water Bottle,Home & Kitchen,Water Bottle,67402.53,4.0,30.0,Cash on Delivery,Returned,2.4,188727.08
ORD12711,2024-09-27,CUST1059,Osha Srinivasan,Indore,Madhya Pradesh,PID433,Comic,Books,Comic,58236.37,1.0,5.0,Unknown,Delivered,2.5,55324.55
ORD11530,2024-02-23,CUST1089,Elijah Kulkarni,Kolkata,West Bengal,PID473,Biography,Books,Biography,35921.84,5.0,15.0,Unknown,Returned,2.7,152667.82
ORD12810,2024-12-25,CUST1684,Udyati Ram,Surat,Gujarat,PID399,Saree,Fashion,Saree,27309.32,3.0,5.0,Cash on Delivery,Delivered,2.3,77831.56
ORD10686,2024-07-31,CUST1619,Arunima Vaidya,Mumbai,Maharashtra,PID228,Shampoo,Beauty,Shampoo,26813.08,3.0,25.0,Credit Card,Unknown,1.6,60329.43
ORD11552,2024-08-26,CUST1020,Hemal Natarajan,Mumbai,Maharashtra,PID504,Sneakers,Fashion,Sneakers,46305.54,4.0,0.0,UPI,Cancelled,1.2,185222.16
ORD14256,2023-07-04,CUST1445,Ria Comar,Kolkata,West Bengal,PID147,Jeans,Fashion,Jeans,36601.45,1.0,40.0,Unknown,Delivered,2.7,21960.87
ORD13872,2024-01-14,CUST1631,Wakeeta Ratti,Indore,Madhya Pradesh,PID165,Jeans,Fashion,Jeans,29057.54,3.0,15.0,UPI,Delivered,1.4,74096.73
ORD10561,2024-10-31,CUST1332,Reva Narula,Surat,Gujarat,PID237,Tablet,Electronics,Tablet,88091.8,1.0,30.0,Credit Card,Unknown,3.5,61664.26
ORD12251,2024-09-07,CUST1845,Samaksh Joshi,Surat,Gujarat,PID192,Kurta,Fashion,Kurta,6238.59,1.0,25.0,Credit Card,Returned,4.0,4678.94
ORD14750,2023-04-03,CUST1753,Gaurang Parikh,Ahmedabad,Gujarat,PID571,Smartwatch,Electronics,Smartwatch,87339.11,5.0,10.0,Cash on Delivery,Cancelled,3.5,393026.0
ORD13501,2023-12-19,CUST1490,Jeremiah Taneja,Delhi,Delhi,PID311,Smartphone,Electronics,Smartphone,62012.74,1.0,10.0,Cash on Delivery,Delivered,3.5,55811.47
ORD12690,2024-11-26,CUST1203,Jason Jaggi,Jaipur,Rajasthan,PID106,Tablet,Electronics,Tablet,45835.41,5.0,0.0,Net Banking,Delivered,2.4,229177.05
ORD14209,2023-06-29,CUST1923,Utkarsh Madan,Hyderabad,Telangana,PID286,Mixer Grinder,Home & Kitchen,Mixer Grinder,81351.88,3.0,0.0,Unknown,Delivered,1.6,244055.64
ORD13380,2023-08-20,CUST1252,Naksh Thaker,Lucknow,Uttar Pradesh,PID373,Comic,Books,Comic,46765.05,3.0,15.0,Cash on Delivery,Unknown,5.0,119250.88
ORD13194,2024-03-24,CUST1525,Finn Barman,Delhi,Delhi,PID581,Novel,Books,Novel,39583.45,5.0,15.0,Net Banking,Cancelled,3.8,168229.66
ORD11447,2023-09-10,CUST1579,Falan Wason,Chennai,Tamil Nadu,PID340,Textbook,Books,Textbook,24540.09,5.0,30.0,Cash on Delivery,Returned,1.1,85890.31
ORD11953,2024-08-09,CUST1213,Naksh Naik,Delhi,Delhi,PID490,Novel,Books,Novel,62083.37,3.0,25.0,Cash on Delivery,Cancelled,1.7,139687.58
ORD10923,2024-03-23,CUST1469,Fitan Vora,Ahmedabad,Gujarat,PID368,Yoga Mat,Sports,Yoga Mat,35120.61,2.0,20.0,UPI,Unknown,1.0,56192.98
ORD11625,2023-11-11,CUST1631,Urmi Chauhan,Chennai,Tamil Nadu,PID554,Football,Sports,Football,17740.58,2.0,0.0,Unknown,Returned,2.8,35481.16
ORD10311,2024-12-30,CUST1231,Harinakshi Warrior,Ahmedabad,Gujarat,PID116,Saree,Fashion,Saree,20897.48,4.0,40.0,Cash on Delivery,Delivered,1.7,50153.95
ORD11320,2023-11-09,CUST1517,Victor Dyal,Mumbai,Maharashtra,PID589,Novel,Books,Novel,52402.36,3.0,0.0,UPI,Delivered,3.6,157207.08
ORD13532,2023-08-11,CUST1288,Yutika Amble,Mumbai,Maharashtra,PID344,Bluetooth Speaker,Electronics,Bluetooth Speaker,54757.13,1.0,30.0,Debit Card,Returned,1.3,38329.99
ORD11664,2023-06-18,CUST1491,Bhavya Khurana,Ahmedabad,Gujarat,PID464,Mixer Grinder,Home & Kitchen,Mixer Grinder,55146.44,5.0,20.0,Cash on Delivery,Delayed,2.2,220585.76
ORD10816,2023-05-12,CUST1820,Manthan Bhat,Surat,Gujarat,PID221,Smartwatch,Electronics,Smartwatch,7768.86,5.0,0.0,Debit Card,Delivered,,38844.3
ORD14603,2024-02-25,CUST1934,Xiti Dara,Jaipur,Rajasthan,PID416,Laptop,Electronics,Laptop,0.0,5.0,0.0,Credit Card,Delivered,4.6,0.0
ORD12267,2023-02-22,CUST1486,Kala Sood,Jaipur,Rajasthan,PID197,Mixer Grinder,Home & Kitchen,Mixer Grinder,55220.52,2.0,0.0,Credit Card,Delivered,2.4,110441.04
ORD11474,2024-03-05,CUST1532,Neel Sahni,Indore,Madhya Pradesh,PID411,Comic,Books,Comic,69168.8,5.0,0.0,Unknown,Delivered,2.7,345844.0
ORD11774,2023-08-24,CUST1188,Ucchal Deep,Mumbai,Maharashtra,PID101,T-Shirt,Fashion,T-Shirt,79934.65,2.0,40.0,Debit Card,Cancelled,4.9,95921.58
ORD14689,2023-03-30,CUST1455,Jairaj Mukhopadhyay,Jaipur,Rajasthan,PID444,Dumbbells,Sports,Dumbbells,2534.28,5.0,0.0,Unknown,Cancelled,3.5,12671.4
ORD11094,2024-03-14,CUST1307,Mohammed Char,Indore,Madhya Pradesh,PID420,Laptop,Electronics,Laptop,80769.03,2.0,15.0,Debit Card,Delivered,3.4,137307.35
ORD11951,2024-06-17,CUST1673,Zashil Sehgal,Ahmedabad,Gujarat,PID258,Comic,Books,Comic,8640.89,3.0,25.0,Net Banking,Delivered,2.1,19442.0
ORD13885,2023-09-21,CUST1645,Laksh Baral,Hyderabad,Telangana,PID450,Lipstick,Beauty,Lipstick,40017.98,4.0,0.0,Unknown,Returned,4.1,160071.92
ORD14587,2024-10-29,CUST1069,Panini Gokhale,Chennai,Tamil Nadu,PID341,Football,Sports,Football,5257.6,2.0,10.0,Unknown,Returned,4.1,9463.68
ORD14749,2023-01-26,CUST1243,Kevin Mohan,Kolkata,West Bengal,PID307,Water Bottle,Home & Kitchen,Water Bottle,30782.53,5.0,0.0,Unknown,Cancelled,3.0,153912.65
ORD12801,2023-09-25,CUST1650,Ijaya Sahota,Hyderabad,Telangana,PID484,Air Fryer,Home & Kitchen,Air Fryer,28149.9,3.0,10.0,UPI,Returned,,76004.73
ORD11240,2023-09-19,CUST1219,Peter Seth,Pune,Maharashtra,PID337,Laptop,Electronics,Laptop,48713.26,3.0,30.0,Net Banking,Returned,2.7,102297.85
ORD10330,2024-09-19,CUST1392,Robert Naik,Hyderabad,Telangana,PID127,Comic,Books,Comic,12868.88,2.0,20.0,UPI,Delayed,,20590.21
ORD13103,2023-06-03,CUST1269,Arya Kadakia,Chennai,Tamil Nadu,PID413,Tablet,Electronics,Tablet,4403.03,2.0,5.0,Net Banking,Delivered,1.2,8365.76
ORD10243,2023-11-02,CUST1566,Yadavi Dora,Ahmedabad,Gujarat,PID547,Saree,Fashion,Saree,12403.87,5.0,10.0,Unknown,Returned,4.7,55817.42
ORD14758,2023-02-14,CUST1226,Viraj Varma,Pune,Maharashtra,PID145,Lipstick,Beauty,Lipstick,17473.61,1.0,5.0,Net Banking,Delivered,2.1,16599.93
ORD12258,2023-04-08,CUST1454,Qadim Saha,Ahmedabad,Gujarat,PID468,Face Wash,Beauty,Face Wash,83120.06,4.0,25.0,Debit Card,Unknown,2.2,249360.18
ORD12819,2024-05-23,CUST1024,Vidhi Bahri,Lucknow,Uttar Pradesh,PID334,Textbook,Books,Textbook,89261.79,1.0,15.0,Unknown,Delivered,1.4,75872.52
ORD13825,2024-10-26,CUST1591,Zayan Chauhan,Indore,Madhya Pradesh,PID269,Lipstick,Beauty,Lipstick,65169.03,3.0,20.0,Unknown,Delivered,3.9,156405.67
ORD10754,2023-03-08,CUST1016,Hemang Kale,Mumbai,Maharashtra,PID587,Face Wash,Beauty,Face Wash,34295.62,1.0,20.0,Unknown,Delivered,4.4,27436.5
ORD11564,2024-12-02,CUST1425,Tarak Karan,Jaipur,Rajasthan,PID530,Laptop,Electronics,Laptop,59229.42,2.0,15.0,Net Banking,Delivered,4.5,100690.01
ORD11935,2023-08-20,CUST1882,Hemani Goel,Mumbai,Maharashtra,PID115,Cricket Bat,Sports,Cricket Bat,54467.16,5.0,20.0,Unknown,Returned,4.2,217868.64
ORD14868,2024-08-02,CUST1614,Unni Pandit,Ahmedabad,Gujarat,PID147,Cookware Set,Home & Kitchen,Cookware Set,24338.32,1.0,5.0,Cash on Delivery,Delivered,4.5,23121.4
ORD13494,2024-08-15,CUST1692,Xavier Narang,Delhi,Delhi,PID367,Bluetooth Speaker,Electronics,Bluetooth Speaker,1200.05,3.0,10.0,Net Banking,Delayed,,3240.14
ORD13023,2024-01-29,CUST1567,Devika Rau,Ahmedabad,Gujarat,PID383,Cricket Bat,Sports,Cricket Bat,80317.04,1.0,15.0,Net Banking,Delivered,4.0,68269.48
ORD11857,2023-06-16,CUST1388,Vasatika Ramanathan,Jaipur,Rajasthan,PID446,Yoga Mat,Sports,Yoga Mat,7659.93,5.0,0.0,Net Banking,Returned,,38299.65
ORD13564,2024-08-27,CUST1329,Tanmayi Sarin,Jaipur,Rajasthan,PID503,Mixer Grinder,Home & Kitchen,Mixer Grinder,85236.07,5.0,0.0,Cash on Delivery,Delivered,1.3,426180.35
ORD11965,2023-11-19,CUST1286,Utkarsh Ray,Kolkata,West Bengal,PID383,Cookware Set,Home & Kitchen,Cookware Set,0.0,3.0,30.0,UPI,Delivered,3.6,0.0
ORD11014,2024-02-24,CUST1115,Yachana Sehgal,Pune,Maharashtra,PID295,Laptop,Electronics,Laptop,4500.22,2.0,40.0,Net Banking,Unknown,,5400.26
ORD11428,2024-04-30,CUST1123,Pratyush Comar,Pune,Maharashtra,PID240,Dumbbells,Sports,Dumbbells,49902.35,5.0,5.0,Unknown,Delivered,3.5,237036.16
ORD13323,2024-01-13,CUST1043,Dalbir Manda,Pune,Maharashtra,PID445,Face Wash,Beauty,Face Wash,82907.87,1.0,20.0,Credit Card,Delayed,4.2,66326.3
ORD11296,2023-08-20,CUST1198,Chasmum Bahri,Delhi,Delhi,PID486,Mixer Grinder,Home & Kitchen,Mixer Grinder,55694.53,3.0,0.0,Net Banking,Delivered,3.3,167083.59
ORD10467,2023-07-16,CUST1573,Zehaan Bhargava,Bangalore,Karnataka,PID552,Cricket Bat,Sports,Cricket Bat,23477.26,5.0,20.0,Unknown,Cancelled,1.1,93909.04
ORD14029,2023-10-06,CUST1553,Xiti Pandya,Pune,Maharashtra,PID507,Face Wash,Beauty,Face Wash,57386.34,2.0,10.0,Net Banking,Delivered,1.5,103295.41
ORD10175,2023-10-05,CUST1823,Lopa Varty,Indore,Madhya Pradesh,PID364,Tablet,Electronics,Tablet,66698.82,4.0,25.0,Unknown,Delivered,3.3,200096.46
ORD10278,2024-05-02,CUST1552,Gagan Borah,Bangalore,Karnataka,PID190,Lipstick,Beauty,Lipstick,47477.8,3.0,25.0,Net Banking,Delayed,4.5,106825.05
ORD11070,2024-04-13,CUST1975,Patrick Murthy,Chennai,Tamil Nadu,PID480,Sunscreen,Beauty,Sunscreen,74910.37,2.0,0.0,Debit Card,Unknown,2.6,149820.74
ORD11549,2023-03-24,CUST1237,Chavvi Uppal,Kolkata,West Bengal,PID265,Comic,Books,Comic,20226.48,3.0,25.0,Net Banking,Unknown,4.0,45509.58
ORD11025,2023-10-22,CUST1116,Neelima Mander,Pune,Maharashtra,PID460,Novel,Books,Novel,40848.74,2.0,0.0,Debit Card,Delivered,3.1,81697.48
ORD12835,2024-10-15,CUST1549,Anmol Kanda,Pune,Maharashtra,PID289,Sunscreen,Beauty,Sunscreen,39680.43,4.0,5.0,Net Banking,Delivered,3.7,150785.63
ORD11467,2023-05-24,CUST1548,Idika Raju,Mumbai,Maharashtra,PID242,Textbook,Books,Textbook,42533.36,1.0,10.0,Net Banking,Delivered,3.2,38280.02
ORD11714,2024-02-17,CUST1038,Shivani Bava,Bangalore,Karnataka,PID460,Novel,Books,Novel,15079.84,3.0,15.0,Net Banking,Cancelled,1.2,38453.59
ORD13425,2023-06-21,CUST1839,Ikshita Tank,Delhi,Delhi,PID442,Sneakers,Fashion,Sneakers,86311.98,4.0,30.0,Credit Card,Cancelled,3.4,241673.54
ORD12612,2024-02-29,CUST1284,Krisha Sule,Hyderabad,Telangana,PID202,Textbook,Books,Textbook,87795.44,2.0,30.0,Cash on Delivery,Delivered,,122913.62
ORD10389,2023-08-16,CUST1080,Samar Ramaswamy,Lucknow,Uttar Pradesh,PID317,Sneakers,Fashion,Sneakers,47152.43,3.0,5.0,Debit Card,Delivered,3.8,134384.43
ORD12071,2024-07-21,CUST1885,Brinda Vora,Delhi,Delhi,PID132,Shampoo,Beauty,Shampoo,64012.94,5.0,40.0,Cash on Delivery,Returned,4.3,192038.82
ORD13971,2023-06-07,CUST1912,William Sahni,Lucknow,Uttar Pradesh,PID434,Biography,Books,Biography,83389.36,5.0,5.0,UPI,Returned,3.0,396099.46
ORD12822,2024-10-18,CUST1247,Abhimanyu Biswas,Delhi,Delhi,PID313,Headphones,Electronics,Headphones,74813.11,3.0,5.0,Unknown,Delivered,4.5,213217.36
ORD11425,2024-11-11,CUST1984,Hemal Parikh,Hyderabad,Telangana,PID536,Shampoo,Beauty,Shampoo,2470.87,2.0,20.0,UPI,Unknown,2.0,3953.39
ORD14978,2024-12-19,CUST1581,Yoshita Balay,Ahmedabad,Gujarat,PID408,Sneakers,Fashion,Sneakers,15461.98,5.0,20.0,Net Banking,Delayed,2.3,61847.92
ORD13575,2023-04-01,CUST1662,Lohit Bajwa,Delhi,Delhi,PID571,Headphones,Electronics,Headphones,38105.94,1.0,5.0,Debit Card,Returned,4.1,36200.64
ORD10051,2024-01-28,CUST1791,Ishita Cherian,Jaipur,Rajasthan,PID504,Perfume,Beauty,Perfume,63531.23,4.0,10.0,Credit Card,Unknown,3.4,228712.43
ORD13696,2024-03-19,CUST1547,Lopa Choudhary,Hyderabad,Telangana,PID268,Air Fryer,Home & Kitchen,Air Fryer,62513.54,4.0,25.0,Cash on Delivery,Delayed,3.7,187540.62
ORD14230,2024-01-29,CUST1142,Umang Gala,Surat,Gujarat,PID311,Novel,Books,Novel,78948.0,1.0,0.0,Cash on Delivery,Unknown,1.3,78948.0
ORD10483,2023-10-30,CUST1461,Gunbir Kari,Pune,Maharashtra,PID339,Air Fryer,Home & Kitchen,Air Fryer,51487.63,5.0,5.0,Cash on Delivery,Cancelled,2.4,244566.24
ORD13394,2023-04-07,CUST1095,Gaurav Mangat,Lucknow,Uttar Pradesh,PID490,Mixer Grinder,Home & Kitchen,Mixer Grinder,34381.53,5.0,40.0,Credit Card,Cancelled,2.2,103144.59
ORD12252,2023-09-10,CUST1647,Hardik Chhabra,Kolkata,West Bengal,PID298,Water Bottle,Home & Kitchen,Water Bottle,55987.07,2.0,10.0,Cash on Delivery,Delayed,3.8,100776.73
ORD14163,2023-01-22,CUST1020,Yuvraj Balan,Hyderabad,Telangana,PID358,Face Wash,Beauty,Face Wash,53352.18,4.0,40.0,Unknown,Delayed,2.8,128045.23
ORD12314,2024-11-16,CUST1426,Imaran Devi,Kolkata,West Bengal,PID490,Laptop,Electronics,Laptop,72264.99,3.0,0.0,Credit Card,Delivered,5.0,216794.97
ORD12850,2024-11-01,CUST1968,Aashi Sharma,Indore,Madhya Pradesh,PID159,Cookware Set,Home & Kitchen,Cookware Set,37559.33,5.0,15.0,UPI,Delivered,3.4,159627.15
ORD13104,2023-12-28,CUST1975,Oeshi Natarajan,Jaipur,Rajasthan,PID290,Novel,Books,Novel,87598.84,2.0,30.0,Credit Card,Delayed,2.8,122638.38
ORD14128,2024-11-08,CUST1500,Logan Dave,Mumbai,Maharashtra,PID252,Novel,Books,Novel,21231.83,3.0,0.0,Debit Card,Delivered,2.0,63695.49
ORD13868,2024-04-14,CUST1806,Dipta Naik,Bangalore,Karnataka,PID569,Cricket Bat,Sports,Cricket Bat,27114.74,1.0,10.0,Debit Card,Returned,1.9,24403.27
ORD12466,2023-11-03,CUST1676,Tripti Handa,Lucknow,Uttar Pradesh,PID258,Yoga Mat,Sports,Yoga Mat,41261.63,1.0,20.0,Debit Card,Delivered,4.6,33009.3
ORD12930,2024-02-03,CUST1316,Lucky Modi,Hyderabad,Telangana,PID111,Novel,Books,Novel,14426.14,1.0,40.0,Debit Card,Delayed,4.6,8655.68
ORD14107,2023-08-14,CUST1342,Laban Saxena,Chennai,Tamil Nadu,PID208,Saree,Fashion,Saree,80412.81,5.0,0.0,Debit Card,Delivered,2.9,402064.05
ORD10065,2024-10-19,CUST1210,Meera Gupta,Pune,Maharashtra,PID135,Mixer Grinder,Home & Kitchen,Mixer Grinder,24937.95,4.0,15.0,Debit Card,Delivered,,84789.03
ORD14811,2024-10-06,CUST1157,Yamini Din,Surat,Gujarat,PID376,Smartwatch,Electronics,Smartwatch,2262.05,4.0,5.0,Net Banking,Cancelled,4.1,8595.79
ORD10777,2024-02-12,CUST1149,Meera Lall,Lucknow,Uttar Pradesh,PID466,Laptop,Electronics,Laptop,28050.9,3.0,10.0,Unknown,Cancelled,1.3,75737.43
ORD14174,2024-04-21,CUST1077,Siddharth Walla,Mumbai,Maharashtra,PID202,Jeans,Fashion,Jeans,27397.15,2.0,20.0,Debit Card,Cancelled,1.0,43835.44
ORD12735,2024-03-06,CUST1672,Orinder Joshi,Jaipur,Rajasthan,PID194,Comic,Books,Comic,66520.09,1.0,10.0,Cash on Delivery,Delivered,4.6,59868.08
ORD12581,2024-05-21,CUST1702,Robert Loke,Surat,Gujarat,PID182,Headphones,Electronics,Headphones,72516.09,2.0,10.0,Unknown,Returned,4.5,130528.96
ORD13484,2024-06-23,CUST1627,Gautam Rai,Pune,Maharashtra,PID207,Smartwatch,Electronics,Smartwatch,45350.15,4.0,40.0,Net Banking,Delayed,1.9,108840.36
ORD14955,2023-03-25,CUST1421,Neel Dhingra,Indore,Madhya Pradesh,PID504,Smartwatch,Electronics,Smartwatch,6060.97,2.0,25.0,UPI,Cancelled,2.4,9091.46
ORD12345,2024-05-03,CUST1962,Peter Golla,Mumbai,Maharashtra,PID438,Cricket Bat,Sports,Cricket Bat,27065.15,1.0,40.0,Net Banking,Delivered,4.6,16239.09
ORD12816,2023-07-18,CUST1122,Yuvraj Iyengar,Surat,Gujarat,PID231,Bluetooth Speaker,Electronics,Bluetooth Speaker,27153.81,2.0,30.0,Cash on Delivery,Delayed,4.6,38015.33
ORD14777,2023-08-14,CUST1188,Wishi Mishra,Jaipur,Rajasthan,PID443,Smartphone,Electronics,Smartphone,72085.0,1.0,10.0,Net Banking,Delivered,3.4,64876.5
ORD14027,2023-05-14,CUST1078,Alka Hari,Hyderabad,Telangana,PID101,Comic,Books,Comic,22118.05,3.0,5.0,Net Banking,Delayed,3.7,63036.44
ORD10725,2023-07-31,CUST1512,Aarav Nanda,Kolkata,West Bengal,PID428,Jeans,Fashion,Jeans,84352.11,3.0,0.0,Cash on Delivery,Delivered,2.8,253056.33
ORD14639,2023-10-02,CUST1739,Yachana Vig,Mumbai,Maharashtra,PID546,Sunscreen,Beauty,Sunscreen,57306.03,2.0,0.0,Credit Card,Delivered,1.2,114612.06
ORD14948,2024-06-16,CUST1198,Diya Deep,Jaipur,Rajasthan,PID599,Jeans,Fashion,Jeans,30680.46,4.0,10.0,Net Banking,Unknown,2.9,110449.66
ORD11736,2023-11-18,CUST1199,Girik Kothari,Hyderabad,Telangana,PID283,Saree,Fashion,Saree,55718.75,3.0,30.0,Net Banking,Cancelled,2.7,117009.37
ORD13125,2023-04-12,CUST1498,Udant Srinivas,Surat,Gujarat,PID539,Air Fryer,Home & Kitchen,Air Fryer,9326.61,1.0,25.0,Debit Card,Cancelled,4.4,6994.96
ORD10274,2023-12-30,CUST1293,Yauvani Bhagat,Surat,Gujarat,PID337,Headphones,Electronics,Headphones,86686.02,5.0,20.0,Cash on Delivery,Delivered,3.0,346744.08
ORD14846,2024-10-21,CUST1099,Champak Savant,Delhi,Delhi,PID202,Mixer Grinder,Home & Kitchen,Mixer Grinder,63985.47,1.0,40.0,Net Banking,Unknown,,38391.28
ORD14633,2024-10-10,CUST1901,Sachi Anand,Hyderabad,Telangana,PID304,Sneakers,Fashion,Sneakers,11984.73,5.0,10.0,UPI,Delivered,4.0,53931.28
ORD12716,2023-04-17,CUST1271,Rehaan Grewal,Hyderabad,Telangana,PID369,Jacket,Fashion,Jacket,47095.89,2.0,25.0,UPI,Cancelled,1.7,70643.83
ORD14246,2024-04-22,CUST1907,Harrison Kurian,Chennai,Tamil Nadu,PID571,Novel,Books,Novel,35476.78,4.0,0.0,UPI,Delayed,3.0,141907.12
ORD12693,2024-08-22,CUST1408,Vaishnavi Sathe,Surat,Gujarat,PID522,Novel,Books,Novel,12024.36,2.0,30.0,Credit Card,Cancelled,4.5,16834.1
ORD12768,2024-04-14,CUST1657,Vritti Lala,Pune,Maharashtra,PID338,Football,Sports,Football,66212.46,5.0,40.0,Debit Card,Delivered,2.5,198637.38
ORD10219,2024-11-18,CUST1076,Hemani Deep,Jaipur,Rajasthan,PID470,T-Shirt,Fashion,T-Shirt,44747.47,3.0,0.0,Cash on Delivery,Delivered,1.4,134242.41
ORD10240,2024-07-04,CUST1702,Nitesh Bains,Surat,Gujarat,PID178,Novel,Books,Novel,6032.64,4.0,15.0,Cash on Delivery,Returned,4.5,20510.98
ORD11132,2024-11-13,CUST1489,Arya Kota,Jaipur,Rajasthan,PID202,Textbook,Books,Textbook,61047.72,1.0,40.0,Debit Card,Cancelled,3.5,36628.63
ORD14817,2023-02-19,CUST1274,Advik Nagy,Hyderabad,Telangana,PID538,Football,Sports,Football,71330.46,1.0,5.0,Cash on Delivery,Cancelled,1.3,67763.94
ORD13265,2024-03-12,CUST1933,Yashvi Dutta,Ahmedabad,Gujarat,PID303,Bedsheet,Home & Kitchen,Bedsheet,58112.27,3.0,20.0,Unknown,Returned,4.6,139469.45
ORD12240,2024-04-14,CUST1548,Krish Ramaswamy,Lucknow,Uttar Pradesh,PID532,Comic,Books,Comic,70115.84,3.0,25.0,Cash on Delivery,Delivered,4.2,157760.64
ORD11384,2023-02-05,CUST1745,Yashica Grover,Mumbai,Maharashtra,PID521,Air Fryer,Home & Kitchen,Air Fryer,83307.35,3.0,30.0,Debit Card,Delivered,2.3,174945.44
ORD13075,2024-03-10,CUST1855,Abhimanyu Mammen,Delhi,Delhi,PID494,Perfume,Beauty,Perfume,54988.1,3.0,0.0,Cash on Delivery,Unknown,3.8,164964.3
ORD11358,2023-11-16,CUST1083,Mitali Boase,Mumbai,Maharashtra,PID511,Shampoo,Beauty,Shampoo,4694.47,1.0,25.0,Credit Card,Cancelled,,3520.85
ORD12631,2024-10-01,CUST1171,Imaran Korpal,Indore,Madhya Pradesh,PID593,Football,Sports,Football,72118.52,3.0,40.0,Credit Card,Delivered,2.5,129813.34
ORD12833,2023-03-19,CUST1173,Rehaan Dave,Ahmedabad,Gujarat,PID259,Face Wash,Beauty,Face Wash,66823.43,3.0,15.0,Cash on Delivery,Unknown,4.4,170399.75
ORD10625,2024-08-30,CUST1257,Niharika Swamy,Hyderabad,Telangana,PID170,Textbook,Books,Textbook,43891.21,4.0,20.0,Debit Card,Returned,,140451.87
ORD10324,2024-10-23,CUST1950,Prisha Keer,Bangalore,Karnataka,PID480,Novel,Books,Novel,17582.3,4.0,0.0,Net Banking,Delivered,1.6,70329.2
ORD11868,2024-01-08,CUST1491,Waida Chaudry,Bangalore,Karnataka,PID583,Yoga Mat,Sports,Yoga Mat,85763.35,2.0,40.0,Debit Card,Cancelled,2.7,102916.02
ORD12827,2024-09-11,CUST1961,Pranav Luthra,Mumbai,Maharashtra,PID186,Bedsheet,Home & Kitchen,Bedsheet,21207.68,5.0,15.0,Cash on Delivery,Returned,3.5,90132.64
ORD14630,2024-12-09,CUST1595,Amruta Chaudhary,Bangalore,Karnataka,PID495,Lipstick,Beauty,Lipstick,73554.54,1.0,25.0,Debit Card,Delivered,2.5,55165.9
ORD10438,2024-09-28,CUST1160,Ekapad Vig,Pune,Maharashtra,PID410,Dumbbells,Sports,Dumbbells,75002.31,4.0,10.0,Cash on Delivery,Delivered,3.8,270008.32
ORD10120,2023-11-28,CUST1309,Samaksh Ranganathan,Pune,Maharashtra,PID398,Dumbbells,Sports,Dumbbells,46447.97,2.0,40.0,Cash on Delivery,Unknown,1.0,55737.56
ORD14599,2023-06-26,CUST1014,Siya Om,Mumbai,Maharashtra,PID121,Lipstick,Beauty,Lipstick,0.0,5.0,5.0,Cash on Delivery,Returned,4.1,0.0
ORD14772,2023-09-19,CUST1775,David Modi,Surat,Gujarat,PID167,Football,Sports,Football,65248.8,2.0,40.0,Debit Card,Delivered,3.7,78298.56
ORD11840,2023-02-27,CUST1062,Onveer Ram,Ahmedabad,Gujarat,PID582,Lipstick,Beauty,Lipstick,85870.48,4.0,0.0,Unknown,Cancelled,1.9,343481.92
ORD11027,2024-03-23,CUST1874,Ishanvi Ben,Pune,Maharashtra,PID343,Saree,Fashion,Saree,14219.11,3.0,30.0,Net Banking,Delivered,1.3,29860.13
ORD13302,2024-01-28,CUST1296,Upkaar Parmar,Jaipur,Rajasthan,PID395,Cricket Bat,Sports,Cricket Bat,29491.85,2.0,30.0,Net Banking,Returned,1.1,41288.59
ORD14173,2023-01-10,CUST1667,Nandini Dave,Mumbai,Maharashtra,PID183,Smartphone,Electronics,Smartphone,61124.04,1.0,15.0,Cash on Delivery,Cancelled,,51955.43
ORD13102,2023-05-19,CUST1369,Aarnav Soni,Jaipur,Rajasthan,PID173,Textbook,Books,Textbook,13202.1,4.0,30.0,Unknown,Delivered,4.8,36965.88
ORD10901,2024-04-05,CUST1888,Rohan Chaudhary,Pune,Maharashtra,PID458,Headphones,Electronics,Headphones,16912.64,4.0,25.0,Cash on Delivery,Returned,2.3,50737.92
ORD14468,2024-09-03,CUST1887,Gaurika Lata,Bangalore,Karnataka,PID140,Dumbbells,Sports,Dumbbells,25160.77,2.0,0.0,Cash on Delivery,Cancelled,,50321.54
ORD11205,2023-02-08,CUST1491,Bhanumati Dey,Indore,Madhya Pradesh,PID378,Smartphone,Electronics,Smartphone,18213.38,5.0,30.0,Net Banking,Delivered,3.0,63746.83
ORD14678,2024-04-06,CUST1620,Gaurav Som,Delhi,Delhi,PID534,Textbook,Books,Textbook,1495.96,5.0,0.0,Unknown,Returned,3.4,7479.8
ORD14051,2024-02-22,CUST1930,Onkar Sanghvi,Chennai,Tamil Nadu,PID374,Laptop,Electronics,Laptop,26056.55,4.0,25.0,Credit Card,Delivered,4.7,78169.65
ORD10407,2024-02-20,CUST1446,Dominic Mand,Ahmedabad,Gujarat,PID316,Bluetooth Speaker,Electronics,Bluetooth Speaker,76160.13,2.0,15.0,Debit Card,Delayed,,129472.22
ORD14614,2023-08-21,CUST1119,Arin Gala,Kolkata,West Bengal,PID516,Headphones,Electronics,Headphones,44283.64,3.0,30.0,Net Banking,Delivered,3.2,92995.64
ORD11614,2023-10-11,CUST1522,Sudiksha Chauhan,Chennai,Tamil Nadu,PID429,Biography,Books,Biography,89426.62,3.0,40.0,Cash on Delivery,Delayed,1.3,160967.92
ORD12935,2023-11-17,CUST1843,Urvi Mannan,Lucknow,Uttar Pradesh,PID583,Jacket,Fashion,Jacket,2658.11,3.0,20.0,Cash on Delivery,Delivered,3.2,6379.46
ORD13299,2023-06-23,CUST1999,Chanchal Kala,Lucknow,Uttar Pradesh,PID504,Textbook,Books,Textbook,76151.66,1.0,10.0,Debit Card,Unknown,3.2,68536.49
ORD12834,2023-06-26,CUST1263,Nikita Kapadia,Lucknow,Uttar Pradesh,PID352,Dumbbells,Sports,Dumbbells,65235.58,4.0,30.0,Debit Card,Delayed,1.3,182659.62
ORD12350,2024-02-07,CUST1399,Advay Goyal,Hyderabad,Telangana,PID174,Football,Sports,Football,20183.42,3.0,25.0,UPI,Returned,2.6,45412.69
ORD13110,2023-09-13,CUST1819,Harshil Morar,Lucknow,Uttar Pradesh,PID200,T-Shirt,Fashion,T-Shirt,81575.95,3.0,10.0,Credit Card,Delivered,4.7,220255.06
ORD11739,2023-10-10,CUST1084,Prisha Malhotra,Indore,Madhya Pradesh,PID267,Face Wash,Beauty,Face Wash,48872.51,5.0,20.0,Cash on Delivery,Unknown,3.5,195490.04
ORD10237,2024-03-01,CUST1369,Ekaraj Kalita,Delhi,Delhi,PID250,Comic,Books,Comic,70595.23,2.0,10.0,Credit Card,Returned,2.6,127071.41
ORD13164,2023-07-20,CUST1159,Avi Dar,Mumbai,Maharashtra,PID257,Biography,Books,Biography,0.0,4.0,10.0,UPI,Delivered,4.8,0.0
ORD10500,2024-11-04,CUST1785,Zaitra Devan,Bangalore,Karnataka,PID406,Bedsheet,Home & Kitchen,Bedsheet,1497.26,2.0,5.0,UPI,Delivered,3.6,2844.79
ORD13626,2024-06-08,CUST1002,Forum Datta,Indore,Madhya Pradesh,PID369,Smartphone,Electronics,Smartphone,43515.76,1.0,5.0,Cash on Delivery,Delivered,,41339.97
ORD13128,2024-06-09,CUST1731,Nitesh Dube,Surat,Gujarat,PID171,Smartwatch,Electronics,Smartwatch,381.85,5.0,5.0,Cash on Delivery,Returned,,1813.79
ORD10795,2023-09-04,CUST1939,Brijesh Parsa,Surat,Gujarat,PID528,Saree,Fashion,Saree,55229.58,1.0,0.0,Credit Card,Delayed,4.7,55229.58
ORD13359,2023-03-21,CUST1204,Unni Tak,Mumbai,Maharashtra,PID333,Headphones,Electronics,Headphones,61237.52,5.0,25.0,Credit Card,Delivered,4.8,229640.7
ORD13292,2024-05-03,CUST1434,Suhani Raval,Chennai,Tamil Nadu,PID259,Laptop,Electronics,Laptop,22735.94,5.0,20.0,Debit Card,Returned,1.0,90943.76
ORD13973,2024-03-09,CUST1312,Unnati Ahluwalia,Hyderabad,Telangana,PID482,Saree,Fashion,Saree,24718.45,2.0,10.0,Credit Card,Returned,2.9,44493.21
ORD10991,2023-01-08,CUST1935,Rushil Bava,Mumbai,Maharashtra,PID346,Comic,Books,Comic,54948.06,3.0,15.0,Unknown,Cancelled,3.5,140117.55
ORD12436,2024-10-12,CUST1757,Megha Dugal,Ahmedabad,Gujarat,PID349,Smartwatch,Electronics,Smartwatch,66729.79,2.0,30.0,UPI,Unknown,3.4,93421.71
ORD13377,2023-06-08,CUST1790,Jai Solanki,Delhi,Delhi,PID230,Yoga Mat,Sports,Yoga Mat,70155.97,3.0,10.0,Net Banking,Cancelled,3.9,189421.12
ORD10391,2023-12-27,CUST1839,Dayita Wable,Ahmedabad,Gujarat,PID396,Saree,Fashion,Saree,16752.65,3.0,25.0,Credit Card,Cancelled,3.0,37693.46
ORD12401,2024-02-23,CUST1414,Ekta Wagle,Ahmedabad,Gujarat,PID432,T-Shirt,Fashion,T-Shirt,37624.78,2.0,30.0,UPI,Returned,3.8,52674.69
ORD11218,2023-05-24,CUST1251,Darika Sen,Chennai,Tamil Nadu,PID207,Face Wash,Beauty,Face Wash,83950.06,2.0,30.0,Net Banking,Returned,1.3,117530.08
ORD10236,2023-02-10,CUST1808,Henry Dugal,Hyderabad,Telangana,PID393,Water Bottle,Home & Kitchen,Water Bottle,11836.48,3.0,10.0,Unknown,Cancelled,,31958.5
ORD10332,2023-05-28,CUST1464,Hemani Kari,Delhi,Delhi,PID349,Dumbbells,Sports,Dumbbells,41084.24,4.0,15.0,Cash on Delivery,Delivered,3.5,139686.42
ORD14577,2024-03-27,CUST1588,Oliver Mody,Hyderabad,Telangana,PID383,Air Fryer,Home & Kitchen,Air Fryer,81173.09,4.0,10.0,Cash on Delivery,Cancelled,5.0,292223.12
ORD13189,2024-03-05,CUST1264,Vedika Khatri,Ahmedabad,Gujarat,PID153,Biography,Books,Biography,27133.94,1.0,40.0,Debit Card,Delivered,3.9,16280.36
ORD10045,2023-09-28,CUST1230,Kiaan Johal,Mumbai,Maharashtra,PID431,Perfume,Beauty,Perfume,20948.14,4.0,15.0,Credit Card,Delayed,3.5,71223.68
ORD14217,2024-11-08,CUST1830,Oni Soni,Jaipur,Rajasthan,PID552,Perfume,Beauty,Perfume,2289.2,1.0,10.0,Unknown,Delivered,2.5,2060.28
ORD13437,2023-05-11,CUST1241,Orinder Parmar,Indore,Madhya Pradesh,PID561,Sneakers,Fashion,Sneakers,27731.26,4.0,10.0,Debit Card,Cancelled,2.7,99832.54
ORD13073,2023-04-11,CUST1725,Forum Kalita,Surat,Gujarat,PID274,Sunscreen,Beauty,Sunscreen,73340.75,2.0,10.0,Debit Card,Cancelled,1.4,132013.35
ORD13135,2024-03-22,CUST1215,Utkarsh Master,Chennai,Tamil Nadu,PID141,Shampoo,Beauty,Shampoo,35923.7,5.0,25.0,Cash on Delivery,Delivered,1.8,134713.88
ORD14046,2024-11-09,CUST1452,Ronith Mishra,Delhi,Delhi,PID523,Mixer Grinder,Home & Kitchen,Mixer Grinder,4438.41,5.0,20.0,Net Banking,Delivered,,17753.64
ORD11595,2024-08-14,CUST1278,Chavvi Buch,Bangalore,Karnataka,PID550,Sunscreen,Beauty,Sunscreen,49970.48,2.0,0.0,Net Banking,Returned,1.7,99940.96
ORD10224,2024-05-08,CUST1658,Gaurav Nagy,Surat,Gujarat,PID578,Textbook,Books,Textbook,78601.95,5.0,15.0,Net Banking,Cancelled,3.7,334058.29
ORD12892,2023-06-18,CUST1668,Daksha Hayer,Surat,Gujarat,PID223,T-Shirt,Fashion,T-Shirt,31603.89,2.0,25.0,Debit Card,Delivered,2.9,47405.84
ORD11246,2024-09-24,CUST1435,Inaya Johal,Ahmedabad,Gujarat,PID345,Yoga Mat,Sports,Yoga Mat,12626.91,5.0,40.0,Debit Card,Delivered,1.0,37880.73
ORD11541,2024-06-02,CUST1560,Dhriti Hans,Jaipur,Rajasthan,PID583,Shampoo,Beauty,Shampoo,87770.2,5.0,20.0,Credit Card,Returned,2.2,351080.8
ORD13538,2024-10-16,CUST1680,Aryan Kara,Mumbai,Maharashtra,PID421,Lipstick,Beauty,Lipstick,3619.51,2.0,15.0,UPI,Delayed,3.9,6153.17
ORD14149,2024-07-21,CUST1180,Hemangini Dalal,Mumbai,Maharashtra,PID116,Yoga Mat,Sports,Yoga Mat,79815.62,2.0,0.0,Unknown,Unknown,2.1,159631.24
ORD12534,2024-04-05,CUST1138,Janya Korpal,Lucknow,Uttar Pradesh,PID116,Sunscreen,Beauty,Sunscreen,24907.56,1.0,10.0,Net Banking,Delayed,4.2,22416.8
ORD10819,2023-06-30,CUST1779,Vaishnavi Prakash,Indore,Madhya Pradesh,PID138,Perfume,Beauty,Perfume,60902.92,2.0,5.0,Net Banking,Delivered,2.1,115715.55
ORD13459,2023-01-08,CUST1204,Harsh Chaudry,Indore,Madhya Pradesh,PID527,Mixer Grinder,Home & Kitchen,Mixer Grinder,72436.03,3.0,5.0,Cash on Delivery,Delivered,4.9,206442.69
ORD10156,2023-05-20,CUST1503,Turvi Deep,Bangalore,Karnataka,PID312,Cookware Set,Home & Kitchen,Cookware Set,28415.01,3.0,40.0,Unknown,Delayed,2.5,51147.02
ORD10249,2024-02-11,CUST1143,Rajeshri Madan,Chennai,Tamil Nadu,PID328,Lipstick,Beauty,Lipstick,35415.98,3.0,5.0,Net Banking,Returned,1.0,100935.54
ORD13928,2023-02-11,CUST1217,Gauri Shan,Bangalore,Karnataka,PID368,Novel,Books,Novel,20144.69,3.0,0.0,Credit Card,Delivered,1.4,60434.07
ORD14015,2023-07-13,CUST1097,Charita Om,Pune,Maharashtra,PID307,Jeans,Fashion,Jeans,18185.57,5.0,15.0,Debit Card,Unknown,4.0,77288.67
ORD12637,2023-08-25,CUST1561,Sneha Devan,Surat,Gujarat,PID199,T-Shirt,Fashion,T-Shirt,8929.51,5.0,30.0,Unknown,Cancelled,,31253.28
ORD10794,2023-08-08,CUST1208,Aadi Patla,Pune,Maharashtra,PID353,Bluetooth Speaker,Electronics,Bluetooth Speaker,66507.83,3.0,0.0,Unknown,Delivered,4.8,199523.49
ORD11726,2023-10-15,CUST1990,Wriddhish Ray,Kolkata,West Bengal,PID360,Textbook,Books,Textbook,74820.56,5.0,0.0,Cash on Delivery,Delivered,4.6,374102.8
ORD13190,2024-02-04,CUST1751,Guneet Pradhan,Delhi,Delhi,PID237,Comic,Books,Comic,60045.82,1.0,30.0,UPI,Delayed,1.0,42032.07
ORD12650,2024-08-30,CUST1252,Zansi Prasad,Jaipur,Rajasthan,PID343,Sneakers,Fashion,Sneakers,51275.64,4.0,30.0,Cash on Delivery,Delayed,3.6,143571.79
ORD10629,2024-09-21,CUST1773,Chatura Vaidya,Pune,Maharashtra,PID532,Shampoo,Beauty,Shampoo,41596.37,4.0,10.0,Debit Card,Delivered,4.1,149746.93
ORD14825,2024-06-29,CUST1083,Viraj Gulati,Surat,Gujarat,PID119,Cricket Bat,Sports,Cricket Bat,46117.91,1.0,10.0,UPI,Cancelled,2.0,41506.12
ORD12340,2023-01-24,CUST1426,Urvashi Kade,Surat,Gujarat,PID405,Sunscreen,Beauty,Sunscreen,56904.9,1.0,5.0,Net Banking,Unknown,1.4,54059.66
ORD14946,2024-06-16,CUST1785,Ayushman Agrawal,Kolkata,West Bengal,PID482,Headphones,Electronics,Headphones,54048.9,1.0,25.0,Debit Card,Cancelled,4.6,40536.68
ORD11621,2024-12-23,CUST1369,Gaurika Lanka,Jaipur,Rajasthan,PID513,Smartwatch,Electronics,Smartwatch,54268.22,5.0,20.0,Credit Card,Cancelled,,217072.88
ORD11452,2023-10-27,CUST1910,Anirudh Balasubramanian,Jaipur,Rajasthan,PID381,Comic,Books,Comic,76206.28,2.0,30.0,Unknown,Delivered,1.4,106688.79
ORD12903,2024-08-07,CUST1746,Xalak Shroff,Lucknow,Uttar Pradesh,PID489,Sneakers,Fashion,Sneakers,20606.1,4.0,20.0,Unknown,Delivered,1.6,65939.52
ORD11829,2023-08-30,CUST1911,Krisha Vyas,Chennai,Tamil Nadu,PID569,Shampoo,Beauty,Shampoo,26493.49,4.0,5.0,Credit Card,Returned,1.5,100675.26
ORD11640,2024-11-28,CUST1971,Deepa Chandran,Ahmedabad,Gujarat,PID304,Kurta,Fashion,Kurta,3899.84,4.0,20.0,Unknown,Delayed,2.7,12479.49
ORD12914,2023-01-16,CUST1212,David Buch,Kolkata,West Bengal,PID476,T-Shirt,Fashion,T-Shirt,29500.68,3.0,25.0,UPI,Delivered,1.8,66376.53
ORD13792,2024-12-31,CUST1675,Sachi Bala,Jaipur,Rajasthan,PID523,Novel,Books,Novel,43240.35,2.0,20.0,UPI,Delivered,3.6,69184.56
ORD12940,2024-11-22,CUST1801,Rayaan Parekh,Ahmedabad,Gujarat,PID283,Laptop,Electronics,Laptop,82668.66,5.0,0.0,Cash on Delivery,Cancelled,4.4,413343.3
ORD13421,2024-05-28,CUST1445,Sachi Pillai,Ahmedabad,Gujarat,PID264,Water Bottle,Home & Kitchen,Water Bottle,58629.86,3.0,10.0,UPI,Unknown,4.8,158300.62
ORD13997,2023-10-26,CUST1651,Nikita Apte,Chennai,Tamil Nadu,PID240,Jacket,Fashion,Jacket,47750.44,2.0,15.0,UPI,Delivered,1.5,81175.75
ORD13768,2023-02-02,CUST1663,Yashodhara Goel,Pune,Maharashtra,PID486,Saree,Fashion,Saree,1326.44,2.0,5.0,Unknown,Cancelled,4.1,2520.24
ORD10536,2024-03-05,CUST1276,Devika Mishra,Surat,Gujarat,PID163,T-Shirt,Fashion,T-Shirt,65980.84,2.0,10.0,Cash on Delivery,Delivered,2.3,118765.51
ORD12664,2024-02-01,CUST1656,Banjeet Prakash,Kolkata,West Bengal,PID207,Bedsheet,Home & Kitchen,Bedsheet,54658.29,4.0,30.0,Credit Card,Delivered,4.4,153043.21
ORD10155,2024-09-02,CUST1170,Panini Magar,Chennai,Tamil Nadu,PID350,Yoga Mat,Sports,Yoga Mat,10739.87,2.0,30.0,Unknown,Cancelled,2.5,15035.82
ORD13242,2024-01-03,CUST1784,Damini Issac,Mumbai,Maharashtra,PID125,Biography,Books,Biography,61829.53,2.0,0.0,Net Banking,Delivered,,123659.06
ORD13150,2024-09-16,CUST1923,Odika Saran,Lucknow,Uttar Pradesh,PID182,Perfume,Beauty,Perfume,37379.38,5.0,30.0,Net Banking,Delivered,1.8,130827.83
ORD12953,2023-10-14,CUST1140,Alka Kar,Jaipur,Rajasthan,PID547,Mixer Grinder,Home & Kitchen,Mixer Grinder,36703.99,4.0,30.0,Unknown,Delivered,1.3,102771.17
ORD11312,2024-12-02,CUST1288,Isha Kumar,Jaipur,Rajasthan,PID211,Face Wash,Beauty,Face Wash,13049.42,4.0,5.0,Cash on Delivery,Unknown,,49587.8
ORD10323,2023-11-04,CUST1741,Ethan Toor,Surat,Gujarat,PID391,Water Bottle,Home & Kitchen,Water Bottle,19228.56,3.0,20.0,Unknown,Delivered,,46148.54
ORD14111,2024-09-29,CUST1999,Udarsh Shan,Pune,Maharashtra,PID207,Tablet,Electronics,Tablet,36907.29,1.0,15.0,Credit Card,Unknown,4.9,31371.2
ORD13331,2024-10-06,CUST1352,Nimrat Singhal,Delhi,Delhi,PID203,Bluetooth Speaker,Electronics,Bluetooth Speaker,42304.18,3.0,25.0,Cash on Delivery,Cancelled,2.9,95184.4
ORD13986,2023-04-11,CUST1347,Widisha Ranganathan,Chennai,Tamil Nadu,PID147,Smartwatch,Electronics,Smartwatch,70267.06,4.0,5.0,Unknown,Unknown,2.5,267014.83
ORD11799,2023-04-27,CUST1280,Rajata Bhavsar,Indore,Madhya Pradesh,PID509,Bedsheet,Home & Kitchen,Bedsheet,40715.89,2.0,30.0,Debit Card,Delivered,1.3,57002.25
ORD10083,2023-03-25,CUST1609,Tamanna Wable,Delhi,Delhi,PID462,Headphones,Electronics,Headphones,50282.99,5.0,25.0,Unknown,Returned,1.6,188561.21
ORD12561,2023-03-14,CUST1631,Yagnesh Dass,Ahmedabad,Gujarat,PID525,Cookware Set,Home & Kitchen,Cookware Set,86512.45,5.0,15.0,Cash on Delivery,Delivered,1.9,367677.91
ORD11944,2024-11-30,CUST1637,Kashish Barad,Ahmedabad,Gujarat,PID321,Bedsheet,Home & Kitchen,Bedsheet,19335.99,4.0,5.0,Debit Card,Unknown,1.9,73476.76
ORD11989,2024-04-17,CUST1202,Yug Nayak,Chennai,Tamil Nadu,PID447,Bedsheet,Home & Kitchen,Bedsheet,54046.11,5.0,30.0,UPI,Delayed,4.7,189161.38
ORD13537,2023-05-21,CUST1927,Anusha Sundaram,Indore,Madhya Pradesh,PID125,Sneakers,Fashion,Sneakers,70761.45,5.0,30.0,Credit Card,Cancelled,1.6,247665.08
ORD11575,2024-04-02,CUST1693,Rayaan Bajwa,Jaipur,Rajasthan,PID329,Jeans,Fashion,Jeans,14245.51,1.0,5.0,Unknown,Delivered,4.1,13533.23
ORD12978,2024-04-03,CUST1333,Kashish Parekh,Surat,Gujarat,PID151,Lipstick,Beauty,Lipstick,80950.37,3.0,5.0,Net Banking,Delivered,2.6,230708.55
ORD12724,2023-07-19,CUST1277,Karan Mallick,Kolkata,West Bengal,PID349,Laptop,Electronics,Laptop,88171.23,4.0,25.0,UPI,Returned,3.4,264513.69
ORD13406,2023-02-25,CUST1463,Wyatt Mittal,Hyderabad,Telangana,PID462,Sunscreen,Beauty,Sunscreen,67878.3,5.0,20.0,Debit Card,Unknown,1.4,271513.2
ORD12059,2024-05-22,CUST1591,Rajata Naidu,Indore,Madhya Pradesh,PID412,Kurta,Fashion,Kurta,0.0,4.0,0.0,Debit Card,Cancelled,1.0,0.0
ORD11763,2023-03-13,CUST1021,Krish Sankar,Surat,Gujarat,PID310,Dumbbells,Sports,Dumbbells,22164.33,3.0,30.0,Net Banking,Cancelled,,46545.09
ORD11495,2024-03-07,CUST1967,Ira Konda,Lucknow,Uttar Pradesh,PID218,Textbook,Books,Textbook,37779.78,1.0,0.0,Unknown,Delayed,4.0,37779.78
ORD12081,2024-11-06,CUST1830,Ekbal Reddy,Surat,Gujarat,PID515,Football,Sports,Football,26544.13,2.0,30.0,Cash on Delivery,Returned,3.1,37161.78
ORD11175,2023-10-31,CUST1556,Rayaan Bali,Delhi,Delhi,PID313,Bluetooth Speaker,Electronics,Bluetooth Speaker,16033.7,2.0,25.0,Debit Card,Cancelled,4.6,24050.55
ORD14510,2023-05-22,CUST1371,Rushil Dara,Delhi,Delhi,PID161,Yoga Mat,Sports,Yoga Mat,63663.34,4.0,15.0,Cash on Delivery,Delivered,2.2,216455.36
ORD12629,2023-01-18,CUST1362,Henry Deol,Kolkata,West Bengal,PID348,Dumbbells,Sports,Dumbbells,71288.53,1.0,5.0,Net Banking,Delayed,4.4,67724.1
ORD14262,2024-05-28,CUST1339,Harini Biswas,Ahmedabad,Gujarat,PID379,Football,Sports,Football,43115.4,3.0,25.0,Debit Card,Unknown,2.1,97009.65
ORD14715,2024-07-28,CUST1537,Ati Rana,Ahmedabad,Gujarat,PID570,Football,Sports,Football,81384.47,4.0,25.0,Credit Card,Delivered,3.2,244153.41
ORD10615,2023-04-23,CUST1271,Hredhaan Wable,Surat,Gujarat,PID160,Lipstick,Beauty,Lipstick,27747.14,2.0,5.0,UPI,Delayed,4.6,52719.57
ORD13094,2024-01-19,CUST1633,Kritika Vohra,Mumbai,Maharashtra,PID389,Water Bottle,Home & Kitchen,Water Bottle,28044.78,3.0,40.0,Debit Card,Delivered,4.3,50480.6
ORD13451,2024-08-18,CUST1963,Bahadurjit Kara,Bangalore,Karnataka,PID517,Sunscreen,Beauty,Sunscreen,66139.56,3.0,5.0,Credit Card,Delayed,3.8,188497.75
ORD11015,2024-11-08,CUST1300,Shravya Chadha,Bangalore,Karnataka,PID392,Face Wash,Beauty,Face Wash,82208.68,1.0,25.0,Credit Card,Delivered,3.1,61656.51
ORD13058,2023-03-09,CUST1709,Yatin Dutt,Hyderabad,Telangana,PID314,Shampoo,Beauty,Shampoo,73954.08,2.0,25.0,UPI,Cancelled,4.1,110931.12
ORD14864,2024-08-23,CUST1676,Vasana Mishra,Hyderabad,Telangana,PID421,T-Shirt,Fashion,T-Shirt,81914.56,2.0,30.0,Debit Card,Returned,4.4,114680.38
ORD13906,2023-02-26,CUST1433,Orinder Magar,Lucknow,Uttar Pradesh,PID533,Face Wash,Beauty,Face Wash,67985.62,4.0,0.0,Net Banking,Delayed,,271942.48
ORD13419,2023-01-28,CUST1948,Kashvi Samra,Lucknow,Uttar Pradesh,PID309,Sunscreen,Beauty,Sunscreen,48468.28,2.0,10.0,UPI,Delayed,2.3,87242.9
ORD14652,2024-03-17,CUST1971,Manthan Raval,Delhi,Delhi,PID591,Cookware Set,Home & Kitchen,Cookware Set,85886.14,1.0,0.0,UPI,Delivered,1.2,85886.14
ORD13101,2023-10-26,CUST1703,Suhani Sarma,Pune,Maharashtra,PID292,Smartphone,Electronics,Smartphone,74026.67,1.0,40.0,UPI,Delayed,4.2,44416.0
ORD10635,2023-05-23,CUST1924,Pratyush Dora,Mumbai,Maharashtra,PID461,Biography,Books,Biography,52311.35,5.0,25.0,Credit Card,Delivered,3.9,196167.56
ORD11056,2023-03-19,CUST1753,Kai D’Alia,Kolkata,West Bengal,PID488,Headphones,Electronics,Headphones,12271.67,2.0,30.0,Credit Card,Cancelled,1.4,17180.34
ORD12341,2024-08-01,CUST1523,Anvi Chhabra,Bangalore,Karnataka,PID104,Smartwatch,Electronics,Smartwatch,28878.35,3.0,0.0,Unknown,Unknown,2.8,86635.05
ORD10797,2023-05-12,CUST1187,Gaurangi Shanker,Ahmedabad,Gujarat,PID374,Perfume,Beauty,Perfume,73532.71,4.0,40.0,UPI,Delivered,1.9,176478.5
ORD14271,2023-07-05,CUST1718,Fiyaz Sethi,Delhi,Delhi,PID479,Cricket Bat,Sports,Cricket Bat,47911.09,1.0,0.0,Unknown,Delivered,1.4,47911.09
ORD12815,2024-03-07,CUST1719,Garima Raja,Jaipur,Rajasthan,PID426,Perfume,Beauty,Perfume,79722.2,3.0,25.0,Net Banking,Unknown,1.5,179374.95
ORD14342,2024-10-26,CUST1044,Vritti Nagarajan,Hyderabad,Telangana,PID276,Perfume,Beauty,Perfume,76246.88,3.0,30.0,Unknown,Delivered,4.8,160118.45
ORD11081,2023-04-04,CUST1835,Jatin Nori,Mumbai,Maharashtra,PID436,Comic,Books,Comic,43410.11,5.0,0.0,Credit Card,Unknown,,217050.55
ORD11655,2024-10-20,CUST1679,Daniel Natarajan,Kolkata,West Bengal,PID136,Water Bottle,Home & Kitchen,Water Bottle,42075.92,1.0,25.0,Debit Card,Cancelled,2.8,31556.94
ORD11608,2024-03-31,CUST1271,Advika Din,Kolkata,West Bengal,PID501,Air Fryer,Home & Kitchen,Air Fryer,79769.85,2.0,30.0,Net Banking,Cancelled,3.8,111677.79
ORD10145,2024-08-31,CUST1389,Libni Arya,Hyderabad,Telangana,PID511,Sneakers,Fashion,Sneakers,37986.05,3.0,40.0,UPI,Delayed,2.8,68374.89
ORD14242,2024-03-20,CUST1774,Mugdha Gopal,Pune,Maharashtra,PID554,Face Wash,Beauty,Face Wash,6203.41,1.0,5.0,Net Banking,Cancelled,2.6,5893.24
ORD10091,2023-03-11,CUST1894,Ekanta Nagarajan,Lucknow,Uttar Pradesh,PID340,Face Wash,Beauty,Face Wash,31850.52,1.0,25.0,Net Banking,Cancelled,3.2,23887.89
ORD10683,2023-03-02,CUST1329,Warinder Bal,Lucknow,Uttar Pradesh,PID452,Sneakers,Fashion,Sneakers,22609.72,4.0,15.0,Debit Card,Unknown,2.0,76873.05
ORD14407,2023-11-06,CUST1932,Robert Mann,Surat,Gujarat,PID108,Bedsheet,Home & Kitchen,Bedsheet,87381.89,5.0,15.0,Net Banking,Delivered,2.2,371373.03
ORD13432,2023-01-23,CUST1293,Advika Bhalla,Ahmedabad,Gujarat,PID308,Bluetooth Speaker,Electronics,Bluetooth Speaker,0.0,4.0,30.0,UPI,Unknown,,0.0
ORD10094,2024-03-23,CUST1708,Upma Soni,Chennai,Tamil Nadu,PID354,Kurta,Fashion,Kurta,77613.15,3.0,25.0,Cash on Delivery,Delivered,4.0,174629.59
ORD10835,2023-08-01,CUST1660,Pallavi Vohra,Delhi,Delhi,PID449,Perfume,Beauty,Perfume,44397.14,4.0,5.0,Debit Card,Delivered,1.5,168709.13
ORD14861,2024-03-10,CUST1656,Alexander Mutti,Pune,Maharashtra,PID300,Lipstick,Beauty,Lipstick,60350.52,2.0,25.0,Debit Card,Cancelled,,90525.78
ORD11401,2023-01-02,CUST1992,Baljiwan Singhal,Hyderabad,Telangana,PID146,Saree,Fashion,Saree,60963.23,5.0,30.0,Unknown,Unknown,3.5,213371.3
ORD13980,2024-10-29,CUST1170,Samaksh Taneja,Chennai,Tamil Nadu,PID495,Face Wash,Beauty,Face Wash,43070.16,3.0,5.0,Credit Card,Delivered,4.6,122749.96
ORD12292,2023-08-27,CUST1351,Dipta Dasgupta,Chennai,Tamil Nadu,PID340,Comic,Books,Comic,74085.82,5.0,40.0,Unknown,Delivered,1.4,222257.46
ORD11501,2023-01-09,CUST1575,Fitan Mand,Indore,Madhya Pradesh,PID289,Textbook,Books,Textbook,48692.12,1.0,30.0,Debit Card,Delayed,3.6,34084.48
ORD12263,2024-10-17,CUST1090,Lohit Pradhan,Chennai,Tamil Nadu,PID293,Headphones,Electronics,Headphones,65063.69,2.0,0.0,Unknown,Returned,1.7,130127.38
ORD11469,2023-05-30,CUST1120,Bimala Lata,Delhi,Delhi,PID427,Bluetooth Speaker,Electronics,Bluetooth Speaker,84250.72,3.0,40.0,UPI,Unknown,3.6,151651.3
ORD13929,2023-12-25,CUST1279,Zashil Dyal,Delhi,Delhi,PID270,Novel,Books,Novel,56724.54,2.0,30.0,UPI,Delivered,4.8,79414.36
ORD13246,2024-01-26,CUST1628,Matthew Das,Surat,Gujarat,PID538,Mixer Grinder,Home & Kitchen,Mixer Grinder,87354.38,3.0,20.0,Unknown,Returned,2.5,209650.51
ORD10999,2024-01-31,CUST1459,Champak Ganesh,Jaipur,Rajasthan,PID560,Dumbbells,Sports,Dumbbells,66473.24,3.0,30.0,Cash on Delivery,Unknown,5.0,139593.8
ORD10854,2023-09-05,CUST1628,Ucchal Verma,Kolkata,West Bengal,PID310,Face Wash,Beauty,Face Wash,22806.25,1.0,25.0,Net Banking,Unknown,2.9,17104.69
ORD13876,2023-08-07,CUST1515,Jasmit Viswanathan,Surat,Gujarat,PID244,Smartwatch,Electronics,Smartwatch,86212.79,1.0,10.0,Cash on Delivery,Delayed,1.8,77591.51
ORD11143,2023-10-06,CUST1051,Ikshita Krish,Bangalore,Karnataka,PID100,T-Shirt,Fashion,T-Shirt,11026.47,3.0,30.0,Debit Card,Delayed,3.3,23155.59
ORD12275,2023-05-18,CUST1557,Aarav Parmer,Kolkata,West Bengal,PID247,Cricket Bat,Sports,Cricket Bat,23676.92,5.0,30.0,Cash on Delivery,Delayed,2.1,82869.22
ORD11104,2023-04-19,CUST1602,Peter Raj,Jaipur,Rajasthan,PID550,Novel,Books,Novel,0.0,3.0,30.0,Debit Card,Delivered,3.0,0.0
ORD10085,2024-09-24,CUST1448,Jairaj Wable,Hyderabad,Telangana,PID122,T-Shirt,Fashion,T-Shirt,76021.89,5.0,25.0,Unknown,Unknown,2.5,285082.09
ORD12211,2024-12-01,CUST1962,Harini Ahuja,Surat,Gujarat,PID334,Cricket Bat,Sports,Cricket Bat,54499.51,5.0,10.0,Cash on Delivery,Delayed,1.1,245247.8
ORD14211,2024-02-06,CUST1105,Jeet Parekh,Indore,Madhya Pradesh,PID290,Laptop,Electronics,Laptop,46765.93,2.0,5.0,UPI,Cancelled,,88855.27
ORD14746,2024-10-27,CUST1266,Riya Banerjee,Ahmedabad,Gujarat,PID593,Smartphone,Electronics,Smartphone,88203.54,2.0,15.0,UPI,Delivered,1.2,149946.02
ORD13441,2024-04-23,CUST1179,Ishani Kala,Jaipur,Rajasthan,PID353,Bedsheet,Home & Kitchen,Bedsheet,60409.03,4.0,25.0,Debit Card,Delivered,3.8,181227.09
ORD11568,2024-04-01,CUST1866,Jagrati Tak,Pune,Maharashtra,PID317,Bedsheet,Home & Kitchen,Bedsheet,74069.83,4.0,40.0,Unknown,Cancelled,4.2,177767.59
ORD11557,2024-05-10,CUST1958,Ranveer Talwar,Ahmedabad,Gujarat,PID339,Comic,Books,Comic,82394.33,2.0,40.0,Cash on Delivery,Delivered,3.6,98873.2
ORD14722,2024-02-18,CUST1113,Hiral Om,Kolkata,West Bengal,PID112,Headphones,Electronics,Headphones,2192.63,1.0,20.0,Net Banking,Delivered,2.4,1754.1
ORD13765,2023-03-24,CUST1988,Zaid Kar,Chennai,Tamil Nadu,PID423,Comic,Books,Comic,68023.46,4.0,15.0,Cash on Delivery,Delivered,3.0,231279.76
ORD13585,2023-06-09,CUST1085,Harrison Palla,Delhi,Delhi,PID406,Sunscreen,Beauty,Sunscreen,18092.97,5.0,5.0,Debit Card,Unknown,,85941.61
ORD11886,2023-06-10,CUST1415,Tanay Pai,Jaipur,Rajasthan,PID347,Sunscreen,Beauty,Sunscreen,79878.95,2.0,5.0,UPI,Cancelled,3.6,151770.0
ORD13145,2023-01-13,CUST1537,Samaksh Dar,Lucknow,Uttar Pradesh,PID586,T-Shirt,Fashion,T-Shirt,55134.42,5.0,25.0,Net Banking,Delayed,3.2,206754.08
ORD11867,2024-03-14,CUST1899,Quincy Rastogi,Pune,Maharashtra,PID388,Tablet,Electronics,Tablet,70387.81,5.0,15.0,Unknown,Delayed,3.2,299148.19
ORD14721,2024-12-24,CUST1311,Jatin Kadakia,Indore,Madhya Pradesh,PID503,Novel,Books,Novel,11691.99,1.0,40.0,Unknown,Delivered,4.1,7015.19
ORD12875,2023-03-11,CUST1061,Frederick Bhatnagar,Kolkata,West Bengal,PID567,Sunscreen,Beauty,Sunscreen,3714.2,5.0,25.0,Cash on Delivery,Delivered,1.5,13928.25
ORD14331,2023-12-26,CUST1224,Dalbir Menon,Bangalore,Karnataka,PID256,Bluetooth Speaker,Electronics,Bluetooth Speaker,21726.37,1.0,5.0,Debit Card,Returned,2.4,20640.05
ORD13589,2024-03-12,CUST1623,Damyanti Ben,Bangalore,Karnataka,PID390,Mixer Grinder,Home & Kitchen,Mixer Grinder,76213.17,1.0,10.0,Net Banking,Cancelled,1.6,68591.85
ORD13268,2024-07-05,CUST1930,Warjas Savant,Surat,Gujarat,PID565,Face Wash,Beauty,Face Wash,75500.1,4.0,20.0,Cash on Delivery,Returned,2.5,241600.32
ORD12885,2023-03-05,CUST1048,Rehaan Patel,Pune,Maharashtra,PID418,Smartphone,Electronics,Smartphone,26437.45,2.0,10.0,Debit Card,Cancelled,4.5,47587.41
ORD12891,2024-12-08,CUST1106,Yuvraj Bawa,Kolkata,West Bengal,PID132,Dumbbells,Sports,Dumbbells,83926.06,1.0,30.0,Credit Card,Cancelled,3.7,58748.24
ORD13008,2023-02-10,CUST1496,Harita Acharya,Mumbai,Maharashtra,PID114,Water Bottle,Home & Kitchen,Water Bottle,34976.31,5.0,20.0,Credit Card,Delivered,,139905.24
ORD11827,2024-04-11,CUST1082,Pranit Varughese,Indore,Madhya Pradesh,PID234,Water Bottle,Home & Kitchen,Water Bottle,48653.94,3.0,15.0,Debit Card,Returned,2.9,124067.55
ORD13924,2023-04-13,CUST1168,Henry Balasubramanian,Kolkata,West Bengal,PID111,Bedsheet,Home & Kitchen,Bedsheet,74619.2,4.0,20.0,Unknown,Unknown,,238781.44
ORD12641,2024-05-03,CUST1486,Chatura Sheth,Hyderabad,Telangana,PID432,Yoga Mat,Sports,Yoga Mat,51156.59,4.0,10.0,UPI,Delivered,3.8,184163.72
ORD11526,2024-03-03,CUST1807,Azad Lad,Lucknow,Uttar Pradesh,PID515,Textbook,Books,Textbook,61512.41,3.0,40.0,Credit Card,Cancelled,2.0,110722.34
ORD11563,2023-11-18,CUST1152,Sachi Munshi,Delhi,Delhi,PID101,Smartphone,Electronics,Smartphone,79996.62,4.0,0.0,UPI,Cancelled,2.0,319986.48
ORD10344,2023-05-10,CUST1878,Isaiah Suresh,Mumbai,Maharashtra,PID231,Saree,Fashion,Saree,59120.34,1.0,5.0,Credit Card,Cancelled,4.4,56164.32
ORD12543,2023-02-27,CUST1583,Bhavini Salvi,Surat,Gujarat,PID553,Kurta,Fashion,Kurta,60779.22,4.0,15.0,Cash on Delivery,Delayed,4.8,206649.35
ORD13386,2023-07-14,CUST1154,Samarth Dugal,Ahmedabad,Gujarat,PID577,Cricket Bat,Sports,Cricket Bat,55589.97,2.0,0.0,Credit Card,Delayed,2.1,111179.94
ORD12413,2024-03-14,CUST1368,Harrison Edwin,Jaipur,Rajasthan,PID426,Air Fryer,Home & Kitchen,Air Fryer,4832.27,5.0,20.0,Net Banking,Delivered,2.6,19329.08
ORD12708,2024-06-22,CUST1907,Divya Krishnan,Surat,Gujarat,PID220,Lipstick,Beauty,Lipstick,40726.22,1.0,30.0,Debit Card,Delivered,2.1,28508.35
ORD11111,2024-09-14,CUST1269,Laksh Jayaraman,Surat,Gujarat,PID226,Cricket Bat,Sports,Cricket Bat,14696.64,1.0,30.0,Net Banking,Delivered,4.8,10287.65
ORD13443,2023-07-05,CUST1460,Sneha Seshadri,Ahmedabad,Gujarat,PID418,Cookware Set,Home & Kitchen,Cookware Set,45901.72,5.0,20.0,Unknown,Delivered,3.9,183606.88
ORD11360,2023-10-17,CUST1738,Sai Choudhary,Bangalore,Karnataka,PID313,Novel,Books,Novel,35348.03,1.0,30.0,Credit Card,Returned,3.8,24743.62
ORD12108,2023-01-15,CUST1289,Siya Badami,Chennai,Tamil Nadu,PID580,Biography,Books,Biography,10481.65,1.0,15.0,Cash on Delivery,Unknown,3.2,8909.4
ORD11379,2023-11-26,CUST1169,Waida Kala,Lucknow,Uttar Pradesh,PID324,Jeans,Fashion,Jeans,89846.49,2.0,10.0,Cash on Delivery,Delayed,1.7,161723.68
ORD12829,2024-06-07,CUST1787,Arin Bhatnagar,Pune,Maharashtra,PID453,Dumbbells,Sports,Dumbbells,69560.26,4.0,15.0,Net Banking,Delayed,4.6,236504.88
ORD10425,2023-11-28,CUST1978,Nandini Goel,Chennai,Tamil Nadu,PID237,Cricket Bat,Sports,Cricket Bat,2482.7,4.0,5.0,Unknown,Delayed,1.3,9434.26
ORD10293,2023-04-14,CUST1640,Ridhi Devi,Jaipur,Rajasthan,PID585,Comic,Books,Comic,3802.69,2.0,5.0,Net Banking,Returned,3.1,7225.11
ORD11066,2024-08-04,CUST1401,Faqid Verma,Ahmedabad,Gujarat,PID571,Cookware Set,Home & Kitchen,Cookware Set,74872.99,2.0,15.0,Unknown,Returned,1.6,127284.08
ORD12378,2024-04-05,CUST1086,Jasmit Sha,Mumbai,Maharashtra,PID214,Biography,Books,Biography,74540.77,5.0,15.0,UPI,Delivered,4.3,316798.27
ORD12128,2023-10-10,CUST1041,Logan Devan,Jaipur,Rajasthan,PID312,Biography,Books,Biography,12222.23,2.0,20.0,Unknown,Cancelled,,19555.57
ORD11718,2024-03-09,CUST1583,Krishna Bala,Mumbai,Maharashtra,PID375,Jeans,Fashion,Jeans,84092.7,2.0,15.0,Cash on Delivery,Delivered,4.4,142957.59
ORD10938,2024-03-13,CUST1151,Deepa Joshi,Jaipur,Rajasthan,PID419,Headphones,Electronics,Headphones,48450.35,2.0,0.0,Credit Card,Returned,4.4,96900.7
ORD13780,2023-05-30,CUST1032,Mahika Rama,Jaipur,Rajasthan,PID571,Dumbbells,Sports,Dumbbells,47509.53,5.0,15.0,Unknown,Delivered,1.3,201915.5
ORD13965,2024-01-25,CUST1448,Yamini Chacko,Mumbai,Maharashtra,PID300,T-Shirt,Fashion,T-Shirt,39773.12,5.0,0.0,Net Banking,Returned,1.7,198865.6
ORD13991,2024-06-11,CUST1034,William Srinivasan,Mumbai,Maharashtra,PID397,Cricket Bat,Sports,Cricket Bat,8898.77,4.0,40.0,Unknown,Returned,,21357.05
ORD10255,2024-09-30,CUST1387,Chakradhar Jhaveri,Kolkata,West Bengal,PID297,Biography,Books,Biography,15475.43,5.0,10.0,Debit Card,Delayed,2.1,69639.44
ORD14893,2024-03-17,CUST1354,Ira Ghose,Bangalore,Karnataka,PID404,Water Bottle,Home & Kitchen,Water Bottle,24243.82,1.0,5.0,Unknown,Unknown,4.3,23031.63
ORD11483,2024-05-16,CUST1725,Brinda Mitter,Lucknow,Uttar Pradesh,PID397,Bluetooth Speaker,Electronics,Bluetooth Speaker,4530.09,2.0,15.0,UPI,Returned,,7701.15
ORD10945,2024-06-25,CUST1181,Siddharth Sengupta,Bangalore,Karnataka,PID380,Textbook,Books,Textbook,5946.63,1.0,20.0,UPI,Delivered,3.2,4757.3
ORD13184,2023-09-13,CUST1606,Amruta Babu,Delhi,Delhi,PID107,Novel,Books,Novel,74423.67,1.0,25.0,Cash on Delivery,Cancelled,3.5,55817.75
ORD13267,2023-05-19,CUST1734,Nandini Som,Pune,Maharashtra,PID334,Jacket,Fashion,Jacket,31376.72,5.0,5.0,UPI,Delayed,2.6,149039.42
ORD12908,2024-03-12,CUST1864,Chatura Choudhury,Hyderabad,Telangana,PID176,Lipstick,Beauty,Lipstick,75016.94,2.0,30.0,Debit Card,Unknown,1.0,105023.72
ORD10970,2023-02-25,CUST1421,Chatresh Yogi,Mumbai,Maharashtra,PID421,Sunscreen,Beauty,Sunscreen,55144.28,5.0,25.0,Net Banking,Delivered,4.1,206791.05
ORD10497,2024-03-28,CUST1706,Samaksh Dar,Hyderabad,Telangana,PID257,Bluetooth Speaker,Electronics,Bluetooth Speaker,13941.66,1.0,15.0,Unknown,Returned,4.3,11850.41
ORD11830,2024-12-16,CUST1156,Hritik Sarna,Chennai,Tamil Nadu,PID530,Bluetooth Speaker,Electronics,Bluetooth Speaker,86636.11,3.0,5.0,Net Banking,Cancelled,2.0,246912.91
ORD12178,2023-07-19,CUST1755,Krishna Shah,Kolkata,West Bengal,PID438,Cricket Bat,Sports,Cricket Bat,4554.79,4.0,30.0,Debit Card,Unknown,1.4,12753.41
ORD10338,2024-03-18,CUST1558,Anjali Narayan,Mumbai,Maharashtra,PID208,Novel,Books,Novel,63346.37,3.0,15.0,Cash on Delivery,Delayed,2.6,161533.24
ORD14705,2024-06-26,CUST1804,Megha Wadhwa,Delhi,Delhi,PID470,Cookware Set,Home & Kitchen,Cookware Set,18810.1,3.0,15.0,Credit Card,Cancelled,4.3,47965.76
ORD11149,2023-08-20,CUST1229,Ria Patla,Lucknow,Uttar Pradesh,PID124,Textbook,Books,Textbook,21934.86,3.0,20.0,UPI,Cancelled,2.1,52643.66
ORD12244,2024-10-24,CUST1494,Advaith Apte,Pune,Maharashtra,PID100,Biography,Books,Biography,76740.58,2.0,15.0,Credit Card,Delayed,2.2,130458.99
ORD13969,2023-04-25,CUST1465,Mitali Gola,Mumbai,Maharashtra,PID287,Kurta,Fashion,Kurta,31029.37,3.0,0.0,UPI,Returned,4.9,93088.11
ORD12152,2024-06-12,CUST1094,Indira Saini,Indore,Madhya Pradesh,PID474,Yoga Mat,Sports,Yoga Mat,19820.67,5.0,20.0,Credit Card,Delivered,,79282.68
ORD12011,2023-05-07,CUST1562,Vivaan Kamdar,Mumbai,Maharashtra,PID400,Textbook,Books,Textbook,28193.2,4.0,25.0,Credit Card,Delivered,,84579.6
ORD12492,2023-06-13,CUST1536,Devika Tak,Bangalore,Karnataka,PID295,Water Bottle,Home & Kitchen,Water Bottle,37323.77,5.0,10.0,UPI,Delayed,3.7,167956.96
ORD14980,2024-10-21,CUST1427,Atharv Mander,Ahmedabad,Gujarat,PID426,Air Fryer,Home & Kitchen,Air Fryer,86721.62,1.0,30.0,Credit Card,Unknown,1.4,60705.13
ORD11811,2023-05-26,CUST1408,Christopher Vora,Pune,Maharashtra,PID367,Football,Sports,Football,28729.52,1.0,5.0,Credit Card,Cancelled,3.1,27293.04
ORD11995,2024-10-23,CUST1080,Luke Chada,Delhi,Delhi,PID147,Textbook,Books,Textbook,60190.43,5.0,25.0,Debit Card,Unknown,,225714.11
ORD12933,2023-02-23,CUST1183,Patrick Rastogi,Delhi,Delhi,PID399,Headphones,Electronics,Headphones,64136.0,2.0,10.0,Unknown,Delivered,4.3,115444.8
ORD12825,2024-04-27,CUST1899,Tarak Parikh,Jaipur,Rajasthan,PID103,Jacket,Fashion,Jacket,42727.04,1.0,20.0,Credit Card,Delayed,2.1,34181.63
ORD12898,2023-05-23,CUST1263,Pooja Goda,Lucknow,Uttar Pradesh,PID136,Kurta,Fashion,Kurta,64071.4,5.0,20.0,Credit Card,Delivered,1.5,256285.6
ORD12276,2024-11-30,CUST1760,Jonathan Ghosh,Ahmedabad,Gujarat,PID230,Air Fryer,Home & Kitchen,Air Fryer,76376.04,3.0,10.0,Net Banking,Delivered,4.6,206215.31
ORD10435,2024-10-07,CUST1499,Yachana Parmer,Ahmedabad,Gujarat,PID304,Sunscreen,Beauty,Sunscreen,18240.26,1.0,5.0,Cash on Delivery,Returned,2.7,17328.25
ORD14502,2023-02-04,CUST1227,Wazir Sood,Chennai,Tamil Nadu,PID109,Textbook,Books,Textbook,0.0,4.0,40.0,UPI,Delivered,3.9,0.0
ORD12824,2024-11-23,CUST1456,Varsha Mital,Pune,Maharashtra,PID366,Tablet,Electronics,Tablet,27695.67,5.0,30.0,Debit Card,Cancelled,1.8,96934.84
ORD13756,2024-06-24,CUST1767,Girindra Tak,Mumbai,Maharashtra,PID454,Face Wash,Beauty,Face Wash,0.0,3.0,10.0,Cash on Delivery,Delivered,4.4,0.0
ORD12505,2023-12-20,CUST1752,Anirudh Master,Indore,Madhya Pradesh,PID533,Perfume,Beauty,Perfume,5036.49,2.0,0.0,Unknown,Delayed,4.2,10072.98
ORD13212,2024-01-19,CUST1167,Falak Kale,Hyderabad,Telangana,PID158,Headphones,Electronics,Headphones,24785.27,4.0,0.0,Cash on Delivery,Delivered,4.6,99141.08
ORD14642,2023-11-08,CUST1222,Gopal Master,Jaipur,Rajasthan,PID529,Textbook,Books,Textbook,80056.61,1.0,25.0,Unknown,Delivered,2.0,60042.46
ORD14309,2023-12-30,CUST1215,Chanchal Mander,Chennai,Tamil Nadu,PID548,Biography,Books,Biography,37706.56,3.0,20.0,UPI,Unknown,3.7,90495.74
ORD13541,2024-02-02,CUST1455,Madhavi Ganguly,Surat,Gujarat,PID393,Air Fryer,Home & Kitchen,Air Fryer,68705.86,4.0,5.0,Unknown,Cancelled,4.5,261082.27
ORD11942,2023-04-16,CUST1861,Ladli Luthra,Delhi,Delhi,PID251,Cookware Set,Home & Kitchen,Cookware Set,61608.69,4.0,15.0,Credit Card,Delivered,4.0,209469.55
ORD11892,2024-03-29,CUST1750,Qushi Gulati,Ahmedabad,Gujarat,PID295,Sunscreen,Beauty,Sunscreen,5392.53,3.0,25.0,UPI,Delayed,1.0,12133.19
ORD13600,2023-04-22,CUST1610,Nitara Sanghvi,Jaipur,Rajasthan,PID296,Shampoo,Beauty,Shampoo,67283.26,4.0,5.0,Unknown,Delivered,4.7,255676.39
ORD11266,2024-10-13,CUST1210,Wyatt Lad,Surat,Gujarat,PID590,Kurta,Fashion,Kurta,64418.72,5.0,20.0,UPI,Returned,3.1,257674.88
ORD14439,2023-01-07,CUST1756,Yashvi Sani,Hyderabad,Telangana,PID236,Smartphone,Electronics,Smartphone,9086.21,5.0,5.0,UPI,Delayed,1.0,43159.5
ORD12598,2023-12-15,CUST1144,Jai Kumer,Mumbai,Maharashtra,PID136,Dumbbells,Sports,Dumbbells,82437.16,2.0,20.0,Net Banking,Delivered,4.8,131899.46
ORD11411,2023-07-04,CUST1090,Jasmit Varughese,Mumbai,Maharashtra,PID380,Laptop,Electronics,Laptop,61719.52,5.0,5.0,UPI,Returned,3.5,293167.72
ORD11215,2024-01-18,CUST1475,Teerth Modi,Chennai,Tamil Nadu,PID592,Novel,Books,Novel,28508.72,4.0,15.0,Net Banking,Cancelled,4.3,96929.65
ORD10967,2023-01-16,CUST1321,Krishna Bir,Delhi,Delhi,PID392,Perfume,Beauty,Perfume,70556.54,4.0,15.0,Unknown,Delivered,4.2,239892.24
ORD14792,2023-10-26,CUST1171,Advik Grover,Mumbai,Maharashtra,PID586,Cricket Bat,Sports,Cricket Bat,23215.56,5.0,0.0,Credit Card,Delivered,2.6,116077.8
ORD10606,2023-08-27,CUST1284,Zarna Kohli,Chennai,Tamil Nadu,PID466,Cookware Set,Home & Kitchen,Cookware Set,11138.98,3.0,25.0,Net Banking,Delivered,2.5,25062.7
ORD10105,2023-12-20,CUST1477,Neel Minhas,Kolkata,West Bengal,PID162,Laptop,Electronics,Laptop,37493.61,2.0,25.0,Net Banking,Delivered,1.5,56240.42
ORD10646,2024-02-01,CUST1448,Yamini Radhakrishnan,Ahmedabad,Gujarat,PID160,Smartphone,Electronics,Smartphone,48146.6,1.0,0.0,Cash on Delivery,Cancelled,3.8,48146.6
ORD14591,2023-04-30,CUST1204,Gayathri Bedi,Surat,Gujarat,PID138,Football,Sports,Football,51606.09,2.0,25.0,UPI,Delivered,4.0,77409.13
ORD13089,2023-09-29,CUST1370,Zaid Sachdeva,Lucknow,Uttar Pradesh,PID210,Jacket,Fashion,Jacket,43471.22,5.0,40.0,Net Banking,Delivered,3.0,130413.66
ORD11020,2024-03-29,CUST1133,Wyatt Loyal,Bangalore,Karnataka,PID164,Water Bottle,Home & Kitchen,Water Bottle,43216.05,2.0,0.0,Net Banking,Delivered,4.9,86432.1
ORD10092,2024-08-18,CUST1475,Rajata Vaidya,Pune,Maharashtra,PID456,Bluetooth Speaker,Electronics,Bluetooth Speaker,88296.39,1.0,5.0,Net Banking,Delivered,,83881.57
ORD12871,2024-10-25,CUST1444,Eesha Sibal,Lucknow,Uttar Pradesh,PID502,Dumbbells,Sports,Dumbbells,52595.99,2.0,30.0,UPI,Unknown,1.3,73634.39
ORD10909,2024-11-15,CUST1825,Anita Hegde,Chennai,Tamil Nadu,PID196,Smartwatch,Electronics,Smartwatch,11061.3,4.0,40.0,UPI,Delivered,4.1,26547.12
ORD12151,2024-01-03,CUST1042,Balhaar Tella,Chennai,Tamil Nadu,PID502,Tablet,Electronics,Tablet,9874.04,4.0,30.0,Cash on Delivery,Delivered,3.3,27647.31
ORD10239,2024-05-13,CUST1994,Bachittar Samra,Hyderabad,Telangana,PID589,Smartwatch,Electronics,Smartwatch,48690.32,3.0,40.0,Net Banking,Delivered,4.6,87642.58
ORD13141,2023-10-01,CUST1563,Anirudh Sandhu,Delhi,Delhi,PID356,Lipstick,Beauty,Lipstick,26653.26,1.0,0.0,Net Banking,Unknown,4.3,26653.26
ORD10943,2023-08-30,CUST1317,Hemangini Sarin,Delhi,Delhi,PID520,Football,Sports,Football,32627.79,4.0,5.0,Debit Card,Delivered,4.2,123985.6
ORD11271,2024-11-29,CUST1766,Anika Dani,Chennai,Tamil Nadu,PID581,Sunscreen,Beauty,Sunscreen,76245.4,1.0,40.0,UPI,Delivered,1.3,45747.24
ORD13230,2024-08-26,CUST1671,Ronith Narayan,Surat,Gujarat,PID149,Cookware Set,Home & Kitchen,Cookware Set,83609.87,3.0,0.0,UPI,Delivered,3.7,250829.61
ORD13552,2024-10-24,CUST1267,Ikshita Raj,Bangalore,Karnataka,PID278,Dumbbells,Sports,Dumbbells,57058.46,1.0,20.0,Credit Card,Cancelled,3.3,45646.77
ORD11863,2024-02-17,CUST1140,Adweta Palan,Ahmedabad,Gujarat,PID492,Biography,Books,Biography,5579.36,1.0,20.0,Cash on Delivery,Returned,4.5,4463.49
ORD11670,2024-03-31,CUST1961,Leena Mallick,Mumbai,Maharashtra,PID141,Saree,Fashion,Saree,61890.38,5.0,15.0,UPI,Cancelled,3.9,263034.12
ORD10006,2024-08-20,CUST1881,Girindra Balasubramanian,Bangalore,Karnataka,PID156,Shampoo,Beauty,Shampoo,23949.48,3.0,30.0,Net Banking,Delayed,1.9,50293.91
ORD14344,2024-07-02,CUST1615,Jagat Bajaj,Ahmedabad,Gujarat,PID362,Jacket,Fashion,Jacket,69853.54,2.0,15.0,UPI,Delayed,5.0,118751.02
ORD13944,2024-10-15,CUST1274,Vasatika Anne,Indore,Madhya Pradesh,PID520,Football,Sports,Football,14205.04,5.0,40.0,Debit Card,Delivered,1.1,42615.12
ORD13014,2024-06-03,CUST1888,Brinda Mannan,Bangalore,Karnataka,PID500,Saree,Fashion,Saree,66970.06,3.0,25.0,UPI,Delivered,1.5,150682.64
ORD10019,2023-04-05,CUST1268,Edhitha Bhandari,Chennai,Tamil Nadu,PID182,Jacket,Fashion,Jacket,18443.22,4.0,0.0,Debit Card,Unknown,,73772.88
ORD11971,2023-09-15,CUST1604,Shravya Yadav,Surat,Gujarat,PID207,Sunscreen,Beauty,Sunscreen,42319.54,1.0,20.0,Debit Card,Delivered,2.3,33855.63
ORD12710,2024-11-15,CUST1741,Advika Pathak,Lucknow,Uttar Pradesh,PID108,Jacket,Fashion,Jacket,33747.35,1.0,10.0,UPI,Delivered,3.6,30372.62
ORD12233,2024-10-27,CUST1780,Balveer Chatterjee,Jaipur,Rajasthan,PID140,Comic,Books,Comic,60007.76,1.0,15.0,UPI,Returned,4.5,51006.6
ORD10812,2023-03-12,CUST1328,Ansh Mander,Mumbai,Maharashtra,PID249,Sneakers,Fashion,Sneakers,87331.16,3.0,25.0,Credit Card,Delivered,3.5,196495.11
ORD11301,2023-05-04,CUST1759,Nitara Bhatt,Hyderabad,Telangana,PID550,Dumbbells,Sports,Dumbbells,34571.1,1.0,30.0,Net Banking,Cancelled,,24199.77
ORD14981,2024-12-31,CUST1595,Zaitra Panchal,Ahmedabad,Gujarat,PID119,Sunscreen,Beauty,Sunscreen,29142.52,2.0,30.0,Credit Card,Cancelled,3.3,40799.53
ORD10261,2023-04-04,CUST1379,Chavvi Tata,Jaipur,Rajasthan,PID140,Perfume,Beauty,Perfume,55320.18,4.0,0.0,UPI,Delivered,2.9,221280.72
ORD11805,2024-04-13,CUST1075,Anay Lalla,Surat,Gujarat,PID382,Headphones,Electronics,Headphones,9837.12,2.0,0.0,UPI,Delayed,2.9,19674.24
ORD11571,2024-12-01,CUST1615,Garima Sachdev,Mumbai,Maharashtra,PID303,Yoga Mat,Sports,Yoga Mat,26822.59,4.0,5.0,Credit Card,Delivered,3.5,101925.84
ORD14281,2023-05-09,CUST1560,Kai Sarma,Ahmedabad,Gujarat,PID538,Smartwatch,Electronics,Smartwatch,62118.49,4.0,20.0,Credit Card,Delivered,4.7,198779.17
ORD12455,2024-09-28,CUST1712,Nicholas Varughese,Kolkata,West Bengal,PID599,Sneakers,Fashion,Sneakers,56240.81,4.0,0.0,Net Banking,Delivered,3.2,224963.24
ORD11744,2023-01-10,CUST1651,Dalaja Dhingra,Ahmedabad,Gujarat,PID159,Mixer Grinder,Home & Kitchen,Mixer Grinder,68042.32,5.0,20.0,Unknown,Delivered,2.4,272169.28
ORD11631,2023-05-29,CUST1693,Vrishti Issac,Chennai,Tamil Nadu,PID362,Water Bottle,Home & Kitchen,Water Bottle,55469.26,2.0,5.0,Unknown,Unknown,1.4,105391.59
ORD11717,2023-06-28,CUST1100,Manan Sibal,Mumbai,Maharashtra,PID556,Sunscreen,Beauty,Sunscreen,25054.32,5.0,25.0,Cash on Delivery,Delivered,3.2,93953.7
ORD10521,2023-08-18,CUST1760,Yahvi Nath,Surat,Gujarat,PID476,Cricket Bat,Sports,Cricket Bat,12347.72,1.0,25.0,Unknown,Delivered,4.1,9260.79
ORD13938,2023-04-30,CUST1731,Advika Deol,Chennai,Tamil Nadu,PID338,Novel,Books,Novel,56090.06,1.0,30.0,Net Banking,Delivered,,39263.04
ORD13483,2023-10-01,CUST1739,Ekiya Loyal,Kolkata,West Bengal,PID122,Water Bottle,Home & Kitchen,Water Bottle,86756.34,4.0,5.0,Net Banking,Unknown,3.4,329674.09
ORD11659,2023-09-18,CUST1127,Jack Agarwal,Delhi,Delhi,PID384,Smartwatch,Electronics,Smartwatch,22758.3,4.0,5.0,Unknown,Unknown,3.0,86481.54
ORD13473,2024-06-22,CUST1413,Januja Zacharia,Kolkata,West Bengal,PID415,Dumbbells,Sports,Dumbbells,62130.94,4.0,30.0,UPI,Cancelled,,173966.63
ORD12476,2023-07-21,CUST1442,Saksham Konda,Surat,Gujarat,PID281,Shampoo,Beauty,Shampoo,78781.35,5.0,20.0,Net Banking,Unknown,1.2,315125.4
ORD13949,2023-05-25,CUST1350,Aditya Chaudhary,Chennai,Tamil Nadu,PID580,Air Fryer,Home & Kitchen,Air Fryer,61184.58,4.0,40.0,Net Banking,Delayed,4.2,146842.99
ORD13935,2023-12-31,CUST1958,Aadhya Koshy,Chennai,Tamil Nadu,PID423,Air Fryer,Home & Kitchen,Air Fryer,1363.62,1.0,15.0,Debit Card,Unknown,1.8,1159.08
ORD13646,2024-08-18,CUST1684,Isaac Bajaj,Lucknow,Uttar Pradesh,PID527,Sunscreen,Beauty,Sunscreen,53305.82,2.0,30.0,UPI,Delivered,4.5,74628.15
ORD10764,2023-01-18,CUST1371,Kashish Narain,Jaipur,Rajasthan,PID376,Novel,Books,Novel,16557.72,5.0,15.0,Credit Card,Cancelled,4.0,70370.31
ORD14327,2023-04-23,CUST1733,Ayaan Pall,Ahmedabad,Gujarat,PID365,Biography,Books,Biography,40572.77,5.0,40.0,Net Banking,Delayed,4.6,121718.31
ORD14428,2023-12-13,CUST1917,Kamya Yadav,Mumbai,Maharashtra,PID361,Face Wash,Beauty,Face Wash,63530.4,5.0,15.0,Cash on Delivery,Delayed,1.0,270004.2
ORD11092,2023-02-02,CUST1195,Liam Balakrishnan,Chennai,Tamil Nadu,PID532,Yoga Mat,Sports,Yoga Mat,87000.13,3.0,25.0,UPI,Unknown,1.2,195750.29
ORD13609,2023-08-08,CUST1578,Meghana Kapoor,Kolkata,West Bengal,PID311,Biography,Books,Biography,14755.91,5.0,15.0,Credit Card,Delayed,4.2,62712.62
ORD11102,2024-04-13,CUST1610,Hitesh Konda,Ahmedabad,Gujarat,PID164,Laptop,Electronics,Laptop,37804.36,1.0,10.0,Cash on Delivery,Delayed,,34023.92
ORD14558,2024-01-08,CUST1421,Charita Chadha,Jaipur,Rajasthan,PID293,Jacket,Fashion,Jacket,50622.92,1.0,10.0,Net Banking,Delayed,3.1,45560.63
ORD10959,2024-06-05,CUST1781,Girik Mahajan,Delhi,Delhi,PID387,Yoga Mat,Sports,Yoga Mat,85757.88,3.0,30.0,Unknown,Unknown,2.7,180091.55
ORD10560,2023-11-29,CUST1262,Guneet Krish,Chennai,Tamil Nadu,PID597,Comic,Books,Comic,7629.67,2.0,20.0,Debit Card,Delivered,,12207.47
ORD11520,2023-09-16,CUST1695,Chasmum Loke,Kolkata,West Bengal,PID525,Kurta,Fashion,Kurta,80514.62,5.0,5.0,Cash on Delivery,Returned,4.9,382444.44
ORD14979,2024-05-04,CUST1087,Eshana Anand,Lucknow,Uttar Pradesh,PID378,Headphones,Electronics,Headphones,49487.53,1.0,5.0,Debit Card,Unknown,1.7,47013.15
ORD12485,2023-05-28,CUST1522,Ayushman Arora,Hyderabad,Telangana,PID550,Textbook,Books,Textbook,77593.07,5.0,40.0,Unknown,Delayed,3.2,232779.21
ORD10367,2024-02-26,CUST1014,Liam Deep,Surat,Gujarat,PID473,Textbook,Books,Textbook,85755.5,5.0,5.0,Net Banking,Delayed,3.0,407338.62
ORD13902,2024-08-02,CUST1239,Udyati Mukherjee,Kolkata,West Bengal,PID565,Shampoo,Beauty,Shampoo,4990.65,4.0,0.0,Unknown,Delivered,4.9,19962.6
ORD11949,2024-05-30,CUST1136,Dominic Puri,Jaipur,Rajasthan,PID318,Jeans,Fashion,Jeans,76747.12,5.0,15.0,Net Banking,Unknown,4.8,326175.26
ORD14166,2024-02-04,CUST1747,Urishilla Shetty,Pune,Maharashtra,PID546,Mixer Grinder,Home & Kitchen,Mixer Grinder,50235.29,3.0,15.0,Unknown,Delivered,3.0,128099.99
ORD11573,2024-12-07,CUST1970,Unni Gopal,Mumbai,Maharashtra,PID404,T-Shirt,Fashion,T-Shirt,25155.61,2.0,15.0,Credit Card,Returned,4.1,42764.54
ORD10809,2023-11-17,CUST1638,Jeremiah Loyal,Surat,Gujarat,PID565,Novel,Books,Novel,8871.26,1.0,5.0,Credit Card,Delivered,2.4,8427.7
ORD13233,2023-05-24,CUST1457,Qushi Randhawa,Jaipur,Rajasthan,PID466,Perfume,Beauty,Perfume,27965.48,1.0,15.0,Debit Card,Unknown,1.9,23770.66
ORD13947,2024-04-29,CUST1568,Saanvi Chandran,Indore,Madhya Pradesh,PID363,Football,Sports,Football,24471.64,4.0,15.0,UPI,Delivered,4.9,83203.58
ORD10012,2024-02-21,CUST1055,Forum Brar,Ahmedabad,Gujarat,PID444,Air Fryer,Home & Kitchen,Air Fryer,48600.17,5.0,40.0,Cash on Delivery,Delayed,1.4,145800.51
ORD12026,2023-05-20,CUST1843,Girish Ranganathan,Lucknow,Uttar Pradesh,PID351,Comic,Books,Comic,463.41,1.0,15.0,UPI,Delivered,2.6,393.9
ORD10177,2023-08-27,CUST1385,Banjeet Mukherjee,Indore,Madhya Pradesh,PID534,Lipstick,Beauty,Lipstick,81054.83,1.0,0.0,UPI,Delivered,3.5,81054.83
ORD12489,2023-08-03,CUST1309,Rehaan Dora,Lucknow,Uttar Pradesh,PID289,Headphones,Electronics,Headphones,35699.85,1.0,25.0,UPI,Returned,,26774.89
ORD13887,2024-09-07,CUST1330,Vritti Prakash,Delhi,Delhi,PID475,Textbook,Books,Textbook,69761.14,4.0,30.0,Debit Card,Unknown,,195331.19
ORD12570,2024-08-25,CUST1532,Caleb Shanker,Surat,Gujarat,PID266,Air Fryer,Home & Kitchen,Air Fryer,76162.42,4.0,10.0,UPI,Delivered,2.9,274184.71
ORD13521,2023-06-22,CUST1961,Samarth Kurian,Surat,Gujarat,PID130,Smartphone,Electronics,Smartphone,27074.9,5.0,30.0,Net Banking,Delivered,2.7,94762.15
ORD13761,2023-02-24,CUST1097,Radha Garde,Kolkata,West Bengal,PID145,Shampoo,Beauty,Shampoo,1237.51,4.0,30.0,Cash on Delivery,Delivered,,3465.03
ORD13283,2023-08-02,CUST1798,Waida Memon,Chennai,Tamil Nadu,PID562,Cookware Set,Home & Kitchen,Cookware Set,66178.21,1.0,30.0,Unknown,Delayed,3.4,46324.75
ORD11665,2023-07-20,CUST1689,Max Majumdar,Kolkata,West Bengal,PID469,Dumbbells,Sports,Dumbbells,69211.0,3.0,0.0,UPI,Returned,4.4,207633.0
ORD12192,2023-07-30,CUST1435,Utkarsh Kata,Indore,Madhya Pradesh,PID315,Cookware Set,Home & Kitchen,Cookware Set,43134.32,4.0,20.0,Debit Card,Returned,5.0,138029.82
ORD13371,2023-12-01,CUST1018,Nathan Nagar,Surat,Gujarat,PID528,Bluetooth Speaker,Electronics,Bluetooth Speaker,79368.16,1.0,40.0,Net Banking,Delivered,1.9,47620.9
ORD12661,2024-07-13,CUST1529,Rajeshri Yohannan,Surat,Gujarat,PID384,Textbook,Books,Textbook,28030.06,5.0,0.0,Unknown,Delivered,4.4,140150.3
ORD14253,2024-02-12,CUST1964,Pooja Arya,Chennai,Tamil Nadu,PID239,Biography,Books,Biography,6199.98,2.0,15.0,Cash on Delivery,Delivered,4.5,10539.97
ORD13579,2024-06-25,CUST1300,Darsh Sarraf,Chennai,Tamil Nadu,PID304,Bedsheet,Home & Kitchen,Bedsheet,74201.9,3.0,10.0,Cash on Delivery,Delayed,3.1,200345.13
ORD12047,2023-03-29,CUST1584,Veer Ravel,Bangalore,Karnataka,PID398,Sunscreen,Beauty,Sunscreen,50988.89,3.0,10.0,UPI,Returned,4.5,137670.0
ORD12625,2024-07-22,CUST1813,Deepa Patla,Kolkata,West Bengal,PID524,Air Fryer,Home & Kitchen,Air Fryer,33935.73,4.0,0.0,UPI,Returned,2.4,135742.92
ORD13411,2024-01-27,CUST1654,Chaitaly Batta,Hyderabad,Telangana,PID238,Bedsheet,Home & Kitchen,Bedsheet,22687.67,1.0,25.0,Net Banking,Delivered,3.7,17015.75
ORD11007,2024-08-14,CUST1618,Lavanya Karan,Bangalore,Karnataka,PID522,Lipstick,Beauty,Lipstick,72770.53,5.0,20.0,Unknown,Delivered,4.1,291082.12
ORD13570,2024-09-07,CUST1587,Alka Garg,Hyderabad,Telangana,PID125,Bedsheet,Home & Kitchen,Bedsheet,86854.43,3.0,25.0,Unknown,Unknown,4.3,195422.47
ORD13738,2024-06-29,CUST1300,Mekhala Ganesh,Lucknow,Uttar Pradesh,PID127,Yoga Mat,Sports,Yoga Mat,20576.49,2.0,10.0,Cash on Delivery,Delivered,1.5,37037.68
ORD12050,2024-09-06,CUST1319,Ijaya Sawhney,Pune,Maharashtra,PID589,Biography,Books,Biography,32854.24,5.0,10.0,Unknown,Delivered,3.6,147844.08
ORD14012,2024-10-30,CUST1715,Kritika Tara,Delhi,Delhi,PID387,Jacket,Fashion,Jacket,52615.25,3.0,5.0,Credit Card,Unknown,1.3,149953.46
ORD10270,2024-08-17,CUST1275,Dev Varghese,Delhi,Delhi,PID341,Sneakers,Fashion,Sneakers,62887.27,1.0,30.0,Credit Card,Cancelled,2.4,44021.09
ORD11994,2023-04-06,CUST1797,Utkarsh Balay,Kolkata,West Bengal,PID580,T-Shirt,Fashion,T-Shirt,8128.18,5.0,10.0,Credit Card,Delayed,3.3,36576.81
ORD10266,2023-11-20,CUST1294,Megha Devan,Kolkata,West Bengal,PID147,Novel,Books,Novel,10596.71,2.0,15.0,Unknown,Unknown,2.4,18014.41
ORD10915,2024-01-07,CUST1217,Advay Sandal,Mumbai,Maharashtra,PID398,Air Fryer,Home & Kitchen,Air Fryer,2499.38,1.0,5.0,Debit Card,Delivered,4.9,2374.41
ORD12279,2024-01-01,CUST1865,Abhiram Dyal,Hyderabad,Telangana,PID325,Textbook,Books,Textbook,67873.81,2.0,5.0,Unknown,Delivered,1.7,128960.24
ORD12232,2023-01-14,CUST1720,Ekbal Handa,Indore,Madhya Pradesh,PID468,Jacket,Fashion,Jacket,20749.75,1.0,10.0,Unknown,Unknown,4.3,18674.78
ORD10291,2023-07-26,CUST1501,Jasmit Gola,Delhi,Delhi,PID369,Perfume,Beauty,Perfume,8798.63,2.0,0.0,Unknown,Unknown,,17597.26
ORD12913,2024-08-27,CUST1263,Yahvi Sarma,Bangalore,Karnataka,PID327,Football,Sports,Football,16422.41,3.0,5.0,Unknown,Returned,1.8,46803.87
ORD12094,2023-02-14,CUST1862,Kalpit Chakraborty,Kolkata,West Bengal,PID423,Mixer Grinder,Home & Kitchen,Mixer Grinder,14270.83,3.0,30.0,Net Banking,Unknown,2.7,29968.74
ORD14572,2023-08-31,CUST1848,Zayan Hari,Lucknow,Uttar Pradesh,PID399,Comic,Books,Comic,26848.66,3.0,25.0,Unknown,Delayed,3.5,60409.48
ORD11653,2024-09-19,CUST1482,Neel Bora,Pune,Maharashtra,PID436,Perfume,Beauty,Perfume,70244.86,1.0,20.0,Debit Card,Delivered,4.2,56195.89
ORD14142,2023-03-27,CUST1241,Watika Ramesh,Chennai,Tamil Nadu,PID178,Textbook,Books,Textbook,32790.22,3.0,40.0,Debit Card,Cancelled,1.4,59022.4
ORD14258,2023-08-31,CUST1835,Nirja Oza,Hyderabad,Telangana,PID276,Bedsheet,Home & Kitchen,Bedsheet,77264.83,4.0,40.0,Net Banking,Delayed,1.0,185435.59
ORD13040,2023-01-01,CUST1300,Anay Patla,Pune,Maharashtra,PID178,Saree,Fashion,Saree,70776.69,1.0,10.0,Cash on Delivery,Returned,3.5,63699.02
ORD12678,2023-11-17,CUST1433,Pallavi Thakkar,Delhi,Delhi,PID364,Jeans,Fashion,Jeans,70739.24,1.0,5.0,Unknown,Unknown,2.3,67202.28
ORD10289,2023-03-12,CUST1794,Kevin Sarin,Bangalore,Karnataka,PID426,Saree,Fashion,Saree,48994.31,5.0,10.0,Net Banking,Delivered,2.8,220474.4
ORD13108,2023-01-19,CUST1191,Yashasvi Sabharwal,Lucknow,Uttar Pradesh,PID228,Saree,Fashion,Saree,3893.78,1.0,30.0,Debit Card,Delayed,1.1,2725.65
ORD10576,2024-12-10,CUST1662,Yutika Kapoor,Mumbai,Maharashtra,PID317,Sunscreen,Beauty,Sunscreen,19818.74,5.0,5.0,Cash on Delivery,Delivered,2.3,94139.02
ORD10851,2023-10-30,CUST1973,Eta Khalsa,Hyderabad,Telangana,PID160,Sneakers,Fashion,Sneakers,74297.09,2.0,0.0,UPI,Delivered,1.7,148594.18
ORD13884,2024-10-09,CUST1375,Advay Mander,Lucknow,Uttar Pradesh,PID211,Textbook,Books,Textbook,88234.08,5.0,20.0,Net Banking,Returned,4.0,352936.32
ORD11723,2023-05-04,CUST1442,Champak Gala,Jaipur,Rajasthan,PID221,Jeans,Fashion,Jeans,56917.55,2.0,30.0,Unknown,Returned,1.5,79684.57
ORD13950,2023-05-03,CUST1524,Yochana Chada,Indore,Madhya Pradesh,PID201,Biography,Books,Biography,57954.82,2.0,15.0,Unknown,Cancelled,,98523.19
ORD11101,2023-11-28,CUST1171,Chasmum Dutt,Hyderabad,Telangana,PID302,Novel,Books,Novel,80690.17,4.0,40.0,Net Banking,Returned,4.4,193656.41
ORD11208,2023-09-26,CUST1037,Bina Khanna,Ahmedabad,Gujarat,PID157,Cookware Set,Home & Kitchen,Cookware Set,73254.89,3.0,30.0,Net Banking,Cancelled,2.4,153835.27
ORD11844,2023-12-27,CUST1244,Umang Reddy,Indore,Madhya Pradesh,PID446,Jeans,Fashion,Jeans,16171.68,2.0,25.0,UPI,Returned,4.7,24257.52
ORD11849,2024-06-10,CUST1353,Jacob Gade,Indore,Madhya Pradesh,PID582,Cookware Set,Home & Kitchen,Cookware Set,56683.05,1.0,20.0,UPI,Cancelled,4.6,45346.44
ORD12525,2024-07-22,CUST1471,Owen Tandon,Pune,Maharashtra,PID115,Dumbbells,Sports,Dumbbells,18347.97,4.0,0.0,Credit Card,Unknown,4.9,73391.88
ORD13948,2023-11-23,CUST1483,Jyoti Natarajan,Bangalore,Karnataka,PID393,Saree,Fashion,Saree,39341.69,2.0,5.0,UPI,Delayed,2.6,74749.21
ORD11695,2024-07-17,CUST1234,Meera Balasubramanian,Hyderabad,Telangana,PID469,Shampoo,Beauty,Shampoo,87360.47,4.0,30.0,UPI,Returned,4.8,244609.32
ORD14182,2023-06-21,CUST1870,Qadim Bath,Bangalore,Karnataka,PID357,Air Fryer,Home & Kitchen,Air Fryer,5158.52,5.0,10.0,Debit Card,Delivered,4.1,23213.34
ORD14566,2023-05-31,CUST1639,Anmol Iyengar,Hyderabad,Telangana,PID429,Air Fryer,Home & Kitchen,Air Fryer,30595.15,1.0,20.0,UPI,Delivered,4.4,24476.12
ORD13961,2023-01-29,CUST1294,Oeshi Varty,Bangalore,Karnataka,PID409,Lipstick,Beauty,Lipstick,69720.29,1.0,25.0,Cash on Delivery,Cancelled,3.8,52290.22
ORD10234,2024-12-10,CUST1761,Advik Atwal,Surat,Gujarat,PID228,Tablet,Electronics,Tablet,66593.4,5.0,20.0,Unknown,Delivered,4.7,266373.6
ORD13333,2023-08-25,CUST1677,Lucky Tailor,Ahmedabad,Gujarat,PID473,Textbook,Books,Textbook,89500.71,3.0,10.0,Cash on Delivery,Delivered,2.8,241651.92
ORD12648,2024-03-05,CUST1835,Mohini Shetty,Kolkata,West Bengal,PID329,Bedsheet,Home & Kitchen,Bedsheet,9601.62,1.0,15.0,Debit Card,Delayed,3.2,8161.38
ORD14042,2024-03-14,CUST1957,Samuel Gole,Kolkata,West Bengal,PID136,Bedsheet,Home & Kitchen,Bedsheet,31645.91,1.0,30.0,Credit Card,Delayed,3.4,22152.14
ORD11712,2024-03-07,CUST1940,Isha Chakraborty,Bangalore,Karnataka,PID412,Smartwatch,Electronics,Smartwatch,73790.36,3.0,25.0,Unknown,Delivered,4.2,166028.31
ORD10183,2023-05-12,CUST1172,Gaurang Kant,Lucknow,Uttar Pradesh,PID573,Cricket Bat,Sports,Cricket Bat,52812.77,1.0,40.0,UPI,Delivered,4.4,31687.66
ORD11463,2024-03-12,CUST1378,Maanas Bhakta,Indore,Madhya Pradesh,PID154,Face Wash,Beauty,Face Wash,42069.04,3.0,25.0,Net Banking,Delivered,2.1,94655.34
ORD10050,2023-11-15,CUST1852,Nirja Chadha,Kolkata,West Bengal,PID178,Kurta,Fashion,Kurta,79294.07,5.0,10.0,UPI,Delayed,3.2,356823.32
ORD14988,2023-01-09,CUST1083,George Babu,Jaipur,Rajasthan,PID594,Textbook,Books,Textbook,56170.52,5.0,0.0,Unknown,Delivered,1.3,280852.6
ORD14583,2023-08-03,CUST1554,Adweta Rau,Kolkata,West Bengal,PID225,Cricket Bat,Sports,Cricket Bat,78675.61,4.0,5.0,UPI,Delayed,3.0,298967.32
ORD10107,2023-02-21,CUST1008,Nimrat Nadkarni,Delhi,Delhi,PID533,Face Wash,Beauty,Face Wash,85079.17,2.0,0.0,Unknown,Delayed,3.4,170158.34
ORD10444,2023-02-07,CUST1411,Ishani Lal,Jaipur,Rajasthan,PID553,Bluetooth Speaker,Electronics,Bluetooth Speaker,84936.31,2.0,30.0,UPI,Returned,3.6,118910.83
ORD11955,2024-07-14,CUST1205,Qabil Kothari,Kolkata,West Bengal,PID411,Mixer Grinder,Home & Kitchen,Mixer Grinder,23226.95,2.0,0.0,Cash on Delivery,Unknown,4.2,46453.9
ORD14743,2024-05-30,CUST1507,Leena Karnik,Jaipur,Rajasthan,PID402,Shampoo,Beauty,Shampoo,38536.68,1.0,10.0,UPI,Delivered,1.5,34683.01
ORD10727,2023-10-27,CUST1949,Waida Virk,Indore,Madhya Pradesh,PID361,Novel,Books,Novel,69927.2,1.0,0.0,UPI,Delivered,4.3,69927.2
ORD12239,2023-04-22,CUST1576,Shivansh Oza,Pune,Maharashtra,PID256,Air Fryer,Home & Kitchen,Air Fryer,75547.18,2.0,30.0,Unknown,Cancelled,3.6,105766.05
ORD14126,2024-06-08,CUST1148,Radha Upadhyay,Kolkata,West Bengal,PID347,Laptop,Electronics,Laptop,41201.97,4.0,25.0,Net Banking,Delivered,3.2,123605.91
ORD10170,2024-06-02,CUST1655,Bimala Menon,Mumbai,Maharashtra,PID374,Face Wash,Beauty,Face Wash,52924.61,1.0,30.0,Cash on Delivery,Returned,3.9,37047.23
ORD11002,2024-11-12,CUST1764,Yuvraj Shenoy,Indore,Madhya Pradesh,PID598,Jeans,Fashion,Jeans,49814.23,4.0,5.0,Cash on Delivery,Delayed,4.1,189294.07
ORD13253,2024-04-09,CUST1676,Nilima Modi,Jaipur,Rajasthan,PID119,Mixer Grinder,Home & Kitchen,Mixer Grinder,84698.19,4.0,25.0,Cash on Delivery,Delivered,2.9,254094.57
ORD12149,2024-04-18,CUST1188,Ekta Issac,Hyderabad,Telangana,PID464,Perfume,Beauty,Perfume,36313.48,2.0,20.0,Cash on Delivery,Returned,2.0,58101.57
ORD10198,2024-02-01,CUST1306,Peter Misra,Delhi,Delhi,PID140,Cricket Bat,Sports,Cricket Bat,60182.48,5.0,0.0,Cash on Delivery,Cancelled,2.7,300912.4
ORD14592,2024-02-09,CUST1462,Bhavya Goyal,Bangalore,Karnataka,PID260,Bluetooth Speaker,Electronics,Bluetooth Speaker,34034.44,3.0,20.0,Debit Card,Delivered,3.0,81682.66
ORD13794,2024-09-08,CUST1446,Nitara Ahuja,Mumbai,Maharashtra,PID586,T-Shirt,Fashion,T-Shirt,61506.0,2.0,40.0,Credit Card,Delayed,3.8,73807.2
ORD10648,2023-10-27,CUST1960,Vinaya Mall,Delhi,Delhi,PID378,T-Shirt,Fashion,T-Shirt,5240.41,3.0,15.0,Unknown,Delivered,2.6,13363.05
ORD13036,2024-10-16,CUST1179,Ekalinga Banik,Surat,Gujarat,PID518,Yoga Mat,Sports,Yoga Mat,31274.87,3.0,10.0,Cash on Delivery,Returned,3.8,84442.15
ORD14141,2023-10-19,CUST1859,Samaksh Sachdeva,Hyderabad,Telangana,PID255,Shampoo,Beauty,Shampoo,84639.39,4.0,15.0,Credit Card,Returned,1.8,287773.93
ORD13734,2023-03-06,CUST1358,Mitesh Comar,Surat,Gujarat,PID297,Laptop,Electronics,Laptop,17118.49,2.0,20.0,Unknown,Delivered,2.4,27389.58
ORD12759,2023-07-21,CUST1342,Krishna Oza,Chennai,Tamil Nadu,PID287,Headphones,Electronics,Headphones,59093.68,3.0,10.0,Debit Card,Delayed,,159552.94
ORD10374,2023-04-22,CUST1974,Niharika Natt,Ahmedabad,Gujarat,PID421,Cricket Bat,Sports,Cricket Bat,80287.5,2.0,5.0,Credit Card,Unknown,1.4,152546.25
ORD14775,2024-01-28,CUST1618,Gaurav Sura,Bangalore,Karnataka,PID257,Shampoo,Beauty,Shampoo,61520.86,3.0,40.0,Credit Card,Delivered,1.6,110737.55
ORD10567,2023-05-02,CUST1438,Raagini Sachdeva,Bangalore,Karnataka,PID371,Smartwatch,Electronics,Smartwatch,89170.51,3.0,25.0,UPI,Cancelled,4.7,200633.65
ORD13721,2024-09-26,CUST1387,Peter Sura,Ahmedabad,Gujarat,PID437,Smartwatch,Electronics,Smartwatch,21804.34,5.0,40.0,Cash on Delivery,Delivered,2.9,65413.02
ORD12896,2023-07-11,CUST1301,Abhimanyu Bala,Mumbai,Maharashtra,PID375,Shampoo,Beauty,Shampoo,29813.9,2.0,40.0,Debit Card,Unknown,2.1,35776.68
ORD14557,2024-12-03,CUST1556,Timothy Mann,Ahmedabad,Gujarat,PID206,Comic,Books,Comic,14373.04,2.0,25.0,Cash on Delivery,Unknown,2.3,21559.56
ORD11156,2024-08-05,CUST1678,Shivani Padmanabhan,Jaipur,Rajasthan,PID597,Biography,Books,Biography,74832.88,3.0,10.0,UPI,Delivered,2.5,202048.78
ORD10974,2023-01-01,CUST1478,Anya Lata,Ahmedabad,Gujarat,PID353,Face Wash,Beauty,Face Wash,76481.66,1.0,10.0,Net Banking,Returned,1.9,68833.49
ORD13288,2024-08-01,CUST1442,Lajita Chowdhury,Kolkata,West Bengal,PID185,Smartphone,Electronics,Smartphone,12786.94,2.0,25.0,UPI,Delivered,3.9,19180.41
ORD13628,2024-10-31,CUST1589,Faqid Bhat,Chennai,Tamil Nadu,PID587,Water Bottle,Home & Kitchen,Water Bottle,52303.04,2.0,40.0,Debit Card,Returned,,62763.65
ORD13639,2024-02-02,CUST1349,Onkar Kashyap,Pune,Maharashtra,PID159,T-Shirt,Fashion,T-Shirt,50447.77,3.0,5.0,Cash on Delivery,Delivered,1.5,143776.14
ORD11836,2024-12-10,CUST1248,Banjeet Sen,Hyderabad,Telangana,PID140,Water Bottle,Home & Kitchen,Water Bottle,35201.68,3.0,10.0,UPI,Delivered,5.0,95044.54
ORD12309,2024-12-09,CUST1763,Vidhi Wagle,Hyderabad,Telangana,PID322,Perfume,Beauty,Perfume,59090.18,2.0,5.0,Debit Card,Delivered,4.9,112271.34
ORD11841,2023-01-24,CUST1345,Zayyan Bandi,Ahmedabad,Gujarat,PID248,Sneakers,Fashion,Sneakers,67129.95,5.0,40.0,Unknown,Delivered,1.7,201389.85
ORD14924,2024-08-17,CUST1183,Elijah Chhabra,Bangalore,Karnataka,PID148,Comic,Books,Comic,46185.8,5.0,20.0,UPI,Delivered,1.2,184743.2
ORD12045,2024-06-25,CUST1401,Samesh Nayar,Pune,Maharashtra,PID284,Perfume,Beauty,Perfume,6203.65,3.0,5.0,Credit Card,Delivered,4.6,17680.4
ORD14406,2023-08-08,CUST1064,Damyanti Koshy,Jaipur,Rajasthan,PID100,Sneakers,Fashion,Sneakers,85730.57,1.0,30.0,Debit Card,Delayed,4.9,60011.4
ORD14373,2024-07-30,CUST1284,Omisha Sengupta,Delhi,Delhi,PID261,Cookware Set,Home & Kitchen,Cookware Set,28699.14,4.0,15.0,Net Banking,Delivered,3.4,97577.08
ORD14733,2023-10-11,CUST1529,Udarsh Gupta,Chennai,Tamil Nadu,PID258,Cricket Bat,Sports,Cricket Bat,8586.82,1.0,20.0,Cash on Delivery,Delivered,2.0,6869.46
ORD14751,2023-11-22,CUST1093,Harsh Bhattacharyya,Jaipur,Rajasthan,PID260,Jeans,Fashion,Jeans,30011.63,5.0,20.0,Unknown,Delivered,2.7,120046.52
ORD14719,2023-02-04,CUST1889,Saanvi Batta,Mumbai,Maharashtra,PID154,Water Bottle,Home & Kitchen,Water Bottle,5575.03,1.0,30.0,Unknown,Delivered,3.5,3902.52
ORD10845,2023-01-02,CUST1732,Vyanjana Patel,Ahmedabad,Gujarat,PID534,Dumbbells,Sports,Dumbbells,72204.4,2.0,40.0,Cash on Delivery,Cancelled,1.2,86645.28
ORD14490,2024-05-31,CUST1751,Qasim Vig,Hyderabad,Telangana,PID303,Bluetooth Speaker,Electronics,Bluetooth Speaker,65491.62,1.0,25.0,Net Banking,Delivered,4.9,49118.72
ORD12156,2023-02-21,CUST1386,Oliver Kashyap,Jaipur,Rajasthan,PID411,Biography,Books,Biography,84054.79,4.0,0.0,Debit Card,Delayed,2.8,336219.16
ORD10350,2024-12-26,CUST1712,Vanya Dutt,Mumbai,Maharashtra,PID194,T-Shirt,Fashion,T-Shirt,55802.84,2.0,5.0,Cash on Delivery,Returned,1.3,106025.4
ORD10785,2024-10-26,CUST1390,Anamika Basu,Ahmedabad,Gujarat,PID456,Jacket,Fashion,Jacket,22504.64,2.0,0.0,UPI,Delayed,3.9,45009.28
ORD10048,2024-02-26,CUST1322,Nitara Din,Delhi,Delhi,PID229,Shampoo,Beauty,Shampoo,42380.43,1.0,25.0,Net Banking,Delivered,2.2,31785.32
ORD13652,2024-10-02,CUST1036,Hiral Raman,Mumbai,Maharashtra,PID402,Mixer Grinder,Home & Kitchen,Mixer Grinder,14079.52,5.0,40.0,Cash on Delivery,Delivered,3.7,42238.56
ORD14499,2023-08-26,CUST1410,Jack Kakar,Hyderabad,Telangana,PID526,Cricket Bat,Sports,Cricket Bat,76639.47,1.0,10.0,Unknown,Delivered,4.0,68975.52
ORD14019,2023-11-07,CUST1029,Nirja Shan,Surat,Gujarat,PID142,Bluetooth Speaker,Electronics,Bluetooth Speaker,1847.03,4.0,30.0,Unknown,Cancelled,2.8,5171.68
ORD11440,2024-07-01,CUST1185,Ojasvi Misra,Surat,Gujarat,PID364,Smartphone,Electronics,Smartphone,66563.54,1.0,20.0,Credit Card,Returned,1.9,53250.83
ORD13196,2023-05-24,CUST1345,Tripti Char,Pune,Maharashtra,PID420,Shampoo,Beauty,Shampoo,41260.91,1.0,5.0,Unknown,Returned,3.0,39197.86
ORD10034,2023-07-24,CUST1970,Lajita Singhal,Chennai,Tamil Nadu,PID211,Novel,Books,Novel,20296.36,1.0,15.0,Cash on Delivery,Returned,3.5,17251.91
ORD10788,2023-04-10,CUST1866,Guneet Gola,Delhi,Delhi,PID550,Comic,Books,Comic,86020.7,2.0,25.0,Net Banking,Delivered,4.7,129031.05
ORD14578,2023-07-28,CUST1497,Zashil Char,Chennai,Tamil Nadu,PID186,Smartphone,Electronics,Smartphone,11104.12,5.0,15.0,Credit Card,Delivered,3.0,47192.51
ORD12628,2024-11-17,CUST1755,Sneha Varkey,Mumbai,Maharashtra,PID320,Saree,Fashion,Saree,76540.56,4.0,0.0,Net Banking,Delivered,4.2,306162.24
ORD10932,2024-04-08,CUST1281,Oeshi Dhingra,Jaipur,Rajasthan,PID198,Smartphone,Electronics,Smartphone,52521.7,4.0,25.0,Unknown,Cancelled,1.7,157565.1
ORD11686,2024-05-10,CUST1761,Yochana Saraf,Lucknow,Uttar Pradesh,PID279,Comic,Books,Comic,64673.0,1.0,0.0,Cash on Delivery,Delivered,3.3,64673.0
ORD11249,2023-10-18,CUST1054,Lila Patla,Chennai,Tamil Nadu,PID148,Cookware Set,Home & Kitchen,Cookware Set,68673.13,4.0,20.0,Cash on Delivery,Delayed,3.8,219754.02
ORD14856,2023-07-16,CUST1430,Harrison Nadkarni,Ahmedabad,Gujarat,PID463,T-Shirt,Fashion,T-Shirt,27330.29,1.0,20.0,Unknown,Returned,3.3,21864.23
ORD10093,2023-02-12,CUST1771,Vedant Rau,Bangalore,Karnataka,PID431,Lipstick,Beauty,Lipstick,5819.58,3.0,15.0,Net Banking,Delayed,2.2,14839.93
ORD12852,2024-11-30,CUST1914,Rajeshri Shenoy,Pune,Maharashtra,PID330,Headphones,Electronics,Headphones,24973.33,3.0,5.0,Debit Card,Delivered,3.9,71173.99
ORD12794,2024-03-23,CUST1579,Chaitaly Mander,Surat,Gujarat,PID427,Perfume,Beauty,Perfume,15757.98,4.0,30.0,UPI,Delivered,3.2,44122.34
ORD10765,2024-07-07,CUST1399,Jeevika Dyal,Jaipur,Rajasthan,PID561,Jacket,Fashion,Jacket,15132.8,5.0,10.0,Debit Card,Delivered,3.4,68097.6
ORD12989,2023-02-21,CUST1783,Vihaan Basak,Chennai,Tamil Nadu,PID183,Laptop,Electronics,Laptop,44693.93,4.0,5.0,Net Banking,Unknown,4.4,169836.93
ORD12449,2024-11-14,CUST1825,Gaurang Choudhary,Jaipur,Rajasthan,PID576,Water Bottle,Home & Kitchen,Water Bottle,11845.65,1.0,0.0,Credit Card,Cancelled,1.7,11845.65
ORD11729,2023-02-20,CUST1656,Rajeshri Varghese,Kolkata,West Bengal,PID230,Mixer Grinder,Home & Kitchen,Mixer Grinder,46491.49,1.0,15.0,Net Banking,Unknown,3.4,39517.77
ORD10258,2023-09-21,CUST1007,Manthan Oak,Pune,Maharashtra,PID292,Cricket Bat,Sports,Cricket Bat,12179.4,1.0,30.0,Net Banking,Cancelled,3.8,8525.58
ORD11220,2023-09-10,CUST1497,Nathan Seshadri,Kolkata,West Bengal,PID193,Saree,Fashion,Saree,51193.77,1.0,20.0,Credit Card,Unknown,,40955.02
ORD11162,2024-11-07,CUST1651,Zayyan Vasa,Bangalore,Karnataka,PID453,Jacket,Fashion,Jacket,26446.77,4.0,20.0,UPI,Unknown,2.9,84629.66
ORD10773,2024-10-05,CUST1645,Darsh Rama,Surat,Gujarat,PID584,Headphones,Electronics,Headphones,70964.05,5.0,30.0,Credit Card,Cancelled,2.7,248374.18
ORD10313,2024-06-17,CUST1040,Patrick Madan,Mumbai,Maharashtra,PID385,Shampoo,Beauty,Shampoo,54772.51,4.0,0.0,Credit Card,Cancelled,2.8,219090.04
ORD14387,2024-12-01,CUST1239,Vamakshi Sridhar,Mumbai,Maharashtra,PID584,Jacket,Fashion,Jacket,61218.97,4.0,30.0,Debit Card,Cancelled,2.0,171413.12
ORD14033,2024-08-03,CUST1148,Chameli Bahri,Hyderabad,Telangana,PID180,Novel,Books,Novel,69961.44,1.0,10.0,Debit Card,Returned,,62965.3
ORD14860,2023-09-16,CUST1469,Qabil Barad,Mumbai,Maharashtra,PID554,Cricket Bat,Sports,Cricket Bat,4258.03,3.0,40.0,Cash on Delivery,Delayed,1.1,7664.45
ORD12998,2023-09-24,CUST1278,Hemal Sarna,Bangalore,Karnataka,PID217,Bedsheet,Home & Kitchen,Bedsheet,68088.15,1.0,30.0,Cash on Delivery,Cancelled,1.6,47661.7
ORD14280,2024-02-27,CUST1723,Chavvi Loke,Chennai,Tamil Nadu,PID420,Dumbbells,Sports,Dumbbells,70002.06,1.0,0.0,Net Banking,Delivered,2.8,70002.06
ORD11177,2024-06-17,CUST1318,Yatan Baria,Jaipur,Rajasthan,PID496,Saree,Fashion,Saree,82413.63,4.0,25.0,Cash on Delivery,Delivered,3.9,247240.89
ORD13897,2023-11-16,CUST1314,Gaurika Trivedi,Pune,Maharashtra,PID517,Perfume,Beauty,Perfume,40693.77,4.0,5.0,Net Banking,Unknown,5.0,154636.33
ORD11350,2024-07-26,CUST1877,Harish Savant,Kolkata,West Bengal,PID289,Tablet,Electronics,Tablet,89400.36,1.0,20.0,Net Banking,Unknown,2.6,71520.29
ORD13776,2023-11-22,CUST1228,Rachana Kulkarni,Kolkata,West Bengal,PID454,Cricket Bat,Sports,Cricket Bat,34093.65,3.0,25.0,UPI,Delivered,3.5,76710.71
ORD13117,2023-07-25,CUST1441,Tamanna Vala,Jaipur,Rajasthan,PID158,Saree,Fashion,Saree,21147.67,1.0,15.0,UPI,Returned,2.4,17975.52
ORD13517,2024-06-29,CUST1502,Jai Saxena,Indore,Madhya Pradesh,PID339,Cricket Bat,Sports,Cricket Bat,75086.95,1.0,10.0,Credit Card,Returned,2.2,67578.26
ORD12299,2023-09-02,CUST1787,Anthony Sekhon,Mumbai,Maharashtra,PID410,Smartphone,Electronics,Smartphone,67209.2,3.0,10.0,Cash on Delivery,Delivered,,181464.84
ORD11457,2023-03-03,CUST1857,Oliver Natt,Hyderabad,Telangana,PID580,Laptop,Electronics,Laptop,45249.68,5.0,10.0,Unknown,Delayed,1.8,203623.56
ORD11093,2023-08-25,CUST1791,Oeshi Mall,Lucknow,Uttar Pradesh,PID469,Sneakers,Fashion,Sneakers,49634.4,5.0,0.0,Cash on Delivery,Delivered,,248172.0
ORD13240,2024-08-05,CUST1751,Gautam Sandal,Jaipur,Rajasthan,PID449,Lipstick,Beauty,Lipstick,85901.8,4.0,20.0,Debit Card,Cancelled,1.2,274885.76
ORD12779,2024-05-10,CUST1777,Omisha Saran,Surat,Gujarat,PID201,Novel,Books,Novel,84033.5,3.0,20.0,Credit Card,Unknown,1.8,201680.4
ORD14463,2024-10-07,CUST1337,Zilmil Borah,Pune,Maharashtra,PID402,Saree,Fashion,Saree,8091.43,3.0,0.0,Debit Card,Delivered,4.5,24274.29
ORD14442,2023-03-17,CUST1227,Chandresh Pathak,Mumbai,Maharashtra,PID531,Headphones,Electronics,Headphones,54531.24,3.0,5.0,Credit Card,Unknown,,155414.03
ORD13657,2023-09-27,CUST1781,Aadhya Dhar,Indore,Madhya Pradesh,PID573,Sneakers,Fashion,Sneakers,33158.92,2.0,25.0,Net Banking,Returned,1.7,49738.38
ORD12584,2024-12-19,CUST1374,Jack Comar,Hyderabad,Telangana,PID133,Cricket Bat,Sports,Cricket Bat,56133.39,5.0,25.0,Credit Card,Delivered,,210500.21
ORD11373,2023-01-17,CUST1072,Avni Kunda,Kolkata,West Bengal,PID291,Face Wash,Beauty,Face Wash,1092.08,4.0,30.0,Debit Card,Cancelled,2.4,3057.82
ORD10920,2023-01-02,CUST1188,Jack Babu,Hyderabad,Telangana,PID516,Sunscreen,Beauty,Sunscreen,24352.02,4.0,40.0,Debit Card,Returned,2.6,58444.85
ORD14308,2023-01-04,CUST1797,Peter Desai,Bangalore,Karnataka,PID504,Laptop,Electronics,Laptop,54442.09,4.0,5.0,Unknown,Delivered,3.3,206879.94
ORD12551,2023-03-09,CUST1518,Dayamai Varty,Jaipur,Rajasthan,PID278,Biography,Books,Biography,26348.03,2.0,15.0,Net Banking,Delivered,2.0,44791.65
ORD10538,2024-12-18,CUST1969,Jyoti Sant,Jaipur,Rajasthan,PID484,Laptop,Electronics,Laptop,65590.22,4.0,25.0,UPI,Delivered,2.1,196770.66
ORD11221,2023-09-13,CUST1699,Ekalinga Bakshi,Bangalore,Karnataka,PID311,Face Wash,Beauty,Face Wash,49091.5,4.0,25.0,Debit Card,Delivered,3.1,147274.5
ORD14272,2024-07-16,CUST1012,Ishanvi Som,Lucknow,Uttar Pradesh,PID495,Cricket Bat,Sports,Cricket Bat,84261.74,5.0,5.0,Debit Card,Returned,4.6,400243.26
